player_id,season,championship_id,club_id,total_team_matches,total_matches_played,total_matches_started,total_minutes_played,total_goals,total_home_goals,total_away_goals,total_left_footed_goals,total_right_footed_goals,total_assists,total_attempts,total_shots_on_target,total_shots_assists,total_balls_played,total_touches_in_opposition_box,total_duels_won,total_interceptions,total_tackles_won,total_fouls_committed,total_fouls_suffered,total_yellow_cards,total_red_cards,total_man_of_the_match,total_team_goals,fl1_average_rating,ratio_balls_played_per_match,ratio_matches_started,ratio_goals_every_n_minutes,ratio_shots_on_target_per_match,ratio_touches_in_opposition_box_per_match
l1_championship_player_2025_1_103843,2025,1,l1_championship_club_2025_1,30,4,4,360,,,,,,,,,1,135,,,,,,,,,,,4.9125,33.75,0.13,,,
l1_championship_player_2025_1_103843,2025,6,l1_championship_club_2025_1,8,,,,,,,,,,,,,,,,,,,,,,,,,,,,,
l1_championship_player_2025_1_103843,2025,10,l1_championship_club_2025_1,4,3,3,270,,,,,,,,,,103,,,,,,,,,,,5.739999999999999,34.33,0.75,,,
l1_championship_player_2025_1_103843,2025,15,l1_championship_club_2025_1,1,,,,,,,,,,,,,,,,,,,,,,,,,,,,,
l1_championship_player_2025_1_89638,2025,1,l1_championship_club_2025_1,30,26,26,2340,,,,,,,,,,1110,,,,,1,13,1,,3,,5.447692307692307,42.69,0.87,,,
l1_championship_player_2025_1_89638,2025,6,l1_championship_club_2025_1,8,8,8,720,,,,,,,,,,404,,,,,1,2,,,,,5.525,50.5,1,,,
l1_championship_player_2025_1_89638,2025,10,l1_championship_club_2025_1,4,1,1,90,,,,,,,,,,39,,,,,,,,,,,5.83,39,0.25,,,
l1_championship_player_2025_1_89638,2025,15,l1_championship_club_2025_1,1,1,1,90,,,,,,,,,,,,,,,,,,,,,5.49,,1,,,
l1_championship_player_2025_1_66951,2025,1,l1_championship_club_2025_1,30,,,,,,,,,,,,,,,,,,,,,,,,,,,,,
l1_championship_player_2025_1_66951,2025,6,l1_championship_club_2025_1,8,,,,,,,,,,,,,,,,,,,,,,,,,,,,,
l1_championship_player_2025_1_66951,2025,10,l1_championship_club_2025_1,4,,,,,,,,,,,,,,,,,,,,,,,,,,,,,
l1_championship_player_2025_1_66951,2025,15,l1_championship_club_2025_1,1,,,,,,,,,,,,,,,,,,,,,,,,,,,,,
l1_championship_player_2025_1_98694,2025,1,l1_championship_club_2025_1,30,,,,,,,,,,,,,,,,,,,,,,,,,,,,,
l1_championship_player_2025_1_98694,2025,6,l1_championship_club_2025_1,8,,,,,,,,,,,,,,,,,,,,,,,,,,,,,
l1_championship_player_2025_1_98694,2025,10,l1_championship_club_2025_1,4,,,,,,,,,,,,,,,,,,,,,,,,,,,,,
l1_championship_player_2025_1_98694,2025,15,l1_championship_club_2025_1,1,,,,,,,,,,,,,,,,,,,,,,,,,,,,,
l1_championship_player_2025_1_84688,2025,1,l1_championship_club_2025_1,27,16,16,1399,1,1,,1,,,10,1,3,1501,11,67,21,16,21,6,4,,1,53,6.179999999999999,96.56,0.59,1399,0.06,0.71
l1_championship_player_2025_1_84688,2025,6,l1_championship_club_2025_1,8,5,5,450,,,,,,,1,,,412,,20,15,6,6,1,2,,,11,5.516,82.4,0.63,,,
l1_championship_player_2025_1_84688,2025,10,l1_championship_club_2025_1,4,1,1,90,,,,,,,1,,,94,1,4,,1,,,,,,20,5.22,94,0.25,,,1
l1_championship_player_2025_1_84688,2025,15,l1_championship_club_2025_1,1,,,,,,,,,,,,,,,,,,,,,,,2,,,,,,
l1_championship_player_2025_1_91272,2025,1,l1_championship_club_2025_1,30,22,17,1640,,,,,,,12,4,4,1536,13,92,20,21,17,19,5,,,58,5.430909090909092,84.29,0.57,,0.22,0.71
l1_championship_player_2025_1_91272,2025,6,l1_championship_club_2025_1,8,6,5,495,,,,,,,2,,1,438,3,23,13,7,10,1,2,,,11,4.941666666666666,79.64,0.63,,,0.55
l1_championship_player_2025_1_91272,2025,10,l1_championship_club_2025_1,4,3,3,270,1,,1,,,,2,1,,296,3,12,6,6,3,2,1,,,20,7.0633333333333335,98.67,0.75,270,0.33,1
l1_championship_player_2025_1_91272,2025,15,l1_championship_club_2025_1,1,1,1,90,,,,,,,,1,,,,,,,1,,,,,2,4.41,,1,,1,
l1_championship_player_2025_1_504316,2025,1,l1_championship_club_2025_1,19,,,,,,,,,,,,,,,,,,,,,,,33,,,,,,
l1_championship_player_2025_1_504316,2025,6,l1_championship_club_2025_1,5,,,,,,,,,,,,,,,,,,,,,,,5,,,,,,
l1_championship_player_2025_1_504316,2025,10,l1_championship_club_2025_1,4,,,,,,,,,,,,,,,,,,,,,,,20,,,,,,
l1_championship_player_2025_1_504316,2025,15,l1_championship_club_2025_1,1,,,,,,,,,,,,,,,,,,,,,,,2,,,,,,
l1_championship_player_2025_1_505974,2025,1,l1_championship_club_2025_1,30,,,,,,,,,,,,,,,,,,,,,,,58,,,,,,
l1_championship_player_2025_1_505974,2025,6,l1_championship_club_2025_1,8,,,,,,,,,,,,,,,,,,,,,,,11,,,,,,
l1_championship_player_2025_1_505974,2025,10,l1_championship_club_2025_1,4,,,,,,,,,,,,,,,,,,,,,,,20,,,,,,
l1_championship_player_2025_1_104679,2025,1,l1_championship_club_2025_1,30,11,8,626,,,,,,,,,2,608,3,26,1,7,5,5,1,1,,58,5.120909090909091,87.41,0.27,,,0.43
l1_championship_player_2025_1_104679,2025,6,l1_championship_club_2025_1,8,3,1,135,,,,,,,,,,112,,9,2,3,,1,,,,11,5.38,74.67,0.13,,,
l1_championship_player_2025_1_104679,2025,10,l1_championship_club_2025_1,4,2,,60,1,,1,,,,2,1,,59,2,3,,2,,,,,,20,5.965,88.5,,60,1.5,3
l1_championship_player_2025_1_104679,2025,15,l1_championship_club_2025_1,1,,,,,,,,,,,,,,,,,,,,,,,2,,,,,,
l1_championship_player_2025_1_89782,2025,1,l1_championship_club_2025_1,30,,,,,,,,,,,,,,,,,,,,,,,58,,,,,,
l1_championship_player_2025_1_89782,2025,6,l1_championship_club_2025_1,8,,,,,,,,,,,,,,,,,,,,,,,11,,,,,,
l1_championship_player_2025_1_89782,2025,10,l1_championship_club_2025_1,4,,,,,,,,,,,,,,,,,,,,,,,20,,,,,,
l1_championship_player_2025_1_91113,2025,1,l1_championship_club_2025_1,30,13,12,1006,,,,,,1,4,1,4,956,9,34,12,11,18,8,5,,,58,5.2469230769230775,85.53,0.4,,0.09,0.81
l1_championship_player_2025_1_91113,2025,1,l1_championship_club_2025_6,4,,,,,,,,,,,,,,,,,,,,,,,5,,,,,,
l1_championship_player_2025_1_91113,2025,6,l1_championship_club_2025_1,8,4,4,306,,,,,,,,,3,297,,12,2,5,3,5,1,,,11,4.9075,87.35,0.5,,,
l1_championship_player_2025_1_91113,2025,10,l1_championship_club_2025_1,4,4,3,253,,,,,,,2,,,268,6,9,3,1,2,3,,,,20,5.914999999999999,95.34,0.75,,,2.13
l1_championship_player_2025_1_91113,2025,15,l1_championship_club_2025_1,1,1,1,90,,,,,,,,,,,,,,,1,1,1,,,2,4.16,,1,,,
l1_championship_player_2025_1_98605,2025,1,l1_championship_club_2025_1,30,,,,,,,,,,,,,,,,,,,,,,,58,,,,,,
l1_championship_player_2025_1_98605,2025,4,l1_championship_club_2025_10,9,,,,,,,,,,,,,,,,,,,,,,,8,,,,,,
l1_championship_player_2025_1_98605,2025,6,l1_championship_club_2025_1,8,,,,,,,,,,,,,,,,,,,,,,,11,,,,,,
l1_championship_player_2025_1_98605,2025,10,l1_championship_club_2025_1,4,,,,,,,,,,,,,,,,,,,,,,,20,,,,,,
l1_championship_player_2025_1_98605,2025,15,l1_championship_club_2025_1,1,,,,,,,,,,,,,,,,,,,,,,,2,,,,,,
l1_championship_player_2025_1_504315,2025,1,l1_championship_club_2025_1,19,,,,,,,,,,,,,,,,,,,,,,,33,,,,,,
l1_championship_player_2025_1_504315,2025,6,l1_championship_club_2025_1,5,,,,,,,,,,,,,,,,,,,,,,,5,,,,,,
l1_championship_player_2025_1_504315,2025,10,l1_championship_club_2025_1,4,,,,,,,,,,,,,,,,,,,,,,,20,,,,,,
l1_championship_player_2025_1_504315,2025,15,l1_championship_club_2025_1,1,,,,,,,,,,,,,,,,,,,,,,,2,,,,,,
l1_championship_player_2025_1_94776,2025,1,l1_championship_club_2025_1,27,24,19,1779,,,,,,3,13,2,35,1561,20,74,31,24,15,15,2,,1,53,5.595833333333334,78.97,0.7,,0.1,1.01
l1_championship_player_2025_1_94776,2025,6,l1_championship_club_2025_1,8,5,5,393,,,,,,,,,3,288,2,23,5,6,4,4,2,1,,11,4.792,65.95,0.63,,,0.46
l1_championship_player_2025_1_94776,2025,10,l1_championship_club_2025_1,4,3,3,217,,,,,,,4,1,5,235,,11,1,3,5,3,,,,20,6.19,97.47,0.75,,0.41,
l1_championship_player_2025_1_94776,2025,15,l1_championship_club_2025_1,1,1,1,90,,,,,,,,1,,,,,,,,2,,,,2,4.56,,1,,1,
l1_championship_player_2025_1_17566,2025,1,l1_championship_club_2025_1,27,24,20,1747,1,1,,,,2,11,3,9,1448,15,78,23,9,17,13,5,,,53,5.452083333333334,74.6,0.74,1747,0.15,0.77
l1_championship_player_2025_1_17566,2025,6,l1_championship_club_2025_1,8,6,6,538,,,,,,,2,,2,351,7,26,4,5,10,4,3,,,11,5.191666666666667,58.72,0.75,,,1.17
l1_championship_player_2025_1_17566,2025,10,l1_championship_club_2025_1,4,3,2,173,,,,,,,1,,1,160,5,8,9,3,3,,,,,20,6.376666666666666,83.24,0.5,,,2.6
l1_championship_player_2025_1_17566,2025,15,l1_championship_club_2025_1,1,1,1,90,,,,,,,,1,,,,,,,,,,,,2,4.56,,1,,1,
l1_championship_player_2025_1_69685,2025,1,l1_championship_club_2025_1,30,27,24,2085,2,,2,,1,2,25,10,26,1352,45,91,16,31,31,18,4,,,58,5.245925925925927,58.36,0.8,1042.5,0.43,1.94
l1_championship_player_2025_1_69685,2025,6,l1_championship_club_2025_1,8,7,6,505,1,,1,,1,,11,4,7,333,14,16,2,4,4,,1,,,11,5.181428571428571,59.35,0.75,505,0.71,2.5
l1_championship_player_2025_1_69685,2025,10,l1_championship_club_2025_1,4,4,3,294,,,,,,,2,,3,234,5,16,3,6,2,4,,,,20,5.922499999999999,71.63,0.75,,,1.53
l1_championship_player_2025_1_69685,2025,15,l1_championship_club_2025_1,1,1,1,77,,,,,,,,,,,,,,,1,,1,,,2,4.36,,1,,,
l1_championship_player_2025_1_62437,2025,1,l1_championship_club_2025_37,20,13,11,946,2,1,1,,2,,11,5,8,800,12,56,14,16,16,12,1,,1,21,5.277692307692307,76.11,0.55,473,0.48,1.14
l1_championship_player_2025_1_62437,2025,1,l1_championship_club_2025_1,10,7,1,124,,,,,,,4,1,1,108,1,4,1,1,3,,1,,,12,4.461428571428572,78.39,0.1,,0.73,0.73
l1_championship_player_2025_1_62437,2025,6,l1_championship_club_2025_1,8,,,,,,,,,,,,,,,,,,,,,,,11,,,,,,
l1_championship_player_2025_1_62437,2025,10,l1_championship_club_2025_37,2,,,,,,,,,,,,,,,,,,,,,,,1,,,,,,
l1_championship_player_2025_1_62437,2025,10,l1_championship_club_2025_1,2,1,1,45,,,,,,,1,1,,32,1,2,,,3,,1,,,5,4.11,64,0.5,,2,2
l1_championship_player_2025_1_103700,2025,1,l1_championship_club_2025_1,30,28,26,2363,2,2,,,1,3,38,12,32,2292,44,109,24,20,31,38,3,,,58,5.838214285714286,87.3,0.87,1181.5,0.46,1.68
l1_championship_player_2025_1_103700,2025,6,l1_championship_club_2025_1,8,8,7,658,,,,,,,6,1,15,679,13,36,4,13,9,11,1,,,11,5.821249999999999,92.87,0.88,,0.14,1.78
l1_championship_player_2025_1_103700,2025,10,l1_championship_club_2025_1,4,2,2,180,1,,1,,1,,2,1,1,182,1,9,1,2,3,3,1,,,20,7.205,91,0.5,180,0.5,0.5
l1_championship_player_2025_1_103700,2025,15,l1_championship_club_2025_1,1,1,1,90,,,,,,,,,,,,,,,3,1,1,,,2,4.35,,1,,,
l1_championship_player_2025_1_101167,2025,1,l1_championship_club_2025_1,30,,,,,,,,,,,,,,,,,,,,,,,58,,,,,,
l1_championship_player_2025_1_101167,2025,6,l1_championship_club_2025_1,8,,,,,,,,,,,,,,,,,,,,,,,11,,,,,,
l1_championship_player_2025_1_101167,2025,10,l1_championship_club_2025_1,4,,,,,,,,,,,,,,,,,,,,,,,20,,,,,,
l1_championship_player_2025_1_28673,2025,1,l1_championship_club_2025_1,30,10,9,593,,,,,,,4,1,2,528,5,37,10,8,12,8,3,,,58,5.3549999999999995,80.13,0.3,,0.15,0.76
l1_championship_player_2025_1_28673,2025,6,l1_championship_club_2025_1,8,4,3,223,,,,,,,3,2,2,173,1,9,4,1,5,4,,,,11,4.4350000000000005,69.82,0.38,,0.81,0.4
l1_championship_player_2025_1_28673,2025,10,l1_championship_club_2025_1,4,2,1,110,,,,,,,1,,2,79,1,6,4,,3,1,1,,,20,5.285,64.64,0.25,,,0.82
l1_championship_player_2025_1_28673,2025,15,l1_championship_club_2025_1,1,1,1,90,,,,,,,,,,,,,,,2,1,,,,2,4.43,,1,,,
l1_championship_player_2025_1_90528,2025,1,l1_championship_club_2025_1,30,2,,14,,,,,,,,,1,17,1,2,1,1,,,,,,58,4.355,109.29,,,,6.43
l1_championship_player_2025_1_90528,2025,6,l1_championship_club_2025_1,8,1,,1,,,,,,,,,,3,,,,,,,,,,11,4.53,270,,,,
l1_championship_player_2025_1_90528,2025,10,l1_championship_club_2025_1,4,2,,47,1,,1,,1,,1,1,2,29,8,5,1,3,,1,,,,20,5.9350000000000005,55.53,,47,1.91,15.32
l1_championship_player_2025_1_90528,2025,15,l1_championship_club_2025_1,1,,,,,,,,,,,,,,,,,,,,,,,2,,,,,,
l1_championship_player_2025_1_84358,2025,1,l1_championship_club_2025_1,30,20,5,590,,,,,,4,7,1,11,471,19,27,7,8,24,4,5,1,1,58,4.87,71.85,0.17,,0.15,2.9
l1_championship_player_2025_1_84358,2025,6,l1_championship_club_2025_1,8,4,1,92,,,,,,,,,,53,2,6,1,2,1,2,,,,11,4.36,51.85,0.13,,,1.96
l1_championship_player_2025_1_84358,2025,10,l1_championship_club_2025_1,4,4,1,182,1,,1,,1,,1,1,3,184,2,13,2,5,4,2,,,,20,5.9725,90.99,0.25,182,0.49,0.99
l1_championship_player_2025_1_84358,2025,15,l1_championship_club_2025_1,1,,,,,,,,,,,,,,,,,,,,,,,2,,,,,,
l1_championship_player_2025_1_506095,2025,1,l1_championship_club_2025_1,10,4,,34,,,,,,,,,,16,,1,1,,2,,,,,12,4.540000000000001,42.35,,,,
l1_championship_player_2025_1_506095,2025,10,l1_championship_club_2025_1,2,,,,,,,,,,,,,,,,,,,,,,,5,,,,,,
l1_championship_player_2025_1_500906,2025,1,l1_championship_club_2025_1,12,9,3,322,2,2,,2,,1,9,3,5,213,12,10,4,1,4,1,1,,,17,4.870000000000001,59.53,0.25,161,0.84,3.35
l1_championship_player_2025_1_500906,2025,6,l1_championship_club_2025_9000000003,7,3,1,101,,,,,,,4,3,3,56,6,4,,1,3,,1,,,20,4.663333333333333,49.9,0.14,,2.67,5.35
l1_championship_player_2025_1_500906,2025,6,l1_championship_club_2025_1,1,,,,,,,,,,,,,,,,,,,,,,,,,,,,,
l1_championship_player_2025_1_500906,2025,10,l1_championship_club_2025_1,2,2,1,90,,,,,,,,,1,52,3,6,,,1,1,1,,,5,4.245,52,0.5,,,3
l1_championship_player_2025_1_92581,2025,1,l1_championship_club_2025_1,30,,,,,,,,,,,,,,,,,,,,,,,58,,,,,,
l1_championship_player_2025_1_92581,2025,6,l1_championship_club_2025_1,8,,,,,,,,,,,,,,,,,,,,,,,11,,,,,,
l1_championship_player_2025_1_92581,2025,10,l1_championship_club_2025_1,4,,,,,,,,,,,,,,,,,,,,,,,20,,,,,,
l1_championship_player_2025_1_92581,2025,15,l1_championship_club_2025_1,1,,,,,,,,,,,,,,,,,,,,,,,2,,,,,,
l1_championship_player_2025_1_500758,2025,1,l1_championship_club_2025_1,12,11,11,890,,,,,,,10,2,7,586,18,59,6,14,10,17,3,,,17,4.641818181818182,59.26,0.92,,0.2,1.82
l1_championship_player_2025_1_500758,2025,6,l1_championship_club_2025_9000000003,12,6,5,423,1,1,,,,,3,2,7,296,14,23,4,8,6,4,,,,27,5.903333333333333,62.98,0.42,423,0.43,2.98
l1_championship_player_2025_1_500758,2025,6,l1_championship_club_2025_1,1,,,,,,,,,,,,,,,,,,,,,,,,,,,,,
l1_championship_player_2025_1_500758,2025,10,l1_championship_club_2025_1,2,1,1,70,,,,,,,,,,36,,2,1,1,2,1,,,,5,5.22,46.29,0.5,,,
l1_championship_player_2025_1_500758,2025,13,l1_championship_club_2025_9000000198,7,4,3,239,1,,1,,,,4,2,2,141,11,20,1,6,9,6,1,,,10,5.032500000000001,53.1,0.43,239,0.75,4.14
l1_championship_player_2025_1_105460,2025,1,l1_championship_club_2025_1,28,16,8,653,,,,,,1,2,,9,608,3,29,8,8,12,1,1,1,,53,4.781875,83.8,0.29,,,0.41
l1_championship_player_2025_1_105460,2025,6,l1_championship_club_2025_1,8,5,4,330,,,,,,,1,,2,308,1,12,6,2,9,4,1,,,11,5.738,84,0.5,,,0.27
l1_championship_player_2025_1_105460,2025,10,l1_championship_club_2025_1,4,1,1,58,,,,,,,2,,,35,,1,,,,,,,,20,4.62,54.31,0.25,,,
l1_championship_player_2025_1_105460,2025,15,l1_championship_club_2025_1,1,,,,,,,,,,,,,,,,,,,,,,,2,,,,,,
l1_championship_player_2025_1_27361,2025,1,l1_championship_club_2025_1,30,27,20,1821,9,6,3,1,8,5,49,26,25,618,97,45,5,4,19,16,1,,2,58,5.385925925925925,30.54,0.67,202.33,1.29,4.79
l1_championship_player_2025_1_27361,2025,6,l1_championship_club_2025_1,8,8,6,589,3,3,,,3,,22,10,8,225,25,23,4,1,4,8,,,,11,5.86375,34.38,0.75,196.33,1.53,3.82
l1_championship_player_2025_1_27361,2025,10,l1_championship_club_2025_1,4,2,1,102,1,1,,,1,,3,1,,33,7,3,1,1,1,,,,,20,5.215,29.12,0.25,102,0.88,6.18
l1_championship_player_2025_1_27361,2025,15,l1_championship_club_2025_1,1,1,,23,,,,,,,,,,,,,,,2,,1,,,2,4.67,,,,,
l1_championship_player_2025_1_507664,2025,1,l1_championship_club_2025_1,30,,,,,,,,,,,,,,,,,,,,,,,58,,,,,,
l1_championship_player_2025_1_507664,2025,6,l1_championship_club_2025_1,8,,,,,,,,,,,,,,,,,,,,,,,11,,,,,,
l1_championship_player_2025_1_507664,2025,10,l1_championship_club_2025_1,4,,,,,,,,,,,,,,,,,,,,,,,20,,,,,,
l1_championship_player_2025_1_62575,2025,1,l1_championship_club_2025_1,30,19,13,1124,7,4,3,,7,3,33,15,28,542,56,45,3,7,10,10,,,3,58,5.489473684210526,43.4,0.43,160.57,1.2,4.48
l1_championship_player_2025_1_62575,2025,6,l1_championship_club_2025_1,8,3,2,165,,,,,,,3,1,3,90,11,2,,,2,,1,,,11,4.03,49.09,0.25,,0.55,6
l1_championship_player_2025_1_62575,2025,10,l1_championship_club_2025_1,4,2,2,142,3,1,2,,3,,7,5,2,61,14,5,,2,3,,,,,20,8.145,38.66,0.5,47.33,3.17,8.87
l1_championship_player_2025_1_62575,2025,15,l1_championship_club_2025_1,1,1,1,67,,,,,,,,1,,,,,,,,1,,,,2,4.17,,1,,1.34,
l1_championship_player_2025_1_103656,2025,1,l1_championship_club_2025_1,30,28,26,2175,15,9,6,5,10,6,102,42,50,1609,144,83,4,11,20,23,4,,8,58,6.002857142857143,66.58,0.87,145,1.74,5.96
l1_championship_player_2025_1_103656,2025,6,l1_championship_club_2025_1,8,8,8,671,3,1,2,2,1,,34,16,15,459,44,30,1,7,7,10,1,,,11,5.713750000000001,61.56,1,223.67,2.15,5.9
l1_championship_player_2025_1_103656,2025,10,l1_championship_club_2025_1,4,4,4,345,6,2,4,3,3,,12,9,11,237,30,20,,3,2,5,1,,,20,8.120000000000001,61.83,1,57.5,2.35,7.83
l1_championship_player_2025_1_103656,2025,15,l1_championship_club_2025_1,1,1,1,89,1,,1,,1,,,1,,,,,,,1,2,,,,2,6.09,,1,89,1.01,
l1_championship_player_2025_1_100680,2025,1,l1_championship_club_2025_1,19,,,,,,,,,,,,,,,,,,,,,,,33,,,,,,
l1_championship_player_2025_1_100680,2025,6,l1_championship_club_2025_1,5,,,,,,,,,,,,,,,,,,,,,,,5,,,,,,
l1_championship_player_2025_1_100680,2025,10,l1_championship_club_2025_1,4,,,,,,,,,,,,,,,,,,,,,,,20,,,,,,
l1_championship_player_2025_1_100680,2025,15,l1_championship_club_2025_1,1,,,,,,,,,,,,,,,,,,,,,,,2,,,,,,
l1_championship_player_2025_1_105296,2025,1,l1_championship_club_2025_1,30,27,20,1774,6,3,3,1,5,3,47,19,26,1015,90,93,14,9,18,30,3,,2,58,5.407037037037037,51.49,0.67,295.67,0.96,4.57
l1_championship_player_2025_1_105296,2025,6,l1_championship_club_2025_1,8,8,5,471,4,2,2,,4,,15,7,7,234,21,21,1,2,3,7,,,,11,5.44625,44.71,0.63,117.75,1.34,4.01
l1_championship_player_2025_1_105296,2025,10,l1_championship_club_2025_1,4,3,3,257,2,1,1,1,1,,6,3,3,129,14,17,3,1,5,7,,,,20,5.989999999999999,45.18,0.75,128.5,1.05,4.9
l1_championship_player_2025_1_105296,2025,15,l1_championship_club_2025_1,1,1,1,67,,,,,,,,1,,,,,,,,2,,,,2,3.74,,1,,1.34,
l1_championship_player_2025_1_104050,2025,1,l1_championship_club_2025_1,28,12,6,530,2,1,1,,2,1,11,5,8,312,28,34,4,5,7,9,1,,,53,4.8875,52.98,0.21,265,0.85,4.75
l1_championship_player_2025_1_104050,2025,6,l1_championship_club_2025_1,8,2,2,113,,,,,,,1,,1,55,1,3,2,1,2,2,,,,11,3.9450000000000003,43.81,0.25,,,0.8
l1_championship_player_2025_1_104050,2025,10,l1_championship_club_2025_1,4,3,1,77,1,,1,,1,,3,1,2,54,7,5,1,,,2,,,,20,6.090000000000001,63.12,0.25,77,1.17,8.18
l1_championship_player_2025_1_104050,2025,15,l1_championship_club_2025_1,1,1,,23,,,,,,,,,,,,,,,,,,,,2,4.9,,,,,
l1_championship_player_2025_1_99142,2025,1,l1_championship_club_2025_1,18,,,,,,,,,,,,,,,,,,,,,,,,,,,,,
l1_championship_player_2025_1_99142,2025,6,l1_championship_club_2025_1,6,,,,,,,,,,,,,,,,,,,,,,,,,,,,,
l1_championship_player_2025_1_99142,2025,10,l1_championship_club_2025_1,2,,,,,,,,,,,,,,,,,,,,,,,,,,,,,
l1_championship_player_2025_1_99142,2025,15,l1_championship_club_2025_1,1,,,,,,,,,,,,,,,,,,,,,,,,,,,,,
l1_championship_player_2025_1_102045,2025,1,l1_championship_club_2025_1,20,4,2,211,,,,,,,2,1,1,125,2,7,,2,4,2,1,1,,46,4.495,53.32,0.1,,0.43,0.85
l1_championship_player_2025_1_102045,2025,6,l1_championship_club_2025_1,8,2,1,112,,,,,,,1,,1,50,,6,2,,1,2,,,,11,4.18,40.18,0.13,,,
l1_championship_player_2025_1_102045,2025,10,l1_championship_club_2025_1,2,,,,,,,,,,,,,,,,,,,,,,,15,,,,,,
l1_championship_player_2025_1_102045,2025,15,l1_championship_club_2025_1,1,,,,,,,,,,,,,,,,,,,,,,,2,,,,,,
l1_championship_player_2025_1_101741,2025,1,l1_championship_club_2025_1,20,16,11,988,2,1,1,1,,1,9,2,11,730,31,55,6,14,22,16,4,,,46,5.480625,66.5,0.55,494,0.18,2.82
l1_championship_player_2025_1_101741,2025,6,l1_championship_club_2025_1,8,7,4,388,,,,,,,2,1,7,278,14,23,3,3,6,10,1,,,11,4.474285714285714,64.48,0.5,,0.23,3.25
l1_championship_player_2025_1_101741,2025,10,l1_championship_club_2025_1,3,1,1,90,,,,,,,2,1,3,89,5,3,,2,,1,,,,18,9.72,89,0.33,,1,5
l1_championship_player_2025_1_101741,2025,15,l1_championship_club_2025_1,1,1,,13,,,,,,,,,,,,,,,,,,,,2,4.47,,,,,
l1_championship_player_2025_1_92851,2025,1,l1_championship_club_2025_1,18,3,,31,,,,,,,,,1,28,,5,1,,1,2,,,,41,4.623333333333334,81.29,,,,
l1_championship_player_2025_1_92851,2025,6,l1_championship_club_2025_1,6,,,,,,,,,,,,,,,,,,,,,,,11,,,,,,
l1_championship_player_2025_1_92851,2025,10,l1_championship_club_2025_1,2,,,,,,,,,,,,,,,,,,,,,,,15,,,,,,
l1_championship_player_2025_1_92851,2025,15,l1_championship_club_2025_1,1,,,,,,,,,,,,,,,,,,,,,,,2,,,,,,
l1_championship_player_2025_1_93674,2025,1,l1_championship_club_2025_1,20,8,,68,,,,,,,3,1,1,69,3,8,,,4,4,,,,46,4.4975,91.32,,,1.32,3.97
l1_championship_player_2025_1_93674,2025,6,l1_championship_club_2025_1,8,1,1,62,,,,,,,1,,1,33,,3,1,,1,3,1,,,11,6.18,47.9,0.13,,,
l1_championship_player_2025_1_93674,2025,10,l1_championship_club_2025_1,2,1,,22,,,,,,,1,,1,30,2,3,,1,3,,,,,15,4.99,122.73,,,,8.18
l1_championship_player_2025_1_93674,2025,15,l1_championship_club_2025_1,1,,,,,,,,,,,,,,,,,,,,,,,2,,,,,,
l1_championship_player_2025_1_91446,2025,1,l1_championship_club_2025_1,20,14,12,892,3,2,1,,3,,11,5,18,681,11,33,4,6,19,12,4,,,46,5.250714285714286,68.71,0.6,297.33,0.5,1.11
l1_championship_player_2025_1_91446,2025,6,l1_championship_club_2025_1,8,4,,64,,,,,,,1,,1,58,2,5,,1,1,2,,,,11,4.157500000000001,81.56,,,,2.81
l1_championship_player_2025_1_91446,2025,10,l1_championship_club_2025_1,2,2,2,130,1,,1,,1,,3,2,5,150,4,8,1,1,2,3,1,,,15,7.28,103.85,1,130,1.38,2.77
l1_championship_player_2025_1_91446,2025,15,l1_championship_club_2025_1,1,,,,,,,,,,,,,,,,,,,,,,,2,,,,,,
l1_championship_player_2025_1_105466,2025,1,l1_championship_club_2025_1,17,15,6,739,1,,1,1,,2,7,3,12,543,25,23,6,7,15,1,2,,1,41,5.240666666666667,66.13,0.35,739,0.37,3.04
l1_championship_player_2025_1_105466,2025,6,l1_championship_club_2025_1,8,7,4,364,,,,,,,3,,7,231,8,11,2,4,9,1,1,,,11,4.798571428571429,57.12,0.5,,,1.98
l1_championship_player_2025_1_105466,2025,10,l1_championship_club_2025_1,2,2,2,180,,,,,,,3,1,5,129,12,8,,3,5,,,,,15,8.315,64.5,1,,0.5,6
l1_championship_player_2025_1_105466,2025,15,l1_championship_club_2025_1,1,1,,1,,,,,,,,,,,,,,,,,,,,2,3.81,,,,,
l1_championship_player_2025_1_94779,2025,1,l1_championship_club_2025_1,20,,,,,,,,,,,,,,,,,,,,,,,46,,,,,,
l1_championship_player_2025_1_94779,2025,6,l1_championship_club_2025_1,8,,,,,,,,,,,,,,,,,,,,,,,11,,,,,,
l1_championship_player_2025_1_94779,2025,10,l1_championship_club_2025_1,2,,,,,,,,,,,,,,,,,,,,,,,15,,,,,,
l1_championship_player_2025_1_94779,2025,15,l1_championship_club_2025_1,1,,,,,,,,,,,,,,,,,,,,,,,2,,,,,,
l1_championship_player_2025_1_36098,2025,1,l1_championship_club_2025_1,19,1,,1,,,,,,,,,,1,,,,,,,,,,44,4.17,90,,,,
l1_championship_player_2025_1_36098,2025,6,l1_championship_club_2025_1,7,,,,,,,,,,,,,,,,,,,,,,,11,,,,,,
l1_championship_player_2025_1_36098,2025,10,l1_championship_club_2025_1,2,2,1,89,1,,1,,1,,2,1,,40,5,6,,1,,1,,,,15,5.505,40.45,0.5,89,1.01,5.06
l1_championship_player_2025_1_36098,2025,15,l1_championship_club_2025_1,1,,,,,,,,,,,,,,,,,,,,,,,2,,,,,,
l1_championship_player_2025_1_98852,2025,1,l1_championship_club_2025_1,17,14,3,373,4,4,,,4,2,8,6,6,146,27,20,2,4,8,9,2,,1,36,5.171428571428571,35.23,0.18,93.25,1.45,6.51
l1_championship_player_2025_1_98852,2025,6,l1_championship_club_2025_1,6,4,,30,,,,,,,1,1,1,21,3,4,,,,2,,,,11,4.180000000000001,63,,,3,9
l1_championship_player_2025_1_98852,2025,10,l1_championship_club_2025_1,2,1,,27,,,,,,,,,,7,1,1,,,1,1,,,,15,5.13,23.33,,,,3.33
l1_championship_player_2025_1_98852,2025,13,l1_championship_club_2025_9000000121,4,2,,108,,,,,,,2,,,50,7,8,,,3,4,,,,7,4.6850000000000005,41.67,,,,5.83
l1_championship_player_2025_1_98852,2025,15,l1_championship_club_2025_1,1,,,,,,,,,,,,,,,,,,,,,,,2,,,,,,
l1_championship_player_2025_2_77229,2025,1,l1_championship_club_2025_2,30,6,3,416,,,,,,,,,,180,,,,,,1,,,,,5.236666666666667,38.94,0.1,,,
l1_championship_player_2025_2_77229,2025,10,l1_championship_club_2025_2,1,1,1,90,,,,,,,,,,38,,,,,,,,,,,6.62,38,1,,,
l1_championship_player_2025_2_18307,2025,1,l1_championship_club_2025_2,30,27,27,2283,,,,,,,,,1,954,,,,,3,7,,2,5,,5.263333333333333,37.61,0.9,,,
l1_championship_player_2025_2_18307,2025,10,l1_championship_club_2025_2,1,,,,,,,,,,,,,,,,,,,,,,,,,,,,,
l1_championship_player_2025_2_103603,2025,1,l1_championship_club_2025_2,30,,,,,,,,,,,,,,,,,,,,,,,,,,,,,
l1_championship_player_2025_2_103603,2025,10,l1_championship_club_2025_2,1,,,,,,,,,,,,,,,,,,,,,,,,,,,,,
l1_championship_player_2025_2_87050,2025,1,l1_championship_club_2025_2,30,,,,,,,,,,,,,,,,,,,,,,,,,,,,,
l1_championship_player_2025_2_87050,2025,10,l1_championship_club_2025_2,1,,,,,,,,,,,,,,,,,,,,,,,,,,,,,
l1_championship_player_2025_2_86892,2025,1,l1_championship_club_2025_2,30,23,21,1821,,,,,,,6,,9,1296,6,103,21,19,11,30,3,1,,25,4.820869565217392,64.05,0.7,,,0.3
l1_championship_player_2025_2_86892,2025,10,l1_championship_club_2025_2,1,,,,,,,,,,,,,,,,,,,,,,,1,,,,,,
l1_championship_player_2025_2_504336,2025,1,l1_championship_club_2025_2,18,,,,,,,,,,,,,,,,,,,,,,,18,,,,,,
l1_championship_player_2025_2_504336,2025,10,l1_championship_club_2025_2,1,,,,,,,,,,,,,,,,,,,,,,,1,,,,,,
l1_championship_player_2025_2_89545,2025,1,l1_championship_club_2025_2,30,20,20,1774,1,,1,,,1,6,2,3,1014,11,86,29,17,24,24,3,1,,25,5.3229999999999995,51.44,0.67,1774,0.1,0.56
l1_championship_player_2025_2_89545,2025,10,l1_championship_club_2025_2,1,,,,,,,,,,,,,,,,,,,,,,,1,,,,,,
l1_championship_player_2025_2_101309,2025,1,l1_championship_club_2025_2,30,,,,,,,,,,,,,,,,,,,,,,,25,,,,,,
l1_championship_player_2025_2_101309,2025,10,l1_championship_club_2025_2,1,,,,,,,,,,,,,,,,,,,,,,,1,,,,,,
l1_championship_player_2025_2_94516,2025,1,l1_championship_club_2025_2,30,26,22,1985,,,,,,1,1,,13,1468,5,99,26,33,30,31,7,,,25,5.193461538461539,66.56,0.73,,,0.23
l1_championship_player_2025_2_94516,2025,10,l1_championship_club_2025_2,1,1,1,90,,,,,,,,,,81,,11,4,6,,,,,,1,5.35,81,1,,,
l1_championship_player_2025_2_502542,2025,1,l1_championship_club_2025_2,11,10,9,813,2,2,,,,,7,2,3,447,11,43,19,7,11,6,1,,2,11,5.686,49.48,0.82,406.5,0.22,1.22
l1_championship_player_2025_2_502542,2025,10,l1_championship_club_2025_2,1,,,,,,,,,,,,,,,,,,,,,,,1,,,,,,
l1_championship_player_2025_2_502542,2025,14,l1_championship_club_2025_9000000490,6,4,4,360,,,,,,,4,2,2,312,5,17,14,1,2,5,1,,,6,6.55,78,0.67,,0.5,1.25
l1_championship_player_2025_2_104421,2025,1,l1_championship_club_2025_2,30,22,14,1189,,,,,,,10,2,11,652,20,42,13,18,8,8,1,1,,25,4.751818181818181,49.35,0.47,,0.15,1.51
l1_championship_player_2025_2_104421,2025,10,l1_championship_club_2025_2,1,1,1,90,,,,,,,2,1,1,42,2,,,,,,,,,1,4.6,42,1,,1,2
l1_championship_player_2025_2_503228,2025,1,l1_championship_club_2025_2,27,,,,,,,,,,,,,,,,,,,,,,,23,,,,,,
l1_championship_player_2025_2_503228,2025,10,l1_championship_club_2025_2,1,,,,,,,,,,,,,,,,,,,,,,,1,,,,,,
l1_championship_player_2025_2_81386,2025,1,l1_championship_club_2025_15,7,,,,,,,,,,,,,,,,,,,,,,,14,,,,,,
l1_championship_player_2025_2_81386,2025,1,l1_championship_club_2025_2,30,22,19,1698,1,,1,,1,,15,5,5,1072,19,130,33,30,23,32,5,,,25,5.055454545454546,56.82,0.63,1698,0.27,1.01
l1_championship_player_2025_2_81386,2025,10,l1_championship_club_2025_2,1,1,1,90,,,,,,,,,,50,,6,1,2,2,1,1,,,1,3.3,50,1,,,
l1_championship_player_2025_2_104726,2025,1,l1_championship_club_2025_2,30,10,9,862,1,1,,,,,7,2,2,523,19,53,8,6,8,5,2,,1,25,5.409999999999999,54.61,0.3,862,0.21,1.98
l1_championship_player_2025_2_104726,2025,10,l1_championship_club_2025_2,1,1,1,90,,,,,,,,,2,60,1,3,4,2,,,,,,1,5.77,60,1,,,1
l1_championship_player_2025_2_100379,2025,1,l1_championship_club_2025_2,30,3,3,225,,,,,,,1,,1,100,1,6,4,3,2,,,,,25,4.6000000000000005,40,0.1,,,0.4
l1_championship_player_2025_2_100379,2025,10,l1_championship_club_2025_2,1,,,,,,,,,,,,,,,,,,,,,,,1,,,,,,
l1_championship_player_2025_2_81342,2025,1,l1_championship_club_2025_2,30,20,14,1251,,,,,,,9,1,10,811,26,66,16,24,17,13,1,,,25,5.171,58.35,0.47,,0.07,1.87
l1_championship_player_2025_2_81342,2025,10,l1_championship_club_2025_2,1,1,1,62,,,,,,,3,,,33,5,5,,2,,1,1,,,1,5.91,47.9,1,,,7.26
l1_championship_player_2025_2_104062,2025,1,l1_championship_club_2025_2,13,11,5,405,,,,,,,4,,5,216,9,19,2,6,4,5,,,,11,4.53090909090909,48,0.38,,,2
l1_championship_player_2025_2_104062,2025,10,l1_championship_club_2025_2,1,,,,,,,,,,,,,,,,,,,,,,,1,,,,,,
l1_championship_player_2025_2_104062,2025,14,l1_championship_club_2025_9000000031,6,,,,,,,,,,,,,,,,,,,,,,,11,,,,,,
l1_championship_player_2025_2_83680,2025,1,l1_championship_club_2025_2,30,,,,,,,,,,,,,,,,,,,,,,,25,,,,,,
l1_championship_player_2025_2_83680,2025,10,l1_championship_club_2025_2,1,,,,,,,,,,,,,,,,,,,,,,,1,,,,,,
l1_championship_player_2025_2_86432,2025,1,l1_championship_club_2025_2,30,29,28,2478,3,1,2,1,2,1,22,7,49,1807,25,129,35,36,28,23,3,,1,25,5.31448275862069,65.63,0.93,826,0.25,0.91
l1_championship_player_2025_2_86432,2025,10,l1_championship_club_2025_2,1,1,1,81,,,,,,,1,,5,56,,3,1,,2,2,1,,,1,4.23,62.22,1,,,
l1_championship_player_2025_2_98440,2025,1,l1_championship_club_2025_2,30,2,,8,,,,,,,,,2,13,,,,,,,,,,25,4.405,146.25,,,,
l1_championship_player_2025_2_98440,2025,10,l1_championship_club_2025_2,1,1,,9,,,,,,,,,1,11,,,,,1,,,,,1,4.58,110,,,,
l1_championship_player_2025_2_505586,2025,1,l1_championship_club_2025_2,14,,,,,,,,,,,,,,,,,,,,,,,11,,,,,,
l1_championship_player_2025_2_505586,2025,10,l1_championship_club_2025_2,1,1,,1,,,,,,,,,,1,,,,,,,,,,1,4.28,90,,,,
l1_championship_player_2025_2_82393,2025,1,l1_championship_club_2025_2,30,14,1,205,,,,,,,4,1,3,184,1,11,5,2,7,3,3,,,25,4.589999999999999,80.78,0.03,,0.44,0.44
l1_championship_player_2025_2_82393,2025,10,l1_championship_club_2025_2,1,1,1,90,1,1,,1,,,2,2,,60,1,5,,2,1,1,,,,1,5.78,60,1,90,2,1
l1_championship_player_2025_2_105203,2025,1,l1_championship_club_2025_2,30,11,10,813,1,1,,,1,,5,1,9,513,11,42,16,16,18,7,1,1,1,25,5.1854545454545455,56.79,0.33,813,0.11,1.22
l1_championship_player_2025_2_105203,2025,10,l1_championship_club_2025_2,1,,,,,,,,,,,,,,,,,,,,,,,1,,,,,,
l1_championship_player_2025_2_63146,2025,1,l1_championship_club_2025_2,13,9,6,508,,,,,,2,8,3,10,261,11,32,2,6,5,11,,,,11,5.028888888888889,46.24,0.46,,0.53,1.95
l1_championship_player_2025_2_63146,2025,10,l1_championship_club_2025_2,1,,,,,,,,,,,,,,,,,,,,,,,1,,,,,,
l1_championship_player_2025_2_48113,2025,1,l1_championship_club_2025_2,30,25,23,1989,,,,,,,4,,12,1004,,94,22,37,37,20,7,,,25,5.0132,45.43,0.77,,,
l1_championship_player_2025_2_48113,2025,10,l1_championship_club_2025_2,1,,,,,,,,,,,,,,,,,,,,,,,1,,,,,,
l1_championship_player_2025_2_79828,2025,1,l1_championship_club_2025_2,30,27,16,1473,1,,1,,1,,21,11,9,730,35,91,10,16,32,30,4,1,,25,4.4618518518518515,44.6,0.53,1473,0.67,2.14
l1_championship_player_2025_2_79828,2025,10,l1_championship_club_2025_2,1,,,,,,,,,,,,,,,,,,,,,,,1,,,,,,
l1_championship_player_2025_2_504857,2025,1,l1_championship_club_2025_2,16,1,,1,,,,,,,,,,,,,,,,,,,,17,4.17,,,,,
l1_championship_player_2025_2_504857,2025,10,l1_championship_club_2025_2,1,1,,27,,,,,,,2,1,,13,2,1,,1,,,,,,1,3.92,43.33,,,3.33,6.67
l1_championship_player_2025_2_103884,2025,1,l1_championship_club_2025_2,30,15,1,293,,,,,,,4,1,3,204,10,34,5,5,9,11,1,,,25,4.693333333333334,62.66,0.03,,0.31,3.07
l1_championship_player_2025_2_103884,2025,10,l1_championship_club_2025_2,1,1,,28,,,,,,,,,,21,,2,,1,,1,,,,1,4.3,67.5,,,,
l1_championship_player_2025_2_66914,2025,1,l1_championship_club_2025_15,3,,,,,,,,,,,,,,,,,,,,,,,4,,,,,,
l1_championship_player_2025_2_66914,2025,1,l1_championship_club_2025_2,27,23,11,967,,,,,,1,25,8,6,385,35,72,2,6,25,22,,,,23,4.550434782608695,35.83,0.41,,0.74,3.26
l1_championship_player_2025_2_66914,2025,10,l1_championship_club_2025_2,1,,,,,,,,,,,,,,,,,,,,,,,1,,,,,,
l1_championship_player_2025_2_105418,2025,1,l1_championship_club_2025_2,30,26,25,2203,3,2,1,,3,3,57,16,28,1105,98,145,10,17,58,47,7,,,25,5.186400000000001,45.14,0.83,734.33,0.65,4
l1_championship_player_2025_2_105418,2025,10,l1_championship_club_2025_2,1,,,,,,,,,,,,,,,,,,,,,,,1,,,,,,
l1_championship_player_2025_2_87068,2025,1,l1_championship_club_2025_2,30,3,,23,,,,,,,,,,9,,,,,,,,,,25,4.126666666666666,35.22,,,,
l1_championship_player_2025_2_87068,2025,10,l1_championship_club_2025_2,1,1,1,63,,,,,,,1,1,,18,2,6,,,,2,,,,1,4.65,25.71,1,,1.43,2.86
l1_championship_player_2025_2_83293,2025,1,l1_championship_club_2025_2,30,28,28,2435,8,4,4,1,6,3,79,31,30,1142,140,148,20,20,28,49,6,,3,25,5.422142857142858,42.21,0.93,304.38,1.15,5.17
l1_championship_player_2025_2_83293,2025,10,l1_championship_club_2025_2,1,,,,,,,,,,,,,,,,,,,,,,,1,,,,,,
l1_championship_player_2025_2_504285,2025,1,l1_championship_club_2025_2,21,1,,1,,,,,,,,,,3,,,,,,,,,,18,4.05,270,,,,
l1_championship_player_2025_2_504285,2025,10,l1_championship_club_2025_2,1,1,,9,,,,,,,1,1,,10,,,,,,,,,,1,4.31,100,,,10,
l1_championship_player_2025_5_87318,2025,1,l1_championship_club_2025_5,30,1,1,90,,,,,,,,,,37,,,,,,,,,,,5.18,37,0.03,,,
l1_championship_player_2025_5_87318,2025,10,l1_championship_club_2025_5,1,1,1,90,,,,,,,,,,33,,,,,,1,,,,,4.33,33,1,,,
l1_championship_player_2025_5_18529,2025,1,l1_championship_club_2025_5,30,26,26,2295,,,,,,,,,3,1124,,,,,,6,1,,1,,5.328846153846154,44.08,0.87,,,
l1_championship_player_2025_5_18529,2025,4,l1_championship_club_2025_40,9,,,,,,,,,,,,,,,,,,,,,,,,,,,,,
l1_championship_player_2025_5_18529,2025,10,l1_championship_club_2025_5,1,,,,,,,,,,,,,,,,,,,,,,,,,,,,,
l1_championship_player_2025_5_6105,2025,1,l1_championship_club_2025_5,30,4,3,315,,,,,,,,,,195,,,,,,1,2,,1,,6.119999999999999,55.71,0.1,,,
l1_championship_player_2025_5_6105,2025,4,l1_championship_club_2025_64,5,,,,,,,,,,,,,,,,,,,,,,,,,,,,,
l1_championship_player_2025_5_6105,2025,10,l1_championship_club_2025_5,1,,,,,,,,,,,,,,,,,,,,,,,,,,,,,
l1_championship_player_2025_5_90630,2025,1,l1_championship_club_2025_5,30,,,,,,,,,,,,,,,,,,,,,,,,,,,,,
l1_championship_player_2025_5_90630,2025,10,l1_championship_club_2025_5,1,,,,,,,,,,,,,,,,,,,,,,,,,,,,,
l1_championship_player_2025_5_87310,2025,1,l1_championship_club_2025_5,30,22,11,964,2,2,,,2,1,18,7,16,595,30,44,8,18,12,4,2,,,25,4.956363636363637,55.55,0.37,482,0.65,2.8
l1_championship_player_2025_5_87310,2025,10,l1_championship_club_2025_5,1,,,,,,,,,,,,,,,,,,,,,,,,,,,,,
l1_championship_player_2025_5_93647,2025,1,l1_championship_club_2025_5,30,,,,,,,,,,,,,,,,,,,,,,,25,,,,,,
l1_championship_player_2025_5_93647,2025,10,l1_championship_club_2025_5,1,1,1,45,,,,,,,,,,58,1,1,,,1,,1,,,,4.51,116,1,,,2
l1_championship_player_2025_5_47709,2025,1,l1_championship_club_2025_5,30,25,24,2040,1,1,,,,1,10,4,4,1652,19,112,39,19,25,15,1,1,1,25,5.5756,72.88,0.8,2040,0.18,0.84
l1_championship_player_2025_5_47709,2025,10,l1_championship_club_2025_5,1,1,,45,,,,,,,,,1,55,1,6,,,1,1,,,,,6.39,110,,,,2
l1_championship_player_2025_5_505592,2025,1,l1_championship_club_2025_5,14,,,,,,,,,,,,,,,,,,,,,,,12,,,,,,
l1_championship_player_2025_5_505592,2025,10,l1_championship_club_2025_5,1,,,,,,,,,,,,,,,,,,,,,,,,,,,,,
l1_championship_player_2025_5_34992,2025,1,l1_championship_club_2025_5,30,27,24,2143,,,,,,,16,3,14,1489,21,90,31,26,18,17,3,,,25,5.204074074074073,62.53,0.8,,0.13,0.88
l1_championship_player_2025_5_34992,2025,10,l1_championship_club_2025_5,1,1,1,90,,,,,,,,,,73,1,,,,,,,,,,4.48,73,1,,,1
l1_championship_player_2025_5_66261,2025,1,l1_championship_club_2025_5,13,10,2,273,,,,,,,4,2,2,189,5,15,2,5,2,3,1,,,10,4.835000000000001,62.31,0.15,,0.66,1.65
l1_championship_player_2025_5_66261,2025,10,l1_championship_club_2025_5,1,,,,,,,,,,,,,,,,,,,,,,,,,,,,,
l1_championship_player_2025_5_81328,2025,1,l1_championship_club_2025_5,30,26,26,2154,1,1,,,,1,9,5,10,1727,23,130,35,20,39,37,4,2,2,25,5.327692307692307,72.16,0.87,2154,0.21,0.96
l1_championship_player_2025_5_81328,2025,10,l1_championship_club_2025_5,1,1,1,90,,,,,,,2,,,94,2,7,1,,2,1,,,,,4.82,94,1,,,2
l1_championship_player_2025_5_105158,2025,1,l1_championship_club_2025_5,30,27,26,2355,,,,,,,17,6,9,1326,15,93,32,22,25,18,4,,1,25,5.062222222222222,50.68,0.87,,0.23,0.57
l1_championship_player_2025_5_105158,2025,10,l1_championship_club_2025_5,1,,,,,,,,,,,,,,,,,,,,,,,,,,,,,
l1_championship_player_2025_5_80322,2025,1,l1_championship_club_2025_5,30,7,3,324,,,,,,,,,1,205,1,10,,3,3,1,2,,,25,5.088571428571428,56.94,0.1,,,0.28
l1_championship_player_2025_5_80322,2025,10,l1_championship_club_2025_5,1,,,,,,,,,,,,,,,,,,,,,,,,,,,,,
l1_championship_player_2025_5_98806,2025,1,l1_championship_club_2025_5,30,8,6,497,1,1,,,,,1,1,2,271,3,21,2,5,7,1,,1,,25,5.062499999999999,49.07,0.2,497,0.18,0.54
l1_championship_player_2025_5_98806,2025,10,l1_championship_club_2025_5,1,,,,,,,,,,,,,,,,,,,,,,,,,,,,,
l1_championship_player_2025_5_103617,2025,1,l1_championship_club_2025_5,30,27,25,2114,,,,,,1,13,3,33,1580,6,100,23,23,18,25,6,,,25,4.992222222222222,67.27,0.83,,0.13,0.26
l1_championship_player_2025_5_103617,2025,10,l1_championship_club_2025_5,1,,,,,,,,,,,,,,,,,,,,,,,,,,,,,
l1_championship_player_2025_5_505651,2025,1,l1_championship_club_2025_5,14,,,,,,,,,,,,,,,,,,,,,,,12,,,,,,
l1_championship_player_2025_5_505651,2025,10,l1_championship_club_2025_5,1,,,,,,,,,,,,,,,,,,,,,,,,,,,,,
l1_championship_player_2025_5_505593,2025,1,l1_championship_club_2025_5,14,,,,,,,,,,,,,,,,,,,,,,,12,,,,,,
l1_championship_player_2025_5_505593,2025,10,l1_championship_club_2025_5,1,,,,,,,,,,,,,,,,,,,,,,,,,,,,,
l1_championship_player_2025_5_80671,2025,1,l1_championship_club_2025_5,30,26,19,1547,1,1,,,1,,20,4,7,743,33,100,19,18,25,30,6,,,25,4.5892307692307694,43.23,0.63,1547,0.23,1.92
l1_championship_player_2025_5_80671,2025,10,l1_championship_club_2025_5,1,1,,45,,,,,,,2,,1,44,2,,3,,,,,,,,5.2,88,,,,4
l1_championship_player_2025_5_72857,2025,1,l1_championship_club_2025_5,13,12,12,1051,,,,,,,8,2,6,652,10,71,13,9,17,28,3,,,10,5.11,55.83,0.92,,0.17,0.86
l1_championship_player_2025_5_72857,2025,10,l1_championship_club_2025_5,1,,,,,,,,,,,,,,,,,,,,,,,,,,,,,
l1_championship_player_2025_5_72857,2025,13,l1_championship_club_2025_9000000857,6,1,,1,,,,,,,,,,2,,,,,,,,,,5,4.04,180,,,,
l1_championship_player_2025_5_80954,2025,1,l1_championship_club_2025_5,30,26,12,1154,1,,1,,1,1,17,7,12,603,27,51,16,17,33,15,4,,,25,4.611923076923078,47.03,0.4,1154,0.55,2.11
l1_championship_player_2025_5_80954,2025,10,l1_championship_club_2025_5,1,1,,45,,,,,,,3,,3,34,3,3,,3,,,,,,,4.41,68,,,,6
l1_championship_player_2025_5_101486,2025,1,l1_championship_club_2025_5,27,8,1,223,,,,,,,6,3,6,124,7,15,,4,4,1,,,,20,4.46625,50.04,0.04,,1.21,2.83
l1_championship_player_2025_5_101486,2025,4,l1_championship_club_2025_41,4,1,,28,,,,,,,,,,18,1,,,,,,,,,4,4.43,57.86,,,,3.21
l1_championship_player_2025_5_101486,2025,10,l1_championship_club_2025_5,1,,,,,,,,,,,,,,,,,,,,,,,,,,,,,
l1_championship_player_2025_5_104982,2025,1,l1_championship_club_2025_5,30,16,7,524,1,,1,1,,,6,2,7,202,21,24,3,9,15,5,1,,,25,4.373125,34.69,0.23,524,0.34,3.61
l1_championship_player_2025_5_104982,2025,10,l1_championship_club_2025_5,1,,,,,,,,,,,,,,,,,,,,,,,,,,,,,
l1_championship_player_2025_5_86624,2025,1,l1_championship_club_2025_5,30,6,,102,,,,,,,,,,73,,6,1,,1,2,,,,25,4.8549999999999995,64.41,,,,
l1_championship_player_2025_5_86624,2025,10,l1_championship_club_2025_5,1,1,1,45,,,,,,,,,,27,,,1,,,,,,,,3.99,54,1,,,
l1_championship_player_2025_5_78389,2025,1,l1_championship_club_2025_5,30,30,27,2348,4,2,2,,3,3,32,9,26,1209,38,128,14,26,20,36,2,,1,25,5.183333333333334,46.34,0.9,587,0.34,1.46
l1_championship_player_2025_5_78389,2025,10,l1_championship_club_2025_5,1,1,1,90,,,,,,,3,,2,59,2,1,,,1,1,,,,,4.01,59,1,,,2
l1_championship_player_2025_5_505650,2025,1,l1_championship_club_2025_5,14,,,,,,,,,,,,,,,,,,,,,,,12,,,,,,
l1_championship_player_2025_5_505650,2025,10,l1_championship_club_2025_5,1,,,,,,,,,,,,,,,,,,,,,,,,,,,,,
l1_championship_player_2025_5_29510,2025,1,l1_championship_club_2025_5,30,11,8,741,2,,2,1,1,,13,4,3,439,13,39,9,6,13,17,2,,1,25,4.990909090909091,53.32,0.27,370.5,0.49,1.58
l1_championship_player_2025_5_29510,2025,10,l1_championship_club_2025_5,1,,,,,,,,,,,,,,,,,,,,,,,,,,,,,
l1_championship_player_2025_5_90468,2025,1,l1_championship_club_2025_5,30,,,,,,,,,,,,,,,,,,,,,,,25,,,,,,
l1_championship_player_2025_5_90468,2025,10,l1_championship_club_2025_5,1,,,,,,,,,,,,,,,,,,,,,,,,,,,,,
l1_championship_player_2025_5_505652,2025,1,l1_championship_club_2025_5,14,,,,,,,,,,,,,,,,,,,,,,,12,,,,,,
l1_championship_player_2025_5_505652,2025,10,l1_championship_club_2025_5,1,,,,,,,,,,,,,,,,,,,,,,,,,,,,,
l1_championship_player_2025_5_51620,2025,1,l1_championship_club_2025_5,13,13,10,795,1,,1,,1,3,13,3,23,518,22,55,2,9,16,25,1,,1,10,5.3307692307692305,58.64,0.77,795,0.34,2.49
l1_championship_player_2025_5_51620,2025,6,l1_championship_club_2025_9000003235,6,4,,78,,,,,,,3,3,2,59,3,9,,2,2,3,,,,7,4.9575,68.08,,,3.46,3.46
l1_championship_player_2025_5_51620,2025,10,l1_championship_club_2025_5,1,,,,,,,,,,,,,,,,,,,,,,,,,,,,,
l1_championship_player_2025_5_86896,2025,1,l1_championship_club_2025_5,26,11,3,310,,,,,,,4,2,3,278,5,34,7,9,9,8,1,,,20,4.563000000000001,80.71,0.12,,0.58,1.45
l1_championship_player_2025_5_86896,2025,10,l1_championship_club_2025_5,1,1,,45,,,,,,,,,2,53,2,5,1,1,,2,,,,,4.85,106,,,,4
l1_championship_player_2025_5_74429,2025,1,l1_championship_club_2025_5,30,12,3,353,1,,1,,,1,6,2,5,151,10,29,,6,8,17,,,,25,4.798333333333333,38.5,0.1,353,0.51,2.55
l1_championship_player_2025_5_74429,2025,10,l1_championship_club_2025_5,1,1,1,45,,,,,,,2,,1,21,2,1,,,1,,,,,,3.86,42,1,,,4
l1_championship_player_2025_5_504858,2025,1,l1_championship_club_2025_5,30,5,,99,1,1,,1,,,4,3,,41,5,10,1,,5,3,,,,25,4.894,37.27,,99,2.73,4.55
l1_championship_player_2025_5_504858,2025,10,l1_championship_club_2025_5,1,1,,12,,,,,,,,,,8,,1,,,,,,,,,4.29,60,,,,
l1_championship_player_2025_5_504886,2025,1,l1_championship_club_2025_5,15,9,4,373,1,1,,,1,,8,2,1,108,13,13,1,,6,3,1,,,12,4.4255555555555555,26.06,0.27,373,0.48,3.14
l1_championship_player_2025_5_504886,2025,10,l1_championship_club_2025_5,1,1,1,90,,,,,,,2,1,2,21,3,2,,,1,1,,,,,4.48,21,1,,1,3
l1_championship_player_2025_5_94915,2025,1,l1_championship_club_2025_5,30,23,13,1186,1,,1,1,,1,37,13,17,399,62,62,3,5,29,13,4,,,25,4.552608695652173,30.28,0.43,1186,0.99,4.7
l1_championship_player_2025_5_94915,2025,10,l1_championship_club_2025_5,1,,,,,,,,,,,,,,,,,,,,,,,,,,,,,
l1_championship_player_2025_5_89760,2025,1,l1_championship_club_2025_5,30,30,29,2589,6,6,,3,3,3,70,24,26,1115,120,228,8,14,47,64,2,,3,25,5.147333333333333,38.76,0.97,431.5,0.83,4.17
l1_championship_player_2025_5_89760,2025,10,l1_championship_club_2025_5,1,1,1,90,,,,,,,4,1,2,56,4,6,,,4,1,,,,,4.7,56,1,,1,4
l1_championship_player_2025_6_93308,2025,1,l1_championship_club_2025_6,29,,,,,,,,,,,,,,,,,,,,,,,,,,,,,
l1_championship_player_2025_6_93308,2025,10,l1_championship_club_2025_6,5,,,,,,,,,,,,,,,,,,,,,,,,,,,,,
l1_championship_player_2025_6_36584,2025,1,l1_championship_club_2025_6,29,,,,,,,,,,,,,,,,,,,,,,,,,,,,,
l1_championship_player_2025_6_36584,2025,10,l1_championship_club_2025_6,5,,,,,,,,,,,,,,,,,,,,,,,,,,,,,
l1_championship_player_2025_6_19005,2025,1,l1_championship_club_2025_6,29,,,,,,,,,,,,,,,,,,,,,,,,,,,,,
l1_championship_player_2025_6_19005,2025,10,l1_championship_club_2025_6,5,1,1,90,,,,,,,,,,24,,,,,,,,,,,5.47,24,0.2,,,
l1_championship_player_2025_6_100821,2025,1,l1_championship_club_2025_6,29,,,,,,,,,,,,,,,,,,,,,,,,,,,,,
l1_championship_player_2025_6_100821,2025,10,l1_championship_club_2025_6,5,,,,,,,,,,,,,,,,,,,,,,,,,,,,,
l1_championship_player_2025_6_506488,2025,1,l1_championship_club_2025_6,29,,,,,,,,,,,,,,,,,,,,,,,,,,,,,
l1_championship_player_2025_6_506488,2025,10,l1_championship_club_2025_6,5,,,,,,,,,,,,,,,,,,,,,,,,,,,,,
l1_championship_player_2025_6_86608,2025,1,l1_championship_club_2025_6,29,29,29,2610,,,,,,,,,2,1001,,,,,,5,2,,1,,5.584137931034483,34.52,1,,,
l1_championship_player_2025_6_86608,2025,1,l1_championship_club_2025_15,4,,,,,,,,,,,,,,,,,,,,,,,,,,,,,
l1_championship_player_2025_6_86608,2025,10,l1_championship_club_2025_6,5,4,4,360,,,,,,,,,,161,,,,,,,1,,,,4.8725000000000005,40.25,0.8,,,
l1_championship_player_2025_6_105309,2025,1,l1_championship_club_2025_6,29,22,12,1181,2,2,,,1,3,7,3,19,830,39,54,11,21,21,13,3,,,57,5.424545454545455,63.25,0.41,590.5,0.23,2.97
l1_championship_player_2025_6_105309,2025,10,l1_championship_club_2025_6,5,5,5,403,1,1,,1,,,6,3,11,363,16,26,2,6,3,7,,,,16,6.9239999999999995,81.07,1,403,0.67,3.57
l1_championship_player_2025_6_28718,2025,1,l1_championship_club_2025_6,29,21,18,1513,2,2,,,1,2,13,3,19,1180,40,64,25,21,23,10,4,1,1,57,5.3828571428571435,70.19,0.62,756.5,0.18,2.38
l1_championship_player_2025_6_28718,2025,10,l1_championship_club_2025_6,5,3,,47,,,,,,,,,1,45,2,4,,1,,1,,,,16,4.723333333333334,86.17,,,,3.83
l1_championship_player_2025_6_93202,2025,1,l1_championship_club_2025_6,29,2,1,120,,,,,,,1,,,88,2,11,5,3,1,4,1,,,57,6.45,66,0.03,,,1.5
l1_championship_player_2025_6_93202,2025,10,l1_championship_club_2025_6,5,2,1,103,,,,,,,1,,,71,1,7,3,,2,2,,,,16,3.8449999999999998,62.04,0.2,,,0.87
l1_championship_player_2025_6_104992,2025,1,l1_championship_club_2025_6,29,19,17,1550,2,2,,,,1,16,4,3,1113,19,72,22,17,16,5,2,,,57,6.106315789473683,64.63,0.59,775,0.23,1.1
l1_championship_player_2025_6_104992,2025,10,l1_championship_club_2025_6,5,3,3,244,,,,,,,2,1,1,279,3,10,2,2,2,,,,,16,6.12,102.91,0.6,,0.37,1.11
l1_championship_player_2025_6_104449,2025,1,l1_championship_club_2025_6,29,7,7,528,,,,,,,1,1,,345,4,25,8,10,10,1,1,,,57,4.9157142857142855,58.81,0.24,,0.17,0.68
l1_championship_player_2025_6_104449,2025,10,l1_championship_club_2025_6,5,1,1,90,,,,,,,,,,37,1,3,2,1,2,,1,,,16,3.76,37,0.2,,,1
l1_championship_player_2025_6_87458,2025,1,l1_championship_club_2025_6,29,18,18,1603,3,2,1,1,1,,16,3,6,1303,17,90,21,21,21,18,3,1,,57,5.551111111111112,73.16,0.62,534.33,0.17,0.95
l1_championship_player_2025_6_87458,2025,10,l1_championship_club_2025_6,5,5,5,437,,,,,,,4,,1,419,4,26,4,8,2,7,,,,16,5.9479999999999995,86.29,1,,,0.82
l1_championship_player_2025_6_26455,2025,1,l1_championship_club_2025_6,29,10,10,809,,,,,,,2,,2,604,4,43,16,12,15,9,2,1,,57,5.65,67.19,0.34,,,0.44
l1_championship_player_2025_6_26455,2025,10,l1_championship_club_2025_6,5,,,,,,,,,,,,,,,,,,,,,,,16,,,,,,
l1_championship_player_2025_6_93335,2025,1,l1_championship_club_2025_6,29,,,,,,,,,,,,,,,,,,,,,,,57,,,,,,
l1_championship_player_2025_6_93335,2025,10,l1_championship_club_2025_6,5,,,,,,,,,,,,,,,,,,,,,,,16,,,,,,
l1_championship_player_2025_6_35628,2025,1,l1_championship_club_2025_6,29,2,1,86,,,,,,,1,1,2,100,3,5,,3,2,1,1,,,57,5.125,104.65,0.03,,1.05,3.14
l1_championship_player_2025_6_35628,2025,10,l1_championship_club_2025_6,5,2,,35,,,,,,,,,,33,,5,,2,,1,,,,16,5.105,84.86,,,,
l1_championship_player_2025_6_62498,2025,1,l1_championship_club_2025_6,29,28,28,2520,,,,,,1,20,5,4,2141,17,120,63,37,16,16,2,,2,57,6.057499999999998,76.46,0.97,,0.18,0.61
l1_championship_player_2025_6_62498,2025,10,l1_championship_club_2025_6,5,5,5,450,,,,,,,4,1,4,443,4,20,6,8,5,3,,,,16,5.8759999999999994,88.6,1,,0.2,0.8
l1_championship_player_2025_6_41943,2025,1,l1_championship_club_2025_6,29,29,29,2598,1,1,,1,,7,42,15,46,1821,83,112,46,19,28,25,2,,5,57,5.899655172413793,63.08,1,2598,0.52,2.88
l1_championship_player_2025_6_41943,2025,1,l1_championship_club_2025_8,4,,,,,,,,,,,,,,,,,,,,,,,3,,,,,,
l1_championship_player_2025_6_41943,2025,10,l1_championship_club_2025_6,5,5,4,380,2,1,1,,2,,4,3,10,270,14,22,4,6,6,2,1,,,16,6.432,63.95,0.8,190,0.71,3.32
l1_championship_player_2025_6_91200,2025,1,l1_championship_club_2025_6,29,9,,84,,,,,,,3,1,1,114,13,5,3,,2,,,,,57,4.714444444444444,122.14,,,1.07,13.93
l1_championship_player_2025_6_91200,2025,10,l1_championship_club_2025_6,5,1,1,70,,,,,,,1,,,63,2,2,2,1,1,1,1,,,16,6.32,81,0.2,,,2.57
l1_championship_player_2025_6_104468,2025,1,l1_championship_club_2025_6,29,16,4,567,,,,,,2,6,4,9,438,6,49,7,15,15,17,1,,,57,4.92,69.52,0.14,,0.63,0.95
l1_championship_player_2025_6_104468,2025,10,l1_championship_club_2025_6,5,3,2,183,2,1,1,,2,,3,2,6,156,6,9,1,3,2,3,,,,16,5.81,76.72,0.4,91.5,0.98,2.95
l1_championship_player_2025_6_86987,2025,1,l1_championship_club_2025_6,29,,,,,,,,,,,,,,,,,,,,,,,57,,,,,,
l1_championship_player_2025_6_86987,2025,10,l1_championship_club_2025_6,5,,,,,,,,,,,,,,,,,,,,,,,16,,,,,,
l1_championship_player_2025_6_93960,2025,1,l1_championship_club_2025_6,29,1,,6,,,,,,,,,,13,,1,,1,,,,,,57,4.39,195,,,,
l1_championship_player_2025_6_93960,2025,10,l1_championship_club_2025_6,5,,,,,,,,,,,,,,,,,,,,,,,16,,,,,,
l1_championship_player_2025_6_505617,2025,1,l1_championship_club_2025_6,13,5,,131,1,1,,1,,,2,2,,94,2,5,2,,2,2,,,,29,4.932,64.58,,131,1.37,1.37
l1_championship_player_2025_6_505617,2025,10,l1_championship_club_2025_6,4,3,1,68,,,,,,,,,,62,,8,1,1,,2,,,,13,4.38,82.06,0.25,,,
l1_championship_player_2025_6_105409,2025,1,l1_championship_club_2025_6,28,26,24,2057,3,1,2,3,,2,41,11,29,1685,33,168,36,46,34,40,4,,2,57,5.8096,73.72,0.86,685.67,0.48,1.44
l1_championship_player_2025_6_105409,2025,10,l1_championship_club_2025_6,5,3,2,225,,,,,,,3,,2,161,,15,5,4,6,3,,,,16,5.673333333333333,64.4,0.4,,,
l1_championship_player_2025_6_92140,2025,1,l1_championship_club_2025_6,29,3,1,72,,,,,,,,,1,65,,10,3,6,2,,,,,57,5.033333333333333,81.25,0.03,,,
l1_championship_player_2025_6_92140,2025,10,l1_championship_club_2025_6,5,1,,14,,,,,,,,,,34,,1,1,1,,,,,,16,5.04,218.57,,,,
l1_championship_player_2025_6_47824,2025,1,l1_championship_club_2025_6,29,28,28,2391,3,2,1,2,1,9,38,12,74,1795,127,157,16,41,48,40,9,,1,57,5.648571428571429,67.57,0.97,797,0.45,4.78
l1_championship_player_2025_6_47824,2025,10,l1_championship_club_2025_6,5,3,3,270,1,1,,,1,,3,2,7,187,12,11,4,4,5,2,,,,16,6.080000000000001,62.33,0.6,270,0.67,4
l1_championship_player_2025_6_41166,2025,1,l1_championship_club_2025_6,26,25,23,1595,12,9,3,2,7,3,51,26,17,516,85,66,1,5,19,17,1,,,52,5.353599999999999,29.12,0.88,132.92,1.47,4.8
l1_championship_player_2025_6_41166,2025,10,l1_championship_club_2025_6,5,4,3,246,1,,1,1,,,9,4,3,94,18,16,,2,5,5,1,,,16,5.325,34.39,0.6,246,1.46,6.59
l1_championship_player_2025_6_86482,2025,1,l1_championship_club_2025_6,29,24,6,741,5,1,4,2,3,,35,12,5,324,58,67,2,6,13,32,,,,57,4.832916666666667,39.35,0.21,148.2,1.46,7.04
l1_championship_player_2025_6_86482,2025,10,l1_championship_club_2025_6,5,4,2,166,1,1,,,,,2,1,1,63,6,10,1,2,2,6,,,,16,5.4675,34.16,0.4,166,0.54,3.25
l1_championship_player_2025_6_36641,2025,1,l1_championship_club_2025_6,29,25,22,1728,10,3,7,2,7,2,51,22,25,862,77,72,9,14,34,13,2,,4,57,5.452400000000001,44.9,0.76,172.8,1.15,4.01
l1_championship_player_2025_6_36641,2025,10,l1_championship_club_2025_6,5,4,1,158,,,,,,,10,3,,102,15,12,1,,6,1,1,,,16,4.7075,58.1,0.2,,1.71,8.54
l1_championship_player_2025_6_44581,2025,1,l1_championship_club_2025_6,9,7,1,247,1,1,,,1,3,9,1,12,166,18,15,,,3,5,,,,23,5.815714285714286,60.49,0.11,247,0.36,6.56
l1_championship_player_2025_6_44581,2025,10,l1_championship_club_2025_6,3,2,1,92,1,1,,,1,,5,4,2,55,5,7,,,2,2,1,,,10,5.635,53.8,0.33,92,3.91,4.89
l1_championship_player_2025_6_98732,2025,1,l1_championship_club_2025_6,27,16,3,441,1,,1,,,2,12,4,9,246,30,30,1,5,7,8,2,,,55,4.70625,50.2,0.11,441,0.82,6.12
l1_championship_player_2025_6_98732,2025,10,l1_championship_club_2025_6,5,5,3,245,4,,4,1,2,,15,7,2,136,19,15,,3,4,1,,,,16,6.215999999999999,49.96,0.6,61.25,2.57,6.98
l1_championship_player_2025_6_66024,2025,1,l1_championship_club_2025_6,29,22,2,302,,,,,,,12,,4,255,20,17,3,2,8,6,1,,,57,4.391818181818182,75.99,0.07,,,5.96
l1_championship_player_2025_6_66024,2025,10,l1_championship_club_2025_6,5,3,3,236,1,,1,,,,9,4,3,192,15,9,3,2,2,3,,,,16,6.273333333333333,73.22,0.6,236,1.53,5.72
l1_championship_player_2025_6_27080,2025,1,l1_championship_club_2025_6,29,29,27,2245,9,5,4,7,1,5,67,25,69,1683,152,111,10,16,17,33,5,,5,57,5.642758620689654,67.47,0.93,249.44,1,6.09
l1_championship_player_2025_6_27080,2025,10,l1_championship_club_2025_6,5,3,2,175,2,1,1,2,,,5,3,6,130,13,11,2,2,2,4,,,,16,7.436666666666667,66.86,0.4,87.5,1.54,6.69
l1_championship_player_2025_7_50284,2025,1,l1_championship_club_2025_7,30,3,3,270,,,,,,,,,,87,,,,,,1,,,,,3.866666666666667,29,0.1,,,
l1_championship_player_2025_7_50284,2025,10,l1_championship_club_2025_7,4,4,4,360,,,,,,,,,,166,,,,,,1,1,,,,5.824999999999999,41.5,1,,,
l1_championship_player_2025_7_16695,2025,1,l1_championship_club_2025_7,30,,,,,,,,,,,,,,,,,,,,,,,,,,,,,
l1_championship_player_2025_7_16695,2025,10,l1_championship_club_2025_7,4,,,,,,,,,,,,,,,,,,,,,,,,,,,,,
l1_championship_player_2025_7_99141,2025,1,l1_championship_club_2025_7,27,27,27,2430,,,,,,,,,,1219,,,,,,4,,,4,,5.2988888888888885,45.15,1,,,
l1_championship_player_2025_7_99141,2025,10,l1_championship_club_2025_7,4,,,,,,,,,,,,,,,,,,,,,,,,,,,,,
l1_championship_player_2025_7_102065,2025,1,l1_championship_club_2025_7,30,11,5,490,,,,,,,1,,,352,1,16,5,5,3,4,,,,40,5.096363636363636,64.65,0.17,,,0.18
l1_championship_player_2025_7_102065,2025,10,l1_championship_club_2025_7,4,3,3,270,,,,,,,2,,,218,5,10,4,1,3,3,,,,12,6.349999999999999,72.67,0.75,,,1.67
l1_championship_player_2025_7_98414,2025,1,l1_championship_club_2025_7,30,,,,,,,,,,,,,,,,,,,,,,,40,,,,,,
l1_championship_player_2025_7_98414,2025,10,l1_championship_club_2025_7,4,,,,,,,,,,,,,,,,,,,,,,,12,,,,,,
l1_championship_player_2025_7_105204,2025,1,l1_championship_club_2025_7,30,13,12,1114,,,,,,,7,1,1,885,12,74,23,17,22,13,7,,,40,5.020769230769231,71.5,0.4,,0.08,0.97
l1_championship_player_2025_7_105204,2025,10,l1_championship_club_2025_7,4,2,,47,,,,,,,,,,36,,2,,1,1,1,1,,,12,5.36,68.94,,,,
l1_championship_player_2025_7_102060,2025,1,l1_championship_club_2025_7,30,12,4,401,1,1,,,1,,7,4,6,286,23,26,9,5,8,9,2,,,40,5.090833333333333,64.19,0.13,401,0.9,5.16
l1_championship_player_2025_7_102060,2025,10,l1_championship_club_2025_7,4,2,,31,,,,,,,,,2,25,,5,,1,,1,,,,12,5.035,72.58,,,,
l1_championship_player_2025_7_95754,2025,1,l1_championship_club_2025_7,30,27,26,2252,2,2,,1,,5,7,4,27,1297,52,112,20,17,13,49,4,,1,40,5.431111111111112,51.83,0.87,1126,0.16,2.08
l1_championship_player_2025_7_95754,2025,10,l1_championship_club_2025_7,4,2,2,158,,,,,,,1,1,3,88,3,5,3,1,1,1,1,,,12,5.58,50.13,0.5,,0.57,1.71
l1_championship_player_2025_7_505692,2025,1,l1_championship_club_2025_7,13,,,,,,,,,,,,,,,,,,,,,,,20,,,,,,
l1_championship_player_2025_7_505692,2025,10,l1_championship_club_2025_7,3,,,,,,,,,,,,,,,,,,,,,,,5,,,,,,
l1_championship_player_2025_7_105347,2025,1,l1_championship_club_2025_7,30,,,,,,,,,,,,,,,,,,,,,,,40,,,,,,
l1_championship_player_2025_7_105347,2025,10,l1_championship_club_2025_7,4,1,1,69,,,,,,,,,2,42,,9,,3,2,2,,,,12,5.54,54.78,0.25,,,
l1_championship_player_2025_7_94715,2025,1,l1_championship_club_2025_1,3,,,,,,,,,,,,,,,,,,,,,,,5,,,,,,
l1_championship_player_2025_7_94715,2025,1,l1_championship_club_2025_7,27,23,21,1872,,,,,,2,7,1,7,1209,13,114,13,13,30,20,5,,1,35,5.039565217391305,58.13,0.78,,0.05,0.63
l1_championship_player_2025_7_94715,2025,10,l1_championship_club_2025_7,4,4,3,253,,,,,,,2,1,1,210,3,18,,4,6,8,1,,,12,5.95,74.7,0.75,,0.36,1.07
l1_championship_player_2025_7_503294,2025,1,l1_championship_club_2025_7,26,,,,,,,,,,,,,,,,,,,,,,,35,,,,,,
l1_championship_player_2025_7_503294,2025,10,l1_championship_club_2025_7,4,1,,33,,,,,,,1,1,,17,1,1,,1,,,,,,12,5.44,46.36,,,2.73,2.73
l1_championship_player_2025_7_506504,2025,1,l1_championship_club_2025_7,30,,,,,,,,,,,,,,,,,,,,,,,40,,,,,,
l1_championship_player_2025_7_506504,2025,10,l1_championship_club_2025_7,4,,,,,,,,,,,,,,,,,,,,,,,12,,,,,,
l1_championship_player_2025_7_98407,2025,1,l1_championship_club_2025_7,30,,,,,,,,,,,,,,,,,,,,,,,40,,,,,,
l1_championship_player_2025_7_98407,2025,10,l1_championship_club_2025_7,4,,,,,,,,,,,,,,,,,,,,,,,12,,,,,,
l1_championship_player_2025_7_94206,2025,1,l1_championship_club_2025_7,30,15,13,1206,1,1,,,1,,8,1,8,836,9,55,13,13,9,18,1,,,40,4.833333333333333,62.39,0.43,1206,0.07,0.67
l1_championship_player_2025_7_94206,2025,10,l1_championship_club_2025_7,4,2,2,180,,,,,,,2,,5,171,3,9,3,2,,2,,,,12,7.859999999999999,85.5,0.5,,,1.5
l1_championship_player_2025_7_99053,2025,1,l1_championship_club_2025_7,30,26,26,2340,,,,,,1,11,2,7,1636,19,107,23,16,6,12,3,,,40,5.444230769230769,62.92,0.87,,0.08,0.73
l1_championship_player_2025_7_99053,2025,10,l1_championship_club_2025_7,4,2,2,180,,,,,,,,,1,131,1,11,,2,2,4,1,,,12,7.175000000000001,65.5,0.5,,,0.5
l1_championship_player_2025_7_83687,2025,1,l1_championship_club_2025_7,30,,,,,,,,,,,,,,,,,,,,,,,40,,,,,,
l1_championship_player_2025_7_83687,2025,10,l1_championship_club_2025_7,4,,,,,,,,,,,,,,,,,,,,,,,12,,,,,,
l1_championship_player_2025_7_86590,2025,1,l1_championship_club_2025_7,30,22,14,1295,,,,,,,10,2,16,935,27,85,11,22,14,22,3,1,,40,4.587272727272728,64.98,0.47,,0.14,1.88
l1_championship_player_2025_7_86590,2025,10,l1_championship_club_2025_7,4,2,2,150,,,,,,,,,,127,1,10,2,4,1,4,,,,12,4.615,76.2,0.5,,,0.6
l1_championship_player_2025_7_18329,2025,1,l1_championship_club_2025_7,30,24,23,2008,1,1,,1,,,20,5,15,1723,8,79,24,20,23,23,6,,,40,5.2475,77.23,0.77,2008,0.22,0.36
l1_championship_player_2025_7_18329,2025,10,l1_championship_club_2025_7,4,2,2,146,,,,,,,1,,1,132,,5,2,2,,1,1,,,12,5.455,81.37,0.5,,,
l1_championship_player_2025_7_101714,2025,1,l1_championship_club_2025_7,30,27,21,1982,1,,1,,1,1,20,5,29,1566,36,117,28,31,20,36,3,,1,40,5.0818518518518525,71.11,0.7,1982,0.23,1.63
l1_championship_player_2025_7_101714,2025,10,l1_championship_club_2025_7,4,2,2,180,,,,,,,3,2,,128,1,10,2,5,4,3,1,,,12,6.03,64,0.5,,1,0.5
l1_championship_player_2025_7_105423,2025,1,l1_championship_club_2025_7,27,1,,1,,,,,,,,,,1,,,,,,,,,,35,4.49,90,,,,
l1_championship_player_2025_7_105423,2025,10,l1_championship_club_2025_7,4,1,,1,,,,,,,,,,2,,,,,,,,,,12,4.56,180,,,,
l1_championship_player_2025_7_93800,2025,1,l1_championship_club_2025_7,30,24,16,1512,1,,1,,1,1,14,7,9,1157,15,61,21,13,23,11,1,,,40,5.118333333333334,68.87,0.53,1512,0.42,0.89
l1_championship_player_2025_7_93800,2025,4,l1_championship_club_2025_64,5,,,,,,,,,,,,,,,,,,,,,,,3,,,,,,
l1_championship_player_2025_7_93800,2025,10,l1_championship_club_2025_7,4,3,2,198,1,1,,,1,,4,1,1,167,4,6,3,1,2,1,,,,12,6.150000000000001,75.91,0.5,198,0.45,1.82
l1_championship_player_2025_7_505666,2025,1,l1_championship_club_2025_7,14,1,,10,,,,,,,,,,3,,,1,,2,,,,,21,4.81,27,,,,
l1_championship_player_2025_7_505666,2025,10,l1_championship_club_2025_7,4,,,,,,,,,,,,,,,,,,,,,,,12,,,,,,
l1_championship_player_2025_7_62487,2025,1,l1_championship_club_2025_7,30,,,,,,,,,,,,,,,,,,,,,,,40,,,,,,
l1_championship_player_2025_7_62487,2025,10,l1_championship_club_2025_7,4,2,,51,,,,,,,6,,2,59,4,8,,,1,2,,,,12,5.045,104.12,,,,7.06
l1_championship_player_2025_7_105331,2025,1,l1_championship_club_2025_7,30,26,14,1252,1,,1,,1,2,15,2,15,760,26,82,11,15,18,37,3,,,40,4.855769230769231,54.63,0.47,1252,0.14,1.87
l1_championship_player_2025_7_105331,2025,10,l1_championship_club_2025_7,4,3,2,194,1,,1,,1,,5,1,8,171,1,9,1,1,1,1,,,,12,6.523333333333333,79.33,0.5,194,0.46,0.46
l1_championship_player_2025_7_70987,2025,1,l1_championship_club_2025_7,30,28,22,1898,2,2,,,1,2,17,7,13,1007,37,65,17,26,9,7,,,2,40,5.1760714285714275,47.75,0.73,949,0.33,1.75
l1_championship_player_2025_7_70987,2025,10,l1_championship_club_2025_7,4,4,3,249,,,,,,,6,1,7,160,12,9,3,4,1,1,,,,12,6.109999999999999,57.83,0.75,,0.36,4.34
l1_championship_player_2025_7_40461,2025,1,l1_championship_club_2025_7,30,27,20,1573,3,1,2,3,,2,33,12,20,763,45,88,8,12,8,32,1,,,40,4.9366666666666665,43.66,0.67,524.33,0.69,2.57
l1_championship_player_2025_7_40461,2025,10,l1_championship_club_2025_7,4,4,3,245,,,,,,,4,1,,136,7,14,2,1,1,8,,,,12,4.9725,49.96,0.75,,0.37,2.57
l1_championship_player_2025_7_102066,2025,1,l1_championship_club_2025_7,30,18,7,678,1,1,,,1,2,13,6,6,225,26,31,2,2,17,8,3,,,40,4.489444444444444,29.87,0.23,678,0.8,3.45
l1_championship_player_2025_7_102066,2025,10,l1_championship_club_2025_7,4,1,1,75,2,,2,1,1,,5,2,2,24,4,2,,,1,,,,,12,8.5,28.8,0.25,37.5,2.4,4.8
l1_championship_player_2025_7_92486,2025,1,l1_championship_club_2025_7,30,18,12,982,9,7,2,3,5,,37,20,11,320,51,46,2,2,14,9,3,,2,40,5.205555555555556,29.33,0.4,109.11,1.83,4.67
l1_championship_player_2025_7_92486,2025,10,l1_championship_club_2025_7,4,3,3,209,5,,5,2,2,,13,6,2,79,17,7,,,1,4,1,,,12,6.816666666666666,34.02,0.75,41.8,2.58,7.32
l1_championship_player_2025_7_105495,2025,1,l1_championship_club_2025_7,30,,,,,,,,,,,,,,,,,,,,,,,40,,,,,,
l1_championship_player_2025_7_105495,2025,10,l1_championship_club_2025_7,4,1,,29,1,,1,,1,,3,1,1,24,8,2,,,2,1,,,,12,5.53,74.48,,29,3.1,24.83
l1_championship_player_2025_7_84609,2025,1,l1_championship_club_2025_7,30,24,19,1521,8,6,2,2,6,3,52,16,34,939,63,71,15,15,20,21,1,,4,40,5.4375,55.56,0.63,190.13,0.95,3.73
l1_championship_player_2025_7_84609,2025,10,l1_championship_club_2025_7,4,4,3,177,,,,,,,7,2,10,171,15,10,,3,1,2,,1,,12,4.8825,86.95,0.75,,1.02,7.63
l1_championship_player_2025_7_105483,2025,1,l1_championship_club_2025_7,27,,,,,,,,,,,,,,,,,,,,,,,35,,,,,,
l1_championship_player_2025_7_105483,2025,10,l1_championship_club_2025_7,4,2,1,94,1,,1,,1,,1,1,1,56,1,6,1,1,1,2,,,,12,6.095000000000001,53.62,0.25,94,0.96,0.96
l1_championship_player_2025_7_94102,2025,1,l1_championship_club_2025_7,30,29,8,910,4,4,,1,3,1,28,10,10,323,50,54,4,4,15,18,2,,1,40,4.5955172413793095,31.95,0.27,227.5,0.99,4.95
l1_championship_player_2025_7_94102,2025,10,l1_championship_club_2025_7,4,2,1,100,,,,,,,2,,,38,6,7,,,1,,,,,12,4.9,34.2,0.25,,,5.4
l1_championship_player_2025_7_101363,2025,1,l1_championship_club_2025_7,30,23,10,932,4,3,1,,4,,25,10,10,310,38,32,2,5,11,13,1,,,40,4.584347826086957,29.94,0.33,233,0.97,3.67
l1_championship_player_2025_7_101363,2025,10,l1_championship_club_2025_7,4,1,,22,,,,,,,3,2,,6,3,,,,,,,,,12,4.38,24.55,,,8.18,12.27
l1_championship_player_2025_8_91173,2025,1,l1_championship_club_2025_8,30,,,,,,,,,,,,,,,,,,,,,,,,,,,,,
l1_championship_player_2025_8_91173,2025,10,l1_championship_club_2025_8,2,2,2,180,,,,,,,,,,86,,,,,1,2,,,,,4.24,43,1,,,
l1_championship_player_2025_8_105143,2025,1,l1_championship_club_2025_8,30,26,25,2263,,,,,,,,,1,1142,,,,,,4,,,,,4.945384615384615,45.42,0.83,,,
l1_championship_player_2025_8_105143,2025,10,l1_championship_club_2025_8,2,,,,,,,,,,,,,,,,,,,,,,,,,,,,,
l1_championship_player_2025_8_504283,2025,1,l1_championship_club_2025_8,21,,,,,,,,,,,,,,,,,,,,,,,,,,,,,
l1_championship_player_2025_8_504283,2025,10,l1_championship_club_2025_8,2,,,,,,,,,,,,,,,,,,,,,,,,,,,,,
l1_championship_player_2025_8_103746,2025,1,l1_championship_club_2025_8,30,5,5,437,,,,,,,,,,198,,,,,,3,,,1,,5.482000000000001,40.78,0.17,,,
l1_championship_player_2025_8_103746,2025,10,l1_championship_club_2025_8,2,,,,,,,,,,,,,,,,,,,,,,,,,,,,,
l1_championship_player_2025_8_36407,2025,1,l1_championship_club_2025_8,27,13,11,843,,,,,,,5,1,4,550,11,57,5,14,13,18,2,,,25,4.773076923076923,58.72,0.41,,0.11,1.17
l1_championship_player_2025_8_36407,2025,10,l1_championship_club_2025_8,2,1,1,59,,,,,,,,,1,66,,4,1,1,1,1,,,,3,4.2,100.68,0.5,,,
l1_championship_player_2025_8_37043,2025,1,l1_championship_club_2025_8,30,21,17,1602,,,,,,,7,2,5,1207,6,61,24,27,10,7,1,,,27,4.811428571428573,67.81,0.57,,0.11,0.34
l1_championship_player_2025_8_37043,2025,10,l1_championship_club_2025_8,2,2,1,121,,,,,,,,,,66,,1,2,,1,,1,,,3,5.1,49.09,0.5,,,
l1_championship_player_2025_8_105510,2025,1,l1_championship_club_2025_8,30,,,,,,,,,,,,,,,,,,,,,,,27,,,,,,
l1_championship_player_2025_8_105510,2025,10,l1_championship_club_2025_8,2,1,,22,,,,,,,,,,21,,,,,,,,,,3,4.97,85.91,,,,
l1_championship_player_2025_8_104502,2025,1,l1_championship_club_2025_8,30,,,,,,,,,,,,,,,,,,,,,,,27,,,,,,
l1_championship_player_2025_8_104502,2025,10,l1_championship_club_2025_8,2,,,,,,,,,,,,,,,,,,,,,,,3,,,,,,
l1_championship_player_2025_8_104434,2025,1,l1_championship_club_2025_8,30,12,9,696,,,,,,,2,1,,650,4,28,12,9,8,9,2,,,27,5.1175,84.05,0.3,,0.13,0.52
l1_championship_player_2025_8_104434,2025,10,l1_championship_club_2025_8,2,2,2,158,,,,,,,1,,,175,1,8,4,,3,3,,,,3,5.215,99.68,1,,,0.57
l1_championship_player_2025_8_91395,2025,1,l1_championship_club_2025_8,30,2,,30,,,,,,,,,,20,,,,,1,,1,,,27,4.325,60,,,,
l1_championship_player_2025_8_91395,2025,10,l1_championship_club_2025_8,2,,,,,,,,,,,,,,,,,,,,,,,3,,,,,,
l1_championship_player_2025_8_101409,2025,1,l1_championship_club_2025_8,30,19,18,1581,2,,2,1,,1,5,2,3,1491,7,82,31,29,17,10,4,2,,27,5.129473684210526,84.88,0.6,790.5,0.11,0.4
l1_championship_player_2025_8_101409,2025,10,l1_championship_club_2025_8,2,1,1,90,,,,,,,1,,,111,1,6,3,2,,1,,,,3,4.32,111,0.5,,,1
l1_championship_player_2025_8_506096,2025,1,l1_championship_club_2025_8,10,8,6,537,,,,,,,8,3,5,361,12,36,5,5,8,13,1,,,6,4.4875,60.5,0.6,,0.5,2.01
l1_championship_player_2025_8_506096,2025,10,l1_championship_club_2025_8,2,,,,,,,,,,,,,,,,,,,,,,,3,,,,,,
l1_championship_player_2025_8_105458,2025,1,l1_championship_club_2025_8,28,20,18,1606,,,,,,1,4,1,3,1210,7,39,16,9,16,7,3,,,27,4.803000000000001,67.81,0.64,,0.06,0.39
l1_championship_player_2025_8_105458,2025,10,l1_championship_club_2025_8,2,,,,,,,,,,,,,,,,,,,,,,,3,,,,,,
l1_championship_player_2025_8_505562,2025,1,l1_championship_club_2025_8,14,,,,,,,,,,,,,,,,,,,,,,,10,,,,,,
l1_championship_player_2025_8_505562,2025,10,l1_championship_club_2025_8,2,,,,,,,,,,,,,,,,,,,,,,,3,,,,,,
l1_championship_player_2025_8_505562,2025,13,l1_championship_club_2025_9000000201,12,,,,,,,,,,,,,,,,,,,,,,,18,,,,,,
l1_championship_player_2025_8_52840,2025,1,l1_championship_club_2025_8,30,28,22,1759,1,1,,1,,,14,6,3,1042,22,87,17,20,24,28,4,,,27,4.6032142857142855,53.31,0.73,1759,0.31,1.13
l1_championship_player_2025_8_52840,2025,10,l1_championship_club_2025_8,2,1,1,90,,,,,,,,,,95,,4,2,2,1,1,,,,3,5.98,95,0.5,,,
l1_championship_player_2025_8_36604,2025,1,l1_championship_club_2025_8,30,27,27,2279,1,1,,,1,1,14,7,14,2007,18,108,24,24,20,8,2,1,1,27,4.8674074074074065,79.26,0.9,2279,0.28,0.71
l1_championship_player_2025_8_36604,2025,10,l1_championship_club_2025_8,2,,,,,,,,,,,,,,,,,,,,,,,3,,,,,,
l1_championship_player_2025_8_88814,2025,1,l1_championship_club_2025_8,30,3,,25,,,,,,,,,,35,1,3,1,1,,,,,,27,4.443333333333334,126,,,,3.6
l1_championship_player_2025_8_88814,2025,10,l1_championship_club_2025_8,2,,,,,,,,,,,,,,,,,,,,,,,3,,,,,,
l1_championship_player_2025_8_41517,2025,1,l1_championship_club_2025_8,30,25,22,1994,6,3,3,6,,4,33,10,46,1543,51,41,6,7,15,14,2,1,1,27,5.404000000000001,69.64,0.73,332.33,0.45,2.3
l1_championship_player_2025_8_41517,2025,10,l1_championship_club_2025_8,2,2,2,177,,,,,,,2,1,5,161,5,5,1,2,1,1,,,,3,5.835,81.86,1,,0.51,2.54
l1_championship_player_2025_8_99286,2025,1,l1_championship_club_2025_8,30,26,26,2208,2,2,,,1,1,23,10,11,1648,28,140,29,43,32,33,10,,1,27,5.270769230769231,67.17,0.87,1104,0.41,1.14
l1_championship_player_2025_8_99286,2025,10,l1_championship_club_2025_8,2,2,2,149,,,,,,,2,,1,130,1,9,1,3,1,2,,,,3,5.015000000000001,78.52,1,,,0.6
l1_championship_player_2025_8_504267,2025,1,l1_championship_club_2025_8,22,8,4,332,,,,,,,4,,2,213,,21,4,3,13,2,1,,,22,4.46625,57.74,0.18,,,
l1_championship_player_2025_8_504267,2025,10,l1_championship_club_2025_8,2,1,,16,,,,,,,1,,,11,,1,1,,,,,,,3,4.74,61.88,,,,
l1_championship_player_2025_8_17172,2025,1,l1_championship_club_2025_8,30,15,8,751,,,,,,,5,1,8,512,8,39,7,13,12,8,,,,27,4.6773333333333325,61.36,0.27,,0.12,0.96
l1_championship_player_2025_8_17172,2025,10,l1_championship_club_2025_8,2,2,1,121,,,,,,,1,,,93,,8,1,3,1,1,,,,3,5.12,69.17,0.5,,,
l1_championship_player_2025_8_103210,2025,1,l1_championship_club_2025_8,30,28,14,1470,,,,,,1,16,1,8,939,16,88,9,19,27,23,5,,,27,4.545357142857142,57.49,0.47,,0.06,0.98
l1_championship_player_2025_8_103210,2025,10,l1_championship_club_2025_8,2,2,1,94,,,,,,,1,,1,70,1,5,1,,,1,,,,3,4.15,67.02,0.5,,,0.96
l1_championship_player_2025_8_87118,2025,1,l1_championship_club_2025_8,30,19,16,1366,1,,1,,1,,18,3,4,835,12,92,14,24,29,5,3,,,27,4.690526315789472,55.01,0.53,1366,0.2,0.79
l1_championship_player_2025_8_87118,2025,10,l1_championship_club_2025_8,2,2,2,129,2,,2,1,1,,3,2,,71,2,13,,5,,2,,,,3,6.12,49.53,1,64.5,1.4,1.4
l1_championship_player_2025_8_105181,2025,1,l1_championship_club_2025_8,30,19,5,538,2,1,1,2,,,16,6,5,339,15,27,3,7,6,8,1,,,27,4.529473684210527,56.71,0.17,269,1,2.51
l1_championship_player_2025_8_105181,2025,10,l1_championship_club_2025_8,2,1,,19,,,,,,,2,,,9,3,,,,,,,,,3,4.58,42.63,,,,14.21
l1_championship_player_2025_8_56360,2025,1,l1_championship_club_2025_8,28,23,21,1875,4,2,2,,4,,37,12,11,539,69,120,2,5,27,29,,,,27,4.6521739130434785,25.87,0.75,468.75,0.58,3.31
l1_championship_player_2025_8_56360,2025,10,l1_championship_club_2025_8,2,,,,,,,,,,,,,,,,,,,,,,,3,,,,,,
l1_championship_player_2025_8_506094,2025,1,l1_championship_club_2025_8,10,6,1,178,1,1,,,1,,7,5,3,96,9,17,,2,4,3,,,,6,4.536666666666666,48.54,0.1,178,2.53,4.55
l1_championship_player_2025_8_506094,2025,10,l1_championship_club_2025_8,2,,,,,,,,,,,,,,,,,,,,,,,3,,,,,,
l1_championship_player_2025_8_98357,2025,1,l1_championship_club_2025_8,30,,,,,,,,,,,,,,,,,,,,,,,27,,,,,,
l1_championship_player_2025_8_98357,2025,10,l1_championship_club_2025_8,2,,,,,,,,,,,,,,,,,,,,,,,3,,,,,,
l1_championship_player_2025_8_505563,2025,1,l1_championship_club_2025_8,14,10,2,250,2,2,,2,,,11,4,9,136,11,17,,4,3,4,,,,10,4.764999999999999,48.96,0.14,125,1.44,3.96
l1_championship_player_2025_8_505563,2025,10,l1_championship_club_2025_8,2,1,,3,,,,,,,,,1,4,1,,,,,,,,,3,4.4,120,,,,30
l1_championship_player_2025_8_84398,2025,1,l1_championship_club_2025_9,20,2,,58,,,,,,,1,,,41,1,4,,,2,1,,,,32,4.470000000000001,63.62,,,,1.55
l1_championship_player_2025_8_84398,2025,1,l1_championship_club_2025_8,10,8,2,199,,,,,,,7,2,2,109,9,7,,,3,2,1,,,6,4.12875,49.3,0.2,,0.9,4.07
l1_championship_player_2025_8_84398,2025,6,l1_championship_club_2025_9,8,2,,31,,,,,,,1,,,21,2,4,,,,,,,,8,4.255,60.97,,,,5.81
l1_championship_player_2025_8_84398,2025,10,l1_championship_club_2025_9,2,,,,,,,,,,,,,,,,,,,,,,,5,,,,,,
l1_championship_player_2025_8_84398,2025,10,l1_championship_club_2025_8,2,,,,,,,,,,,,,,,,,,,,,,,3,,,,,,
l1_championship_player_2025_8_507594,2025,1,l1_championship_club_2025_8,5,1,,16,,,,,,,1,,,12,2,,,,,,,,,5,4.11,67.5,,,,11.25
l1_championship_player_2025_8_105176,2025,1,l1_championship_club_2025_8,30,30,25,2187,3,1,2,2,1,2,28,8,41,1148,68,92,12,13,19,31,2,,,27,4.676,47.24,0.83,729,0.33,2.8
l1_championship_player_2025_8_105176,2025,10,l1_championship_club_2025_8,2,2,2,158,,,,,,,4,1,5,87,7,6,,1,1,3,,,,3,4.835,49.56,1,,0.57,3.99
l1_championship_player_2025_9_503288,2025,1,l1_championship_club_2025_9,26,,,,,,,,,,,,,,,,,,,,,,,,,,,,,
l1_championship_player_2025_9_503288,2025,6,l1_championship_club_2025_9,10,,,,,,,,,,,,,,,,,,,,,,,,,,,,,
l1_championship_player_2025_9_503288,2025,10,l1_championship_club_2025_9,3,,,,,,,,,,,,,,,,,,,,,,,,,,,,,
l1_championship_player_2025_9_105304,2025,1,l1_championship_club_2025_9,30,13,13,1081,,,,,,,,,,419,,,,,,,,,,,5.184615384615385,34.88,0.43,,,
l1_championship_player_2025_9_105304,2025,6,l1_championship_club_2025_9,10,2,2,180,,,,,,,,,,66,,,,,,,,,,,5.470000000000001,33,0.2,,,
l1_championship_player_2025_9_105304,2025,10,l1_championship_club_2025_9,3,1,1,90,,,,,,,,,,30,,,,,,,,,,,6.2,30,0.33,,,
l1_championship_player_2025_9_101297,2025,1,l1_championship_club_2025_9,30,19,17,1619,,,,,,,,,,631,,,,,,3,1,,,,5.07578947368421,35.08,0.57,,,
l1_championship_player_2025_9_101297,2025,6,l1_championship_club_2025_9,10,8,8,720,,,,,,,,,,265,,,,,,2,,,,,4.936249999999999,33.13,0.8,,,
l1_championship_player_2025_9_101297,2025,10,l1_championship_club_2025_9,3,2,2,180,,,,,,,,,,72,,,,,,,,,,,5.875,36,0.67,,,
l1_championship_player_2025_9_86613,2025,1,l1_championship_club_2025_9,30,,,,,,,,,,,,,,,,,,,,,,,,,,,,,
l1_championship_player_2025_9_86613,2025,6,l1_championship_club_2025_9,10,,,,,,,,,,,,,,,,,,,,,,,,,,,,,
l1_championship_player_2025_9_86613,2025,10,l1_championship_club_2025_9,3,,,,,,,,,,,,,,,,,,,,,,,,,,,,,
l1_championship_player_2025_9_90029,2025,1,l1_championship_club_2025_9,30,,,,,,,,,,,,,,,,,,,,,,,,,,,,,
l1_championship_player_2025_9_90029,2025,6,l1_championship_club_2025_9,10,,,,,,,,,,,,,,,,,,,,,,,,,,,,,
l1_championship_player_2025_9_90029,2025,10,l1_championship_club_2025_9,3,,,,,,,,,,,,,,,,,,,,,,,,,,,,,
l1_championship_player_2025_9_104830,2025,1,l1_championship_club_2025_9,30,8,7,672,1,1,,,,,3,2,2,661,4,23,10,4,9,4,,,1,52,5.491249999999999,88.53,0.23,672,0.27,0.54
l1_championship_player_2025_9_104830,2025,6,l1_championship_club_2025_9,10,3,3,270,1,1,,,1,,3,1,1,170,5,8,3,1,,2,,,,12,4.62,56.67,0.3,270,0.33,1.67
l1_championship_player_2025_9_104830,2025,10,l1_championship_club_2025_9,3,1,1,90,,,,,,,,,,52,,1,2,,,,,,,6,6.35,52,0.33,,,
l1_championship_player_2025_9_90543,2025,1,l1_championship_club_2025_9,13,11,11,929,,,,,,,5,1,,736,8,30,14,7,13,3,3,,,25,5.618181818181819,71.3,0.85,,0.1,0.78
l1_championship_player_2025_9_90543,2025,6,l1_championship_club_2025_9,4,2,2,180,,,,,,,3,,,54,2,8,3,2,3,2,1,,,5,4.605,27,0.5,,,1
l1_championship_player_2025_9_90543,2025,10,l1_championship_club_2025_9,1,,,,,,,,,,,,,,,,,,,,,,,1,,,,,,
l1_championship_player_2025_9_91927,2025,1,l1_championship_club_2025_9,30,21,17,1527,,,,,,1,2,,19,1170,13,50,11,9,13,17,2,,,52,5.009523809523809,68.96,0.57,,,0.77
l1_championship_player_2025_9_91927,2025,6,l1_championship_club_2025_9,10,9,9,765,,,,,,,1,1,15,491,8,36,9,9,2,7,,,,12,5.178888888888889,57.76,0.9,,0.12,0.94
l1_championship_player_2025_9_91927,2025,10,l1_championship_club_2025_9,3,3,3,225,,,,,,,,,2,191,1,12,7,3,1,4,1,,,6,5.29,76.4,1,,,0.4
l1_championship_player_2025_9_85836,2025,1,l1_championship_club_2025_9,30,24,24,2077,,,,,,,15,1,5,1785,24,141,29,36,25,24,7,2,2,52,5.424166666666667,77.35,0.8,,0.04,1.04
l1_championship_player_2025_9_85836,2025,6,l1_championship_club_2025_9,10,9,7,688,,,,,,,7,,1,451,10,28,8,8,5,4,2,,,12,4.7733333333333325,59,0.7,,,1.31
l1_championship_player_2025_9_85836,2025,10,l1_championship_club_2025_9,3,3,3,270,,,,,,,3,1,,256,4,20,5,8,,,,,,6,6.083333333333333,85.33,1,,0.33,1.33
l1_championship_player_2025_9_92548,2025,1,l1_championship_club_2025_9,30,,,,,,,,,,,,,,,,,,,,,,,52,,,,,,
l1_championship_player_2025_9_92548,2025,6,l1_championship_club_2025_9,10,,,,,,,,,,,,,,,,,,,,,,,12,,,,,,
l1_championship_player_2025_9_92548,2025,10,l1_championship_club_2025_9,3,,,,,,,,,,,,,,,,,,,,,,,6,,,,,,
l1_championship_player_2025_9_87320,2025,1,l1_championship_club_2025_9,30,14,9,837,,,,,,,1,1,3,774,10,55,15,18,5,8,1,,,52,5.371428571428572,83.23,0.3,,0.11,1.08
l1_championship_player_2025_9_87320,2025,6,l1_championship_club_2025_9,10,3,1,114,,,,,,,,,,90,1,4,1,,2,,1,,,12,4.633333333333334,71.05,0.1,,,0.79
l1_championship_player_2025_9_87320,2025,10,l1_championship_club_2025_9,3,1,1,65,,,,,,,,,,48,,7,1,4,1,1,1,,,6,5.63,66.46,0.33,,,
l1_championship_player_2025_9_101650,2025,1,l1_championship_club_2025_9,30,1,,1,,,,,,,,,,,,,,,,,,,,52,4.56,,,,,
l1_championship_player_2025_9_101650,2025,6,l1_championship_club_2025_9,10,1,,1,,,,,,,,,,,,,,,,,1,,,12,4.86,,,,,
l1_championship_player_2025_9_101650,2025,10,l1_championship_club_2025_9,3,,,,,,,,,,,,,,,,,,,,,,,6,,,,,,
l1_championship_player_2025_9_90829,2025,1,l1_championship_club_2025_9,30,15,12,970,,,,,,3,12,,17,751,37,62,16,17,22,10,3,,,52,5.018666666666666,69.68,0.4,,,3.43
l1_championship_player_2025_9_90829,2025,6,l1_championship_club_2025_9,10,7,2,278,,,,,,,3,1,1,168,8,16,1,7,4,4,1,,,12,4.824285714285714,54.39,0.2,,0.32,2.59
l1_championship_player_2025_9_90829,2025,10,l1_championship_club_2025_9,3,2,1,115,,,,,,,1,,1,89,1,6,5,2,2,1,,,,6,6.25,69.65,0.33,,,0.78
l1_championship_player_2025_9_101564,2025,1,l1_championship_club_2025_9,30,12,12,1080,1,1,,,,,8,2,2,1009,11,68,17,10,17,3,3,,,52,5.554166666666667,84.08,0.4,1080,0.17,0.92
l1_championship_player_2025_9_101564,2025,6,l1_championship_club_2025_9,10,5,5,443,,,,,,,2,,1,260,5,27,4,1,3,6,2,,,12,5.76,52.82,0.5,,,1.02
l1_championship_player_2025_9_101564,2025,10,l1_championship_club_2025_9,3,1,1,90,,,,,,,,,1,81,1,5,1,,1,1,,,,6,5.68,81,0.33,,,1
l1_championship_player_2025_9_103943,2025,1,l1_championship_club_2025_9,30,29,24,2167,,,,,,3,12,3,33,1623,19,106,25,42,29,24,8,,,52,5.329999999999999,67.41,0.8,,0.12,0.79
l1_championship_player_2025_9_103943,2025,6,l1_championship_club_2025_9,10,9,7,673,3,1,2,1,2,,10,6,7,439,7,34,6,11,10,7,,,,12,5.321111111111112,58.71,0.7,224.33,0.8,0.94
l1_championship_player_2025_9_103943,2025,10,l1_championship_club_2025_9,3,2,2,163,,,,,,,,,1,104,,5,1,2,1,2,1,,,6,4.965,57.42,0.67,,,
l1_championship_player_2025_9_88939,2025,1,l1_championship_club_2025_9,30,,,,,,,,,,,,,,,,,,,,,,,52,,,,,,
l1_championship_player_2025_9_88939,2025,6,l1_championship_club_2025_9,10,,,,,,,,,,,,,,,,,,,,,,,12,,,,,,
l1_championship_player_2025_9_88939,2025,10,l1_championship_club_2025_9,3,,,,,,,,,,,,,,,,,,,,,,,6,,,,,,
l1_championship_player_2025_9_95629,2025,1,l1_championship_club_2025_9,30,14,7,613,,,,,,2,3,,11,593,7,44,23,14,15,2,4,,,52,5.277857142857144,87.06,0.23,,,1.03
l1_championship_player_2025_9_95629,2025,6,l1_championship_club_2025_9,10,8,8,589,,,,,,,5,3,4,406,12,36,10,13,13,5,1,,,12,5.040000000000001,62.04,0.8,,0.46,1.83
l1_championship_player_2025_9_95629,2025,10,l1_championship_club_2025_9,3,1,1,90,,,,,,,2,,3,70,5,3,,1,1,,1,,,6,4.9,70,0.33,,,5
l1_championship_player_2025_9_69307,2025,1,l1_championship_club_2025_9,30,27,24,2088,6,3,3,4,2,3,43,16,37,1373,93,89,15,20,22,30,3,,4,52,5.580740740740742,59.18,0.8,348,0.69,4.01
l1_championship_player_2025_9_69307,2025,6,l1_championship_club_2025_9,10,10,10,835,1,,1,1,,,26,11,19,514,47,49,7,11,11,13,,,,12,5.581,55.4,1,835,1.19,5.07
l1_championship_player_2025_9_69307,2025,10,l1_championship_club_2025_9,3,2,2,180,,,,,,,6,3,6,114,11,8,,1,2,2,,,,6,6.105,57,0.67,,1.5,5.5
l1_championship_player_2025_9_88835,2025,1,l1_championship_club_2025_9,30,15,9,656,,,,,,1,1,1,10,557,7,69,6,17,21,15,2,,,52,4.984,76.42,0.3,,0.14,0.96
l1_championship_player_2025_9_88835,2025,6,l1_championship_club_2025_9,10,5,2,156,,,,,,,,,2,90,,9,4,1,5,1,,,,12,4.724,51.92,0.2,,,
l1_championship_player_2025_9_88835,2025,10,l1_championship_club_2025_9,3,2,,19,,,,,,,,,,22,,7,,1,,1,,,,6,5.005,104.21,,,,
l1_championship_player_2025_9_91448,2025,1,l1_championship_club_2025_9,25,4,,73,,,,,,,3,2,,71,2,6,1,1,1,1,,,,39,4.880000000000001,87.53,,,2.47,2.47
l1_championship_player_2025_9_91448,2025,6,l1_championship_club_2025_9,9,2,,34,,,,,,,1,,,23,1,4,,3,,,,,,11,4.82,60.88,,,,2.65
l1_championship_player_2025_9_91448,2025,10,l1_championship_club_2025_9,3,,,,,,,,,,,,,,,,,,,,,,,6,,,,,,
l1_championship_player_2025_9_100765,2025,1,l1_championship_club_2025_9,30,20,18,1523,,,,,,3,19,1,30,1386,16,116,35,26,23,42,5,,,52,5.8069999999999995,81.9,0.6,,0.06,0.95
l1_championship_player_2025_9_100765,2025,6,l1_championship_club_2025_9,10,6,6,516,,,,,,,4,1,8,388,2,38,8,7,11,15,2,,,12,5.483333333333334,67.67,0.6,,0.17,0.35
l1_championship_player_2025_9_100765,2025,10,l1_championship_club_2025_9,3,1,1,90,,,,,,,1,,2,74,,7,1,,2,3,,,,6,4.87,74,0.33,,,
l1_championship_player_2025_9_81928,2025,1,l1_championship_club_2025_9,30,22,15,1295,3,2,1,3,,2,10,4,12,884,26,73,16,19,29,14,5,1,,52,5.115,61.44,0.5,431.67,0.28,1.81
l1_championship_player_2025_9_81928,2025,6,l1_championship_club_2025_9,10,9,5,516,,,,,,,4,1,8,321,14,37,5,12,11,6,2,1,,12,4.706666666666667,55.99,0.5,,0.17,2.44
l1_championship_player_2025_9_81928,2025,10,l1_championship_club_2025_9,3,2,1,138,,,,,,,,,2,110,3,14,4,4,7,2,,,,6,6.38,71.74,0.33,,,1.96
l1_championship_player_2025_9_92856,2025,1,l1_championship_club_2025_9,30,18,10,1011,,,,,,1,7,1,13,749,22,73,16,18,8,10,2,,,52,5.2,66.68,0.33,,0.09,1.96
l1_championship_player_2025_9_92856,2025,6,l1_championship_club_2025_9,10,3,2,179,,,,,,,,,6,102,1,9,2,1,4,1,1,,,12,4.8933333333333335,51.28,0.2,,,0.5
l1_championship_player_2025_9_92856,2025,10,l1_championship_club_2025_9,3,1,,45,,,,,,,1,,1,45,,6,,3,1,,,,,6,4.59,90,,,,
l1_championship_player_2025_9_85395,2025,1,l1_championship_club_2025_9,30,22,19,1499,5,2,3,3,2,4,31,18,22,960,52,64,22,16,28,16,3,1,2,52,5.324545454545455,57.64,0.63,299.8,1.08,3.12
l1_championship_player_2025_9_85395,2025,6,l1_championship_club_2025_9,10,7,6,491,,,,,,,5,2,13,313,15,27,7,7,14,6,2,1,,12,4.871428571428572,57.37,0.6,,0.37,2.75
l1_championship_player_2025_9_85395,2025,10,l1_championship_club_2025_9,3,3,3,200,,,,,,,,,2,143,2,8,1,4,3,3,1,,,6,4.763333333333334,64.35,1,,,0.9
l1_championship_player_2025_9_28553,2025,1,l1_championship_club_2025_9,30,4,,51,,,,,,,,,,77,2,6,1,3,1,,,,,52,4.9075,135.88,,,,3.53
l1_championship_player_2025_9_28553,2025,6,l1_championship_club_2025_9,10,,,,,,,,,,,,,,,,,,,,,,,12,,,,,,
l1_championship_player_2025_9_28553,2025,10,l1_championship_club_2025_9,3,,,,,,,,,,,,,,,,,,,,,,,6,,,,,,
l1_championship_player_2025_9_105481,2025,1,l1_championship_club_2025_9,24,,,,,,,,,,,,,,,,,,,,,,,38,,,,,,
l1_championship_player_2025_9_105481,2025,6,l1_championship_club_2025_9,8,,,,,,,,,,,,,,,,,,,,,,,9,,,,,,
l1_championship_player_2025_9_105481,2025,10,l1_championship_club_2025_9,3,,,,,,,,,,,,,,,,,,,,,,,6,,,,,,
l1_championship_player_2025_9_101596,2025,1,l1_championship_club_2025_9,30,20,19,1673,2,1,1,,1,1,14,2,6,1139,29,49,28,17,17,3,4,1,1,52,5.4845,61.27,0.63,836.5,0.11,1.56
l1_championship_player_2025_9_101596,2025,6,l1_championship_club_2025_9,10,6,6,507,,,,,,,6,3,,301,6,24,12,4,3,4,3,,,12,5.108333333333333,53.43,0.6,,0.53,1.07
l1_championship_player_2025_9_101596,2025,10,l1_championship_club_2025_9,3,3,3,270,,,,,,,2,2,3,176,4,15,2,4,5,1,2,,,6,6.47,58.67,1,,0.67,1.33
l1_championship_player_2025_9_506097,2025,1,l1_championship_club_2025_9,10,10,6,585,3,3,,1,2,,15,4,8,415,48,36,4,7,4,6,,,1,20,5.385000000000001,63.85,0.6,195,0.62,7.38
l1_championship_player_2025_9_506097,2025,6,l1_championship_club_2025_9,2,2,1,86,,,,,,,3,1,,27,3,2,,1,,1,,,,4,4.925000000000001,28.26,0.5,,1.05,3.14
l1_championship_player_2025_9_506097,2025,10,l1_championship_club_2025_9,1,1,,45,,,,,,,6,2,1,39,7,5,1,,1,,,,,1,5.21,78,,,4,14
l1_championship_player_2025_9_99215,2025,1,l1_championship_club_2025_9,30,26,22,1905,12,6,6,1,11,2,69,30,19,626,163,73,4,5,40,32,4,1,1,52,5.471153846153846,29.57,0.73,158.75,1.42,7.7
l1_championship_player_2025_9_99215,2025,6,l1_championship_club_2025_9,10,10,10,813,5,3,2,2,2,,27,12,8,288,49,31,3,,6,18,,,,12,5.150999999999999,31.88,1,162.6,1.33,5.42
l1_championship_player_2025_9_99215,2025,10,l1_championship_club_2025_9,3,3,2,193,1,,1,,1,,9,5,,63,17,7,,,3,3,,,,6,4.786666666666666,29.38,0.67,193,2.33,7.93
l1_championship_player_2025_9_104370,2025,1,l1_championship_club_2025_9,30,28,12,1017,2,1,1,,2,2,19,7,19,348,60,43,,7,16,14,,,,52,4.574642857142857,30.8,0.4,508.5,0.62,5.31
l1_championship_player_2025_9_104370,2025,6,l1_championship_club_2025_9,10,8,1,123,,,,,,,2,1,2,61,10,5,1,1,4,2,1,,,12,4.487500000000001,44.63,0.1,,0.73,7.32
l1_championship_player_2025_9_104370,2025,10,l1_championship_club_2025_9,3,3,3,234,3,,3,,2,,5,4,1,84,10,10,2,,4,7,1,,,6,6.033333333333332,32.31,1,78,1.54,3.85
l1_championship_player_2025_9_103894,2025,1,l1_championship_club_2025_9,30,6,1,113,,,,,,,2,,,46,7,6,1,2,8,1,1,,,52,4.243333333333333,36.64,0.03,,,5.58
l1_championship_player_2025_9_103894,2025,6,l1_championship_club_2025_9,10,,,,,,,,,,,,,,,,,,,,,,,12,,,,,,
l1_championship_player_2025_9_103894,2025,10,l1_championship_club_2025_9,3,,,,,,,,,,,,,,,,,,,,,,,6,,,,,,
l1_championship_player_2025_9_104735,2025,1,l1_championship_club_2025_9,30,21,8,872,9,7,2,2,6,1,37,20,11,487,53,41,4,9,8,5,1,,3,52,5.172380952380952,50.26,0.27,96.89,2.06,5.47
l1_championship_player_2025_9_104735,2025,6,l1_championship_club_2025_9,10,5,3,235,1,,1,1,,,7,2,7,124,11,17,,3,1,5,,,,12,4.622,47.49,0.3,235,0.77,4.21
l1_championship_player_2025_9_104735,2025,10,l1_championship_club_2025_9,3,,,,,,,,,,,,,,,,,,,,,,,6,,,,,,
l1_championship_player_2025_9_105468,2025,1,l1_championship_club_2025_9,28,8,,164,1,1,,,1,1,6,2,3,87,6,7,,3,3,2,,,,49,4.90375,47.74,,164,1.1,3.29
l1_championship_player_2025_9_105468,2025,6,l1_championship_club_2025_9,10,1,,26,,,,,,,,,,14,,3,,,,1,,,,12,4.87,48.46,,,,
l1_championship_player_2025_9_105468,2025,10,l1_championship_club_2025_9,3,3,1,85,,,,,,,1,,,61,2,5,1,1,3,1,1,1,,6,4.05,64.59,0.33,,,2.12
l1_championship_player_2025_9_98502,2025,1,l1_championship_club_2025_9,30,15,11,949,3,2,1,1,1,2,21,7,9,446,50,21,4,2,10,8,4,,1,52,5.022000000000001,42.3,0.37,316.33,0.66,4.74
l1_championship_player_2025_9_98502,2025,6,l1_championship_club_2025_9,10,5,4,326,1,,1,,1,,13,2,8,156,18,9,3,2,3,2,,,,12,5.464,43.07,0.4,326,0.55,4.97
l1_championship_player_2025_9_98502,2025,10,l1_championship_club_2025_9,3,1,1,36,,,,,,,,,,17,,,,,1,,,,,6,4.34,42.5,0.33,,,
l1_championship_player_2025_12_104089,2025,1,l1_championship_club_2025_12,30,2,1,91,,,,,,,,,,47,,,,,,,,,,,5.27,46.48,0.03,,,
l1_championship_player_2025_12_104089,2025,10,l1_championship_club_2025_12,2,1,1,90,,,,,,,,,,45,,,,,,,,,,,6.39,45,0.5,,,
l1_championship_player_2025_12_18357,2025,1,l1_championship_club_2025_12,30,29,29,2609,,,,,,,1,,,1205,,,,,,14,4,,5,,5.391034482758621,41.57,0.97,,,
l1_championship_player_2025_12_18357,2025,10,l1_championship_club_2025_12,2,1,1,90,,,,,,,,,,70,,,,,,,,,,,4.73,70,0.5,,,
l1_championship_player_2025_12_90785,2025,1,l1_championship_club_2025_12,30,,,,,,,,,,,,,,,,,,,,,,,,,,,,,
l1_championship_player_2025_12_90785,2025,10,l1_championship_club_2025_12,2,,,,,,,,,,,,,,,,,,,,,,,,,,,,,
l1_championship_player_2025_12_81781,2025,1,l1_championship_club_2025_12,30,3,1,92,,,,,,,,,2,52,1,2,1,,1,,,,,25,4.173333333333333,50.87,0.03,,,0.98
l1_championship_player_2025_12_81781,2025,10,l1_championship_club_2025_12,2,1,,1,,,,,,,,,,,,,,,,,,,,6,4.59,,,,,
l1_championship_player_2025_12_56530,2025,1,l1_championship_club_2025_12,30,23,22,1962,,,,,,1,10,2,8,1251,18,79,7,16,23,18,3,,1,25,5.056956521739131,57.39,0.73,,0.09,0.83
l1_championship_player_2025_12_56530,2025,10,l1_championship_club_2025_12,2,2,2,180,,,,,,,1,,,125,,11,1,3,4,1,2,,,6,4.355,62.5,1,,,
l1_championship_player_2025_12_105070,2025,1,l1_championship_club_2025_12,30,24,23,2052,1,1,,,,2,9,4,10,1639,14,86,19,15,22,19,7,,,25,5.427500000000001,71.89,0.77,2052,0.18,0.61
l1_championship_player_2025_12_105070,2025,10,l1_championship_club_2025_12,2,,,,,,,,,,,,,,,,,,,,,,,6,,,,,,
l1_championship_player_2025_12_84347,2025,1,l1_championship_club_2025_12,30,,,,,,,,,,,,,,,,,,,,,,,25,,,,,,
l1_championship_player_2025_12_84347,2025,10,l1_championship_club_2025_12,2,,,,,,,,,,,,,,,,,,,,,,,6,,,,,,
l1_championship_player_2025_12_59420,2025,1,l1_championship_club_2025_12,30,15,9,733,3,,3,1,2,,8,3,4,451,13,53,23,17,13,8,4,,2,25,5.242000000000001,55.38,0.3,244.33,0.37,1.6
l1_championship_player_2025_12_59420,2025,10,l1_championship_club_2025_12,2,1,1,89,1,,1,,1,,2,1,1,50,2,7,,1,4,1,1,,,6,7.02,50.56,0.5,89,1.01,2.02
l1_championship_player_2025_12_62568,2025,1,l1_championship_club_2025_12,30,26,22,2033,,,,,,,8,2,9,1160,19,88,16,20,16,28,1,,,25,4.931923076923078,51.35,0.73,,0.09,0.84
l1_championship_player_2025_12_62568,2025,10,l1_championship_club_2025_12,2,2,2,180,,,,,,,,,,175,,12,6,3,1,1,,,,6,4.975,87.5,1,,,
l1_championship_player_2025_12_86548,2025,1,l1_championship_club_2025_12,30,1,,45,,,,,,,,,,39,,1,3,,1,,,,,25,5.58,78,,,,
l1_championship_player_2025_12_86548,2025,10,l1_championship_club_2025_12,2,,,,,,,,,,,,,,,,,,,,,,,6,,,,,,
l1_championship_player_2025_12_26393,2025,1,l1_championship_club_2025_12,11,5,4,367,,,,,,,3,1,2,234,4,22,11,7,6,6,1,,,7,5.244000000000001,57.38,0.36,,0.25,0.98
l1_championship_player_2025_12_26393,2025,10,l1_championship_club_2025_12,2,,,,,,,,,,,,,,,,,,,,,,,6,,,,,,
l1_championship_player_2025_12_91746,2025,1,l1_championship_club_2025_6,15,5,4,275,,,,,,,6,1,,174,9,13,3,,4,8,1,,,26,4.752,56.95,0.27,,0.33,2.95
l1_championship_player_2025_12_91746,2025,1,l1_championship_club_2025_12,15,12,10,795,,,,,,1,6,1,5,445,20,46,6,14,19,18,1,,,12,5.093333333333335,50.38,0.67,,0.11,2.26
l1_championship_player_2025_12_91746,2025,10,l1_championship_club_2025_12,2,2,1,123,,,,,,,,,,93,1,10,1,1,2,3,1,,,6,5.050000000000001,68.05,0.5,,,0.73
l1_championship_player_2025_12_104835,2025,1,l1_championship_club_2025_12,30,4,,21,,,,,,,,,,13,,2,,,1,,,,,25,4.8575,55.71,,,,
l1_championship_player_2025_12_104835,2025,10,l1_championship_club_2025_12,2,1,1,90,,,,,,,,,,82,,4,3,,2,,,,,6,4.59,82,0.5,,,
l1_championship_player_2025_12_101469,2025,1,l1_championship_club_2025_15,20,1,,1,,,,,,,,,,1,,,,,,,,,,33,4.84,90,,,,
l1_championship_player_2025_12_101469,2025,1,l1_championship_club_2025_12,10,2,1,64,,,,,,,2,,,58,2,5,,,2,,,,,6,3.965,81.56,0.1,,,2.81
l1_championship_player_2025_12_101469,2025,10,l1_championship_club_2025_15,2,1,,45,,,,,,,,,,24,,2,1,1,2,,1,,,8,5.11,48,,,,
l1_championship_player_2025_12_101469,2025,10,l1_championship_club_2025_12,2,,,,,,,,,,,,,,,,,,,,,,,6,,,,,,
l1_championship_player_2025_12_101469,2025,14,l1_championship_club_2025_15,6,,,,,,,,,,,,,,,,,,,,,,,11,,,,,,
l1_championship_player_2025_12_93006,2025,1,l1_championship_club_2025_12,30,20,20,1724,,,,,,,3,,1,1157,6,54,17,12,23,15,5,1,,25,4.733157894736843,60.4,0.67,,,0.31
l1_championship_player_2025_12_93006,2025,10,l1_championship_club_2025_12,2,1,1,57,,,,,,,,,,70,,4,1,2,,1,,,,6,6.12,110.53,0.5,,,
l1_championship_player_2025_12_505958,2025,1,l1_championship_club_2025_12,30,10,9,843,,,,,,,4,1,1,484,8,41,17,6,9,10,3,,,25,5.275,51.67,0.3,,0.11,0.85
l1_championship_player_2025_12_505958,2025,10,l1_championship_club_2025_12,2,,,,,,,,,,,,,,,,,,,,,,,6,,,,,,
l1_championship_player_2025_12_15792,2025,1,l1_championship_club_2025_12,14,10,5,500,1,,1,,1,,6,3,14,441,15,32,4,7,7,10,1,,,11,4.85,79.38,0.36,500,0.54,2.7
l1_championship_player_2025_12_15792,2025,6,l1_championship_club_2025_9000000202,6,,,,,,,,,,,,,,,,,,,,,,,6,,,,,,
l1_championship_player_2025_12_15792,2025,10,l1_championship_club_2025_12,1,1,1,90,,,,,,,1,,3,72,4,1,2,1,,,,,,1,5.89,72,1,,,4
l1_championship_player_2025_12_36931,2025,1,l1_championship_club_2025_12,30,15,8,634,,,,,,1,6,1,3,378,6,40,5,13,15,7,2,,,25,4.716666666666668,53.66,0.27,,0.14,0.85
l1_championship_player_2025_12_36931,2025,10,l1_championship_club_2025_12,2,1,,9,,,,,,,,,,12,,,,,,,,,,6,4.31,120,,,,
l1_championship_player_2025_12_93632,2025,1,l1_championship_club_2025_12,30,11,1,241,,,,,,,7,3,1,131,6,17,2,3,6,3,1,,,25,4.348000000000001,48.92,0.03,,1.12,2.24
l1_championship_player_2025_12_93632,2025,10,l1_championship_club_2025_12,2,2,2,180,1,,1,,,,4,2,1,123,2,12,,4,1,,,,,6,5.955,61.5,1,180,1,1
l1_championship_player_2025_12_90092,2025,1,l1_championship_club_2025_12,11,9,8,705,,,,,,1,5,1,9,356,15,60,9,12,10,22,2,,,7,5.083333333333333,45.45,0.73,,0.13,1.91
l1_championship_player_2025_12_90092,2025,10,l1_championship_club_2025_12,2,,,,,,,,,,,,,,,,,,,,,,,6,,,,,,
l1_championship_player_2025_12_78753,2025,1,l1_championship_club_2025_159,7,,,,,,,,,,,,,,,,,,,,,,,9,,,,,,
l1_championship_player_2025_12_78753,2025,1,l1_championship_club_2025_12,30,24,20,1905,,,,,,1,18,5,23,1132,23,130,23,44,27,42,4,,,25,4.900000000000001,53.48,0.67,,0.24,1.09
l1_championship_player_2025_12_78753,2025,10,l1_championship_club_2025_12,2,2,1,111,,,,,,,,,1,62,,5,,1,4,3,,,,6,4.42,50.27,0.5,,,
l1_championship_player_2025_12_93631,2025,1,l1_championship_club_2025_12,30,20,15,1346,1,,1,,,1,14,3,16,708,25,61,4,18,11,13,2,,,25,4.593500000000001,47.34,0.5,1346,0.2,1.67
l1_championship_player_2025_12_93631,2025,10,l1_championship_club_2025_12,2,,,,,,,,,,,,,,,,,,,,,,,6,,,,,,
l1_championship_player_2025_12_66094,2025,1,l1_championship_club_2025_12,13,10,6,545,,,,,,,3,,1,343,7,34,8,5,19,6,4,,,9,4.55,56.64,0.46,,,1.16
l1_championship_player_2025_12_66094,2025,10,l1_championship_club_2025_12,2,,,,,,,,,,,,,,,,,,,,,,,6,,,,,,
l1_championship_player_2025_12_83801,2025,1,l1_championship_club_2025_12,30,25,14,1226,1,1,,1,,,27,7,20,752,29,80,17,17,23,20,4,1,,25,4.6064,55.2,0.47,1226,0.51,2.13
l1_championship_player_2025_12_83801,2025,10,l1_championship_club_2025_12,2,2,2,150,,,,,,,2,2,,65,1,7,1,2,3,2,,,,6,5.085,39,1,,1.2,0.6
l1_championship_player_2025_12_85106,2025,1,l1_championship_club_2025_12,24,,,,,,,,,,,,,,,,,,,,,,,20,,,,,,
l1_championship_player_2025_12_85106,2025,10,l1_championship_club_2025_12,2,,,,,,,,,,,,,,,,,,,,,,,6,,,,,,
l1_championship_player_2025_12_78356,2025,1,l1_championship_club_2025_12,30,29,24,2238,5,2,3,,4,2,74,20,26,872,126,138,7,12,27,42,5,,2,25,4.99,35.07,0.8,447.6,0.8,5.07
l1_championship_player_2025_12_78356,2025,10,l1_championship_club_2025_12,2,2,1,123,2,,2,,2,,5,3,2,59,4,8,,1,2,3,,,,6,7.24,43.17,0.5,61.5,2.2,2.93
l1_championship_player_2025_12_105344,2025,1,l1_championship_club_2025_12,30,10,1,163,,,,,,,6,,2,109,8,8,1,3,4,2,,,,25,4.343000000000001,60.18,0.03,,,4.42
l1_championship_player_2025_12_105344,2025,10,l1_championship_club_2025_12,2,,,,,,,,,,,,,,,,,,,,,,,6,,,,,,
l1_championship_player_2025_12_19323,2025,1,l1_championship_club_2025_12,30,23,11,927,3,2,1,,3,,15,9,9,426,42,62,3,8,22,22,,,,25,4.572608695652173,41.36,0.37,309,0.87,4.08
l1_championship_player_2025_12_19323,2025,10,l1_championship_club_2025_12,2,2,1,114,1,,1,1,,,3,3,2,55,3,8,,1,2,1,,,,6,6.279999999999999,43.42,0.5,114,2.37,2.37
l1_championship_player_2025_12_81490,2025,1,l1_championship_club_2025_12,30,10,7,582,1,1,,,1,,12,5,3,179,27,38,1,2,6,8,1,,,25,4.503,27.68,0.23,582,0.77,4.18
l1_championship_player_2025_12_81490,2025,10,l1_championship_club_2025_12,2,1,,9,,,,,,,,,,5,,,,,,,,,,6,4.17,50,,,,
l1_championship_player_2025_12_93628,2025,1,l1_championship_club_2025_12,30,19,9,795,2,2,,,2,1,14,7,7,402,47,51,5,14,14,8,2,,,25,4.71578947368421,45.51,0.3,397.5,0.79,5.32
l1_championship_player_2025_12_93628,2025,10,l1_championship_club_2025_12,2,1,1,57,1,1,,,1,,3,1,1,39,7,4,1,1,,1,,,,6,6.01,61.58,0.5,57,1.58,11.05
l1_championship_player_2025_12_505649,2025,1,l1_championship_club_2025_12,14,,,,,,,,,,,,,,,,,,,,,,,11,,,,,,
l1_championship_player_2025_12_505649,2025,10,l1_championship_club_2025_12,1,1,1,57,,,,,,,2,,1,17,4,1,,,,,,,,1,4.67,26.84,1,,,6.32
l1_championship_player_2025_12_94926,2025,1,l1_championship_club_2025_12,30,22,13,1140,4,4,,1,2,,33,7,9,407,52,87,8,7,17,27,1,,1,25,4.550454545454544,32.13,0.43,285,0.55,4.11
l1_championship_player_2025_12_94926,2025,10,l1_championship_club_2025_12,2,,,,,,,,,,,,,,,,,,,,,,,6,,,,,,
l1_championship_player_2025_13_77349,2025,1,l1_championship_club_2025_158,0,,,,,,,,,,,,,,,,,,,,,,,,,,,,,
l1_championship_player_2025_13_77349,2025,1,l1_championship_club_2025_13,29,17,17,1530,,,,,,,,,,512,,,,,,1,,,,,5.315882352941177,30.12,0.59,,,
l1_championship_player_2025_13_77349,2025,6,l1_championship_club_2025_13,14,6,6,540,,,,,,,,,,202,,,,,,1,,,,,4.641666666666667,33.67,0.43,,,
l1_championship_player_2025_13_77349,2025,10,l1_championship_club_2025_13,2,1,1,90,,,,,,,,,,25,,,,,,,,,,,5.01,25,0.5,,,
l1_championship_player_2025_13_77349,2025,15,l1_championship_club_2025_13,1,1,1,90,,,,,,,,,,,,,,,1,,,,,,5.32,,1,,,
l1_championship_player_2025_13_504350,2025,1,l1_championship_club_2025_13,17,,,,,,,,,,,,,,,,,,,,,,,,,,,,,
l1_championship_player_2025_13_504350,2025,6,l1_championship_club_2025_13,10,,,,,,,,,,,,,,,,,,,,,,,,,,,,,
l1_championship_player_2025_13_504350,2025,10,l1_championship_club_2025_13,2,,,,,,,,,,,,,,,,,,,,,,,,,,,,,
l1_championship_player_2025_13_504350,2025,15,l1_championship_club_2025_13,1,,,,,,,,,,,,,,,,,,,,,,,,,,,,,
l1_championship_player_2025_13_104436,2025,1,l1_championship_club_2025_13,29,,,,,,,,,,,,,,,,,,,,,,,,,,,,,
l1_championship_player_2025_13_104436,2025,6,l1_championship_club_2025_13,14,,,,,,,,,,,,,,,,,,,,,,,,,,,,,
l1_championship_player_2025_13_104436,2025,10,l1_championship_club_2025_13,2,1,1,90,,,,,,,,,,32,,,,,,,,,,,5.86,32,0.5,,,
l1_championship_player_2025_13_104436,2025,15,l1_championship_club_2025_13,1,,,,,,,,,,,,,,,,,,,,,,,,,,,,,
l1_championship_player_2025_13_103328,2025,1,l1_championship_club_2025_13,29,12,12,1080,,,,,,,,,2,363,,,,,,1,,,1,,5.235833333333333,30.25,0.41,,,
l1_championship_player_2025_13_103328,2025,6,l1_championship_club_2025_13,14,8,8,720,,,,,,,,,,291,,,,,,2,1,,,,5.77375,36.38,0.57,,,
l1_championship_player_2025_13_103328,2025,10,l1_championship_club_2025_13,2,,,,,,,,,,,,,,,,,,,,,,,,,,,,,
l1_championship_player_2025_13_103328,2025,15,l1_championship_club_2025_13,1,,,,,,,,,,,,,,,,,,,,,,,,,,,,,
l1_championship_player_2025_13_505653,2025,1,l1_championship_club_2025_13,13,,,,,,,,,,,,,,,,,,,,,,,,,,,,,
l1_championship_player_2025_13_505653,2025,6,l1_championship_club_2025_13,8,,,,,,,,,,,,,,,,,,,,,,,,,,,,,
l1_championship_player_2025_13_505653,2025,10,l1_championship_club_2025_13,1,,,,,,,,,,,,,,,,,,,,,,,,,,,,,
l1_championship_player_2025_13_505653,2025,15,l1_championship_club_2025_13,1,,,,,,,,,,,,,,,,,,,,,,,,,,,,,
l1_championship_player_2025_13_101997,2025,1,l1_championship_club_2025_13,29,15,13,1120,1,1,,,,,9,2,5,1208,17,56,19,10,13,3,2,,1,65,6.108666666666668,97.07,0.45,1120,0.16,1.37
l1_championship_player_2025_13_101997,2025,6,l1_championship_club_2025_13,14,1,,9,,,,,,,,,,10,,,,,,,,,,38,5.12,100,,,,
l1_championship_player_2025_13_101997,2025,10,l1_championship_club_2025_13,2,2,2,180,,,,,,,,,,239,,9,6,1,,,,,,4,6.48,119.5,1,,,
l1_championship_player_2025_13_101997,2025,15,l1_championship_club_2025_13,1,,,,,,,,,,,,,,,,,,,,,,,2,,,,,,
l1_championship_player_2025_13_504330,2025,1,l1_championship_club_2025_13,18,,,,,,,,,,,,,,,,,,,,,,,44,,,,,,
l1_championship_player_2025_13_504330,2025,6,l1_championship_club_2025_13,10,,,,,,,,,,,,,,,,,,,,,,,24,,,,,,
l1_championship_player_2025_13_504330,2025,10,l1_championship_club_2025_13,2,1,1,29,,,,,,,,,,29,,2,1,,,2,,,,4,5.23,90,0.5,,,
l1_championship_player_2025_13_504330,2025,15,l1_championship_club_2025_13,1,,,,,,,,,,,,,,,,,,,,,,,2,,,,,,
l1_championship_player_2025_13_93940,2025,1,l1_championship_club_2025_13,29,17,14,1329,2,,2,,2,1,24,7,21,1550,41,46,11,13,9,17,3,1,1,65,5.800000000000001,104.97,0.48,664.5,0.47,2.78
l1_championship_player_2025_13_93940,2025,6,l1_championship_club_2025_13,14,11,11,944,1,,1,,1,,16,6,21,941,38,40,7,12,6,10,1,,,38,6.510000000000002,89.71,0.79,944,0.57,3.62
l1_championship_player_2025_13_93940,2025,10,l1_championship_club_2025_13,2,,,,,,,,,,,,,,,,,,,,,,,4,,,,,,
l1_championship_player_2025_13_93940,2025,15,l1_championship_club_2025_13,1,,,,,,,,,,,,,,,,,,,,,,,2,,,,,,
l1_championship_player_2025_13_101121,2025,1,l1_championship_club_2025_13,29,21,16,1460,,,,,,1,7,2,13,1624,16,56,17,9,19,17,3,,,65,5.766190476190477,100.11,0.55,,0.12,0.99
l1_championship_player_2025_13_101121,2025,6,l1_championship_club_2025_13,14,8,,215,,,,,,,,,,208,3,10,2,1,4,2,,1,,38,5.115,87.07,,,,1.26
l1_championship_player_2025_13_101121,2025,10,l1_championship_club_2025_13,2,1,1,90,,,,,,,,,1,130,1,,2,,,,,,,4,6.54,130,0.5,,,1
l1_championship_player_2025_13_101121,2025,15,l1_championship_club_2025_13,1,,,,,,,,,,,,,,,,,,,,,,,2,,,,,,
l1_championship_player_2025_13_57282,2025,1,l1_championship_club_2025_13,29,12,9,869,,,,,,,2,,2,863,6,36,7,12,7,1,,,,65,5.913333333333333,89.38,0.31,,,0.62
l1_championship_player_2025_13_57282,2025,6,l1_championship_club_2025_13,14,12,12,1035,2,2,,1,1,,7,2,3,909,14,50,7,7,5,4,,,,38,5.9125000000000005,79.04,0.86,517.5,0.17,1.22
l1_championship_player_2025_13_57282,2025,10,l1_championship_club_2025_13,2,,,,,,,,,,,,,,,,,,,,,,,4,,,,,,
l1_championship_player_2025_13_57282,2025,15,l1_championship_club_2025_13,1,1,1,90,,,,,,,,,,,,,,,2,,,,,2,4.26,,1,,,
l1_championship_player_2025_13_94930,2025,1,l1_championship_club_2025_13,29,19,13,1233,4,,4,2,1,5,29,14,30,1334,53,80,13,19,12,24,1,,4,65,6.112631578947368,97.37,0.45,308.25,1.02,3.87
l1_championship_player_2025_13_94930,2025,6,l1_championship_club_2025_13,14,14,14,1114,2,1,1,2,,,14,6,21,1158,36,76,15,12,9,19,2,,,38,6.347142857142856,93.55,1,557,0.48,2.91
l1_championship_player_2025_13_94930,2025,10,l1_championship_club_2025_13,2,1,,26,,,,,,,,,1,29,1,4,,,,2,,,,4,4.88,100.38,,,,3.46
l1_championship_player_2025_13_94930,2025,15,l1_championship_club_2025_13,1,1,1,90,,,,,,,,1,,,,,,,,3,,,,2,4.76,,1,,1,
l1_championship_player_2025_13_103891,2025,1,l1_championship_club_2025_13,29,21,19,1735,,,,,,,8,1,2,1721,13,80,24,25,6,6,,,,65,5.986666666666668,89.27,0.66,,0.05,0.67
l1_championship_player_2025_13_103891,2025,6,l1_championship_club_2025_13,14,14,14,1260,2,1,1,,1,,3,2,4,1074,5,55,12,13,5,6,,,,38,6.12,76.71,1,630,0.14,0.36
l1_championship_player_2025_13_103891,2025,10,l1_championship_club_2025_13,2,1,1,64,,,,,,,,,,54,1,3,1,,,1,,,,4,5.18,75.94,0.5,,,1.41
l1_championship_player_2025_13_103891,2025,15,l1_championship_club_2025_13,1,1,1,90,,,,,,,,,,,,,,,,1,,,,2,3.25,,1,,,
l1_championship_player_2025_13_105341,2025,1,l1_championship_club_2025_13,29,24,22,2027,1,1,,1,,,4,3,4,2065,12,62,16,16,17,4,5,,,65,5.99875,91.69,0.76,2027,0.13,0.53
l1_championship_player_2025_13_105341,2025,6,l1_championship_club_2025_13,14,6,2,198,,,,,,,1,,1,175,1,11,1,5,2,,1,1,,38,4.485,79.55,0.14,,,0.45
l1_championship_player_2025_13_105341,2025,10,l1_championship_club_2025_13,2,2,2,180,,,,,,,1,,,232,4,5,,,,2,,,,4,6.335,116,1,,,2
l1_championship_player_2025_13_105341,2025,15,l1_championship_club_2025_13,1,,,,,,,,,,,,,,,,,,,,,,,2,,,,,,
l1_championship_player_2025_13_83697,2025,1,l1_championship_club_2025_13,29,20,14,1154,6,3,3,1,5,3,45,17,27,1084,112,79,8,16,22,27,,,1,65,5.9094999999999995,84.54,0.48,192.33,1.33,8.73
l1_championship_player_2025_13_83697,2025,6,l1_championship_club_2025_13,14,10,6,605,5,1,4,3,2,,19,8,25,575,54,48,8,9,18,14,,,,38,6.456,85.54,0.43,121,1.19,8.03
l1_championship_player_2025_13_83697,2025,10,l1_championship_club_2025_13,2,2,1,86,1,,1,,1,,6,3,4,86,13,9,,1,2,3,1,,,4,6.24,90,0.5,86,3.14,13.6
l1_championship_player_2025_13_83697,2025,15,l1_championship_club_2025_13,1,1,1,90,,,,,,,,1,,,,,,,4,,,,,2,4.61,,1,,1,
l1_championship_player_2025_13_500470,2025,1,l1_championship_club_2025_13,10,7,4,322,1,,1,,1,,3,2,5,273,10,22,6,2,5,8,,,,24,5.195714285714286,76.3,0.4,322,0.56,2.8
l1_championship_player_2025_13_500470,2025,6,l1_championship_club_2025_9000000178,7,1,1,59,,,,,,,,,1,27,1,1,,,1,,,,,18,6.39,41.19,0.14,,,1.53
l1_championship_player_2025_13_500470,2025,6,l1_championship_club_2025_13,7,1,,3,,,,,,,,,,12,,,,,,,,,,18,3.78,360,,,,
l1_championship_player_2025_13_500470,2025,10,l1_championship_club_2025_13,2,,,,,,,,,,,,,,,,,,,,,,,4,,,,,,
l1_championship_player_2025_13_98392,2025,1,l1_championship_club_2025_13,24,1,,10,,,,,,,,,,13,,,,,1,,,,,55,4.2,117,,,,
l1_championship_player_2025_13_98392,2025,6,l1_championship_club_2025_13,13,,,,,,,,,,,,,,,,,,,,,,,34,,,,,,
l1_championship_player_2025_13_98392,2025,10,l1_championship_club_2025_13,2,1,,45,,,,,,,2,,,35,2,3,,1,,1,,,,4,4.88,70,,,,4
l1_championship_player_2025_13_98392,2025,15,l1_championship_club_2025_13,1,,,,,,,,,,,,,,,,,,,,,,,2,,,,,,
l1_championship_player_2025_13_101421,2025,1,l1_championship_club_2025_13,29,23,15,1257,2,2,,2,,4,32,12,48,1138,51,57,3,7,17,19,3,,,65,5.648695652173912,81.48,0.52,628.5,0.86,3.65
l1_championship_player_2025_13_101421,2025,6,l1_championship_club_2025_13,14,10,,263,,,,,,,9,3,17,295,11,17,1,1,3,5,,,,38,5.237,100.95,,,1.03,3.76
l1_championship_player_2025_13_101421,2025,10,l1_championship_club_2025_13,2,,,,,,,,,,,,,,,,,,,,,,,4,,,,,,
l1_championship_player_2025_13_101421,2025,15,l1_championship_club_2025_13,1,,,,,,,,,,,,,,,,,,,,,,,2,,,,,,
l1_championship_player_2025_13_503333,2025,1,l1_championship_club_2025_13,24,,,,,,,,,,,,,,,,,,,,,,,55,,,,,,
l1_championship_player_2025_13_503333,2025,6,l1_championship_club_2025_13,13,,,,,,,,,,,,,,,,,,,,,,,34,,,,,,
l1_championship_player_2025_13_503333,2025,10,l1_championship_club_2025_13,2,,,,,,,,,,,,,,,,,,,,,,,4,,,,,,
l1_championship_player_2025_13_503333,2025,15,l1_championship_club_2025_13,1,,,,,,,,,,,,,,,,,,,,,,,2,,,,,,
l1_championship_player_2025_13_86814,2025,1,l1_championship_club_2025_13,29,21,17,1307,3,2,1,1,1,3,26,7,28,795,63,73,6,21,24,18,2,,,65,5.398095238095238,54.74,0.59,435.67,0.48,4.34
l1_championship_player_2025_13_86814,2025,6,l1_championship_club_2025_13,14,9,5,433,2,,2,2,,,18,5,6,239,27,22,2,7,9,6,,,,38,5.291111111111111,49.68,0.36,216.5,1.04,5.61
l1_championship_player_2025_13_86814,2025,10,l1_championship_club_2025_13,2,2,2,155,,,,,,,1,,3,130,5,9,3,,1,1,,,,4,6.4350000000000005,75.48,1,,,2.9
l1_championship_player_2025_13_86814,2025,15,l1_championship_club_2025_13,1,1,,1,,,,,,,,,,,,,,,,,,,,2,5.03,,,,,
l1_championship_player_2025_13_103829,2025,1,l1_championship_club_2025_13,29,16,12,1095,5,1,4,1,3,1,22,6,10,1005,42,51,6,13,12,10,,,1,65,6.025625,82.6,0.41,219,0.49,3.45
l1_championship_player_2025_13_103829,2025,6,l1_championship_club_2025_13,14,11,10,844,1,1,,,1,,14,6,12,723,30,65,13,12,8,18,,,,38,6.232727272727273,77.1,0.71,844,0.64,3.2
l1_championship_player_2025_13_103829,2025,10,l1_championship_club_2025_13,2,1,,61,,,,,,,1,1,,77,2,3,2,1,,,,,,4,6.58,113.61,,,1.48,2.95
l1_championship_player_2025_13_103829,2025,15,l1_championship_club_2025_13,1,1,1,90,,,,,,,,1,,,,,,,,3,,,,2,4.26,,1,,1,
l1_championship_player_2025_13_505582,2025,1,l1_championship_club_2025_13,13,1,,7,,,,,,,,,,9,,1,,1,,,,,,30,4.35,115.71,,,,
l1_championship_player_2025_13_505582,2025,6,l1_championship_club_2025_13,8,,,,,,,,,,,,,,,,,,,,,,,19,,,,,,
l1_championship_player_2025_13_505582,2025,10,l1_championship_club_2025_13,2,1,,29,,,,,,,,,1,21,1,2,,,,2,,,,4,4.54,65.17,,,,3.1
l1_championship_player_2025_13_505582,2025,15,l1_championship_club_2025_13,1,,,,,,,,,,,,,,,,,,,,,,,2,,,,,,
l1_championship_player_2025_13_100334,2025,1,l1_championship_club_2025_13,29,15,9,843,1,1,,,1,3,14,4,14,1024,29,13,8,6,1,1,2,,1,65,5.782666666666667,109.32,0.31,843,0.43,3.1
l1_championship_player_2025_13_100334,2025,6,l1_championship_club_2025_13,14,6,6,453,1,1,,1,,,14,6,11,389,20,16,2,6,6,4,,,,38,5.945,77.28,0.43,453,1.19,3.97
l1_championship_player_2025_13_100334,2025,10,l1_championship_club_2025_13,2,2,1,119,,,,,,,2,,,143,2,1,1,1,,,,,,4,5.63,108.15,0.5,,,1.51
l1_championship_player_2025_13_100334,2025,15,l1_championship_club_2025_13,1,1,1,89,,,,,,,,,,,,,,,,,,,,2,3.64,,1,,,
l1_championship_player_2025_13_93223,2025,1,l1_championship_club_2025_13,29,,,,,,,,,,,,,,,,,,,,,,,65,,,,,,
l1_championship_player_2025_13_93223,2025,6,l1_championship_club_2025_13,14,,,,,,,,,,,,,,,,,,,,,,,38,,,,,,
l1_championship_player_2025_13_93223,2025,10,l1_championship_club_2025_13,2,,,,,,,,,,,,,,,,,,,,,,,4,,,,,,
l1_championship_player_2025_13_93223,2025,15,l1_championship_club_2025_13,1,,,,,,,,,,,,,,,,,,,,,,,2,,,,,,
l1_championship_player_2025_13_98896,2025,1,l1_championship_club_2025_13,29,27,23,2008,1,,1,,1,6,32,10,34,2846,8,57,25,17,13,19,2,,2,65,6.699259259259257,127.56,0.79,2008,0.45,0.36
l1_championship_player_2025_13_98896,2025,6,l1_championship_club_2025_13,14,14,14,1259,6,5,1,1,5,,38,14,16,1629,13,42,13,14,9,11,,,,38,6.9750000000000005,116.45,1,209.83,1,0.93
l1_championship_player_2025_13_98896,2025,10,l1_championship_club_2025_13,2,1,1,90,,,,,,,4,1,,138,,4,2,1,,2,,,,4,6.51,138,0.5,,1,
l1_championship_player_2025_13_98896,2025,15,l1_championship_club_2025_13,1,1,1,90,,,,,,,,,,,,,,,2,,,,,2,5.62,,1,,,
l1_championship_player_2025_13_86879,2025,1,l1_championship_club_2025_13,29,29,26,2321,2,,2,,2,3,18,6,39,2333,55,108,12,29,33,17,3,,,65,6.066206896551725,90.47,0.9,1160.5,0.23,2.13
l1_championship_player_2025_13_86879,2025,6,l1_championship_club_2025_13,14,14,13,1164,,,,,,,14,2,18,912,26,38,11,12,12,6,1,,,38,5.527142857142858,70.52,0.93,,0.15,2.01
l1_championship_player_2025_13_86879,2025,10,l1_championship_club_2025_13,2,2,2,151,,,,,,,1,1,1,183,4,7,2,1,1,1,,,,4,5.805,109.07,1,,0.6,2.38
l1_championship_player_2025_13_86879,2025,15,l1_championship_club_2025_13,1,1,1,89,,,,,,,,,,,,,,,2,2,1,,,2,4.05,,1,,,
l1_championship_player_2025_13_81445,2025,1,l1_championship_club_2025_13,29,24,16,1425,10,7,3,2,6,,59,28,33,896,139,69,11,12,17,8,2,,3,65,5.789999999999999,56.59,0.55,142.5,1.77,8.78
l1_championship_player_2025_13_81445,2025,6,l1_championship_club_2025_13,14,13,12,907,2,1,1,1,1,,23,10,25,521,76,37,7,10,7,3,,,,38,5.753846153846153,51.7,0.86,453.5,0.99,7.54
l1_championship_player_2025_13_81445,2025,10,l1_championship_club_2025_13,2,1,1,90,,,,,,,3,,5,64,13,,,,,,1,,,4,4.89,64,0.5,,,13
l1_championship_player_2025_13_81445,2025,15,l1_championship_club_2025_13,1,1,,18,,,,,,,,,,,,,,,,,,,,2,4.84,,,,,
l1_championship_player_2025_13_36082,2025,1,l1_championship_club_2025_13,29,19,9,930,10,7,3,4,5,4,43,17,39,839,71,28,,2,3,3,,,3,65,6.4,81.19,0.31,93,1.65,6.87
l1_championship_player_2025_13_36082,2025,6,l1_championship_club_2025_13,14,10,8,583,4,1,3,1,3,,24,10,19,434,51,11,3,1,2,4,,,,38,5.763,67,0.57,145.75,1.54,7.87
l1_championship_player_2025_13_36082,2025,10,l1_championship_club_2025_13,2,2,1,87,1,,1,,1,,4,3,6,113,7,5,1,,,3,,,,4,6.585,116.9,0.5,87,3.1,7.24
l1_championship_player_2025_13_36082,2025,15,l1_championship_club_2025_13,1,1,1,90,1,1,,1,,,,2,,,,,,,,,,,,2,5.7,,1,90,2,
l1_championship_player_2025_13_104402,2025,1,l1_championship_club_2025_13,29,25,16,1324,7,6,1,,7,4,63,28,31,1165,151,96,9,12,17,25,1,,2,65,5.849200000000001,79.19,0.55,189.14,1.9,10.26
l1_championship_player_2025_13_104402,2025,6,l1_championship_club_2025_13,14,13,11,883,8,5,3,1,7,,42,14,15,722,71,65,5,10,12,26,2,,,38,6.924615384615384,73.59,0.79,110.38,1.43,7.24
l1_championship_player_2025_13_104402,2025,10,l1_championship_club_2025_13,2,1,1,64,,,,,,,2,1,4,71,13,4,,,1,1,,,,4,5.89,99.84,0.5,,1.41,18.28
l1_championship_player_2025_13_104402,2025,15,l1_championship_club_2025_13,1,1,1,72,,,,,,,,,,,,,,,,2,,,,2,4.42,,1,,,
l1_championship_player_2025_13_100727,2025,1,l1_championship_club_2025_13,29,20,9,862,1,1,,,1,2,18,7,19,706,59,49,5,8,10,12,,,1,65,5.073,73.71,0.31,862,0.73,6.16
l1_championship_player_2025_13_100727,2025,6,l1_championship_club_2025_13,14,4,1,101,,,,,,,4,2,1,68,10,10,,2,,3,,,,38,4.8425,60.59,0.07,,1.78,8.91
l1_championship_player_2025_13_100727,2025,10,l1_championship_club_2025_13,2,,,,,,,,,,,,,,,,,,,,,,,4,,,,,,
l1_championship_player_2025_13_100727,2025,15,l1_championship_club_2025_13,1,,,,,,,,,,,,,,,,,,,,,,,2,,,,,,
l1_championship_player_2025_13_90314,2025,1,l1_championship_club_2025_13,29,10,3,354,1,,1,,1,1,9,3,5,252,15,10,2,1,7,2,1,,,65,4.832,64.07,0.1,354,0.76,3.81
l1_championship_player_2025_13_90314,2025,6,l1_championship_club_2025_13,14,3,1,103,,,,,,,3,1,4,59,7,4,,1,1,2,,,,38,5.5566666666666675,51.55,0.07,,0.87,6.12
l1_championship_player_2025_13_90314,2025,10,l1_championship_club_2025_13,2,1,1,45,,,,,,,,,,22,,1,,,,1,,,,4,4.51,44,0.5,,,
l1_championship_player_2025_13_90314,2025,15,l1_championship_club_2025_13,1,,,,,,,,,,,,,,,,,,,,,,,2,,,,,,
l1_championship_player_2025_13_101567,2025,1,l1_championship_club_2025_13,29,26,11,1093,6,5,1,2,2,1,52,24,15,481,96,59,3,10,18,16,2,,1,65,4.986923076923077,39.61,0.38,182.17,1.98,7.9
l1_championship_player_2025_13_101567,2025,6,l1_championship_club_2025_13,14,10,,171,2,1,1,2,,,8,5,1,93,18,13,,1,1,3,,,,38,4.5120000000000005,48.95,,85.5,2.63,9.47
l1_championship_player_2025_13_101567,2025,10,l1_championship_club_2025_13,2,2,2,180,2,,2,1,1,,10,6,4,88,22,13,1,3,,3,,,,4,7.155,44,1,90,3,11
l1_championship_player_2025_13_101567,2025,15,l1_championship_club_2025_13,1,1,,1,1,1,,,1,,,1,,,,,,,,,1,,,2,5.85,,,1,90,
l1_championship_player_2025_13_103305,2025,1,l1_championship_club_2025_13,20,,,,,,,,,,,,,,,,,,,,,,,43,,,,,,
l1_championship_player_2025_13_103305,2025,1,l1_championship_club_2025_159,10,2,,6,,,,,,,,,,5,,,,,,,,,,12,4.535,75,,,,
l1_championship_player_2025_13_103305,2025,6,l1_championship_club_2025_13,8,,,,,,,,,,,,,,,,,,,,,,,21,,,,,,
l1_championship_player_2025_13_103305,2025,10,l1_championship_club_2025_13,2,1,,29,,,,,,,,,,24,,,,,,,,,,4,5.28,74.48,,,,
l1_championship_player_2025_13_103305,2025,10,l1_championship_club_2025_159,2,,,,,,,,,,,,,,,,,,,,,,,4,,,,,,
l1_championship_player_2025_13_103305,2025,13,l1_championship_club_2025_159,2,,,,,,,,,,,,,,,,,,,,,,,1,,,,,,
l1_championship_player_2025_13_103305,2025,15,l1_championship_club_2025_13,1,,,,,,,,,,,,,,,,,,,,,,,2,,,,,,
l1_championship_player_2025_14_90416,2025,1,l1_championship_club_2025_14,24,,,,,,,,,,,,,,,,,,,,,,,,,,,,,
l1_championship_player_2025_14_90416,2025,10,l1_championship_club_2025_14,3,,,,,,,,,,,,,,,,,,,,,,,,,,,,,
l1_championship_player_2025_14_86562,2025,1,l1_championship_club_2025_14,30,,,,,,,,,,,,,,,,,,,,,,,,,,,,,
l1_championship_player_2025_14_86562,2025,10,l1_championship_club_2025_14,3,,,,,,,,,,,,,,,,,,,,,,,,,,,,,
l1_championship_player_2025_14_36344,2025,1,l1_championship_club_2025_14,30,29,29,2610,,,,,,,,,2,1333,,,,,,7,4,,1,,5.38448275862069,45.97,0.97,,,
l1_championship_player_2025_14_36344,2025,10,l1_championship_club_2025_14,3,2,2,180,,,,,,,,,,64,,,,,,,,,,,4.325,32,0.67,,,
l1_championship_player_2025_14_83691,2025,1,l1_championship_club_2025_14,29,1,1,90,,,,,,,,,,39,,,,,,,,,,,3.37,39,0.03,,,
l1_championship_player_2025_14_83691,2025,10,l1_championship_club_2025_14,3,1,1,90,,,,,,,,,,7,,,,,,,,,,,5.69,7,0.33,,,
l1_championship_player_2025_14_103452,2025,1,l1_championship_club_2025_14,30,16,13,1042,2,2,,,1,1,8,3,1,798,13,52,16,10,7,3,2,1,,52,5.110625000000001,68.93,0.43,521,0.26,1.12
l1_championship_player_2025_14_103452,2025,10,l1_championship_club_2025_14,3,1,1,79,,,,,,,,,,65,,4,,1,2,1,1,,,6,4.35,74.05,0.33,,,
l1_championship_player_2025_14_506465,2025,1,l1_championship_club_2025_14,9,,,,,,,,,,,,,,,,,,,,,,,21,,,,,,
l1_championship_player_2025_14_47707,2025,1,l1_championship_club_2025_14,30,25,23,2072,,,,,,1,9,1,12,1858,21,88,36,11,26,19,2,,,52,5.2752,80.7,0.77,,0.04,0.91
l1_championship_player_2025_14_47707,2025,1,l1_championship_club_2025_44,7,,,,,,,,,,,,,,,,,,,,,,,11,,,,,,
l1_championship_player_2025_14_47707,2025,10,l1_championship_club_2025_14,3,3,1,116,,,,,,,3,1,1,125,4,7,2,,2,,,,,6,4.913333333333333,96.98,0.33,,0.78,3.1
l1_championship_player_2025_14_94583,2025,1,l1_championship_club_2025_14,30,19,15,1215,1,,1,,,2,9,3,29,1005,24,61,8,22,13,10,5,,,52,5.3168421052631585,74.44,0.5,1215,0.22,1.78
l1_championship_player_2025_14_94583,2025,1,l1_championship_club_2025_6,4,,,,,,,,,,,,,,,,,,,,,,,5,,,,,,
l1_championship_player_2025_14_94583,2025,10,l1_championship_club_2025_14,3,,,,,,,,,,,,,,,,,,,,,,,6,,,,,,
l1_championship_player_2025_14_83692,2025,1,l1_championship_club_2025_14,30,19,19,1673,,,,,,,11,3,9,1321,12,81,19,16,20,17,5,1,,52,5.449473684210526,71.06,0.63,,0.16,0.65
l1_championship_player_2025_14_83692,2025,10,l1_championship_club_2025_14,3,2,2,180,,,,,,,2,1,1,172,4,8,1,1,3,2,,,,6,5.3100000000000005,86,0.67,,0.5,2
l1_championship_player_2025_14_101633,2025,1,l1_championship_club_2025_14,30,15,5,591,,,,,,,11,3,4,561,3,39,15,9,11,6,2,,,52,4.958666666666668,85.43,0.17,,0.46,0.46
l1_championship_player_2025_14_101633,2025,10,l1_championship_club_2025_14,3,1,,59,,,,,,,,,1,42,,3,1,,2,1,,,,6,3.7,64.07,,,,
l1_championship_player_2025_14_78166,2025,1,l1_championship_club_2025_14,30,19,17,1544,1,1,,,1,,8,3,6,1364,11,76,16,13,25,8,5,,,52,5.573157894736841,79.51,0.57,1544,0.17,0.64
l1_championship_player_2025_14_78166,2025,10,l1_championship_club_2025_14,3,3,3,270,,,,,,,2,1,2,235,4,16,3,3,3,2,,,,6,5.723333333333334,78.33,1,,0.33,1.33
l1_championship_player_2025_14_89884,2025,1,l1_championship_club_2025_14,30,18,11,1032,,,,,,1,5,1,7,923,3,77,16,20,11,25,1,,2,52,5.240555555555556,80.49,0.37,,0.09,0.26
l1_championship_player_2025_14_89884,2025,10,l1_championship_club_2025_14,3,3,3,222,,,,,,,3,,5,195,1,12,5,3,4,1,1,,,6,6.093333333333334,79.05,1,,,0.41
l1_championship_player_2025_14_507638,2025,1,l1_championship_club_2025_14,3,,,,,,,,,,,,,,,,,,,,,,,9,,,,,,
l1_championship_player_2025_14_507638,2025,10,l1_championship_club_2025_14,3,,,,,,,,,,,,,,,,,,,,,,,6,,,,,,
l1_championship_player_2025_14_52480,2025,1,l1_championship_club_2025_14,30,28,12,1308,5,2,3,5,,4,42,13,40,887,66,70,14,10,21,26,,,1,52,5.249642857142855,61.03,0.4,261.6,0.89,4.54
l1_championship_player_2025_14_52480,2025,10,l1_championship_club_2025_14,3,3,2,207,,,,,,,10,2,7,142,15,8,2,,5,5,1,,,6,5.656666666666666,61.74,0.67,,0.87,6.52
l1_championship_player_2025_14_40204,2025,1,l1_championship_club_2025_14,30,28,27,2303,3,1,2,,2,1,24,10,21,1422,67,122,30,27,32,27,4,1,2,52,5.060357142857142,55.57,0.9,767.67,0.39,2.62
l1_championship_player_2025_14_40204,2025,1,l1_championship_club_2025_44,4,,,,,,,,,,,,,,,,,,,,,,,5,,,,,,
l1_championship_player_2025_14_40204,2025,10,l1_championship_club_2025_14,3,3,3,269,,,,,,,9,2,5,241,20,13,7,3,3,,,,,6,5.276666666666666,80.63,1,,0.67,6.69
l1_championship_player_2025_14_80554,2025,1,l1_championship_club_2025_14,30,22,12,976,,,,,,,24,6,13,728,21,54,6,16,18,9,3,,,52,4.613181818181818,67.13,0.4,,0.55,1.94
l1_championship_player_2025_14_80554,2025,10,l1_championship_club_2025_14,3,1,,5,,,,,,,1,,,6,,,,,1,,,,,6,4.53,108,,,,
l1_championship_player_2025_14_103607,2025,1,l1_championship_club_2025_14,30,4,,57,,,,,,,,,,63,1,4,,,,2,,,,52,4.625,99.47,,,,1.58
l1_championship_player_2025_14_103607,2025,10,l1_championship_club_2025_14,3,1,1,31,,,,,,,,,,20,,3,,,,2,,,,6,4.61,58.06,0.33,,,
l1_championship_player_2025_14_84357,2025,1,l1_championship_club_2025_14,30,,,,,,,,,,,,,,,,,,,,,,,52,,,,,,
l1_championship_player_2025_14_84357,2025,10,l1_championship_club_2025_14,3,1,,1,,,,,,,,,,1,,,,,,,,,,6,4.56,90,,,,
l1_championship_player_2025_14_83140,2025,1,l1_championship_club_2025_1,4,,,,,,,,,,,,,,,,,,,,,,,9,,,,,,
l1_championship_player_2025_14_83140,2025,1,l1_championship_club_2025_14,30,29,23,2172,1,,1,1,,5,24,7,37,1885,39,100,30,33,17,29,1,,,52,5.326896551724138,78.11,0.77,2172,0.29,1.62
l1_championship_player_2025_14_83140,2025,10,l1_championship_club_2025_14,3,3,3,259,2,1,1,1,1,,7,3,12,279,11,16,3,7,3,4,1,,,6,6.453333333333333,96.95,1,129.5,1.04,3.82
l1_championship_player_2025_14_86564,2025,1,l1_championship_club_2025_14,29,5,,75,1,,1,,1,,3,1,1,50,6,3,,,3,,,,,51,4.6160000000000005,60,,75,1.2,7.2
l1_championship_player_2025_14_86564,2025,10,l1_championship_club_2025_14,3,,,,,,,,,,,,,,,,,,,,,,,6,,,,,,
l1_championship_player_2025_14_38582,2025,1,l1_championship_club_2025_1,4,,,,,,,,,,,,,,,,,,,,,,,9,,,,,,
l1_championship_player_2025_14_38582,2025,1,l1_championship_club_2025_14,30,27,27,2385,1,,1,,1,5,20,9,40,2181,24,126,37,42,41,23,5,,4,52,5.94074074074074,82.3,0.9,2385,0.34,0.91
l1_championship_player_2025_14_38582,2025,10,l1_championship_club_2025_14,3,2,2,180,,,,,,,8,1,8,239,11,24,2,8,3,1,,,,6,7.25,119.5,0.67,,0.5,5.5
l1_championship_player_2025_14_501655,2025,1,l1_championship_club_2025_14,12,12,7,574,1,,1,1,,3,10,4,13,357,12,32,2,8,11,8,1,,,22,5.161666666666667,55.98,0.58,574,0.63,1.88
l1_championship_player_2025_14_501655,2025,10,l1_championship_club_2025_14,1,1,1,90,,,,,,,,,2,46,2,11,,4,1,6,,,,,4.51,46,1,,,2
l1_championship_player_2025_14_501655,2025,13,l1_championship_club_2025_9000000253,6,5,2,196,1,,1,1,,,4,3,3,103,2,8,,2,2,4,,,,9,4.708,47.3,0.33,196,1.38,0.92
l1_championship_player_2025_14_506446,2025,1,l1_championship_club_2025_14,10,,,,,,,,,,,,,,,,,,,,,,,22,,,,,,
l1_championship_player_2025_14_101002,2025,1,l1_championship_club_2025_14,30,29,21,1891,5,3,2,5,,5,54,21,28,1036,106,77,10,15,16,24,4,,2,52,5.450689655172414,49.31,0.7,378.2,1,5.04
l1_championship_player_2025_14_101002,2025,10,l1_championship_club_2025_14,3,3,3,265,1,,1,1,,,14,5,4,217,23,17,,2,1,4,,,,6,6.843333333333334,73.7,1,265,1.7,7.81
l1_championship_player_2025_14_86774,2025,1,l1_championship_club_2025_14,30,1,,2,,,,,,,,,,6,,2,2,1,,,,,,52,4.3,270,,,,
l1_championship_player_2025_14_86774,2025,10,l1_championship_club_2025_14,3,,,,,,,,,,,,,,,,,,,,,,,6,,,,,,
l1_championship_player_2025_14_99014,2025,1,l1_championship_club_2025_9,3,,,,,,,,,,,,,,,,,,,,,,,6,,,,,,
l1_championship_player_2025_14_99014,2025,1,l1_championship_club_2025_14,27,27,18,1633,8,4,4,,3,2,34,15,14,613,95,102,4,11,44,48,3,,,50,5.103703703703703,33.78,0.67,204.13,0.83,5.24
l1_championship_player_2025_14_99014,2025,10,l1_championship_club_2025_14,3,3,1,170,2,2,,,1,,8,3,3,54,15,5,2,,3,4,1,,,6,5.933333333333334,28.59,0.33,85,1.59,7.94
l1_championship_player_2025_14_504364,2025,1,l1_championship_club_2025_14,17,6,,41,,,,,,,1,,2,37,6,5,1,,1,1,,,,29,4.29,81.22,,,,13.17
l1_championship_player_2025_14_504364,2025,10,l1_championship_club_2025_14,3,3,,31,1,,1,,1,,2,1,,27,3,4,,,1,1,,,,6,4.78,78.39,,31,2.9,8.71
l1_championship_player_2025_14_67548,2025,1,l1_championship_club_2025_37,2,2,2,175,1,1,,,1,,3,1,2,45,3,3,,,2,1,,,,1,5.05,23.14,1,175,0.51,1.54
l1_championship_player_2025_14_67548,2025,1,l1_championship_club_2025_14,28,28,27,2173,16,6,10,2,13,4,69,31,17,642,91,60,2,4,22,15,2,,5,51,5.462857142857141,26.59,0.96,135.81,1.28,3.77
l1_championship_player_2025_14_67548,2025,10,l1_championship_club_2025_14,3,3,3,180,,,,,,,6,1,,48,12,4,,,2,,,,,6,4.3133333333333335,24,1,,0.5,6
l1_championship_player_2025_14_51819,2025,1,l1_championship_club_2025_14,30,8,7,526,1,1,,,,1,18,4,3,252,23,31,,6,7,16,1,,,52,5.202500000000001,43.12,0.23,526,0.68,3.94
l1_championship_player_2025_14_51819,2025,10,l1_championship_club_2025_14,3,,,,,,,,,,,,,,,,,,,,,,,6,,,,,,
l1_championship_player_2025_14_51819,2025,14,l1_championship_club_2025_9000000810,10,3,2,171,,,,,,,4,1,,73,7,8,2,,1,3,1,,,11,4.723333333333334,38.42,0.2,,0.53,3.68
l1_championship_player_2025_14_90613,2025,1,l1_championship_club_2025_14,30,2,,2,,,,,,,,,,1,,,,,,,,,,52,4.109999999999999,45,,,,
l1_championship_player_2025_14_90613,2025,10,l1_championship_club_2025_14,3,1,,1,,,,,,,,,,2,,,,,,,,,,6,4.17,180,,,,
l1_championship_player_2025_14_506098,2025,1,l1_championship_club_2025_14,10,4,,30,,,,,,,2,1,,26,6,5,,1,3,,,,,22,4.26,78,,,3,18
l1_championship_player_2025_14_506098,2025,10,l1_championship_club_2025_14,1,,,,,,,,,,,,,,,,,,,,,,,,,,,,,
l1_championship_player_2025_15_76869,2025,1,l1_championship_club_2025_15,29,,,,,,,,,,,,,,,,,,,,,,,,,,,,,
l1_championship_player_2025_15_76869,2025,10,l1_championship_club_2025_15,5,,,,,,,,,,,,,,,,,,,,,,,,,,,,,
l1_championship_player_2025_15_76869,2025,14,l1_championship_club_2025_15,10,,,,,,,,,,,,,,,,,,,,,,,,,,,,,
l1_championship_player_2025_15_78369,2025,1,l1_championship_club_2025_15,29,1,1,90,,,,,,,,,,40,,,,,,,,,,,6.04,40,0.03,,,
l1_championship_player_2025_15_78369,2025,10,l1_championship_club_2025_15,5,,,,,,,,,,,,,,,,,,,,,,,,,,,,,
l1_championship_player_2025_15_78369,2025,14,l1_championship_club_2025_15,10,,,,,,,,,,,,,,,,,,,,,,,,,,,,,
l1_championship_player_2025_15_500447,2025,1,l1_championship_club_2025_15,29,,,,,,,,,,,,,,,,,,,,,,,,,,,,,
l1_championship_player_2025_15_500447,2025,10,l1_championship_club_2025_15,5,,,,,,,,,,,,,,,,,,,,,,,,,,,,,
l1_championship_player_2025_15_500447,2025,14,l1_championship_club_2025_15,10,,,,,,,,,,,,,,,,,,,,,,,,,,,,,
l1_championship_player_2025_15_105144,2025,1,l1_championship_club_2025_15,29,28,28,2520,,,,,,,,,,1395,,,,,1,2,3,,2,,5.278518518518518,49.82,0.97,,,
l1_championship_player_2025_15_105144,2025,10,l1_championship_club_2025_15,5,5,5,450,,,,,,,,,,212,,,,,,1,1,,,,5.746,42.4,1,,,
l1_championship_player_2025_15_105144,2025,14,l1_championship_club_2025_15,10,10,10,900,,,,,,,,,,560,,,,,,3,,,,,5.7330000000000005,56,1,,,
l1_championship_player_2025_15_501078,2025,1,l1_championship_club_2025_15,9,3,,15,,,,,,,,,,16,,2,1,,,,,,,13,4.866666666666666,96,,,,
l1_championship_player_2025_15_501078,2025,6,l1_championship_club_2025_9000000157,7,3,2,172,,,,,,,2,2,1,177,4,10,2,4,2,,,,,19,5.446666666666666,92.62,0.29,,1.05,2.09
l1_championship_player_2025_15_501078,2025,6,l1_championship_club_2025_9000000008,2,,,,,,,,,,,,,,,,,,,,,,,2,,,,,,
l1_championship_player_2025_15_501078,2025,10,l1_championship_club_2025_15,3,,,,,,,,,,,,,,,,,,,,,,,5,,,,,,
l1_championship_player_2025_15_501078,2025,14,l1_championship_club_2025_15,4,,,,,,,,,,,,,,,,,,,,,,,7,,,,,,
l1_championship_player_2025_15_506455,2025,1,l1_championship_club_2025_15,29,,,,,,,,,,,,,,,,,,,,,,,46,,,,,,
l1_championship_player_2025_15_506455,2025,10,l1_championship_club_2025_15,5,,,,,,,,,,,,,,,,,,,,,,,13,,,,,,
l1_championship_player_2025_15_506455,2025,14,l1_championship_club_2025_15,10,,,,,,,,,,,,,,,,,,,,,,,18,,,,,,
l1_championship_player_2025_15_105503,2025,1,l1_championship_club_2025_15,26,20,19,1602,,,,,,2,5,3,7,1166,11,67,22,17,14,22,4,,,42,5.40625,65.51,0.73,,0.17,0.62
l1_championship_player_2025_15_105503,2025,10,l1_championship_club_2025_15,5,5,4,335,,,,,,,,,1,306,3,17,2,8,3,3,,,,13,5.702,82.21,0.8,,,0.81
l1_championship_player_2025_15_105503,2025,14,l1_championship_club_2025_15,10,7,6,530,,,,,,,2,1,5,483,8,13,3,3,6,3,,,,18,5.532857142857142,82.02,0.6,,0.17,1.36
l1_championship_player_2025_15_90432,2025,1,l1_championship_club_2025_15,13,1,1,90,,,,,,,,,1,84,1,5,,2,3,,,,,21,5.09,84,0.08,,,1
l1_championship_player_2025_15_90432,2025,4,l1_championship_club_2025_26,16,,,,,,,,,,,,,,,,,,,,,,,19,,,,,,
l1_championship_player_2025_15_90432,2025,10,l1_championship_club_2025_26,1,,,,,,,,,,,,,,,,,,,,,,,2,,,,,,
l1_championship_player_2025_15_90432,2025,10,l1_championship_club_2025_15,4,,,,,,,,,,,,,,,,,,,,,,,11,,,,,,
l1_championship_player_2025_15_90432,2025,14,l1_championship_club_2025_15,4,,,,,,,,,,,,,,,,,,,,,,,7,,,,,,
l1_championship_player_2025_15_81244,2025,1,l1_championship_club_2025_15,29,21,20,1793,2,1,1,,2,5,12,5,14,1614,28,128,25,35,40,20,3,,1,46,5.879999999999999,81.02,0.69,896.5,0.25,1.41
l1_championship_player_2025_15_81244,2025,10,l1_championship_club_2025_15,5,2,2,180,,,,,,,5,1,2,144,9,15,3,4,1,2,,,,13,6.095,72,0.4,,0.5,4.5
l1_championship_player_2025_15_81244,2025,14,l1_championship_club_2025_15,10,7,5,486,,,,,,,5,1,6,461,6,20,5,2,13,3,4,,,18,5.532857142857142,85.37,0.5,,0.19,1.11
l1_championship_player_2025_15_84409,2025,1,l1_championship_club_2025_15,29,21,21,1760,,,,,,1,6,3,5,1464,11,66,20,11,16,14,3,2,1,46,5.166666666666667,74.86,0.72,,0.15,0.56
l1_championship_player_2025_15_84409,2025,10,l1_championship_club_2025_15,5,5,5,405,1,1,,,,,5,1,1,353,3,15,2,2,4,4,,,,13,6.006,78.44,1,405,0.22,0.67
l1_championship_player_2025_15_84409,2025,14,l1_championship_club_2025_15,10,9,7,617,,,,,,,1,1,1,480,3,24,6,7,3,1,1,,,18,5.31125,70.02,0.7,,0.15,0.44
l1_championship_player_2025_15_105280,2025,1,l1_championship_club_2025_15,29,19,17,1436,,,,,,,4,1,1,1188,6,37,9,8,14,10,2,1,,46,5.252631578947369,74.46,0.59,,0.06,0.38
l1_championship_player_2025_15_105280,2025,10,l1_championship_club_2025_15,5,4,4,360,,,,,,,,,,293,2,14,2,3,8,3,,,,13,5.7524999999999995,73.25,0.8,,,0.5
l1_championship_player_2025_15_105280,2025,14,l1_championship_club_2025_15,10,9,8,640,,,,,,,1,,1,596,4,25,5,4,3,4,,,,18,5.447777777777778,83.81,0.8,,,0.56
l1_championship_player_2025_15_100631,2025,1,l1_championship_club_2025_15,29,,,,,,,,,,,,,,,,,,,,,,,46,,,,,,
l1_championship_player_2025_15_100631,2025,10,l1_championship_club_2025_15,5,,,,,,,,,,,,,,,,,,,,,,,13,,,,,,
l1_championship_player_2025_15_100631,2025,14,l1_championship_club_2025_15,10,,,,,,,,,,,,,,,,,,,,,,,18,,,,,,
l1_championship_player_2025_15_104405,2025,1,l1_championship_club_2025_15,29,21,11,1127,,,,,,,2,1,,1156,6,39,13,4,9,9,4,,,46,5.469047619047619,92.32,0.38,,0.08,0.48
l1_championship_player_2025_15_104405,2025,10,l1_championship_club_2025_15,5,3,1,134,,,,,,,,,1,108,,6,,1,2,1,1,,,13,4.88,72.54,0.2,,,
l1_championship_player_2025_15_104405,2025,14,l1_championship_club_2025_15,10,10,8,766,,,,,,,3,,1,719,9,24,13,3,6,6,2,,,18,5.834,84.48,0.8,,,1.06
l1_championship_player_2025_15_86651,2025,1,l1_championship_club_2025_15,29,10,2,268,,,,,,,2,1,2,188,4,15,1,5,2,3,1,,,46,4.563000000000001,63.13,0.07,,0.34,1.34
l1_championship_player_2025_15_86651,2025,10,l1_championship_club_2025_15,5,2,,31,,,,,,,1,1,,17,1,,,,1,,1,,,13,4.64,49.35,,,2.9,2.9
l1_championship_player_2025_15_86651,2025,14,l1_championship_club_2025_15,10,5,5,357,,,,,,,2,1,2,280,1,16,1,2,3,2,1,,,18,5.077999999999999,70.59,0.5,,0.25,0.25
l1_championship_player_2025_15_104435,2025,1,l1_championship_club_2025_15,29,25,22,2022,1,1,,1,,4,24,8,36,1925,32,140,13,29,23,58,5,1,2,46,5.701199999999999,85.68,0.76,2022,0.36,1.42
l1_championship_player_2025_15_104435,2025,10,l1_championship_club_2025_15,5,4,4,344,,,,,,,6,3,17,379,12,32,4,9,7,12,1,,,13,7.579999999999999,99.16,0.8,,0.78,3.14
l1_championship_player_2025_15_104435,2025,14,l1_championship_club_2025_15,10,9,5,576,1,1,,1,,,9,2,10,556,16,45,2,10,6,22,3,,,18,5.50375,86.88,0.5,576,0.31,2.5
l1_championship_player_2025_15_100380,2025,1,l1_championship_club_2025_15,29,29,22,1843,1,1,,1,,2,11,1,26,1565,13,106,24,34,22,19,4,,1,46,5.419999999999999,76.42,0.76,1843,0.05,0.63
l1_championship_player_2025_15_100380,2025,10,l1_championship_club_2025_15,5,5,4,337,,,,,,,2,,1,335,1,17,9,7,2,2,,,,13,5.562,89.47,0.8,,,0.27
l1_championship_player_2025_15_100380,2025,14,l1_championship_club_2025_15,10,8,7,597,1,1,,1,,,2,2,4,492,4,21,5,8,12,2,2,,,18,5.316250000000001,74.17,0.7,597,0.3,0.6
l1_championship_player_2025_15_105478,2025,1,l1_championship_club_2025_15,26,22,18,1537,2,1,1,1,1,2,47,18,22,900,62,99,5,9,14,25,2,,,42,5.171363636363636,52.7,0.69,768.5,1.05,3.63
l1_championship_player_2025_15_105478,2025,10,l1_championship_club_2025_15,5,5,4,384,6,4,2,3,3,,22,10,7,220,27,16,3,2,5,,,,,13,6.254,51.56,0.8,64,2.34,6.33
l1_championship_player_2025_15_105478,2025,14,l1_championship_club_2025_15,10,8,6,511,3,2,1,1,1,,22,9,10,282,24,16,4,1,4,5,,,,18,5.5371428571428565,49.67,0.6,170.33,1.59,4.23
l1_championship_player_2025_15_92549,2025,1,l1_championship_club_2025_15,29,,,,,,,,,,,,,,,,,,,,,,,46,,,,,,
l1_championship_player_2025_15_92549,2025,10,l1_championship_club_2025_15,5,,,,,,,,,,,,,,,,,,,,,,,13,,,,,,
l1_championship_player_2025_15_92549,2025,14,l1_championship_club_2025_15,10,,,,,,,,,,,,,,,,,,,,,,,18,,,,,,
l1_championship_player_2025_15_105383,2025,1,l1_championship_club_2025_15,28,9,4,360,,,,,,,1,1,3,308,2,16,2,7,4,2,,,,45,4.358,77,0.14,,0.25,0.5
l1_championship_player_2025_15_105383,2025,10,l1_championship_club_2025_15,5,1,,8,,,,,,,,,,6,1,,,,,,,,,13,4.72,67.5,,,,11.25
l1_championship_player_2025_15_105383,2025,14,l1_championship_club_2025_15,10,4,3,215,,,,,,,2,,1,204,,12,2,4,1,3,,,,18,4.35,85.4,0.3,,,
l1_championship_player_2025_15_500449,2025,1,l1_championship_club_2025_15,29,,,,,,,,,,,,,,,,,,,,,,,46,,,,,,
l1_championship_player_2025_15_500449,2025,10,l1_championship_club_2025_15,5,,,,,,,,,,,,,,,,,,,,,,,13,,,,,,
l1_championship_player_2025_15_500449,2025,14,l1_championship_club_2025_15,10,,,,,,,,,,,,,,,,,,,,,,,18,,,,,,
l1_championship_player_2025_15_101736,2025,1,l1_championship_club_2025_15,29,23,21,1838,3,2,1,3,,4,23,9,31,1313,60,104,17,21,16,25,4,,4,46,5.559130434782608,64.29,0.72,612.67,0.44,2.94
l1_championship_player_2025_15_101736,2025,10,l1_championship_club_2025_15,5,4,4,285,1,,1,1,,,4,2,7,220,12,17,2,4,3,5,1,,,13,5.6225000000000005,69.47,0.8,285,0.63,3.79
l1_championship_player_2025_15_101736,2025,14,l1_championship_club_2025_15,10,8,2,334,,,,,,,8,5,7,306,20,25,3,5,2,6,2,,,18,5.095714285714286,82.46,0.2,,1.35,5.39
l1_championship_player_2025_15_88871,2025,1,l1_championship_club_2025_15,11,4,4,303,,,,,,,1,,5,270,1,19,2,7,7,1,,,,15,4.9175,80.2,0.36,,,0.3
l1_championship_player_2025_15_88871,2025,1,l1_championship_club_2025_12,17,15,15,1263,1,1,,,1,1,9,3,13,723,17,66,10,12,16,14,2,1,,18,4.913333333333332,51.52,0.88,1263,0.21,1.21
l1_championship_player_2025_15_88871,2025,10,l1_championship_club_2025_12,2,2,2,180,,,,,,,,,3,143,,8,,4,2,1,,,,6,5.215,71.5,1,,,
l1_championship_player_2025_15_88871,2025,10,l1_championship_club_2025_15,3,1,,5,,,,,,,,,,3,,1,,,,,,,,5,4.37,54,,,,
l1_championship_player_2025_15_88871,2025,14,l1_championship_club_2025_15,4,,,,,,,,,,,,,,,,,,,,,,,7,,,,,,
l1_championship_player_2025_15_105404,2025,1,l1_championship_club_2025_15,29,1,,8,,,,,,,,,,8,,1,1,,,,,,,46,4.32,90,,,,
l1_championship_player_2025_15_105404,2025,10,l1_championship_club_2025_15,5,,,,,,,,,,,,,,,,,,,,,,,13,,,,,,
l1_championship_player_2025_15_105404,2025,14,l1_championship_club_2025_15,10,,,,,,,,,,,,,,,,,,,,,,,18,,,,,,
l1_championship_player_2025_15_86909,2025,1,l1_championship_club_2025_15,29,23,15,1427,2,2,,,2,,23,9,5,901,38,32,14,11,10,7,2,,,46,5.246086956521739,56.83,0.52,713.5,0.57,2.4
l1_championship_player_2025_15_86909,2025,10,l1_championship_club_2025_15,5,5,5,396,,,,,,,4,3,1,316,11,10,4,5,1,,,,,13,5.476,71.82,1,,0.68,2.5
l1_championship_player_2025_15_86909,2025,14,l1_championship_club_2025_15,10,6,4,372,2,1,1,1,,,6,3,5,305,11,16,4,4,2,3,,,,18,5.7780000000000005,73.79,0.4,186,0.73,2.66
l1_championship_player_2025_15_104989,2025,1,l1_championship_club_2025_15,29,5,3,222,1,,1,,1,,1,1,,189,2,11,4,2,4,3,1,,,46,4.909999999999999,76.62,0.1,222,0.41,0.81
l1_championship_player_2025_15_104989,2025,10,l1_championship_club_2025_15,5,1,1,72,,,,,,,,,,66,,1,2,,1,,,,,13,4.89,82.5,0.2,,,
l1_championship_player_2025_15_104989,2025,14,l1_championship_club_2025_15,10,3,1,83,,,,,,,,,,77,,3,,,,2,,,,18,4.536666666666667,83.49,0.1,,,
l1_championship_player_2025_15_102031,2025,1,l1_championship_club_2025_15,12,9,4,319,,,,,,1,7,1,6,235,19,42,2,8,6,16,,,,20,4.973333333333333,66.3,0.33,,0.28,5.36
l1_championship_player_2025_15_102031,2025,4,l1_championship_club_2025_48,19,13,9,803,2,,2,1,1,6,22,8,11,531,26,80,2,16,12,35,1,,4,35,5.806923076923078,59.51,0.47,401.5,0.9,2.91
l1_championship_player_2025_15_102031,2025,10,l1_championship_club_2025_48,1,1,1,90,,,,,,,4,2,,68,7,10,1,2,1,3,,,,1,6.55,68,1,,2,7
l1_championship_player_2025_15_102031,2025,10,l1_championship_club_2025_15,3,3,1,121,,,,,,,4,1,3,112,12,16,3,3,1,7,1,,,5,5.19,83.31,0.33,,0.74,8.93
l1_championship_player_2025_15_102031,2025,14,l1_championship_club_2025_15,4,4,2,169,,,,,,,2,2,4,125,7,17,3,5,2,8,,,,7,4.6575,66.57,0.5,,1.07,3.73
l1_championship_player_2025_15_104444,2025,1,l1_championship_club_2025_15,29,21,6,754,1,1,,,1,1,9,1,11,532,27,58,3,8,12,18,2,,,46,4.62047619047619,63.5,0.21,754,0.12,3.22
l1_championship_player_2025_15_104444,2025,10,l1_championship_club_2025_15,5,5,,112,,,,,,,4,1,1,61,9,6,,,1,2,,,,13,4.792,49.02,,,0.8,7.23
l1_championship_player_2025_15_104444,2025,14,l1_championship_club_2025_15,10,5,5,396,,,,,,,7,2,4,223,14,26,,3,4,9,1,,,18,5.4799999999999995,50.68,0.5,,0.45,3.18
l1_championship_player_2025_15_505283,2025,1,l1_championship_club_2025_15,13,,,,,,,,,,,,,,,,,,,,,,,21,,,,,,
l1_championship_player_2025_15_505283,2025,10,l1_championship_club_2025_15,5,,,,,,,,,,,,,,,,,,,,,,,13,,,,,,
l1_championship_player_2025_15_505283,2025,14,l1_championship_club_2025_15,5,,,,,,,,,,,,,,,,,,,,,,,10,,,,,,
l1_championship_player_2025_15_101362,2025,1,l1_championship_club_2025_15,29,8,4,427,4,3,1,1,2,2,16,8,3,100,21,17,,,11,9,3,,2,46,5.41625,21.08,0.14,106.75,1.69,4.43
l1_championship_player_2025_15_101362,2025,10,l1_championship_club_2025_15,5,1,1,64,,,,,,,1,,1,11,3,1,,,1,,,,,13,4.09,15.47,0.2,,,4.22
l1_championship_player_2025_15_101362,2025,14,l1_championship_club_2025_15,10,4,1,151,2,2,,,1,,7,4,1,48,9,10,,,2,3,,,,18,4.905,28.61,0.1,75.5,2.38,5.36
l1_championship_player_2025_15_503566,2025,1,l1_championship_club_2025_15,9,5,3,170,,,,,,,3,1,1,59,7,6,1,1,3,1,,,,13,4.204,31.24,0.33,,0.53,3.71
l1_championship_player_2025_15_503566,2025,6,l1_championship_club_2025_9000000008,8,,,,,,,,,,,,,,,,,,,,,,,17,,,,,,
l1_championship_player_2025_15_503566,2025,10,l1_championship_club_2025_15,3,3,,27,,,,,,,,,,12,3,4,,,1,2,,,,5,4.653333333333333,40,,,,10
l1_championship_player_2025_15_503566,2025,14,l1_championship_club_2025_15,4,1,,13,,,,,,,,,,7,1,1,,,,,,,,7,4.13,48.46,,,,6.92
l1_championship_player_2025_15_105477,2025,1,l1_championship_club_2025_15,26,24,15,1302,8,5,3,,5,1,36,14,13,626,74,60,11,12,14,25,2,,,42,5.060000000000001,43.27,0.58,162.75,0.97,5.12
l1_championship_player_2025_15_105477,2025,10,l1_championship_club_2025_15,5,5,5,392,2,1,1,,1,,9,5,7,191,20,18,3,3,3,8,,,,13,5.999999999999999,43.85,1,196,1.15,4.59
l1_championship_player_2025_15_105477,2025,14,l1_championship_club_2025_15,10,9,8,659,4,1,3,2,2,,18,10,12,363,51,35,6,3,8,17,2,,,18,5.6866666666666665,49.58,0.8,164.75,1.37,6.97
l1_championship_player_2025_15_103999,2025,1,l1_championship_club_2025_15,29,15,7,695,3,1,2,1,2,1,13,7,12,395,33,14,4,3,6,1,,,,46,4.939333333333333,51.15,0.24,231.67,0.91,4.27
l1_championship_player_2025_15_103999,2025,10,l1_championship_club_2025_15,5,4,1,141,1,,1,,1,,7,3,7,82,16,4,2,,,1,,,,13,5.36,52.34,0.2,141,1.91,10.21
l1_championship_player_2025_15_103999,2025,14,l1_championship_club_2025_15,10,8,6,453,2,2,,,2,,7,5,12,289,26,9,1,1,6,2,1,,,18,5.584999999999999,57.42,0.6,226.5,0.99,5.17
l1_championship_player_2025_15_105245,2025,1,l1_championship_club_2025_15,29,27,24,2195,16,6,10,2,11,1,59,31,22,838,122,138,12,8,43,44,3,,1,46,5.464230769230769,34.36,0.83,137.19,1.27,5
l1_championship_player_2025_15_105245,2025,10,l1_championship_club_2025_15,5,4,4,322,2,1,1,,1,,14,6,8,109,27,21,,1,4,3,,,,13,6.825,30.47,0.8,161,1.68,7.55
l1_championship_player_2025_15_105245,2025,14,l1_championship_club_2025_15,10,6,3,319,2,1,1,,2,,14,7,5,168,30,22,1,2,4,8,,,,18,5.296666666666667,47.4,0.3,159.5,1.97,8.46
l1_championship_player_2025_15_98456,2025,1,l1_championship_club_2025_15,29,1,1,57,,,,,,,1,,,33,2,2,1,1,1,,,,,46,3.41,52.11,0.03,,,3.16
l1_championship_player_2025_15_98456,2025,10,l1_championship_club_2025_15,5,,,,,,,,,,,,,,,,,,,,,,,13,,,,,,
l1_championship_player_2025_15_98456,2025,14,l1_championship_club_2025_15,10,,,,,,,,,,,,,,,,,,,,,,,18,,,,,,
l1_championship_player_2025_16_101394,2025,1,l1_championship_club_2025_16,30,,,,,,,,,,,,,,,,,,,,,,,,,,,,,
l1_championship_player_2025_16_101394,2025,10,l1_championship_club_2025_16,5,,,,,,,,,,,,,,,,,,,,,,,,,,,,,
l1_championship_player_2025_16_98512,2025,1,l1_championship_club_2025_16,30,1,,30,,,,,,,,,,15,,,,,,,,,,,4.78,45,,,,
l1_championship_player_2025_16_98512,2025,10,l1_championship_club_2025_16,5,5,5,450,,,,,,,,,,160,,,,,,1,2,,,,5.098,32,1,,,
l1_championship_player_2025_16_84101,2025,1,l1_championship_club_2025_16,30,30,30,2670,,,,,,,,,1,987,,,,,1,8,3,,1,,5.207666666666668,33.27,1,,,
l1_championship_player_2025_16_84101,2025,10,l1_championship_club_2025_16,5,,,,,,,,,,,,,,,,,,,,,,,,,,,,,
l1_championship_player_2025_16_85901,2025,1,l1_championship_club_2025_16,30,,,,,,,,,,,,,,,,,,,,,,,,,,,,,
l1_championship_player_2025_16_85901,2025,10,l1_championship_club_2025_16,5,,,,,,,,,,,,,,,,,,,,,,,,,,,,,
l1_championship_player_2025_16_86308,2025,1,l1_championship_club_2025_16,30,,,,,,,,,,,,,,,,,,,,,,,41,,,,,,
l1_championship_player_2025_16_86308,2025,10,l1_championship_club_2025_16,5,,,,,,,,,,,,,,,,,,,,,,,7,,,,,,
l1_championship_player_2025_16_103736,2025,1,l1_championship_club_2025_16,30,26,25,2263,3,3,,,2,,30,9,9,1596,63,155,24,12,28,14,6,,2,41,5.649230769230768,63.47,0.83,754.33,0.36,2.51
l1_championship_player_2025_16_103736,2025,10,l1_championship_club_2025_16,5,3,3,245,1,,1,,,,3,2,1,160,7,15,1,1,5,1,,,,7,4.926666666666667,58.78,0.6,245,0.73,2.57
l1_championship_player_2025_16_86605,2025,1,l1_championship_club_2025_16,30,,,,,,,,,,,,,,,,,,,,,,,41,,,,,,
l1_championship_player_2025_16_86605,2025,10,l1_championship_club_2025_16,5,,,,,,,,,,,,,,,,,,,,,,,7,,,,,,
l1_championship_player_2025_16_100547,2025,1,l1_championship_club_2025_16,30,21,7,814,,,,,,1,9,1,8,426,24,38,8,10,8,8,1,,,41,4.92952380952381,47.1,0.23,,0.11,2.65
l1_championship_player_2025_16_100547,2025,10,l1_championship_club_2025_16,5,4,2,183,,,,,,,1,,1,134,3,10,3,4,2,2,,,,7,5.5024999999999995,65.9,0.4,,,1.48
l1_championship_player_2025_16_95531,2025,1,l1_championship_club_2025_16,30,8,4,440,1,,1,,,,3,1,,225,2,12,3,4,1,,,,,41,4.897499999999999,46.02,0.13,440,0.2,0.41
l1_championship_player_2025_16_95531,2025,10,l1_championship_club_2025_16,5,4,4,346,,,,,,,3,,,268,4,12,2,3,3,,1,,,7,5.4,69.71,0.8,,,1.04
l1_championship_player_2025_16_103900,2025,1,l1_championship_club_2025_16,30,26,24,2135,,,,,,2,6,1,15,1406,12,85,20,24,28,10,6,1,,41,5.001538461538461,59.27,0.8,,0.04,0.51
l1_championship_player_2025_16_103900,2025,10,l1_championship_club_2025_16,5,4,4,360,,,,,,,2,2,2,349,3,15,5,4,2,2,,,,7,6.1875,87.25,0.8,,0.5,0.75
l1_championship_player_2025_16_93199,2025,1,l1_championship_club_2025_16,30,24,19,1656,,,,,,,12,5,7,851,47,90,23,26,51,10,7,,,41,4.769166666666668,46.25,0.63,,0.27,2.55
l1_championship_player_2025_16_93199,2025,10,l1_championship_club_2025_16,5,3,2,194,,,,,,,1,1,2,86,3,7,,3,7,,1,,,7,4.286666666666666,39.9,0.4,,0.46,1.39
l1_championship_player_2025_16_94783,2025,1,l1_championship_club_2025_16,30,29,27,2298,1,,1,,,,15,5,2,1451,30,109,38,12,26,18,3,,,41,5.180344827586207,56.83,0.9,2298,0.2,1.17
l1_championship_player_2025_16_94783,2025,10,l1_championship_club_2025_16,5,3,3,270,,,,,,,2,1,2,206,6,14,4,2,5,1,,,,7,5.48,68.67,0.6,,0.33,2
l1_championship_player_2025_16_505688,2025,1,l1_championship_club_2025_16,13,,,,,,,,,,,,,,,,,,,,,,,17,,,,,,
l1_championship_player_2025_16_505688,2025,10,l1_championship_club_2025_16,4,1,,19,,,,,,,,,,10,,2,,2,,,,,,5,4.28,47.37,,,,
l1_championship_player_2025_16_26588,2025,1,l1_championship_club_2025_16,30,30,25,2127,3,,3,1,2,2,8,5,15,1293,25,91,17,30,30,14,1,,1,41,5.080666666666667,54.71,0.83,709,0.21,1.06
l1_championship_player_2025_16_26588,2025,10,l1_championship_club_2025_16,5,3,2,157,,,,,,,,,1,79,1,8,4,,1,4,,,,7,4.59,45.29,0.4,,,0.57
l1_championship_player_2025_16_84646,2025,1,l1_championship_club_2025_16,30,,,,,,,,,,,,,,,,,,,,,,,41,,,,,,
l1_championship_player_2025_16_84646,2025,10,l1_championship_club_2025_16,5,,,,,,,,,,,,,,,,,,,,,,,7,,,,,,
l1_championship_player_2025_16_101540,2025,1,l1_championship_club_2025_16,30,27,25,2229,2,1,1,,2,1,22,6,33,1648,20,139,30,37,34,40,7,,,41,5.35074074074074,66.54,0.83,1114.5,0.24,0.81
l1_championship_player_2025_16_101540,2025,10,l1_championship_club_2025_16,5,4,4,356,,,,,,,6,3,6,334,1,24,4,10,8,3,2,,,7,5.5975,84.44,0.8,,0.76,0.25
l1_championship_player_2025_16_105335,2025,1,l1_championship_club_2025_15,2,,,,,,,,,,,,,,,,,,,,,,,2,,,,,,
l1_championship_player_2025_16_105335,2025,1,l1_championship_club_2025_16,13,13,12,1067,1,,1,,1,2,27,11,16,787,12,54,28,16,12,15,2,,1,17,5.459999999999999,66.38,0.92,1067,0.93,1.01
l1_championship_player_2025_16_105335,2025,10,l1_championship_club_2025_16,4,4,3,259,,,,,,,3,,4,166,,17,10,4,4,3,2,,,5,4.585,57.68,0.75,,,
l1_championship_player_2025_16_83977,2025,1,l1_championship_club_2025_16,30,,,,,,,,,,,,,,,,,,,,,,,41,,,,,,
l1_championship_player_2025_16_83977,2025,10,l1_championship_club_2025_16,5,,,,,,,,,,,,,,,,,,,,,,,7,,,,,,
l1_championship_player_2025_16_507595,2025,1,l1_championship_club_2025_16,5,,,,,,,,,,,,,,,,,,,,,,,8,,,,,,
l1_championship_player_2025_16_507595,2025,10,l1_championship_club_2025_16,1,,,,,,,,,,,,,,,,,,,,,,,1,,,,,,
l1_championship_player_2025_16_105239,2025,1,l1_championship_club_2025_16,30,8,7,532,,,,,,,6,,1,314,6,33,8,14,5,4,2,,,41,4.8812500000000005,53.12,0.23,,,1.02
l1_championship_player_2025_16_105239,2025,10,l1_championship_club_2025_16,5,,,,,,,,,,,,,,,,,,,,,,,7,,,,,,
l1_championship_player_2025_16_62357,2025,1,l1_championship_club_2025_16,30,29,28,2437,8,3,5,1,7,2,52,15,52,1284,127,157,14,12,16,66,1,1,3,41,5.4255172413793105,47.42,0.93,304.63,0.55,4.69
l1_championship_player_2025_16_62357,2025,10,l1_championship_club_2025_16,5,4,4,360,2,1,1,,2,,10,3,7,218,27,25,1,1,3,10,,,,7,6.025,54.5,0.8,180,0.75,6.75
l1_championship_player_2025_16_84000,2025,1,l1_championship_club_2025_16,30,,,,,,,,,,,,,,,,,,,,,,,41,,,,,,
l1_championship_player_2025_16_84000,2025,10,l1_championship_club_2025_16,5,,,,,,,,,,,,,,,,,,,,,,,7,,,,,,
l1_championship_player_2025_16_80032,2025,1,l1_championship_club_2025_16,30,12,5,500,,,,,,,,,3,287,13,29,12,6,11,9,2,,,41,4.8116666666666665,51.66,0.17,,,2.34
l1_championship_player_2025_16_80032,2025,10,l1_championship_club_2025_16,5,2,2,166,,,,,,,2,,5,115,7,9,7,1,4,2,1,,,7,5.445,62.35,0.4,,,3.8
l1_championship_player_2025_16_104681,2025,1,l1_championship_club_2025_16,30,23,6,618,1,,1,,1,,13,3,2,322,16,23,9,6,11,3,3,,,41,4.685217391304348,46.89,0.2,618,0.44,2.33
l1_championship_player_2025_16_104681,2025,10,l1_championship_club_2025_16,5,4,3,259,,,,,,,6,3,1,134,8,6,4,,7,3,1,,,7,4.32,46.56,0.6,,1.04,2.78
l1_championship_player_2025_16_98651,2025,1,l1_championship_club_2025_16,30,20,9,871,1,1,,,1,1,8,2,5,413,10,34,6,5,14,8,3,1,,41,4.628947368421053,42.68,0.3,871,0.21,1.03
l1_championship_player_2025_16_98651,2025,10,l1_championship_club_2025_16,5,2,1,116,,,,,,,,,,82,1,1,,1,2,,,,,7,4.62,63.62,0.2,,,0.78
l1_championship_player_2025_16_95630,2025,1,l1_championship_club_2025_16,30,1,,7,,,,,,,,,,2,,,,,,,,,,41,4.05,25.71,,,,
l1_championship_player_2025_16_95630,2025,10,l1_championship_club_2025_16,5,1,,14,,,,,,,,,,3,,1,,,1,,,,,7,4.2,19.29,,,,
l1_championship_player_2025_16_105462,2025,1,l1_championship_club_2025_16,27,24,18,1432,4,2,2,2,1,2,46,17,15,509,80,96,7,9,38,8,5,1,1,35,4.788260869565216,31.99,0.67,358,1.07,5.03
l1_championship_player_2025_16_105462,2025,10,l1_championship_club_2025_16,5,4,4,353,1,,1,,1,,9,3,3,108,18,15,,1,6,3,1,,,7,4.9475,27.54,0.8,353,0.76,4.59
l1_championship_player_2025_16_101719,2025,1,l1_championship_club_2025_16,30,25,25,2165,4,3,1,4,,5,35,12,55,1410,73,96,24,23,32,36,7,,1,41,5.6488,58.61,0.83,541.25,0.5,3.03
l1_championship_player_2025_16_101719,2025,10,l1_championship_club_2025_16,5,4,4,360,1,,1,1,,,6,2,11,253,13,15,1,2,6,5,,,,7,6.1325,63.25,0.8,360,0.5,3.25
l1_championship_player_2025_16_97007,2025,1,l1_championship_club_2025_16,30,,,,,,,,,,,,,,,,,,,,,,,41,,,,,,
l1_championship_player_2025_16_97007,2025,10,l1_championship_club_2025_16,5,1,,5,,,,,,,,,,3,,,,,,,,,,7,3.72,54,,,,
l1_championship_player_2025_16_105212,2025,1,l1_championship_club_2025_16,30,25,11,1064,4,2,2,2,1,4,27,9,10,499,62,71,4,15,33,25,4,,1,41,5.0004,42.21,0.37,266,0.76,5.24
l1_championship_player_2025_16_105212,2025,10,l1_championship_club_2025_16,5,4,2,228,2,,2,2,,,9,3,2,102,16,16,,1,7,8,1,,,7,5.2924999999999995,40.26,0.4,114,1.18,6.32
l1_championship_player_2025_16_79939,2025,1,l1_championship_club_2025_16,30,17,16,1264,5,4,1,2,2,1,33,12,14,422,68,78,3,2,28,22,3,,1,41,4.84235294117647,30.05,0.53,252.8,0.85,4.84
l1_championship_player_2025_16_79939,2025,10,l1_championship_club_2025_16,5,,,,,,,,,,,,,,,,,,,,,,,7,,,,,,
l1_championship_player_2025_16_506093,2025,1,l1_championship_club_2025_16,10,10,2,271,,,,,,,6,1,5,103,20,12,1,2,6,1,,,,10,4.307,34.21,0.2,,0.33,6.64
l1_championship_player_2025_16_506093,2025,10,l1_championship_club_2025_16,3,2,,33,,,,,,,,,,18,,1,,1,1,,,,,4,4.165,49.09,,,,
l1_championship_player_2025_16_105405,2025,1,l1_championship_club_2025_16,29,12,1,183,2,2,,1,1,,8,7,7,91,17,7,,3,3,1,,,,40,4.6450000000000005,44.75,0.03,91.5,3.44,8.36
l1_championship_player_2025_16_105405,2025,10,l1_championship_club_2025_16,5,2,2,127,,,,,,,4,2,2,52,8,3,2,1,,1,,,,7,5.325,36.85,0.4,,1.42,5.67
l1_championship_player_2025_16_98449,2025,1,l1_championship_club_2025_16,30,,,,,,,,,,,,,,,,,,,,,,,41,,,,,,
l1_championship_player_2025_16_98449,2025,10,l1_championship_club_2025_16,5,,,,,,,,,,,,,,,,,,,,,,,7,,,,,,
l1_championship_player_2025_30_500568,2025,1,l1_championship_club_2025_30,30,,,,,,,,,,,,,,,,,,,,,,,,,,,,,
l1_championship_player_2025_30_500568,2025,10,l1_championship_club_2025_30,5,,,,,,,,,,,,,,,,,,,,,,,,,,,,,
l1_championship_player_2025_30_500568,2025,13,l1_championship_club_2025_30,8,,,,,,,,,,,,,,,,,,,,,,,,,,,,,
l1_championship_player_2025_30_52965,2025,1,l1_championship_club_2025_30,30,22,22,1980,,,,,,,,,,850,,,,,,4,1,,2,,5.2727272727272725,38.64,0.73,,,
l1_championship_player_2025_30_52965,2025,4,l1_championship_club_2025_41,9,,,,,,,,,,,,,,,,,,,,,,,,,,,,,
l1_championship_player_2025_30_52965,2025,10,l1_championship_club_2025_30,5,2,2,180,,,,,,,,,,59,,,,,,,1,,,,5.215,29.5,0.4,,,
l1_championship_player_2025_30_52965,2025,13,l1_championship_club_2025_30,8,6,6,540,,,,,,,,,,300,,,,,,,,,,,4.746666666666666,50,0.75,,,
l1_championship_player_2025_30_29031,2025,1,l1_championship_club_2025_30,30,8,8,720,,,,,,,,,1,312,,,,,,1,,,,,4.715,39,0.27,,,
l1_championship_player_2025_30_29031,2025,10,l1_championship_club_2025_30,5,3,3,270,,,,,,,,,,136,,,,,,1,1,,,,6.243333333333333,45.33,0.6,,,
l1_championship_player_2025_30_29031,2025,13,l1_championship_club_2025_30,8,2,2,180,,,,,,,,,,86,,,,,,,,,,,6.02,43,0.25,,,
l1_championship_player_2025_30_505993,2025,1,l1_championship_club_2025_30,12,,,,,,,,,,,,,,,,,,,,,,,,,,,,,
l1_championship_player_2025_30_505993,2025,10,l1_championship_club_2025_30,3,,,,,,,,,,,,,,,,,,,,,,,,,,,,,
l1_championship_player_2025_30_505993,2025,13,l1_championship_club_2025_30,2,,,,,,,,,,,,,,,,,,,,,,,,,,,,,
l1_championship_player_2025_30_95645,2025,1,l1_championship_club_2025_30,30,,,,,,,,,,,,,,,,,,,,,,,,,,,,,
l1_championship_player_2025_30_95645,2025,10,l1_championship_club_2025_30,5,,,,,,,,,,,,,,,,,,,,,,,,,,,,,
l1_championship_player_2025_30_95645,2025,13,l1_championship_club_2025_30,8,,,,,,,,,,,,,,,,,,,,,,,,,,,,,
l1_championship_player_2025_30_104039,2025,1,l1_championship_club_2025_30,30,,,,,,,,,,,,,,,,,,,,,,,34,,,,,,
l1_championship_player_2025_30_104039,2025,10,l1_championship_club_2025_30,5,,,,,,,,,,,,,,,,,,,,,,,8,,,,,,
l1_championship_player_2025_30_104039,2025,13,l1_championship_club_2025_30,8,,,,,,,,,,,,,,,,,,,,,,,7,,,,,,
l1_championship_player_2025_30_88734,2025,1,l1_championship_club_2025_30,30,18,12,1016,2,2,,1,,,9,2,11,673,25,73,10,7,18,16,3,1,1,34,4.867222222222222,59.62,0.4,508,0.18,2.21
l1_championship_player_2025_30_88734,2025,10,l1_championship_club_2025_30,5,1,,17,,,,,,,,,1,11,4,1,,1,1,,,,,8,5.15,58.24,,,,21.18
l1_championship_player_2025_30_88734,2025,13,l1_championship_club_2025_30,8,7,5,407,,,,,,,5,1,4,228,6,30,7,4,1,7,,,,7,4.994285714285715,50.42,0.63,,0.22,1.33
l1_championship_player_2025_30_505699,2025,1,l1_championship_club_2025_30,30,,,,,,,,,,,,,,,,,,,,,,,34,,,,,,
l1_championship_player_2025_30_505699,2025,10,l1_championship_club_2025_30,5,,,,,,,,,,,,,,,,,,,,,,,8,,,,,,
l1_championship_player_2025_30_505699,2025,13,l1_championship_club_2025_30,8,,,,,,,,,,,,,,,,,,,,,,,7,,,,,,
l1_championship_player_2025_30_104420,2025,1,l1_championship_club_2025_30,30,23,19,1684,,,,,,,6,1,6,1317,18,89,22,14,26,6,6,,1,34,5.148695652173913,70.39,0.63,,0.05,0.96
l1_championship_player_2025_30_104420,2025,10,l1_championship_club_2025_30,5,5,4,368,,,,,,,3,,1,320,7,20,3,3,4,4,,,,8,5.51,78.26,0.8,,,1.71
l1_championship_player_2025_30_104420,2025,13,l1_championship_club_2025_30,8,6,6,526,,,,,,,2,1,2,387,4,25,5,7,2,3,,,,7,5.663333333333334,66.22,0.75,,0.17,0.68
l1_championship_player_2025_30_78302,2025,1,l1_championship_club_2025_30,30,26,23,2166,2,1,1,2,,1,15,5,14,1608,18,112,34,27,24,21,3,,,34,4.913846153846153,66.81,0.77,1083,0.21,0.75
l1_championship_player_2025_30_78302,2025,10,l1_championship_club_2025_30,5,4,4,360,,,,,,,3,,,266,4,31,5,8,5,6,1,,,8,5.5925,66.5,0.8,,,1
l1_championship_player_2025_30_78302,2025,13,l1_championship_club_2025_30,8,6,6,530,,,,,,,2,,5,420,1,35,11,8,8,12,1,,,7,4.028333333333333,71.32,0.75,,,0.17
l1_championship_player_2025_30_103944,2025,1,l1_championship_club_2025_30,30,2,2,146,,,,,,,,,,81,,9,2,2,3,1,1,,,34,4.765000000000001,49.93,0.07,,,
l1_championship_player_2025_30_103944,2025,10,l1_championship_club_2025_30,5,,,,,,,,,,,,,,,,,,,,,,,8,,,,,,
l1_championship_player_2025_30_103944,2025,13,l1_championship_club_2025_30,8,,,,,,,,,,,,,,,,,,,,,,,7,,,,,,
l1_championship_player_2025_30_18101,2025,1,l1_championship_club_2025_30,30,27,25,2273,1,,1,,1,6,23,6,58,1925,45,112,43,33,21,16,,,1,34,5.435925925925925,76.22,0.83,2273,0.24,1.78
l1_championship_player_2025_30_18101,2025,10,l1_championship_club_2025_30,5,5,4,405,,,,,,,3,,11,384,10,22,8,6,2,2,,,,8,6.691999999999998,85.33,0.8,,,2.22
l1_championship_player_2025_30_18101,2025,13,l1_championship_club_2025_30,8,6,3,273,,,,,,,5,,4,169,11,10,7,1,6,3,2,1,,7,4.098333333333334,55.71,0.38,,,3.63
l1_championship_player_2025_30_4050,2025,1,l1_championship_club_2025_30,30,11,8,762,,,,,,1,5,1,1,485,6,25,9,5,8,4,1,,,34,5.153636363636364,57.28,0.27,,0.12,0.71
l1_championship_player_2025_30_4050,2025,10,l1_championship_club_2025_30,5,1,1,82,,,,,,,,,2,77,,2,1,2,,,,,,8,6.44,84.51,0.2,,,
l1_championship_player_2025_30_4050,2025,13,l1_championship_club_2025_30,8,3,2,183,,,,,,,,,,137,1,10,2,3,4,1,,,,7,4.423333333333334,67.38,0.25,,,0.49
l1_championship_player_2025_30_504302,2025,1,l1_championship_club_2025_30,20,1,1,90,,,,,,,,,,103,1,8,,3,,2,,,,18,4.86,103,0.05,,,1
l1_championship_player_2025_30_504302,2025,10,l1_championship_club_2025_30,5,2,2,135,,,,,,,1,,,119,,2,2,1,,1,,,,8,5.13,79.33,0.4,,,
l1_championship_player_2025_30_504302,2025,13,l1_championship_club_2025_30,5,2,2,180,,,,,,,1,1,1,91,,7,2,2,5,1,1,,,4,4.965,45.5,0.4,,0.5,
l1_championship_player_2025_30_80642,2025,1,l1_championship_club_2025_30,30,21,20,1738,1,,1,,1,,15,7,1,1383,14,120,15,30,27,21,5,,,34,5.084761904761905,71.62,0.67,1738,0.36,0.72
l1_championship_player_2025_30_80642,2025,10,l1_championship_club_2025_30,5,3,3,270,1,1,,,1,,2,1,1,244,4,16,2,3,1,,,,,8,6.37,81.33,0.6,270,0.33,1.33
l1_championship_player_2025_30_80642,2025,13,l1_championship_club_2025_30,8,7,4,413,,,,,,,8,1,2,311,8,28,5,4,3,10,3,,,7,4.904285714285714,67.77,0.5,,0.22,1.74
l1_championship_player_2025_30_87542,2025,1,l1_championship_club_2025_30,30,,,,,,,,,,,,,,,,,,,,,,,34,,,,,,
l1_championship_player_2025_30_87542,2025,10,l1_championship_club_2025_30,5,,,,,,,,,,,,,,,,,,,,,,,8,,,,,,
l1_championship_player_2025_30_87542,2025,13,l1_championship_club_2025_30,8,,,,,,,,,,,,,,,,,,,,,,,7,,,,,,
l1_championship_player_2025_30_100603,2025,1,l1_championship_club_2025_30,30,2,1,72,,,,,,,,,,30,,1,2,,2,,,1,,34,3.665,37.5,0.03,,,
l1_championship_player_2025_30_100603,2025,10,l1_championship_club_2025_30,5,,,,,,,,,,,,,,,,,,,,,,,8,,,,,,
l1_championship_player_2025_30_100603,2025,13,l1_championship_club_2025_30,8,,,,,,,,,,,,,,,,,,,,,,,7,,,,,,
l1_championship_player_2025_30_105177,2025,1,l1_championship_club_2025_30,30,25,24,2068,1,,1,1,,,11,3,6,1551,15,123,25,25,25,25,3,,,34,5.512800000000001,67.5,0.8,2068,0.13,0.65
l1_championship_player_2025_30_105177,2025,10,l1_championship_club_2025_30,5,4,4,270,,,,,,,1,1,,181,1,14,5,1,2,4,,,,8,5.2925,60.33,0.8,,0.33,0.33
l1_championship_player_2025_30_105177,2025,13,l1_championship_club_2025_30,8,5,4,361,,,,,,,2,,,225,3,19,8,4,3,5,1,,,7,4.914,56.09,0.5,,,0.75
l1_championship_player_2025_30_506058,2025,1,l1_championship_club_2025_30,11,,,,,,,,,,,,,,,,,,,,,,,9,,,,,,
l1_championship_player_2025_30_506058,2025,10,l1_championship_club_2025_30,3,,,,,,,,,,,,,,,,,,,,,,,5,,,,,,
l1_championship_player_2025_30_506058,2025,13,l1_championship_club_2025_30,1,,,,,,,,,,,,,,,,,,,,,,,,,,,,,
l1_championship_player_2025_30_504214,2025,1,l1_championship_club_2025_30,30,,,,,,,,,,,,,,,,,,,,,,,34,,,,,,
l1_championship_player_2025_30_504214,2025,10,l1_championship_club_2025_30,5,,,,,,,,,,,,,,,,,,,,,,,8,,,,,,
l1_championship_player_2025_30_504214,2025,13,l1_championship_club_2025_30,8,1,,11,,,,,,,,,,5,,,,,1,,,,,7,4.8,40.91,,,,
l1_championship_player_2025_30_88969,2025,1,l1_championship_club_2025_6,4,,,,,,,,,,,,,,,,,,,,,,,5,,,,,,
l1_championship_player_2025_30_88969,2025,1,l1_championship_club_2025_30,30,15,10,754,,,,,,,1,,1,469,3,26,10,6,18,8,3,,,34,4.701333333333334,55.98,0.33,,,0.36
l1_championship_player_2025_30_88969,2025,10,l1_championship_club_2025_30,5,4,3,236,,,,,,,1,,1,134,,6,1,2,3,2,,,,8,4.9350000000000005,51.1,0.6,,,
l1_championship_player_2025_30_88969,2025,13,l1_championship_club_2025_30,8,5,4,375,,,,,,,2,,5,185,3,9,2,3,5,3,1,,,7,5.042,44.4,0.5,,,0.72
l1_championship_player_2025_30_105345,2025,1,l1_championship_club_2025_30,30,4,1,93,,,,,,,3,1,2,72,8,9,,4,1,3,,,,34,4.445,69.68,0.03,,0.97,7.74
l1_championship_player_2025_30_105345,2025,10,l1_championship_club_2025_30,5,3,1,106,,,,,,,3,1,3,66,7,4,,1,2,1,,,,8,4.583333333333333,56.04,0.2,,0.85,5.94
l1_championship_player_2025_30_105345,2025,13,l1_championship_club_2025_30,8,,,,,,,,,,,,,,,,,,,,,,,7,,,,,,
l1_championship_player_2025_30_89873,2025,1,l1_championship_club_2025_30,30,21,15,1380,1,1,,,1,2,19,8,14,780,19,69,16,14,17,28,6,,,34,4.8357142857142845,50.87,0.5,1380,0.52,1.24
l1_championship_player_2025_30_89873,2025,10,l1_championship_club_2025_30,5,1,1,90,,,,,,,,,,40,1,1,,,1,,1,,,8,5.01,40,0.2,,,1
l1_championship_player_2025_30_89873,2025,13,l1_championship_club_2025_30,8,3,1,105,,,,,,,3,,1,83,2,10,3,1,1,2,,,,7,4.656666666666667,71.14,0.13,,,1.71
l1_championship_player_2025_30_505587,2025,1,l1_championship_club_2025_30,14,,,,,,,,,,,,,,,,,,,,,,,15,,,,,,
l1_championship_player_2025_30_505587,2025,10,l1_championship_club_2025_30,5,,,,,,,,,,,,,,,,,,,,,,,8,,,,,,
l1_championship_player_2025_30_505587,2025,13,l1_championship_club_2025_30,2,1,,24,,,,,,,1,,,11,,2,,,,1,,,,3,4.47,41.25,,,,
l1_championship_player_2025_30_100768,2025,1,l1_championship_club_2025_30,30,2,,11,,,,,,,,,,13,,1,1,,1,,,,,34,4.715,106.36,,,,
l1_championship_player_2025_30_100768,2025,10,l1_championship_club_2025_30,5,,,,,,,,,,,,,,,,,,,,,,,8,,,,,,
l1_championship_player_2025_30_100768,2025,13,l1_championship_club_2025_30,8,1,1,45,,,,,,,2,,1,24,1,1,,1,,,,,,7,4.9,48,0.13,,,2
l1_championship_player_2025_30_56749,2025,1,l1_championship_club_2025_30,30,29,23,1857,7,3,4,,7,2,46,15,25,1125,63,91,17,11,21,40,5,,,34,5.09344827586207,54.52,0.77,265.29,0.73,3.05
l1_championship_player_2025_30_56749,2025,10,l1_championship_club_2025_30,5,3,2,153,2,1,1,,1,,5,3,3,95,6,9,3,2,2,3,,,,8,6.276666666666666,55.88,0.4,76.5,1.76,3.53
l1_championship_player_2025_30_56749,2025,13,l1_championship_club_2025_30,8,5,2,228,,,,,,,2,,2,164,6,12,3,2,5,5,,,,7,4.436,64.74,0.25,,,2.37
l1_championship_player_2025_30_87554,2025,1,l1_championship_club_2025_30,30,24,13,1240,3,2,1,2,1,2,21,6,19,732,35,61,8,13,16,11,1,1,2,34,4.785,53.13,0.43,413.33,0.44,2.54
l1_championship_player_2025_30_87554,2025,10,l1_championship_club_2025_30,5,4,3,284,,,,,,,6,,4,177,7,17,2,3,3,3,,,,8,5.01,56.09,0.6,,,2.22
l1_championship_player_2025_30_87554,2025,13,l1_championship_club_2025_30,8,7,6,524,,,,,,,6,1,9,335,13,27,4,6,3,5,2,,,7,4.928571428571429,57.54,0.75,,0.17,2.23
l1_championship_player_2025_30_45022,2025,1,l1_championship_club_2025_30,30,8,3,272,,,,,,1,5,1,5,123,4,11,1,1,1,7,,,,34,4.63125,40.7,0.1,,0.33,1.32
l1_championship_player_2025_30_45022,2025,10,l1_championship_club_2025_30,5,3,3,198,,,,,,,1,,1,78,6,6,3,1,1,1,,,,8,4.739999999999999,35.45,0.6,,,2.73
l1_championship_player_2025_30_45022,2025,13,l1_championship_club_2025_30,8,2,2,148,,,,,,,1,,1,66,2,9,1,1,2,3,,,,7,4.285,40.14,0.25,,,1.22
l1_championship_player_2025_30_100368,2025,1,l1_championship_club_2025_30,30,3,2,137,,,,,,,2,,,82,4,3,3,,4,,,,,34,4.333333333333333,53.87,0.07,,,2.63
l1_championship_player_2025_30_100368,2025,10,l1_championship_club_2025_30,5,1,,21,,,,,,,,,,12,,,,,,,,,,8,4.5,51.43,,,,
l1_championship_player_2025_30_100368,2025,13,l1_championship_club_2025_30,8,2,1,98,,,,,,,2,,1,52,5,7,,1,1,,,,,7,4.16,47.76,0.13,,,4.59
l1_championship_player_2025_30_34429,2025,1,l1_championship_club_2025_30,30,27,16,1494,,,,,,2,15,4,11,826,31,78,24,20,31,17,4,,,34,4.558148148148148,49.76,0.53,,0.24,1.87
l1_championship_player_2025_30_34429,2025,10,l1_championship_club_2025_30,5,5,4,377,1,1,,,1,,7,2,5,221,6,16,3,5,5,4,1,,,8,5.35,52.76,0.8,377,0.48,1.43
l1_championship_player_2025_30_34429,2025,13,l1_championship_club_2025_30,8,6,4,340,,,,,,,4,,3,173,6,23,3,3,3,12,,,,7,4.395,45.79,0.5,,,1.59
l1_championship_player_2025_30_105461,2025,1,l1_championship_club_2025_30,27,23,20,1731,,,,,,1,4,1,15,1209,15,95,19,27,34,8,6,,,30,4.97,62.86,0.74,,0.05,0.78
l1_championship_player_2025_30_105461,2025,10,l1_championship_club_2025_30,5,4,3,251,,,,,,,3,1,1,210,5,15,2,5,11,3,1,,,8,5.1625000000000005,75.3,0.6,,0.36,1.79
l1_championship_player_2025_30_105461,2025,13,l1_championship_club_2025_30,8,7,5,450,1,1,,,1,,5,3,3,328,6,21,5,7,6,3,3,,,7,4.945714285714287,65.6,0.63,450,0.6,1.2
l1_championship_player_2025_30_506059,2025,1,l1_championship_club_2025_30,11,,,,,,,,,,,,,,,,,,,,,,,9,,,,,,
l1_championship_player_2025_30_506059,2025,10,l1_championship_club_2025_30,3,,,,,,,,,,,,,,,,,,,,,,,5,,,,,,
l1_championship_player_2025_30_506059,2025,13,l1_championship_club_2025_30,1,1,,11,,,,,,,1,,,7,1,3,,1,,1,,,,,4.37,57.27,,,,8.18
l1_championship_player_2025_30_504303,2025,1,l1_championship_club_2025_30,30,,,,,,,,,,,,,,,,,,,,,,,34,,,,,,
l1_championship_player_2025_30_504303,2025,10,l1_championship_club_2025_30,5,,,,,,,,,,,,,,,,,,,,,,,8,,,,,,
l1_championship_player_2025_30_504303,2025,13,l1_championship_club_2025_30,8,,,,,,,,,,,,,,,,,,,,,,,7,,,,,,
l1_championship_player_2025_30_505700,2025,1,l1_championship_club_2025_30,30,10,1,389,1,1,,1,,,9,2,3,189,14,24,5,7,3,4,,,,34,4.422999999999999,43.73,0.03,389,0.46,3.24
l1_championship_player_2025_30_505700,2025,10,l1_championship_club_2025_30,5,2,1,108,1,1,,1,,,1,1,,54,5,5,,2,1,1,,,,8,6.015,45,0.2,108,0.83,4.17
l1_championship_player_2025_30_505700,2025,13,l1_championship_club_2025_30,8,2,,59,,,,,,,1,1,,39,5,7,,,2,4,1,,,7,4.55,59.49,,,1.53,7.63
l1_championship_player_2025_30_105384,2025,1,l1_championship_club_2025_30,29,19,9,838,,,,,,,21,7,2,263,36,42,1,1,28,14,3,,,34,4.3020000000000005,28.25,0.31,,0.75,3.87
l1_championship_player_2025_30_105384,2025,10,l1_championship_club_2025_30,5,2,,45,,,,,,,2,,,11,2,2,,,4,,1,,,8,4.234999999999999,22,,,,4
l1_championship_player_2025_30_105384,2025,13,l1_championship_club_2025_30,8,8,7,572,2,1,1,,2,,20,7,4,191,36,42,,1,12,12,,,,7,4.63875,30.05,0.88,286,1.1,5.66
l1_championship_player_2025_30_90481,2025,1,l1_championship_club_2025_30,30,20,17,1422,4,1,3,3,,2,24,12,21,691,62,71,3,8,14,28,1,,2,34,5.0889999999999995,43.73,0.57,355.5,0.76,3.92
l1_championship_player_2025_30_90481,2025,10,l1_championship_club_2025_30,5,3,1,166,,,,,,,1,,4,100,10,11,3,2,2,3,2,,,8,4.91,54.22,0.2,,,5.42
l1_championship_player_2025_30_90481,2025,13,l1_championship_club_2025_30,8,7,3,261,1,,1,1,,,5,3,3,115,11,14,,2,1,6,,,,7,4.885714285714285,39.66,0.38,261,1.03,3.79
l1_championship_player_2025_30_90936,2025,1,l1_championship_club_2025_30,30,1,,9,,,,,,,,,1,5,1,1,,,2,1,,,,34,4.29,50,,,,10
l1_championship_player_2025_30_90936,2025,10,l1_championship_club_2025_30,5,3,3,172,1,1,,1,,,2,1,,42,5,4,,,4,,,,,8,4.446666666666666,21.98,0.6,172,0.52,2.62
l1_championship_player_2025_30_90936,2025,13,l1_championship_club_2025_30,8,,,,,,,,,,,,,,,,,,,,,,,7,,,,,,
l1_championship_player_2025_30_105459,2025,1,l1_championship_club_2025_30,28,15,5,526,,,,,,,12,4,2,311,22,26,9,3,6,9,2,,,31,4.36,53.21,0.18,,0.68,3.76
l1_championship_player_2025_30_105459,2025,10,l1_championship_club_2025_30,5,2,,28,,,,,,,1,1,,10,1,1,1,,,,,,,8,4.575,32.14,,,3.21,3.21
l1_championship_player_2025_30_105459,2025,13,l1_championship_club_2025_30,8,7,5,380,2,2,,,1,,10,3,2,202,16,22,4,5,5,7,1,,,7,4.957142857142856,47.84,0.63,190,0.71,3.79
l1_championship_player_2025_30_105161,2025,1,l1_championship_club_2025_30,30,19,7,588,1,1,,,1,,15,9,7,239,29,24,5,7,9,6,3,,,34,4.362631578947369,36.58,0.23,588,1.38,4.44
l1_championship_player_2025_30_105161,2025,10,l1_championship_club_2025_30,5,1,1,64,,,,,,,3,1,1,30,4,2,1,,,,,,,8,4.22,42.19,0.2,,1.41,5.63
l1_championship_player_2025_30_105161,2025,13,l1_championship_club_2025_30,8,4,2,181,,,,,,,2,1,3,69,6,13,1,2,2,4,,,,7,4.414999999999999,34.31,0.25,,0.5,2.98
l1_championship_player_2025_30_505995,2025,1,l1_championship_club_2025_30,12,,,,,,,,,,,,,,,,,,,,,,,13,,,,,,
l1_championship_player_2025_30_505995,2025,10,l1_championship_club_2025_30,3,,,,,,,,,,,,,,,,,,,,,,,5,,,,,,
l1_championship_player_2025_30_505995,2025,13,l1_championship_club_2025_30,2,,,,,,,,,,,,,,,,,,,,,,,3,,,,,,
l1_championship_player_2025_30_83638,2025,1,l1_championship_club_2025_30,14,11,9,733,4,2,2,,4,1,18,11,6,209,39,16,2,2,15,3,3,,,15,5.049090909090909,25.66,0.64,183.25,1.35,4.79
l1_championship_player_2025_30_83638,2025,6,l1_championship_club_2025_9000000159,6,3,,52,,,,,,,1,1,3,19,,3,,1,,,,,,8,4.693333333333334,32.88,,,1.73,
l1_championship_player_2025_30_83638,2025,10,l1_championship_club_2025_30,4,3,2,223,2,,2,,2,,7,4,2,64,12,6,1,,6,4,,,,6,5.87,25.83,0.5,111.5,1.61,4.84
l1_championship_player_2025_30_83638,2025,13,l1_championship_club_2025_30,2,,,,,,,,,,,,,,,,,,,,,,,3,,,,,,
l1_championship_player_2025_37_81428,2025,1,l1_championship_club_2025_37,30,26,26,2340,,,,,,,,,,1101,,,,,1,10,1,,9,,5.898461538461538,42.35,0.87,,,
l1_championship_player_2025_37_81428,2025,10,l1_championship_club_2025_37,2,,,,,,,,,,,,,,,,,,,,,,,,,,,,,
l1_championship_player_2025_37_507606,2025,1,l1_championship_club_2025_37,4,,,,,,,,,,,,,,,,,,,,,,,,,,,,,
l1_championship_player_2025_37_93646,2025,1,l1_championship_club_2025_37,30,2,2,180,,,,,,,,,,69,,,,,,2,1,,,,3.835,34.5,0.07,,,
l1_championship_player_2025_37_93646,2025,10,l1_championship_club_2025_37,2,2,2,180,,,,,,,,,,74,,,,,,3,,,,,6.285,37,1,,,
l1_championship_player_2025_37_80763,2025,1,l1_championship_club_2025_37,30,2,2,180,,,,,,,,,,73,,,,,,,,,,,5.715,36.5,0.07,,,
l1_championship_player_2025_37_80763,2025,10,l1_championship_club_2025_37,2,,,,,,,,,,,,,,,,,,,,,,,,,,,,,
l1_championship_player_2025_37_66080,2025,1,l1_championship_club_2025_37,30,24,24,2015,,,,,,3,9,1,16,1533,12,79,31,27,31,16,6,,1,26,5.397083333333334,68.47,0.8,,0.04,0.54
l1_championship_player_2025_37_66080,2025,10,l1_championship_club_2025_37,2,2,1,106,,,,,,,1,,1,103,,3,1,1,1,1,,,,1,5.52,87.45,0.5,,,
l1_championship_player_2025_37_35684,2025,1,l1_championship_club_2025_37,30,3,1,100,,,,,,,1,1,,47,,5,2,1,1,1,,,,26,5.043333333333334,42.3,0.03,,0.9,
l1_championship_player_2025_37_35684,2025,10,l1_championship_club_2025_37,2,1,1,90,,,,,,,,,,65,1,1,,,2,,,,,1,5.94,65,0.5,,,1
l1_championship_player_2025_37_91705,2025,1,l1_championship_club_2025_37,30,6,2,277,,,,,,,1,,,186,,14,3,4,4,5,,,,26,4.134999999999999,60.43,0.07,,,
l1_championship_player_2025_37_91705,2025,10,l1_championship_club_2025_37,2,1,1,90,,,,,,,,,,90,,5,,1,1,4,,,,1,6.36,90,0.5,,,
l1_championship_player_2025_37_84687,2025,1,l1_championship_club_2025_37,30,29,28,2449,1,,1,,1,,9,4,4,1627,13,100,31,30,20,7,3,,,26,5.581724137931034,59.79,0.93,2449,0.15,0.48
l1_championship_player_2025_37_84687,2025,10,l1_championship_club_2025_37,2,,,,,,,,,,,,,,,,,,,,,,,1,,,,,,
l1_championship_player_2025_37_92528,2025,1,l1_championship_club_2025_37,30,28,22,1945,,,,,,,8,3,11,1225,31,111,28,29,27,29,3,,,26,4.908214285714285,56.68,0.73,,0.14,1.43
l1_championship_player_2025_37_92528,2025,10,l1_championship_club_2025_37,2,1,1,64,,,,,,,,,1,45,,7,,3,1,2,1,,,1,4.74,63.28,0.5,,,
l1_championship_player_2025_37_505551,2025,1,l1_championship_club_2025_37,14,,,,,,,,,,,,,,,,,,,,,,,9,,,,,,
l1_championship_player_2025_37_505551,2025,10,l1_championship_club_2025_37,2,,,,,,,,,,,,,,,,,,,,,,,1,,,,,,
l1_championship_player_2025_37_17091,2025,1,l1_championship_club_2025_37,30,21,8,768,,,,,,,2,,7,498,4,32,10,7,7,7,,,,26,4.843333333333335,58.36,0.27,,,0.47
l1_championship_player_2025_37_17091,2025,10,l1_championship_club_2025_37,2,2,1,111,,,,,,,,,4,99,3,7,4,3,1,1,,,,1,5.51,80.27,0.5,,,2.43
l1_championship_player_2025_37_37008,2025,1,l1_championship_club_2025_37,30,30,30,2700,,,,,,2,9,1,7,2199,14,102,42,24,19,18,2,,1,26,5.270333333333332,73.3,1,,0.03,0.47
l1_championship_player_2025_37_37008,2025,10,l1_championship_club_2025_37,2,2,2,180,,,,,,,1,,,220,1,10,4,1,,1,,,,1,6.335,110,1,,,0.5
l1_championship_player_2025_37_99086,2025,1,l1_championship_club_2025_37,30,7,4,380,,,,,,,,,2,242,,20,1,11,5,3,1,,,26,4.778571428571429,57.32,0.13,,,
l1_championship_player_2025_37_99086,2025,10,l1_championship_club_2025_37,2,,,,,,,,,,,,,,,,,,,,,,,1,,,,,,
l1_championship_player_2025_37_81801,2025,1,l1_championship_club_2025_37,30,28,17,1638,2,2,,,2,4,16,5,21,946,22,96,12,21,26,14,3,,,26,5.009642857142858,51.98,0.57,819,0.27,1.21
l1_championship_player_2025_37_81801,2025,10,l1_championship_club_2025_37,2,2,2,154,,,,,,,2,,1,144,5,6,1,3,1,,,,,1,4.494999999999999,84.16,1,,,2.92
l1_championship_player_2025_37_86655,2025,1,l1_championship_club_2025_37,30,3,,31,,,,,,,1,,,25,1,2,,,,,,,,26,4.41,72.58,,,,2.9
l1_championship_player_2025_37_86655,2025,10,l1_championship_club_2025_37,2,1,,5,,,,,,,,,,11,,1,,,,,,,,1,4.57,198,,,,
l1_championship_player_2025_37_505552,2025,1,l1_championship_club_2025_37,14,,,,,,,,,,,,,,,,,,,,,,,9,,,,,,
l1_championship_player_2025_37_505552,2025,10,l1_championship_club_2025_37,2,,,,,,,,,,,,,,,,,,,,,,,1,,,,,,
l1_championship_player_2025_37_44183,2025,1,l1_championship_club_2025_37,30,29,29,2520,,,,,,,5,,13,1506,10,148,27,40,20,50,7,,,26,4.954482758620691,53.79,0.97,,,0.36
l1_championship_player_2025_37_44183,2025,10,l1_championship_club_2025_37,2,1,1,90,,,,,,,,,,68,,6,1,1,1,3,1,,,1,5.36,68,0.5,,,
l1_championship_player_2025_37_90790,2025,1,l1_championship_club_2025_37,30,27,26,2149,2,,2,2,,1,33,14,15,1075,38,103,36,41,29,29,5,,,26,4.892222222222221,45.02,0.87,1074.5,0.59,1.59
l1_championship_player_2025_37_90790,2025,10,l1_championship_club_2025_37,2,1,1,75,,,,,,,1,,,32,1,2,1,,2,1,1,,,1,3.97,38.4,0.5,,,1.2
l1_championship_player_2025_37_41919,2025,1,l1_championship_club_2025_37,30,12,2,346,,,,,,,6,1,4,206,2,31,4,10,10,10,,,,26,4.59,53.58,0.07,,0.26,0.52
l1_championship_player_2025_37_41919,2025,10,l1_championship_club_2025_37,2,2,2,149,,,,,,,2,,1,106,,11,2,1,3,4,1,,,1,4.465,64.03,1,,,
l1_championship_player_2025_37_93640,2025,1,l1_championship_club_2025_37,30,18,3,361,,,,,,,2,1,3,220,3,22,3,9,6,3,,,,26,4.736666666666666,54.85,0.1,,0.25,0.75
l1_championship_player_2025_37_93640,2025,10,l1_championship_club_2025_37,2,2,1,105,,,,,,,,,1,85,,2,4,,2,1,,,,1,5.27,72.86,0.5,,,
l1_championship_player_2025_37_507655,2025,1,l1_championship_club_2025_37,30,,,,,,,,,,,,,,,,,,,,,,,26,,,,,,
l1_championship_player_2025_37_507655,2025,10,l1_championship_club_2025_37,2,,,,,,,,,,,,,,,,,,,,,,,1,,,,,,
l1_championship_player_2025_37_500571,2025,1,l1_championship_club_2025_37,30,,,,,,,,,,,,,,,,,,,,,,,26,,,,,,
l1_championship_player_2025_37_500571,2025,10,l1_championship_club_2025_37,2,,,,,,,,,,,,,,,,,,,,,,,1,,,,,,
l1_championship_player_2025_37_81139,2025,1,l1_championship_club_2025_37,30,29,23,1798,2,1,1,,2,1,35,8,19,953,45,77,14,22,20,16,2,1,,26,4.494827586206898,47.7,0.77,899,0.4,2.25
l1_championship_player_2025_37_81139,2025,10,l1_championship_club_2025_37,2,2,2,180,,,,,,,3,,3,101,6,7,2,4,,3,1,,,1,4.785,50.5,1,,,3
l1_championship_player_2025_37_91473,2025,1,l1_championship_club_2025_37,12,11,10,886,,,,,,1,11,4,20,718,4,30,5,6,14,6,3,,,6,5.091818181818182,72.93,0.83,,0.41,0.41
l1_championship_player_2025_37_91473,2025,6,l1_championship_club_2025_9000000215,7,,,,,,,,,,,,,,,,,,,,,,,7,,,,,,
l1_championship_player_2025_37_91473,2025,10,l1_championship_club_2025_37,2,,,,,,,,,,,,,,,,,,,,,,,1,,,,,,
l1_championship_player_2025_37_105467,2025,1,l1_championship_club_2025_37,30,15,1,323,2,2,,1,,1,7,3,4,168,18,26,4,4,9,8,2,,,26,4.704,46.81,0.03,161.5,0.84,5.02
l1_championship_player_2025_37_105467,2025,10,l1_championship_club_2025_37,2,,,,,,,,,,,,,,,,,,,,,,,1,,,,,,
l1_championship_player_2025_37_506456,2025,1,l1_championship_club_2025_37,10,,,,,,,,,,,,,,,,,,,,,,,5,,,,,,
l1_championship_player_2025_37_59371,2025,1,l1_championship_club_2025_6,4,,,,,,,,,,,,,,,,,,,,,,,5,,,,,,
l1_championship_player_2025_37_59371,2025,1,l1_championship_club_2025_37,11,9,6,500,,,,,,,15,5,4,175,27,22,2,2,4,3,,,,6,4.345555555555555,31.5,0.55,,0.9,4.86
l1_championship_player_2025_37_59371,2025,10,l1_championship_club_2025_37,2,,,,,,,,,,,,,,,,,,,,,,,1,,,,,,
l1_championship_player_2025_37_90955,2025,1,l1_championship_club_2025_37,30,18,3,421,1,,1,,1,,12,3,2,185,21,25,,4,9,4,,,,26,4.427777777777778,39.55,0.1,421,0.64,4.49
l1_championship_player_2025_37_90955,2025,10,l1_championship_club_2025_37,2,2,,11,,,,,,,,,,7,,1,,,,,,,,1,4.2,57.27,,,,
l1_championship_player_2025_37_101195,2025,1,l1_championship_club_2025_37,30,,,,,,,,,,,,,,,,,,,,,,,26,,,,,,
l1_championship_player_2025_37_101195,2025,10,l1_championship_club_2025_37,2,1,,15,,,,,,,,,,9,,,,,1,,,,,1,4.67,54,,,,
l1_championship_player_2025_37_99066,2025,1,l1_championship_club_2025_37,30,26,11,1092,5,4,1,1,3,,22,14,11,384,61,70,4,3,29,26,,,,26,4.5469230769230755,31.65,0.37,218.4,1.15,5.03
l1_championship_player_2025_37_99066,2025,10,l1_championship_club_2025_37,2,2,2,179,,,,,,,3,,,40,7,7,,,4,3,,,,1,4.585000000000001,20.11,1,,,3.52
l1_championship_player_2025_37_98700,2025,1,l1_championship_club_2025_37,23,22,20,1631,2,1,1,1,1,1,30,14,24,933,90,77,7,9,15,22,1,,,23,4.708181818181818,51.48,0.87,815.5,0.77,4.97
l1_championship_player_2025_37_98700,2025,10,l1_championship_club_2025_37,2,2,2,180,1,1,,,1,,5,3,1,117,6,5,,3,2,,,,,1,5.275,58.5,1,180,1.5,3
l1_championship_player_2025_44_63157,2025,1,l1_championship_club_2025_44,29,20,19,1741,,,,,,,,,,745,,,,,1,8,1,,,,5.52,38.51,0.66,,,
l1_championship_player_2025_44_63157,2025,10,l1_championship_club_2025_44,1,1,1,90,,,,,,,,,,34,,,,,,,,,,,5,34,1,,,
l1_championship_player_2025_44_91316,2025,1,l1_championship_club_2025_44,29,,,,,,,,,,,,,,,,,,,,,,,,,,,,,
l1_championship_player_2025_44_91316,2025,10,l1_championship_club_2025_44,1,,,,,,,,,,,,,,,,,,,,,,,,,,,,,
l1_championship_player_2025_44_90521,2025,1,l1_championship_club_2025_9,4,,,,,,,,,,,,,,,,,,,,,,,,,,,,,
l1_championship_player_2025_44_90521,2025,1,l1_championship_club_2025_44,29,10,10,865,,,,,,,,,,386,,,,,1,1,,1,,,4.417,40.16,0.34,,,
l1_championship_player_2025_44_90521,2025,10,l1_championship_club_2025_44,1,,,,,,,,,,,,,,,,,,,,,,,,,,,,,
l1_championship_player_2025_44_52212,2025,1,l1_championship_club_2025_44,29,26,26,2277,1,,1,,,2,11,6,11,1478,30,122,29,17,26,20,4,,,38,5.580384615384613,58.42,0.9,2277,0.24,1.19
l1_championship_player_2025_44_52212,2025,10,l1_championship_club_2025_44,1,1,,67,,,,,,,1,,,68,3,6,2,2,2,1,1,,,1,5.64,91.34,,,,4.03
l1_championship_player_2025_44_76703,2025,1,l1_championship_club_2025_15,6,,,,,,,,,,,,,,,,,,,,,,,9,,,,,,
l1_championship_player_2025_44_76703,2025,1,l1_championship_club_2025_44,23,15,14,1249,,,,,,,6,2,1,889,12,57,14,11,25,16,3,,,27,5.235333333333333,64.06,0.61,,0.14,0.86
l1_championship_player_2025_44_76703,2025,10,l1_championship_club_2025_44,1,,,,,,,,,,,,,,,,,,,,,,,1,,,,,,
l1_championship_player_2025_44_76703,2025,14,l1_championship_club_2025_15,1,1,,3,,,,,,,,,,3,,1,,,,,,,,2,4.91,90,,,,
l1_championship_player_2025_44_85103,2025,1,l1_championship_club_2025_44,29,17,15,1370,,,,,,,5,,1,757,14,67,21,16,7,9,4,,,38,5.463529411764706,49.73,0.52,,,0.92
l1_championship_player_2025_44_85103,2025,4,l1_championship_club_2025_33,5,,,,,,,,,,,,,,,,,,,,,,,6,,,,,,
l1_championship_player_2025_44_85103,2025,10,l1_championship_club_2025_44,1,1,1,90,,,,,,,,,,87,,5,4,,1,3,1,,,1,6.83,87,1,,,
l1_championship_player_2025_44_105443,2025,1,l1_championship_club_2025_44,27,21,15,1337,,,,,,,17,4,4,830,8,56,20,25,24,14,4,1,,35,4.767619047619049,55.87,0.56,,0.27,0.54
l1_championship_player_2025_44_105443,2025,10,l1_championship_club_2025_44,1,1,,5,,,,,,,,,,3,,1,,1,,,,,,1,5.21,54,,,,
l1_championship_player_2025_44_41971,2025,1,l1_championship_club_2025_44,29,28,27,2432,,,,,,2,9,1,21,1661,9,79,25,25,13,21,3,,,38,5.156071428571429,61.47,0.93,,0.04,0.33
l1_championship_player_2025_44_41971,2025,10,l1_championship_club_2025_44,1,1,,28,,,,,,,,,2,43,1,1,1,,,1,1,,,1,5.36,138.21,,,,3.21
l1_championship_player_2025_44_100340,2025,1,l1_championship_club_2025_44,29,2,,13,,,,,,,,,,10,,,1,,,,,,,38,4.805,69.23,,,,
l1_championship_player_2025_44_100340,2025,10,l1_championship_club_2025_44,1,,,,,,,,,,,,,,,,,,,,,,,1,,,,,,
l1_championship_player_2025_44_86468,2025,1,l1_championship_club_2025_44,29,20,14,1276,,,,,,2,2,1,8,826,9,90,11,29,11,18,,,,38,5.051499999999999,58.26,0.48,,0.07,0.63
l1_championship_player_2025_44_86468,2025,10,l1_championship_club_2025_44,1,1,1,85,,,,,,,1,,,58,1,2,1,,,2,,,,1,5.51,61.41,1,,,1.06
l1_championship_player_2025_44_101882,2025,1,l1_championship_club_2025_44,29,7,2,193,,,,,,,2,,1,157,1,18,2,5,7,5,,,,38,4.970000000000001,73.21,0.07,,,0.47
l1_championship_player_2025_44_101882,2025,10,l1_championship_club_2025_44,1,1,1,62,,,,,,,,,,64,,3,2,2,,1,,,,1,5.26,92.9,1,,,
l1_championship_player_2025_44_78140,2025,1,l1_championship_club_2025_44,28,28,27,2415,2,2,,,2,1,23,7,7,1393,7,101,40,32,28,12,2,,,35,5.071428571428571,51.91,0.96,1207.5,0.26,0.26
l1_championship_player_2025_44_78140,2025,4,l1_championship_club_2025_10,2,1,,23,,,,,,,,,,15,,,1,,,,,,,3,4.58,58.7,,,,
l1_championship_player_2025_44_78140,2025,10,l1_championship_club_2025_44,1,1,,27,,,,,,,1,1,,18,1,1,1,,,,,,,1,5.3,60,,,3.33,3.33
l1_championship_player_2025_44_62484,2025,1,l1_championship_club_2025_44,26,23,12,916,4,2,2,1,2,,22,7,5,329,46,41,3,10,20,14,2,,,34,4.5517391304347825,32.33,0.46,229,0.69,4.52
l1_championship_player_2025_44_62484,2025,10,l1_championship_club_2025_44,1,,,,,,,,,,,,,,,,,,,,,,,1,,,,,,
l1_championship_player_2025_44_93599,2025,1,l1_championship_club_2025_44,29,20,19,1528,5,4,1,,3,3,38,12,21,933,53,96,18,29,26,18,6,,2,38,5.541,54.95,0.66,305.6,0.71,3.12
l1_championship_player_2025_44_93599,2025,10,l1_championship_club_2025_44,1,,,,,,,,,,,,,,,,,,,,,,,1,,,,,,
l1_championship_player_2025_44_504212,2025,1,l1_championship_club_2025_44,29,,,,,,,,,,,,,,,,,,,,,,,38,,,,,,
l1_championship_player_2025_44_504212,2025,10,l1_championship_club_2025_44,1,,,,,,,,,,,,,,,,,,,,,,,1,,,,,,
l1_championship_player_2025_44_505553,2025,1,l1_championship_club_2025_44,13,,,,,,,,,,,,,,,,,,,,,,,17,,,,,,
l1_championship_player_2025_44_505553,2025,10,l1_championship_club_2025_44,1,,,,,,,,,,,,,,,,,,,,,,,1,,,,,,
l1_championship_player_2025_44_506447,2025,1,l1_championship_club_2025_44,9,,,,,,,,,,,,,,,,,,,,,,,12,,,,,,
l1_championship_player_2025_44_64091,2025,1,l1_championship_club_2025_44,29,28,27,2346,1,,1,,1,1,18,3,15,1337,4,117,39,38,29,30,5,,1,38,5.152857142857142,51.29,0.93,2346,0.12,0.15
l1_championship_player_2025_44_64091,2025,10,l1_championship_club_2025_44,1,,,,,,,,,,,,,,,,,,,,,,,1,,,,,,
l1_championship_player_2025_44_104507,2025,1,l1_championship_club_2025_44,29,13,1,194,,,,,,,2,,6,152,2,7,3,3,1,2,,,,38,4.418461538461538,70.52,0.03,,,0.93
l1_championship_player_2025_44_104507,2025,10,l1_championship_club_2025_44,1,1,1,63,,,,,,,,,1,41,,4,,1,,1,,,,1,5.26,58.57,1,,,
l1_championship_player_2025_44_57458,2025,1,l1_championship_club_2025_44,26,19,5,518,,,,,,,6,2,4,269,13,41,7,11,17,4,,,,34,4.5405263157894735,46.74,0.19,,0.35,2.26
l1_championship_player_2025_44_57458,2025,10,l1_championship_club_2025_44,1,1,1,90,,,,,,,1,,1,55,3,8,2,2,3,2,,,,1,5.78,55,1,,,3
l1_championship_player_2025_44_56118,2025,1,l1_championship_club_2025_44,29,27,27,2373,7,6,1,3,2,6,46,15,34,985,117,224,10,14,54,49,9,1,6,38,5.3962962962962955,37.36,0.93,339,0.57,4.44
l1_championship_player_2025_44_56118,2025,10,l1_championship_club_2025_44,1,,,,,,,,,,,,,,,,,,,,,,,1,,,,,,
l1_championship_player_2025_44_88827,2025,1,l1_championship_club_2025_44,29,14,8,660,2,,2,2,,2,29,5,7,273,43,44,4,6,11,10,,,,38,4.726428571428571,37.23,0.28,330,0.68,5.86
l1_championship_player_2025_44_88827,2025,10,l1_championship_club_2025_44,1,1,1,90,,,,,,,3,1,,28,4,7,,2,3,3,,,,1,5.34,28,1,,1,4
l1_championship_player_2025_44_48039,2025,1,l1_championship_club_2025_44,29,27,27,2254,8,4,4,8,,3,29,12,52,1488,53,140,24,34,26,30,2,1,2,38,5.280740740740741,59.41,0.93,281.75,0.48,2.12
l1_championship_player_2025_44_48039,2025,10,l1_championship_club_2025_44,1,1,1,90,,,,,,,2,,4,65,1,5,3,1,,1,,,,1,6.78,65,1,,,1
l1_championship_player_2025_44_102141,2025,1,l1_championship_club_2025_44,29,2,,10,,,,,,,1,,,7,1,3,,,,,,,,38,4.470000000000001,63,,,,9
l1_championship_player_2025_44_102141,2025,10,l1_championship_club_2025_44,1,,,,,,,,,,,,,,,,,,,,,,,1,,,,,,
l1_championship_player_2025_44_90803,2025,1,l1_championship_club_2025_44,29,,,,,,,,,,,,,,,,,,,,,,,38,,,,,,
l1_championship_player_2025_44_90803,2025,10,l1_championship_club_2025_44,1,,,,,,,,,,,,,,,,,,,,,,,1,,,,,,
l1_championship_player_2025_44_72579,2025,1,l1_championship_club_2025_6,3,,,,,,,,,,,,,,,,,,,,,,,5,,,,,,
l1_championship_player_2025_44_72579,2025,1,l1_championship_club_2025_37,3,,,,,,,,,,,,,,,,,,,,,,,2,,,,,,
l1_championship_player_2025_44_72579,2025,1,l1_championship_club_2025_44,26,23,11,1060,5,3,2,1,4,1,28,14,11,431,58,55,6,8,25,15,2,,1,34,4.822173913043478,36.59,0.42,212,1.19,4.92
l1_championship_player_2025_44_72579,2025,10,l1_championship_club_2025_44,1,1,1,90,1,,1,,1,,1,1,,38,6,2,1,,3,1,,,,1,6.12,38,1,90,1,6
l1_championship_player_2025_44_100455,2025,1,l1_championship_club_2025_44,26,24,8,946,1,1,,,1,,20,10,7,476,40,65,11,13,32,16,6,,1,34,4.423749999999999,45.29,0.31,946,0.95,3.81
l1_championship_player_2025_44_100455,2025,4,l1_championship_club_2025_73,4,3,3,264,1,,1,,,1,4,2,2,126,8,26,1,5,,5,,,,7,5.840000000000001,42.95,0.75,264,0.68,2.73
l1_championship_player_2025_44_100455,2025,10,l1_championship_club_2025_44,1,,,,,,,,,,,,,,,,,,,,,,,1,,,,,,
l1_championship_player_2025_90_88741,2025,1,l1_championship_club_2025_90,30,12,12,1080,,,,,,,,,1,579,,,,,,,,,1,,4.839166666666666,48.25,0.4,,,
l1_championship_player_2025_90_88741,2025,10,l1_championship_club_2025_90,3,3,3,270,,,,,,,,,,146,,,,,,1,,,,,6.636666666666667,48.67,1,,,
l1_championship_player_2025_90_19175,2025,1,l1_championship_club_2025_90,30,,,,,,,,,,,,,,,,,,,,,,,,,,,,,
l1_championship_player_2025_90_19175,2025,10,l1_championship_club_2025_90,3,,,,,,,,,,,,,,,,,,,,,,,,,,,,,
l1_championship_player_2025_90_67904,2025,1,l1_championship_club_2025_90,30,18,18,1620,,,,,,,,,,865,,,,,,4,2,,2,,5.300555555555557,48.06,0.6,,,
l1_championship_player_2025_90_67904,2025,10,l1_championship_club_2025_90,3,,,,,,,,,,,,,,,,,,,,,,,,,,,,,
l1_championship_player_2025_90_60726,2025,1,l1_championship_club_2025_90,30,,,,,,,,,,,,,,,,,,,,,,,40,,,,,,
l1_championship_player_2025_90_60726,2025,10,l1_championship_club_2025_90,3,,,,,,,,,,,,,,,,,,,,,,,4,,,,,,
l1_championship_player_2025_90_62315,2025,1,l1_championship_club_2025_90,30,14,12,1065,1,1,,,1,,12,4,2,704,26,45,7,9,13,4,1,,,40,5.247142857142857,59.49,0.4,1065,0.34,2.2
l1_championship_player_2025_90_62315,2025,10,l1_championship_club_2025_90,3,,,,,,,,,,,,,,,,,,,,,,,4,,,,,,
l1_championship_player_2025_90_506047,2025,1,l1_championship_club_2025_90,30,9,9,810,,,,,,2,3,1,3,557,7,31,5,4,5,3,1,,,40,5.955555555555556,61.89,0.3,,0.11,0.78
l1_championship_player_2025_90_506047,2025,10,l1_championship_club_2025_90,3,1,1,90,,,,,,,1,,,92,,5,1,3,,,,,,4,5,92,0.33,,,
l1_championship_player_2025_90_90544,2025,1,l1_championship_club_2025_90,30,17,13,1147,,,,,,1,4,,5,820,10,51,8,11,11,13,5,2,,40,4.9005882352941175,64.34,0.43,,,0.78
l1_championship_player_2025_90_90544,2025,4,l1_championship_club_2025_41,9,,,,,,,,,,,,,,,,,,,,,,,14,,,,,,
l1_championship_player_2025_90_90544,2025,10,l1_championship_club_2025_90,3,2,1,134,,,,,,,1,,2,119,,12,1,6,1,2,1,,,4,6.225,79.93,0.33,,,
l1_championship_player_2025_90_86894,2025,1,l1_championship_club_2025_90,30,,,,,,,,,,,,,,,,,,,,,,,40,,,,,,
l1_championship_player_2025_90_86894,2025,10,l1_championship_club_2025_90,3,1,,1,,,,,,,,,,3,,,,,,,,,,4,4.59,270,,,,
l1_championship_player_2025_90_18719,2025,1,l1_championship_club_2025_90,30,11,7,660,,,,,,,1,1,2,574,4,21,8,5,8,1,2,,,40,4.827272727272727,78.27,0.23,,0.14,0.55
l1_championship_player_2025_90_18719,2025,10,l1_championship_club_2025_90,3,2,2,180,,,,,,,3,,,140,4,1,2,,4,,,,,4,6.130000000000001,70,0.67,,,2
l1_championship_player_2025_90_86437,2025,1,l1_championship_club_2025_90,30,28,27,2446,,,,,,1,7,2,4,1798,16,123,34,29,20,16,3,,,40,5.522857142857142,66.16,0.9,,0.07,0.59
l1_championship_player_2025_90_86437,2025,10,l1_championship_club_2025_90,3,3,3,270,,,,,,,2,1,,231,2,10,6,2,1,2,,,,4,6.003333333333333,77,1,,0.33,0.67
l1_championship_player_2025_90_102076,2025,1,l1_championship_club_2025_90,30,9,3,299,,,,,,,3,,1,202,2,18,1,1,3,7,,,,40,4.748888888888889,60.8,0.1,,,0.6
l1_championship_player_2025_90_102076,2025,10,l1_championship_club_2025_90,3,2,2,135,,,,,,,1,,1,105,1,7,1,2,2,2,,,,4,4.955,70,0.67,,,0.67
l1_championship_player_2025_90_105187,2025,1,l1_championship_club_2025_90,30,22,20,1820,1,,1,,1,,12,3,3,1688,9,101,27,24,23,31,6,1,2,40,5.39590909090909,83.47,0.67,1820,0.15,0.45
l1_championship_player_2025_90_105187,2025,10,l1_championship_club_2025_90,3,1,1,90,,,,,,,,,1,48,,5,1,1,2,3,1,,,4,5.34,48,0.33,,,
l1_championship_player_2025_90_91151,2025,1,l1_championship_club_2025_90,30,,,,,,,,,,,,,,,,,,,,,,,40,,,,,,
l1_championship_player_2025_90_91151,2025,10,l1_championship_club_2025_90,3,1,,7,,,,,,,,,,4,,,1,,,,,,,4,5.03,51.43,,,,
l1_championship_player_2025_90_92662,2025,1,l1_championship_club_2025_90,30,23,15,1463,,,,,,,4,1,17,1008,9,52,12,13,4,15,,,,40,5.056521739130434,62.01,0.5,,0.06,0.55
l1_championship_player_2025_90_92662,2025,4,l1_championship_club_2025_41,9,,,,,,,,,,,,,,,,,,,,,,,14,,,,,,
l1_championship_player_2025_90_92662,2025,10,l1_championship_club_2025_90,3,3,3,270,,,,,,,1,,1,167,2,7,3,4,2,1,,,,4,5.303333333333334,55.67,1,,,0.67
l1_championship_player_2025_90_67860,2025,1,l1_championship_club_2025_90,27,14,12,985,,,,,,1,4,,6,751,12,43,16,16,19,4,3,,,35,5.089285714285714,68.62,0.44,,,1.1
l1_championship_player_2025_90_67860,2025,4,l1_championship_club_2025_73,4,,,,,,,,,,,,,,,,,,,,,,,7,,,,,,
l1_championship_player_2025_90_67860,2025,10,l1_championship_club_2025_90,3,,,,,,,,,,,,,,,,,,,,,,,4,,,,,,
l1_championship_player_2025_90_101093,2025,1,l1_championship_club_2025_90,30,26,24,1978,1,1,,,1,,17,4,13,1184,30,101,32,27,25,18,8,,,40,4.943076923076924,53.87,0.8,1978,0.18,1.37
l1_championship_player_2025_90_101093,2025,10,l1_championship_club_2025_90,3,3,2,191,,,,,,,1,1,2,173,4,20,2,7,1,1,,,,4,5.43,81.52,0.67,,0.47,1.88
l1_championship_player_2025_90_79500,2025,1,l1_championship_club_2025_90,30,25,24,2075,9,6,3,7,2,4,47,19,52,1801,82,122,8,17,14,59,6,,4,40,5.974799999999999,78.12,0.8,230.56,0.82,3.56
l1_championship_player_2025_90_79500,2025,10,l1_championship_club_2025_90,3,2,,77,,,,,,,1,,1,78,1,5,1,1,2,,,,,4,5.5649999999999995,91.17,,,,1.17
l1_championship_player_2025_90_93421,2025,1,l1_championship_club_2025_90,30,,,,,,,,,,,,,,,,,,,,,,,40,,,,,,
l1_championship_player_2025_90_93421,2025,10,l1_championship_club_2025_90,3,1,,1,,,,,,,,,,6,,1,,,,,,,,4,,540,,,,
l1_championship_player_2025_90_28858,2025,1,l1_championship_club_2025_44,2,2,2,180,,,,,,,4,,3,138,3,15,,4,2,5,,,,3,4.855,69,1,,,1.5
l1_championship_player_2025_90_28858,2025,1,l1_championship_club_2025_90,28,19,17,1528,1,,1,,1,1,25,6,11,1064,30,86,18,32,25,20,5,,1,38,5.312105263157895,62.67,0.61,1528,0.35,1.77
l1_championship_player_2025_90_28858,2025,10,l1_championship_club_2025_90,3,,,,,,,,,,,,,,,,,,,,,,,4,,,,,,
l1_championship_player_2025_90_48671,2025,1,l1_championship_club_2025_90,30,22,21,1822,,,,,,3,10,6,40,1876,27,39,9,15,26,8,9,,1,40,5.572727272727274,92.67,0.7,,0.3,1.33
l1_championship_player_2025_90_48671,2025,10,l1_championship_club_2025_90,3,1,1,90,,,,,,,,,,53,,,1,,,,1,,,4,5.49,53,0.33,,,
l1_championship_player_2025_90_17313,2025,1,l1_championship_club_2025_90,30,5,,41,,,,,,,,,,21,1,,1,,,,,,,40,4.176,46.1,,,,2.2
l1_championship_player_2025_90_17313,2025,10,l1_championship_club_2025_90,3,2,2,174,,,,,,,3,1,4,67,12,2,,,2,1,,,,4,4.46,34.66,0.67,,0.52,6.21
l1_championship_player_2025_90_59698,2025,1,l1_championship_club_2025_90,30,20,9,785,2,1,1,,2,,24,7,3,510,15,42,4,14,12,4,1,,,40,4.6865,58.47,0.3,392.5,0.8,1.72
l1_championship_player_2025_90_59698,2025,10,l1_championship_club_2025_90,3,2,2,141,,,,,,,1,,1,134,1,7,3,1,1,1,,,,4,4.97,85.53,0.67,,,0.64
l1_championship_player_2025_90_101110,2025,1,l1_championship_club_2025_2,20,16,6,607,,,,,,,4,,2,331,11,26,7,8,12,9,3,,,14,4.4975000000000005,49.08,0.3,,,1.63
l1_championship_player_2025_90_101110,2025,1,l1_championship_club_2025_90,10,7,5,457,,,,,,,5,2,2,253,7,22,2,7,11,5,1,1,,14,4.3742857142857146,49.82,0.5,,0.39,1.38
l1_championship_player_2025_90_101110,2025,10,l1_championship_club_2025_2,1,1,1,81,,,,,,,1,,,37,1,4,2,1,3,1,1,,,1,3.97,41.11,1,,,1.11
l1_championship_player_2025_90_101110,2025,10,l1_championship_club_2025_90,1,1,,32,,,,,,,,,,33,,1,,,1,1,1,,,,4.96,92.81,,,,
l1_championship_player_2025_90_88576,2025,1,l1_championship_club_2025_90,30,12,8,774,4,1,3,1,2,1,16,8,6,305,35,46,3,3,8,8,,,,40,5.229166666666667,35.47,0.27,193.5,0.93,4.07
l1_championship_player_2025_90_88576,2025,10,l1_championship_club_2025_90,3,1,1,79,,,,,,,2,1,,44,1,12,1,2,1,4,,,,4,4.34,50.13,0.33,,1.14,1.14
l1_championship_player_2025_90_98542,2025,1,l1_championship_club_2025_90,30,1,,1,,,,,,,,,,3,,,,,,,,,,40,4.17,270,,,,
l1_championship_player_2025_90_98542,2025,10,l1_championship_club_2025_90,3,1,,6,,,,,,,1,1,,5,2,2,,1,,1,,,,4,5.16,75,,,15,30
l1_championship_player_2025_90_39732,2025,1,l1_championship_club_2025_90,30,10,1,146,,,,,,,7,1,3,85,10,5,,,2,4,,,,40,4.409000000000001,52.4,0.03,,0.62,6.16
l1_championship_player_2025_90_39732,2025,10,l1_championship_club_2025_90,3,2,2,129,,,,,,,2,,4,101,5,6,1,2,,1,1,,,4,4.795,70.47,0.67,,,3.49
l1_championship_player_2025_90_77378,2025,1,l1_championship_club_2025_90,30,21,9,808,3,,3,,3,1,26,6,4,291,42,32,4,2,16,3,,,,40,4.445714285714285,32.41,0.3,269.33,0.67,4.68
l1_championship_player_2025_90_77378,2025,10,l1_championship_club_2025_90,3,3,3,193,,,,,,,5,,3,68,12,8,1,,4,2,,,,4,4.920000000000001,31.71,1,,,5.6
l1_championship_player_2025_90_57025,2025,1,l1_championship_club_2025_90,30,21,8,832,3,2,1,1,2,1,12,3,3,361,31,41,8,11,9,14,1,,,40,4.604761904761905,39.05,0.27,277.33,0.32,3.35
l1_championship_player_2025_90_57025,2025,10,l1_championship_club_2025_90,3,1,1,40,,,,,,,2,1,,21,4,2,1,1,1,,,,,4,4.44,47.25,0.33,,2.25,9
l1_championship_player_2025_90_84629,2025,1,l1_championship_club_2025_90,30,,,,,,,,,,,,,,,,,,,,,,,40,,,,,,
l1_championship_player_2025_90_84629,2025,10,l1_championship_club_2025_90,3,1,,22,,,,,,,1,,2,17,2,,,,,,,,,4,5.75,69.55,,,,8.18
l1_championship_player_2025_90_26832,2025,1,l1_championship_club_2025_90,30,2,1,78,,,,,,,,,,12,2,2,1,,2,,,,,40,4.045,13.85,0.03,,,2.31
l1_championship_player_2025_90_26832,2025,10,l1_championship_club_2025_90,3,,,,,,,,,,,,,,,,,,,,,,,4,,,,,,
l1_championship_player_2025_90_55821,2025,1,l1_championship_club_2025_90,27,19,10,855,3,3,,1,1,,20,6,8,421,36,42,3,9,11,12,1,,1,35,4.854210526315789,44.32,0.37,285,0.63,3.79
l1_championship_player_2025_90_55821,2025,10,l1_championship_club_2025_90,3,3,2,213,4,,4,3,1,,6,5,,103,10,9,,3,5,2,1,,,4,6.173333333333335,43.52,0.67,53.25,2.11,4.23
l1_championship_player_2025_90_500667,2025,1,l1_championship_club_2025_90,30,9,8,610,2,2,,,2,2,13,5,9,219,29,15,1,,5,5,1,,1,40,5.27,32.31,0.27,305,0.74,4.28
l1_championship_player_2025_90_500667,2025,10,l1_championship_club_2025_90,3,1,,32,,,,,,,1,1,,14,7,,,,1,,,,,4,4.16,39.38,,,2.81,19.69
l1_championship_player_2025_90_500667,2025,13,l1_championship_club_2025_9000000123,8,,,,,,,,,,,,,,,,,,,,,,,14,,,,,,
l1_championship_player_2025_90_505684,2025,1,l1_championship_club_2025_90,30,12,2,385,2,1,1,,2,,11,7,5,241,15,29,3,10,9,3,,,,40,4.965,56.34,0.07,192.5,1.64,3.51
l1_championship_player_2025_90_505684,2025,10,l1_championship_club_2025_90,3,2,1,87,,,,,,,,,1,34,1,4,1,1,6,,1,,,4,4.25,35.17,0.33,,,1.03
l1_championship_player_2025_90_45928,2025,1,l1_championship_club_2025_90,30,25,12,1090,2,1,1,2,,2,27,10,23,499,67,78,1,8,20,19,,,,40,4.676399999999999,41.2,0.4,545,0.83,5.53
l1_championship_player_2025_90_45928,2025,10,l1_championship_club_2025_90,3,1,,16,,,,,,,,,,10,1,1,1,,,,,,,4,4.13,56.25,,,,5.63
l1_championship_player_2025_90_89637,2025,1,l1_championship_club_2025_90,30,26,22,1791,3,1,2,1,2,3,29,10,30,812,66,58,9,8,12,15,,,,40,4.913076923076923,40.8,0.73,597,0.5,3.32
l1_championship_player_2025_90_89637,2025,10,l1_championship_club_2025_90,3,,,,,,,,,,,,,,,,,,,,,,,4,,,,,,
l1_championship_player_2025_158_104360,2025,1,l1_championship_club_2025_158,30,3,2,226,,,,,,,,,,107,,,,,1,,,,,,4.3533333333333335,42.61,0.07,,,
l1_championship_player_2025_158_104360,2025,10,l1_championship_club_2025_158,2,2,2,180,,,,,,,,,,88,,,,,,,,,,,4.4399999999999995,44,1,,,
l1_championship_player_2025_158_104360,2025,13,l1_championship_club_2025_158,12,,,,,,,,,,,,,,,,,,,,,,,,,,,,,
l1_championship_player_2025_158_36573,2025,1,l1_championship_club_2025_158,30,,,,,,,,,,,,,,,,,,,,,,,,,,,,,
l1_championship_player_2025_158_36573,2025,10,l1_championship_club_2025_158,2,,,,,,,,,,,,,,,,,,,,,,,,,,,,,
l1_championship_player_2025_158_36573,2025,13,l1_championship_club_2025_158,12,,,,,,,,,,,,,,,,,,,,,,,,,,,,,
l1_championship_player_2025_158_504846,2025,1,l1_championship_club_2025_158,16,,,,,,,,,,,,,,,,,,,,,,,,,,,,,
l1_championship_player_2025_158_504846,2025,10,l1_championship_club_2025_158,2,,,,,,,,,,,,,,,,,,,,,,,,,,,,,
l1_championship_player_2025_158_504846,2025,13,l1_championship_club_2025_158,7,,,,,,,,,,,,,,,,,,,,,,,,,,,,,
l1_championship_player_2025_158_503325,2025,1,l1_championship_club_2025_158,25,,,,,,,,,,,,,,,,,,,,,,,,,,,,,
l1_championship_player_2025_158_503325,2025,10,l1_championship_club_2025_158,2,,,,,,,,,,,,,,,,,,,,,,,,,,,,,
l1_championship_player_2025_158_503325,2025,13,l1_championship_club_2025_158,12,,,,,,,,,,,,,,,,,,,,,,,,,,,,,
l1_championship_player_2025_158_500457,2025,1,l1_championship_club_2025_158,30,,,,,,,,,,,,,,,,,,,,,,,,,,,,,
l1_championship_player_2025_158_500457,2025,10,l1_championship_club_2025_158,2,,,,,,,,,,,,,,,,,,,,,,,,,,,,,
l1_championship_player_2025_158_500457,2025,13,l1_championship_club_2025_158,12,,,,,,,,,,,,,,,,,,,,,,,,,,,,,
l1_championship_player_2025_158_105338,2025,1,l1_championship_club_2025_158,30,28,28,2474,,,,,,,,,2,1166,,,,,,12,4,,1,,5.364285714285713,42.42,0.93,,,
l1_championship_player_2025_158_105338,2025,10,l1_championship_club_2025_158,2,,,,,,,,,,,,,,,,,,,,,,,,,,,,,
l1_championship_player_2025_158_105338,2025,13,l1_championship_club_2025_158,12,12,12,1110,,,,,,,,,,503,,,,,1,1,2,,,,5.484166666666667,40.78,1,,,
l1_championship_player_2025_158_98501,2025,1,l1_championship_club_2025_158,30,8,7,508,,,,,,,7,2,,546,11,39,11,8,10,8,,1,1,49,5.4937499999999995,96.73,0.23,,0.35,1.95
l1_championship_player_2025_158_98501,2025,10,l1_championship_club_2025_158,2,,,,,,,,,,,,,,,,,,,,,,,2,,,,,,
l1_championship_player_2025_158_98501,2025,13,l1_championship_club_2025_158,12,2,2,118,,,,,,,1,,1,116,2,4,2,2,,,,,,14,4.779999999999999,88.47,0.17,,,1.53
l1_championship_player_2025_158_90972,2025,1,l1_championship_club_2025_158,30,,,,,,,,,,,,,,,,,,,,,,,49,,,,,,
l1_championship_player_2025_158_90972,2025,10,l1_championship_club_2025_158,2,,,,,,,,,,,,,,,,,,,,,,,2,,,,,,
l1_championship_player_2025_158_90972,2025,13,l1_championship_club_2025_158,12,,,,,,,,,,,,,,,,,,,,,,,14,,,,,,
l1_championship_player_2025_158_100831,2025,1,l1_championship_club_2025_158,30,1,,38,,,,,,,,,,33,,4,,1,1,,,,,49,5.24,78.16,,,,
l1_championship_player_2025_158_100831,2025,10,l1_championship_club_2025_158,2,1,1,90,,,,,,,,,,72,1,3,,,1,,,,,2,5.72,72,0.5,,,1
l1_championship_player_2025_158_100831,2025,13,l1_championship_club_2025_158,12,1,1,90,,,,,,,1,,,67,1,1,1,1,,,,,,14,5.3,67,0.08,,,1
l1_championship_player_2025_158_34834,2025,1,l1_championship_club_2025_158,30,25,24,2067,1,1,,,,,11,2,8,1913,23,88,38,21,15,16,7,,1,49,5.9664,83.29,0.8,2067,0.09,1
l1_championship_player_2025_158_34834,2025,10,l1_championship_club_2025_158,2,,,,,,,,,,,,,,,,,,,,,,,2,,,,,,
l1_championship_player_2025_158_34834,2025,13,l1_championship_club_2025_158,12,11,8,851,,,,,,,5,2,3,769,6,38,16,6,8,7,2,,,14,5.430909090909092,81.33,0.67,,0.21,0.63
l1_championship_player_2025_158_99199,2025,1,l1_championship_club_2025_158,27,13,9,953,,,,,,,7,3,4,809,8,41,14,9,10,6,3,,2,38,5.558461538461538,76.4,0.33,,0.28,0.76
l1_championship_player_2025_158_99199,2025,10,l1_championship_club_2025_158,2,,,,,,,,,,,,,,,,,,,,,,,2,,,,,,
l1_championship_player_2025_158_99199,2025,13,l1_championship_club_2025_158,12,8,7,705,,,,,,,4,3,4,565,7,43,11,10,2,8,,,,14,6.1425,72.13,0.58,,0.38,0.89
l1_championship_player_2025_158_78371,2025,1,l1_championship_club_2025_158,30,22,18,1645,1,,1,1,,2,15,3,15,1277,37,55,14,17,27,3,2,,,49,5.538636363636363,69.87,0.6,1645,0.16,2.02
l1_championship_player_2025_158_78371,2025,10,l1_championship_club_2025_158,2,2,2,158,,,,,,,1,,1,173,3,4,4,1,1,1,,,,2,5.455,98.54,1,,,1.71
l1_championship_player_2025_158_78371,2025,13,l1_championship_club_2025_158,12,8,5,481,,,,,,,1,,7,393,12,20,4,5,8,1,,,,14,5.453749999999999,73.53,0.42,,,2.25
l1_championship_player_2025_158_105084,2025,1,l1_championship_club_2025_158,30,25,23,2044,1,1,,,1,2,18,5,4,1672,20,69,32,18,16,8,8,1,,49,5.491200000000001,73.62,0.77,2044,0.22,0.88
l1_championship_player_2025_158_105084,2025,10,l1_championship_club_2025_158,2,1,1,90,1,1,,,1,,2,1,,100,4,4,1,2,,1,,,,2,6.65,100,0.5,90,1,4
l1_championship_player_2025_158_105084,2025,13,l1_championship_club_2025_158,12,8,7,610,1,,1,,1,,3,1,5,549,4,20,9,8,6,2,2,,,14,5.8975,81,0.58,610,0.15,0.59
l1_championship_player_2025_158_104513,2025,1,l1_championship_club_2025_158,14,,,,,,,,,,,,,,,,,,,,,,,16,,,,,,
l1_championship_player_2025_158_104513,2025,10,l1_championship_club_2025_158,2,,,,,,,,,,,,,,,,,,,,,,,2,,,,,,
l1_championship_player_2025_158_104513,2025,13,l1_championship_club_2025_158,6,,,,,,,,,,,,,,,,,,,,,,,4,,,,,,
l1_championship_player_2025_158_62366,2025,1,l1_championship_club_2025_158,30,26,23,1950,3,1,2,3,,3,29,12,33,1595,57,105,22,26,20,40,4,1,,49,5.591923076923077,73.62,0.77,650,0.55,2.63
l1_championship_player_2025_158_62366,2025,10,l1_championship_club_2025_158,2,1,1,90,,,,,,,,,,61,6,2,1,,2,2,1,,,2,4.29,61,0.5,,,6
l1_championship_player_2025_158_62366,2025,13,l1_championship_club_2025_158,12,10,7,666,,,,,,,13,2,7,514,11,34,6,9,7,6,1,,,14,5.311,69.46,0.58,,0.27,1.49
l1_championship_player_2025_158_101141,2025,1,l1_championship_club_2025_158,30,14,8,703,,,,,,,8,,6,504,23,40,6,8,13,21,,,1,49,4.849285714285714,64.52,0.27,,,2.94
l1_championship_player_2025_158_101141,2025,10,l1_championship_club_2025_158,2,2,1,91,,,,,,,2,,,79,2,2,,,1,,,,,2,4.855,78.13,0.5,,,1.98
l1_championship_player_2025_158_101141,2025,13,l1_championship_club_2025_158,12,11,6,568,,,,,,,9,1,5,515,20,39,6,5,4,23,,,,14,5.195454545454546,81.6,0.5,,0.16,3.17
l1_championship_player_2025_158_87404,2025,1,l1_championship_club_2025_158,30,1,1,52,,,,,,,,,,44,,3,2,,,,,,,49,4.74,76.15,0.03,,,
l1_championship_player_2025_158_87404,2025,10,l1_championship_club_2025_158,2,,,,,,,,,,,,,,,,,,,,,,,2,,,,,,
l1_championship_player_2025_158_87404,2025,13,l1_championship_club_2025_158,12,,,,,,,,,,,,,,,,,,,,,,,14,,,,,,
l1_championship_player_2025_158_105464,2025,1,l1_championship_club_2025_158,27,15,7,724,,,,,,,2,,8,677,4,29,17,9,14,3,3,1,,38,4.962666666666666,84.16,0.26,,,0.5
l1_championship_player_2025_158_105464,2025,10,l1_championship_club_2025_158,2,1,,21,,,,,,,,,,24,,2,,1,1,,,,,2,5.22,102.86,,,,
l1_championship_player_2025_158_105464,2025,13,l1_championship_club_2025_158,12,7,5,435,,,,,,,3,,5,435,8,22,8,10,6,4,1,,,14,5.525714285714286,90,0.42,,,1.66
l1_championship_player_2025_158_701,2025,1,l1_championship_club_2025_158,30,23,22,1973,2,1,1,,,2,22,4,22,1574,57,168,27,30,31,34,7,,1,49,5.687391304347826,71.8,0.73,986.5,0.18,2.6
l1_championship_player_2025_158_701,2025,10,l1_championship_club_2025_158,2,2,2,149,,,,,,,,,1,126,4,13,2,1,2,4,1,,,2,4.665,76.11,1,,,2.42
l1_championship_player_2025_158_701,2025,13,l1_championship_club_2025_158,12,8,7,642,2,2,,,1,,8,4,5,562,23,52,8,11,13,8,1,,,14,5.74125,78.79,0.58,321,0.56,3.22
l1_championship_player_2025_158_91059,2025,1,l1_championship_club_2025_158,30,,,,,,,,,,,,,,,,,,,,,,,49,,,,,,
l1_championship_player_2025_158_91059,2025,10,l1_championship_club_2025_158,2,,,,,,,,,,,,,,,,,,,,,,,2,,,,,,
l1_championship_player_2025_158_91059,2025,13,l1_championship_club_2025_158,12,,,,,,,,,,,,,,,,,,,,,,,14,,,,,,
l1_championship_player_2025_158_95633,2025,1,l1_championship_club_2025_158,30,24,12,1188,2,1,1,2,,2,17,5,11,1044,5,49,15,9,13,18,3,,2,49,5.355416666666666,79.09,0.4,594,0.38,0.38
l1_championship_player_2025_158_95633,2025,10,l1_championship_club_2025_158,2,2,2,180,,,,,,,,,,210,2,1,4,,,1,,,,2,5.65,105,1,,,1
l1_championship_player_2025_158_95633,2025,13,l1_championship_club_2025_158,12,9,7,548,,,,,,,8,2,7,535,3,32,7,5,5,10,1,,,14,5.348888888888889,87.86,0.58,,0.33,0.49
l1_championship_player_2025_158_90486,2025,1,l1_championship_club_2025_158,30,26,24,2020,,,,,,1,15,4,19,1253,46,119,24,31,34,21,5,1,1,49,4.918076923076923,55.83,0.8,,0.18,2.05
l1_championship_player_2025_158_90486,2025,10,l1_championship_club_2025_158,2,2,2,159,,,,,,,2,,,106,5,11,4,3,,1,,,,2,4.775,60,1,,,2.83
l1_championship_player_2025_158_90486,2025,13,l1_championship_club_2025_158,12,10,7,665,,,,,,,5,,2,419,13,51,3,7,12,19,2,1,,14,4.79,56.71,0.58,,,1.76
l1_championship_player_2025_158_505639,2025,1,l1_championship_club_2025_158,14,,,,,,,,,,,,,,,,,,,,,,,16,,,,,,
l1_championship_player_2025_158_505639,2025,10,l1_championship_club_2025_158,1,,,,,,,,,,,,,,,,,,,,,,,1,,,,,,
l1_championship_player_2025_158_505639,2025,13,l1_championship_club_2025_158,6,,,,,,,,,,,,,,,,,,,,,,,4,,,,,,
l1_championship_player_2025_158_104671,2025,1,l1_championship_club_2025_158,30,11,3,272,1,1,,1,,1,4,3,8,198,15,21,2,6,4,8,,,,49,4.616363636363636,65.51,0.1,272,0.99,4.96
l1_championship_player_2025_158_104671,2025,10,l1_championship_club_2025_158,2,1,,13,1,,1,1,,,2,1,1,13,3,2,,2,,,,,,2,6.58,90,,13,6.92,20.77
l1_championship_player_2025_158_104671,2025,13,l1_championship_club_2025_158,12,2,2,177,,,,,,,2,,4,124,7,8,,1,3,2,,,,14,5.26,63.05,0.17,,,3.56
l1_championship_player_2025_158_104997,2025,1,l1_championship_club_2025_158,30,30,22,1778,4,4,,,4,5,29,8,32,1114,74,73,19,11,10,25,2,,1,49,5.087586206896552,56.39,0.73,444.5,0.4,3.75
l1_championship_player_2025_158_104997,2025,10,l1_championship_club_2025_158,2,2,2,129,,,,,,,,,1,64,3,6,,1,,4,,,,2,4.43,44.65,1,,,2.09
l1_championship_player_2025_158_104997,2025,13,l1_championship_club_2025_158,12,12,9,751,1,1,,,1,,7,2,8,461,22,36,9,6,7,14,2,,,14,4.755000000000001,55.25,0.75,751,0.24,2.64
l1_championship_player_2025_158_101344,2025,1,l1_championship_club_2025_158,30,28,25,2136,7,2,5,3,4,1,42,13,45,1407,102,79,10,9,25,35,5,,,49,5.493214285714286,59.28,0.83,305.14,0.55,4.3
l1_championship_player_2025_158_101344,2025,10,l1_championship_club_2025_158,2,2,2,180,,,,,,,5,1,5,143,11,10,,2,1,4,2,,,2,6.8,71.5,1,,0.5,5.5
l1_championship_player_2025_158_101344,2025,13,l1_championship_club_2025_158,12,12,9,748,1,,1,,1,,11,2,12,517,26,28,2,5,7,8,1,,,14,5.055000000000001,62.21,0.75,748,0.24,3.13
l1_championship_player_2025_158_93229,2025,1,l1_championship_club_2025_158,30,14,4,451,3,3,,3,,1,14,7,8,294,33,21,1,5,5,7,1,,,49,5.042857142857143,58.67,0.13,150.33,1.4,6.59
l1_championship_player_2025_158_93229,2025,10,l1_championship_club_2025_158,2,2,1,108,,,,,,,5,2,1,88,8,8,1,2,2,1,,,,2,4.86,73.33,0.5,,1.67,6.67
l1_championship_player_2025_158_93229,2025,13,l1_championship_club_2025_158,12,2,,42,,,,,,,2,2,1,41,3,1,,,1,,,,,14,5.199999999999999,87.86,,,4.29,6.43
l1_championship_player_2025_158_103513,2025,1,l1_championship_club_2025_158,30,26,15,1276,1,,1,,1,,18,4,10,666,33,66,11,16,21,17,3,,,49,4.663076923076923,46.97,0.5,1276,0.28,2.33
l1_championship_player_2025_158_103513,2025,10,l1_championship_club_2025_158,2,1,,31,,,,,,,1,,,20,,1,,,1,1,,,,2,4.62,58.06,,,,
l1_championship_player_2025_158_103513,2025,13,l1_championship_club_2025_158,12,11,9,713,1,1,,1,,,11,3,5,430,27,42,1,9,10,7,1,,,14,5.087272727272727,54.28,0.75,713,0.38,3.41
l1_championship_player_2025_158_42500,2025,1,l1_championship_club_2025_2,4,,,,,,,,,,,,,,,,,,,,,,,3,,,,,,
l1_championship_player_2025_158_42500,2025,1,l1_championship_club_2025_158,10,8,3,293,1,1,,,1,,6,3,9,206,16,17,2,6,6,1,1,,,15,4.948750000000001,63.28,0.3,293,0.92,4.91
l1_championship_player_2025_158_42500,2025,10,l1_championship_club_2025_158,2,,,,,,,,,,,,,,,,,,,,,,,2,,,,,,
l1_championship_player_2025_158_42500,2025,13,l1_championship_club_2025_158,4,3,3,185,,,,,,,2,2,1,106,7,7,,1,5,1,,,,2,4.13,51.57,0.75,,0.97,3.41
l1_championship_player_2025_158_103778,2025,1,l1_championship_club_2025_158,30,17,4,467,1,,1,,1,1,11,4,9,392,26,44,3,3,3,24,,,,49,4.924705882352941,75.55,0.13,467,0.77,5.01
l1_championship_player_2025_158_103778,2025,10,l1_championship_club_2025_158,2,2,,28,,,,,,,1,1,1,44,7,2,,1,1,,,,,2,4.875,141.43,,,3.21,22.5
l1_championship_player_2025_158_103778,2025,13,l1_championship_club_2025_158,12,5,3,284,,,,,,,4,2,8,190,20,17,2,3,3,4,,,,14,5.093999999999999,60.21,0.25,,0.63,6.34
l1_championship_player_2025_158_91065,2025,1,l1_championship_club_2025_158,30,10,1,178,1,,1,,1,1,10,4,5,123,26,12,1,2,5,3,,,,49,4.805000000000001,62.19,0.03,178,2.02,13.15
l1_championship_player_2025_158_91065,2025,10,l1_championship_club_2025_158,2,2,,22,,,,,,,,,,25,3,3,,1,,,,,,2,4.59,102.27,,,,12.27
l1_championship_player_2025_158_91065,2025,13,l1_championship_club_2025_158,12,5,,61,,,,,,,,,3,46,7,2,,,1,,,,,14,4.644,67.87,,,,10.33
l1_championship_player_2025_158_84098,2025,1,l1_championship_club_2025_16,20,12,2,248,,,,,,,8,3,6,150,26,20,3,3,4,4,,,,31,4.581666666666666,54.44,0.1,,1.09,9.44
l1_championship_player_2025_158_84098,2025,1,l1_championship_club_2025_158,10,3,1,91,,,,,,,2,,1,55,3,10,,3,1,2,,,,15,4.453333333333333,54.4,0.1,,,2.97
l1_championship_player_2025_158_84098,2025,10,l1_championship_club_2025_16,2,1,1,71,,,,,,,4,1,1,30,10,4,,2,1,,,,,3,4.98,38.03,0.5,,1.27,12.68
l1_championship_player_2025_158_84098,2025,10,l1_championship_club_2025_158,2,,,,,,,,,,,,,,,,,,,,,,,2,,,,,,
l1_championship_player_2025_158_84098,2025,13,l1_championship_club_2025_158,4,2,,37,,,,,,,1,1,,33,2,4,2,,,1,,,,2,4.275,80.27,,,2.43,4.86
l1_championship_player_2025_158_90768,2025,1,l1_championship_club_2025_158,30,25,23,2026,7,3,4,,7,5,61,28,32,921,147,83,7,12,13,33,4,,3,49,5.5112,40.91,0.77,289.43,1.24,6.53
l1_championship_player_2025_158_90768,2025,10,l1_championship_club_2025_158,2,1,1,90,,,,,,,1,,,47,2,5,,1,2,3,,,,2,4.71,47,0.5,,,2
l1_championship_player_2025_158_90768,2025,13,l1_championship_club_2025_158,12,11,5,630,,,,,,,15,7,12,264,42,19,1,,7,7,1,,,14,4.779090909090908,37.71,0.42,,1,6
l1_championship_player_2025_158_14932,2025,1,l1_championship_club_2025_158,30,27,17,1542,7,3,4,6,,1,40,15,19,515,79,88,4,8,26,27,2,,2,49,4.781851851851851,30.06,0.57,220.29,0.88,4.61
l1_championship_player_2025_158_14932,2025,10,l1_championship_club_2025_158,2,2,2,171,,,,,,,1,,5,48,8,7,,,2,3,,,,2,4.6,25.26,1,,,4.21
l1_championship_player_2025_158_14932,2025,13,l1_championship_club_2025_158,12,12,6,652,4,2,2,2,,,17,11,2,205,36,34,2,3,10,5,1,,,14,4.790833333333333,28.3,0.5,163,1.52,4.97
l1_championship_player_2025_158_105456,2025,1,l1_championship_club_2025_158,28,13,4,428,5,1,4,1,3,1,23,9,4,243,39,32,2,4,6,3,2,,,45,5.2275,51.1,0.14,85.6,1.89,8.2
l1_championship_player_2025_158_105456,2025,10,l1_championship_club_2025_158,2,,,,,,,,,,,,,,,,,,,,,,,2,,,,,,
l1_championship_player_2025_158_105456,2025,13,l1_championship_club_2025_158,12,5,4,322,4,4,,1,2,,19,9,5,196,23,26,,6,6,6,1,,,14,6.144,54.78,0.33,80.5,2.52,6.43
l1_championship_player_2025_158_87402,2025,1,l1_championship_club_2025_158,30,,,,,,,,,,,,,,,,,,,,,,,49,,,,,,
l1_championship_player_2025_158_87402,2025,10,l1_championship_club_2025_158,2,,,,,,,,,,,,,,,,,,,,,,,2,,,,,,
l1_championship_player_2025_158_87402,2025,13,l1_championship_club_2025_158,12,,,,,,,,,,,,,,,,,,,,,,,14,,,,,,
l1_championship_player_2025_158_505640,2025,1,l1_championship_club_2025_158,14,,,,,,,,,,,,,,,,,,,,,,,16,,,,,,
l1_championship_player_2025_158_505640,2025,10,l1_championship_club_2025_158,1,,,,,,,,,,,,,,,,,,,,,,,1,,,,,,
l1_championship_player_2025_158_505640,2025,13,l1_championship_club_2025_158,6,,,,,,,,,,,,,,,,,,,,,,,4,,,,,,
l1_championship_player_2025_159_98562,2025,1,l1_championship_club_2025_159,30,,,,,,,,,,,,,,,,,,,,,,,,,,,,,
l1_championship_player_2025_159_98562,2025,10,l1_championship_club_2025_159,4,,,,,,,,,,,,,,,,,,,,,,,,,,,,,
l1_championship_player_2025_159_98562,2025,13,l1_championship_club_2025_159,10,,,,,,,,,,,,,,,,,,,,,,,,,,,,,
l1_championship_player_2025_159_56648,2025,1,l1_championship_club_2025_159,30,5,5,450,,,,,,,,,,178,,,,,,,,,1,,5.7379999999999995,35.6,0.17,,,
l1_championship_player_2025_159_56648,2025,10,l1_championship_club_2025_159,4,4,4,360,,,,,,,,,1,146,,,,,,1,1,,,,5.8825,36.5,1,,,
l1_championship_player_2025_159_56648,2025,13,l1_championship_club_2025_159,10,4,4,360,,,,,,,,,,136,,,,,,,,,,,4.9475,34,0.4,,,
l1_championship_player_2025_159_98716,2025,1,l1_championship_club_2025_159,30,,,,,,,,,,,,,,,,,,,,,,,,,,,,,
l1_championship_player_2025_159_98716,2025,10,l1_championship_club_2025_159,4,,,,,,,,,,,,,,,,,,,,,,,,,,,,,
l1_championship_player_2025_159_98716,2025,13,l1_championship_club_2025_159,10,,,,,,,,,,,,,,,,,,,,,,,,,,,,,
l1_championship_player_2025_159_105401,2025,1,l1_championship_club_2025_159,29,25,25,2250,,,,,,,,,1,1039,,,,,,5,1,,4,,5.7012,41.56,0.86,,,
l1_championship_player_2025_159_105401,2025,10,l1_championship_club_2025_159,4,,,,,,,,,,,,,,,,,,,,,,,,,,,,,
l1_championship_player_2025_159_105401,2025,13,l1_championship_club_2025_159,10,6,6,540,,,,,,,,,,270,,,,,,,,,,,6.03,45,0.6,,,
l1_championship_player_2025_159_98444,2025,1,l1_championship_club_2025_159,30,,,,,,,,,,,,,,,,,,,,,,,,,,,,,
l1_championship_player_2025_159_98444,2025,10,l1_championship_club_2025_159,4,,,,,,,,,,,,,,,,,,,,,,,,,,,,,
l1_championship_player_2025_159_98444,2025,13,l1_championship_club_2025_159,10,,,,,,,,,,,,,,,,,,,,,,,,,,,,,
l1_championship_player_2025_159_103734,2025,1,l1_championship_club_2025_159,30,22,21,1795,3,2,1,1,2,,15,6,15,1138,47,54,4,18,22,6,4,1,,45,5.308181818181819,57.06,0.7,598.33,0.3,2.36
l1_championship_player_2025_159_103734,2025,10,l1_championship_club_2025_159,4,3,3,270,1,1,,,1,,4,2,3,242,10,12,4,3,,3,,,,9,6.116666666666667,80.67,0.75,270,0.67,3.33
l1_championship_player_2025_159_103734,2025,13,l1_championship_club_2025_159,10,7,5,386,1,,1,,1,,3,1,6,287,12,14,,,9,3,1,,,19,5.469999999999999,66.92,0.5,386,0.23,2.8
l1_championship_player_2025_159_103830,2025,1,l1_championship_club_2025_14,7,1,,21,,,,,,,,,,12,,1,,,2,,,,,9,2.38,51.43,,,,
l1_championship_player_2025_159_103830,2025,1,l1_championship_club_2025_159,23,14,8,697,,,,,,,6,1,1,487,9,22,8,9,8,3,,1,,36,4.7178571428571425,62.88,0.35,,0.13,1.16
l1_championship_player_2025_159_103830,2025,10,l1_championship_club_2025_159,4,3,2,190,,,,,,,2,,1,181,2,7,1,,,1,,,,9,5.513333333333333,85.74,0.5,,,0.95
l1_championship_player_2025_159_103830,2025,13,l1_championship_club_2025_159,8,,,,,,,,,,,,,,,,,,,,,,,16,,,,,,
l1_championship_player_2025_159_103305,2025,1,l1_championship_club_2025_13,20,,,,,,,,,,,,,,,,,,,,,,,43,,,,,,
l1_championship_player_2025_159_103305,2025,1,l1_championship_club_2025_159,10,2,,6,,,,,,,,,,5,,,,,,,,,,12,4.535,75,,,,
l1_championship_player_2025_159_103305,2025,6,l1_championship_club_2025_13,8,,,,,,,,,,,,,,,,,,,,,,,21,,,,,,
l1_championship_player_2025_159_103305,2025,10,l1_championship_club_2025_13,2,1,,29,,,,,,,,,,24,,,,,,,,,,4,5.28,74.48,,,,
l1_championship_player_2025_159_103305,2025,10,l1_championship_club_2025_159,2,,,,,,,,,,,,,,,,,,,,,,,4,,,,,,
l1_championship_player_2025_159_103305,2025,13,l1_championship_club_2025_159,2,,,,,,,,,,,,,,,,,,,,,,,1,,,,,,
l1_championship_player_2025_159_103305,2025,15,l1_championship_club_2025_13,1,,,,,,,,,,,,,,,,,,,,,,,2,,,,,,
l1_championship_player_2025_159_506503,2025,1,l1_championship_club_2025_159,6,4,1,77,,,,,,,,,,80,2,4,,1,1,1,,,,6,4.7700000000000005,93.51,0.17,,,2.34
l1_championship_player_2025_159_506503,2025,13,l1_championship_club_2025_159,2,2,2,175,,,,,,,1,,2,125,4,15,,4,5,1,1,,,1,5.245,64.29,1,,,2.06
l1_championship_player_2025_159_105138,2025,1,l1_championship_club_2025_159,30,13,8,704,1,,1,1,,2,1,1,2,514,13,36,9,10,8,3,3,,1,45,5.288461538461538,65.71,0.27,704,0.13,1.66
l1_championship_player_2025_159_105138,2025,10,l1_championship_club_2025_159,4,2,2,180,,,,,,,3,1,,134,1,7,4,1,2,,,,,9,6.48,67,0.5,,0.5,0.5
l1_championship_player_2025_159_105138,2025,13,l1_championship_club_2025_159,10,6,5,447,1,1,,,,,5,3,1,429,5,26,4,6,4,5,2,,,19,6.015000000000001,86.38,0.5,447,0.6,1.01
l1_championship_player_2025_159_101569,2025,1,l1_championship_club_2025_159,30,26,24,2171,1,1,,,1,3,13,6,18,1491,30,92,29,28,34,12,6,1,1,45,5.336538461538462,61.81,0.8,2171,0.25,1.24
l1_championship_player_2025_159_101569,2025,10,l1_championship_club_2025_159,4,4,3,260,,,,,,,2,,4,214,8,19,2,7,3,3,,,,9,5.6375,74.08,0.75,,,2.77
l1_championship_player_2025_159_101569,2025,13,l1_championship_club_2025_159,10,8,6,542,1,,1,1,,,6,2,8,478,19,23,9,6,6,3,1,,,19,5.81625,79.37,0.6,542,0.33,3.15
l1_championship_player_2025_159_101530,2025,1,l1_championship_club_2025_159,30,28,28,2476,,,,,,,3,,2,2003,4,108,20,16,32,32,5,,1,45,5.645000000000002,72.81,0.93,,,0.15
l1_championship_player_2025_159_101530,2025,10,l1_championship_club_2025_159,4,3,3,270,,,,,,,,,,249,,19,5,4,2,4,,,,9,6.330000000000001,83,0.75,,,
l1_championship_player_2025_159_101530,2025,13,l1_championship_club_2025_159,10,9,8,726,,,,,,,,,4,756,2,28,12,4,9,8,2,,,19,6.067777777777778,93.72,0.8,,,0.25
l1_championship_player_2025_159_506055,2025,1,l1_championship_club_2025_159,11,,,,,,,,,,,,,,,,,,,,,,,13,,,,,,
l1_championship_player_2025_159_506055,2025,10,l1_championship_club_2025_159,2,,,,,,,,,,,,,,,,,,,,,,,4,,,,,,
l1_championship_player_2025_159_506055,2025,13,l1_championship_club_2025_159,3,,,,,,,,,,,,,,,,,,,,,,,5,,,,,,
l1_championship_player_2025_159_57857,2025,1,l1_championship_club_2025_159,30,28,26,2398,,,,,,1,4,,13,2201,16,141,26,18,33,28,3,,2,45,6.058571428571429,82.61,0.87,,,0.6
l1_championship_player_2025_159_57857,2025,10,l1_championship_club_2025_159,4,2,2,180,,,,,,,1,,,198,2,18,2,4,5,1,,,,9,5.890000000000001,99,0.5,,,1
l1_championship_player_2025_159_57857,2025,13,l1_championship_club_2025_159,10,9,9,739,1,,1,1,,,4,2,3,832,7,30,13,5,6,7,1,1,,19,6.0122222222222215,101.33,0.9,739,0.24,0.85
l1_championship_player_2025_159_99162,2025,1,l1_championship_club_2025_159,30,19,14,1297,,,,,,3,15,1,13,993,24,84,20,13,36,31,5,2,1,45,5.409473684210527,68.91,0.47,,0.07,1.67
l1_championship_player_2025_159_99162,2025,10,l1_championship_club_2025_159,4,2,2,149,,,,,,,,,1,106,,9,4,5,3,2,1,,,9,4.95,64.03,0.5,,,
l1_championship_player_2025_159_99162,2025,13,l1_championship_club_2025_159,10,8,7,559,,,,,,,7,,2,497,15,42,8,10,9,13,3,1,,19,5.390000000000001,80.02,0.7,,,2.42
l1_championship_player_2025_159_92392,2025,1,l1_championship_club_2025_159,30,10,3,284,,,,,,,7,2,1,244,6,17,4,4,2,5,1,,,45,4.880999999999999,77.32,0.1,,0.63,1.9
l1_championship_player_2025_159_92392,2025,10,l1_championship_club_2025_159,4,1,1,45,,,,,,,,,,35,,7,,2,1,1,,,,9,4.21,70,0.25,,,
l1_championship_player_2025_159_92392,2025,13,l1_championship_club_2025_159,10,8,6,552,,,,,,,7,1,3,505,10,41,9,7,15,15,1,,,19,5.33875,82.34,0.6,,0.16,1.63
l1_championship_player_2025_159_104224,2025,1,l1_championship_club_2025_159,18,,,,,,,,,,,,,,,,,,,,,,,27,,,,,,
l1_championship_player_2025_159_104224,2025,10,l1_championship_club_2025_159,4,,,,,,,,,,,,,,,,,,,,,,,9,,,,,,
l1_championship_player_2025_159_104224,2025,13,l1_championship_club_2025_159,6,,,,,,,,,,,,,,,,,,,,,,,14,,,,,,
l1_championship_player_2025_159_102091,2025,1,l1_championship_club_2025_159,30,7,3,311,,,,,,,4,1,4,226,8,16,6,4,6,4,,,,45,5.042857142857143,65.4,0.1,,0.29,2.32
l1_championship_player_2025_159_102091,2025,10,l1_championship_club_2025_159,4,2,,20,,,,,,,,,,30,,1,1,,,,,,,9,4.720000000000001,135,,,,
l1_championship_player_2025_159_102091,2025,13,l1_championship_club_2025_159,10,3,,73,,,,,,,,,,58,1,4,1,2,,1,,,,19,5.02,71.51,,,,1.23
l1_championship_player_2025_159_91416,2025,1,l1_championship_club_2025_159,30,19,12,930,,,,,,1,4,3,11,523,28,42,5,10,10,15,2,,,45,4.747368421052631,50.61,0.4,,0.29,2.71
l1_championship_player_2025_159_91416,2025,10,l1_championship_club_2025_159,4,2,2,157,,,,,,,5,,1,148,11,13,1,3,1,2,,,,9,5.380000000000001,84.84,0.5,,,6.31
l1_championship_player_2025_159_91416,2025,13,l1_championship_club_2025_159,10,8,5,402,1,1,,,1,,10,1,5,312,18,13,3,3,1,5,,,,19,5.085,69.85,0.5,402,0.22,4.03
l1_championship_player_2025_159_105281,2025,1,l1_championship_club_2025_159,30,26,26,2299,2,,2,,1,2,24,6,27,1770,22,91,20,31,27,18,6,1,1,45,5.435384615384616,69.29,0.87,1149.5,0.23,0.86
l1_championship_player_2025_159_105281,2025,10,l1_championship_club_2025_159,4,4,4,329,,,,,,,1,1,3,292,,9,1,2,4,4,1,,,9,5.5075,79.88,1,,0.27,
l1_championship_player_2025_159_105281,2025,13,l1_championship_club_2025_159,10,10,7,637,,,,,,,8,2,5,585,5,23,5,9,6,7,2,,,19,5.449,82.65,0.7,,0.28,0.71
l1_championship_player_2025_159_505957,2025,1,l1_championship_club_2025_159,12,9,5,532,2,2,,1,1,,4,2,3,316,10,31,2,6,5,7,,,1,18,5.101111111111112,53.46,0.42,266,0.34,1.69
l1_championship_player_2025_159_505957,2025,10,l1_championship_club_2025_159,2,2,2,150,,,,,,,1,,3,99,2,10,,2,3,3,,,,4,4.99,59.4,1,,,1.2
l1_championship_player_2025_159_505957,2025,13,l1_championship_club_2025_159,4,2,2,152,,,,,,,2,,4,87,3,4,,,,1,,,,6,5.055,51.51,0.5,,,1.78
l1_championship_player_2025_159_105242,2025,1,l1_championship_club_2025_159,30,23,16,1403,11,4,7,1,7,3,41,16,18,568,83,64,7,11,27,14,2,,2,45,5.405652173913041,36.44,0.53,127.55,1.03,5.32
l1_championship_player_2025_159_105242,2025,10,l1_championship_club_2025_159,4,3,2,217,2,2,,1,1,,5,3,4,84,10,11,1,1,3,2,1,,,9,6.093333333333334,34.84,0.5,108.5,1.24,4.15
l1_championship_player_2025_159_105242,2025,13,l1_championship_club_2025_159,10,8,5,475,1,1,,1,,,8,3,8,235,27,23,2,2,4,6,1,,,19,5.56625,44.53,0.5,475,0.57,5.12
l1_championship_player_2025_159_104049,2025,1,l1_championship_club_2025_159,30,28,22,1895,1,1,,1,,,26,8,13,1371,43,80,13,21,21,19,2,,1,45,5.193571428571429,65.11,0.73,1895,0.38,2.04
l1_championship_player_2025_159_104049,2025,10,l1_championship_club_2025_159,4,3,1,113,,,,,,,2,1,2,55,2,3,2,1,,1,,,,9,5.153333333333333,43.81,0.25,,0.8,1.59
l1_championship_player_2025_159_104049,2025,13,l1_championship_club_2025_159,10,9,5,479,1,,1,,1,,9,5,2,460,6,21,5,,4,4,1,,,19,5.467777777777778,86.43,0.5,479,0.94,1.13
l1_championship_player_2025_159_500458,2025,1,l1_championship_club_2025_159,30,,,,,,,,,,,,,,,,,,,,,,,45,,,,,,
l1_championship_player_2025_159_500458,2025,10,l1_championship_club_2025_159,4,,,,,,,,,,,,,,,,,,,,,,,9,,,,,,
l1_championship_player_2025_159_500458,2025,13,l1_championship_club_2025_159,10,3,,43,,,,,,,,,1,34,1,1,,,1,1,,,,19,4.626666666666668,71.16,,,,2.09
l1_championship_player_2025_159_38233,2025,1,l1_championship_club_2025_159,30,26,23,2004,8,4,4,3,3,1,45,23,29,1526,82,127,16,17,39,48,5,,,45,5.519615384615383,68.53,0.77,250.5,1.03,3.68
l1_championship_player_2025_159_38233,2025,10,l1_championship_club_2025_159,4,2,2,180,,,,,,,2,,9,147,2,10,1,1,2,4,,,,9,7.404999999999999,73.5,0.5,,,1
l1_championship_player_2025_159_38233,2025,13,l1_championship_club_2025_159,10,7,6,507,4,1,3,,2,,19,11,4,469,27,30,4,5,7,10,,,,19,5.630000000000001,83.25,0.6,126.75,1.95,4.79
l1_championship_player_2025_159_501393,2025,1,l1_championship_club_2025_159,14,12,10,900,4,,4,4,,6,35,21,20,465,58,57,3,5,14,18,3,1,3,23,6.0275,46.5,0.71,225,2.1,5.8
l1_championship_player_2025_159_501393,2025,6,l1_championship_club_2025_9000000186,6,1,,11,,,,,,,2,,,6,2,1,,,,,,,,13,4.23,49.09,,,,16.36
l1_championship_player_2025_159_501393,2025,10,l1_championship_club_2025_159,3,3,3,252,2,1,1,2,,,13,7,3,121,9,17,,1,6,5,1,,,6,6.326666666666667,43.21,1,126,2.5,3.21
l1_championship_player_2025_159_501393,2025,13,l1_championship_club_2025_159,4,2,2,157,1,,1,1,,,8,2,5,74,6,8,1,,1,3,,,,6,5.6850000000000005,42.42,0.5,157,1.15,3.44
l1_championship_player_2025_159_102019,2025,1,l1_championship_club_2025_159,30,10,9,731,2,2,,,2,1,18,9,9,354,48,39,3,5,11,21,1,,,45,5.195,43.58,0.3,365.5,1.11,5.91
l1_championship_player_2025_159_102019,2025,10,l1_championship_club_2025_159,4,,,,,,,,,,,,,,,,,,,,,,,9,,,,,,
l1_championship_player_2025_159_102019,2025,13,l1_championship_club_2025_159,10,4,2,166,,,,,,,5,2,4,98,10,12,,2,1,4,,,,19,4.797499999999999,53.13,0.2,,1.08,5.42
l1_championship_player_2025_159_27689,2025,1,l1_championship_club_2025_159,27,10,2,219,,,,,,,4,1,1,162,9,13,1,5,9,2,,,,40,4.441111111111111,66.58,0.07,,0.41,3.7
l1_championship_player_2025_159_27689,2025,10,l1_championship_club_2025_159,4,1,,24,,,,,,,,,1,37,,,,,,,,,,9,5.02,138.75,,,,
l1_championship_player_2025_159_27689,2025,13,l1_championship_club_2025_159,10,1,,25,,,,,,,,,1,10,1,,,,,,,,,19,5.47,36,,,,3.6
l1_championship_player_2025_159_504337,2025,1,l1_championship_club_2025_159,18,4,,24,,,,,,,2,,,27,3,2,,,1,,,,,27,4.465,101.25,,,,11.25
l1_championship_player_2025_159_504337,2025,10,l1_championship_club_2025_159,4,1,,11,,,,,,,,,,,,,,,,,,,,9,4.92,,,,,
l1_championship_player_2025_159_504337,2025,13,l1_championship_club_2025_159,6,2,,8,,,,,,,1,,1,15,3,1,,,,,,,,14,5.47,168.75,,,,33.75
l1_championship_player_2025_159_500459,2025,1,l1_championship_club_2025_159,30,6,1,129,1,,1,1,,,10,1,,64,9,14,,2,2,4,,,,45,4.391666666666667,44.65,0.03,129,0.7,6.28
l1_championship_player_2025_159_500459,2025,10,l1_championship_club_2025_159,4,2,,58,1,1,,,1,,3,1,2,28,3,4,1,1,2,1,,,,9,6.4399999999999995,43.45,,58,1.55,4.66
l1_championship_player_2025_159_500459,2025,13,l1_championship_club_2025_159,10,3,1,107,1,1,,,1,,3,2,,29,5,4,,,5,3,,,,19,5.333333333333333,24.39,0.1,107,1.68,4.21
l1_championship_player_2025_159_105314,2025,1,l1_championship_club_2025_159,30,21,11,923,1,1,,1,,,9,5,21,467,29,43,1,3,14,21,3,,,45,4.561428571428571,45.54,0.37,923,0.49,2.83
l1_championship_player_2025_159_105314,2025,10,l1_championship_club_2025_159,4,4,2,150,,,,,,,4,1,3,120,6,5,1,1,1,1,,,,9,4.795,72,0.5,,0.6,3.6
l1_championship_player_2025_159_105314,2025,13,l1_championship_club_2025_159,10,9,5,475,2,1,1,1,1,,6,2,15,284,24,16,,3,8,5,,,,19,5.393333333333333,53.81,0.5,237.5,0.38,4.55
l1_championship_player_2025_159_105118,2025,1,l1_championship_club_2025_159,30,23,14,1357,3,2,1,,3,5,30,11,26,819,74,90,10,17,21,40,3,,1,45,5.464782608695652,54.32,0.47,452.33,0.73,4.91
l1_championship_player_2025_159_105118,2025,10,l1_championship_club_2025_159,4,3,2,207,2,1,1,,2,,10,7,5,151,22,15,2,3,1,2,1,,,9,6.98,65.65,0.5,103.5,3.04,9.57
l1_championship_player_2025_159_105118,2025,13,l1_championship_club_2025_159,10,7,3,356,2,2,,,2,,14,8,11,250,22,22,1,6,5,9,1,,,19,5.981428571428571,63.2,0.3,178,2.02,5.56
l1_championship_player_2025_159_101722,2025,1,l1_championship_club_2025_159,30,,,,,,,,,,,,,,,,,,,,,,,45,,,,,,
l1_championship_player_2025_159_101722,2025,10,l1_championship_club_2025_159,4,,,,,,,,,,,,,,,,,,,,,,,9,,,,,,
l1_championship_player_2025_159_101722,2025,13,l1_championship_club_2025_159,10,,,,,,,,,,,,,,,,,,,,,,,19,,,,,,
l1_championship_player_2025_159_501328,2025,1,l1_championship_club_2025_159,10,7,2,286,1,1,,,,1,8,2,3,99,21,9,,,4,,,,,12,4.720000000000001,31.15,0.2,286,0.63,6.61
l1_championship_player_2025_159_501328,2025,6,l1_championship_club_2025_9000000202,8,1,,12,,,,,,,,,,9,,2,,,,,,,,10,4.42,67.5,,,,
l1_championship_player_2025_159_501328,2025,10,l1_championship_club_2025_159,2,1,1,90,1,1,,,,,5,2,1,34,7,3,,,,,,,,4,6.58,34,0.5,90,2,7
l1_championship_player_2025_159_501328,2025,13,l1_championship_club_2025_159,2,2,2,135,,,,,,,3,1,2,38,5,7,,,,3,,,,1,4.4350000000000005,25.33,1,,0.67,3.33
l1_championship_player_2024_1_103843,2024,1,l1_championship_club_2024_1,34,,,,,,,,,,,,,,,,,,,,,,,,,,,,,
l1_championship_player_2024_1_103843,2024,10,l1_championship_club_2024_1,2,2,2,180,,,,,,,,,,58,,,,,,,,,,,5.86,29,1,,,
l1_championship_player_2024_1_89638,2024,1,l1_championship_club_2024_1,34,34,34,3060,,,,,,,,,2,1382,,,,,2,11,1,,3,,5.285454545454544,40.65,1,,,
l1_championship_player_2024_1_89638,2024,10,l1_championship_club_2024_1,2,,,,,,,,,,,,,,,,,,,,,,,,,,,,,
l1_championship_player_2022_1_98694,2022,1,l1_championship_club_2022_1,2,,,,,,,,,,,,,,,,,,,,,,,,,,,,,
l1_championship_player_2023_1_98694,2023,1,l1_championship_club_2023_1,35,,,,,,,,,,,,,,,,,,,,,,,,,,,,,
l1_championship_player_2024_1_98694,2024,1,l1_championship_club_2024_1,34,,,,,,,,,,,,,,,,,,,,,,,,,,,,,
l1_championship_player_2024_1_66951,2024,1,l1_championship_club_2024_1,34,,,,,,,,,,,,,,,,,,,,,,,,,,,,,
l1_championship_player_2020_14_84688,2020,1,l1_championship_club_2020_14,,,,,,,,,,,,,,,,,,,,,,,,,,,,,,
l1_championship_player_2021_14_84688,2021,1,l1_championship_club_2021_14,2,1,1,90,,,,,,,,,,105,,2,1,,3,,1,,,6,,105,0.5,,,
l1_championship_player_2020_1_91272,2020,1,l1_championship_club_2020_1,,,,,,,,,,,,,,,,,,,,,,,,,,,,,,
l1_championship_player_2021_1_91272,2021,1,l1_championship_club_2021_1,,,,,,,,,,,,,,,,,,,,,,,,,,,,,,
l1_championship_player_2022_1_91272,2022,1,l1_championship_club_2022_1,2,2,2,180,,,,,,,,,1,151,,13,6,4,3,2,,,,3,,75.5,1,,,
l1_championship_player_2023_1_91272,2023,1,l1_championship_club_2023_1,35,27,,2275,2,1,1,,1,,14,4,5,2006,19,168,51,50,25,23,4,1,,54,10.972307692307693,158.72,,2275,0.32,1.5
l1_championship_player_2024_1_91272,2024,1,l1_championship_club_2024_1,34,27,27,2276,,,,,,,15,2,8,2851,22,135,38,39,28,20,8,1,,74,6.015769230769231,112.74,0.79,,0.08,0.87
l1_championship_player_2024_1_91272,2024,10,l1_championship_club_2024_1,2,2,2,180,,,,,,,2,1,3,260,4,10,3,2,2,3,,,,5,7.51,130,1,,0.5,2
l1_championship_player_2021_1_89782,2021,1,l1_championship_club_2021_1,,,,,,,,,,,,,,,,,,,,,,,,,,,,,,
l1_championship_player_2024_1_89782,2024,1,l1_championship_club_2024_1,34,,,,,,,,,,,,,,,,,,,,,,,74,,,,,,
l1_championship_player_2020_6_91113,2020,1,l1_championship_club_2020_6,,,,,,,,,,,,,,,,,,,,,,,,,,,,,,
l1_championship_player_2021_6_91113,2021,1,l1_championship_club_2021_6,,,,,,,,,,,,,,,,,,,,,,,,,,,,,,
l1_championship_player_2022_6_91113,2022,1,l1_championship_club_2022_6,,,,,,,,,,,,,,,,,,,,,,,,,,,,,,
l1_championship_player_2023_6_91113,2023,1,l1_championship_club_2023_6,35,32,,2804,1,1,,,1,4,19,12,26,2539,23,145,25,39,53,20,12,,,47,10.776333333333334,163.1,,5518,0.79,1.4
l1_championship_player_2024_6_91113,2024,1,l1_championship_club_2024_6,34,29,29,2546,,,,,,1,27,3,24,2239,32,106,32,29,29,22,14,1,,42,5.307586206896552,79.15,0.85,,0.11,1.13
l1_championship_player_2024_6_91113,2024,10,l1_championship_club_2024_6,1,1,1,90,,,,,,,1,,,42,,2,1,1,,,,,,1,4.58,42,1,,,
l1_championship_player_2025_6_91113,2025,1,l1_championship_club_2025_1,30,13,12,1006,,,,,,1,4,1,4,956,9,34,12,11,18,8,5,,,58,5.2469230769230775,85.53,0.4,,0.09,0.81
l1_championship_player_2025_6_91113,2025,1,l1_championship_club_2025_6,4,,,,,,,,,,,,,,,,,,,,,,,5,,,,,,
l1_championship_player_2025_6_91113,2025,6,l1_championship_club_2025_1,8,4,4,306,,,,,,,,,3,297,,12,2,5,3,5,1,,,11,4.9075,87.35,0.5,,,
l1_championship_player_2025_6_91113,2025,10,l1_championship_club_2025_1,4,4,3,253,,,,,,,2,,,268,6,9,3,1,2,3,,,,20,5.914999999999999,95.34,0.75,,,2.13
l1_championship_player_2025_6_91113,2025,15,l1_championship_club_2025_1,1,1,1,90,,,,,,,,,,,,,,,1,1,1,,,2,4.16,,1,,,
l1_championship_player_2025_10_98605,2025,1,l1_championship_club_2025_1,30,,,,,,,,,,,,,,,,,,,,,,,58,,,,,,
l1_championship_player_2025_10_98605,2025,4,l1_championship_club_2025_10,9,,,,,,,,,,,,,,,,,,,,,,,8,,,,,,
l1_championship_player_2025_10_98605,2025,6,l1_championship_club_2025_1,8,,,,,,,,,,,,,,,,,,,,,,,11,,,,,,
l1_championship_player_2025_10_98605,2025,10,l1_championship_club_2025_1,4,,,,,,,,,,,,,,,,,,,,,,,20,,,,,,
l1_championship_player_2025_10_98605,2025,15,l1_championship_club_2025_1,1,,,,,,,,,,,,,,,,,,,,,,,2,,,,,,
l1_championship_player_2021_159_94776,2021,1,l1_championship_club_2021_159,1,,,,,,,,,,,,,,,,,,,,,,,5,,,,,,
l1_championship_player_2017_13_69685,2017,1,l1_championship_club_2017_13,,,,,,,,,,,,,,,,,,,,,,,,,,,,,,
l1_championship_player_2020_158_69685,2020,1,l1_championship_club_2020_158,,,,,,,,,,,,,,,,,,,,,,,,,,,,,,
l1_championship_player_2021_158_69685,2021,1,l1_championship_club_2021_158,,,,,,,,,,,,,,,,,,,,,,,,,,,,,,
l1_championship_player_2022_158_69685,2022,1,l1_championship_club_2022_158,,,,,,,,,,,,,,,,,,,,,,,,,,,,,,
l1_championship_player_2021_5_62437,2021,4,l1_championship_club_2021_5,,,,,,,,,,,,,,,,,,,,,,,,,,,,,,
l1_championship_player_2022_37_62437,2022,1,l1_championship_club_2022_37,1,,,,,,,,,,,,,,,,,,,,,,,1,,,,,,
l1_championship_player_2023_37_62437,2023,4,l1_championship_club_2023_37,38,35,,3110,9,5,4,2,7,2,60,20,39,2905,51,204,34,46,50,37,7,,,56,5.443428571428572,84.07,,345.56,0.58,1.48
l1_championship_player_2024_37_62437,2024,1,l1_championship_club_2024_37,34,32,32,2848,6,3,3,1,4,1,39,12,39,2164,54,150,26,32,48,32,4,,1,32,5.291875000000001,68.38,0.94,474.67,0.38,1.71
l1_championship_player_2024_37_62437,2024,10,l1_championship_club_2024_37,4,4,2,234,,,,,,,,,3,193,1,10,1,2,5,4,1,,,8,5.29,74.23,0.5,,,0.38
l1_championship_player_2025_37_62437,2025,1,l1_championship_club_2025_37,20,13,11,946,2,1,1,,2,,11,5,8,800,12,56,14,16,16,12,1,,1,21,5.277692307692307,76.11,0.55,473,0.48,1.14
l1_championship_player_2025_37_62437,2025,1,l1_championship_club_2025_1,10,7,1,124,,,,,,,4,1,1,108,1,4,1,1,3,,1,,,12,4.461428571428572,78.39,0.1,,0.73,0.73
l1_championship_player_2025_37_62437,2025,6,l1_championship_club_2025_1,8,,,,,,,,,,,,,,,,,,,,,,,11,,,,,,
l1_championship_player_2025_37_62437,2025,10,l1_championship_club_2025_37,2,,,,,,,,,,,,,,,,,,,,,,,1,,,,,,
l1_championship_player_2025_37_62437,2025,10,l1_championship_club_2025_1,2,1,1,45,,,,,,,1,1,,32,1,2,,,3,,1,,,5,4.11,64,0.5,,2,2
l1_championship_player_2024_1_103700,2024,1,l1_championship_club_2024_1,34,30,30,2666,2,,2,,2,4,33,8,43,3281,51,131,42,45,30,39,5,,,74,6.309655172413794,110.76,0.88,1333,0.27,1.72
l1_championship_player_2024_1_103700,2024,10,l1_championship_club_2024_1,2,2,2,180,1,,1,,1,,5,2,3,217,7,4,3,,,2,,,,5,7.53,108.5,1,180,1,3.5
l1_championship_player_2024_1_103700,2024,13,l1_championship_club_2024_9000000006,15,,,,,,,,,,,,,,,,,,,,,,,28,,,,,,
l1_championship_player_2023_1_101167,2023,1,l1_championship_club_2023_1,,,,,,,,,,,,,,,,,,,,,,,,,,,,,,
l1_championship_player_2024_1_101167,2024,1,l1_championship_club_2024_1,12,,,,,,,,,,,,,,,,,,,,,,,27,,,,,,
l1_championship_player_2023_1_28673,2023,1,l1_championship_club_2023_1,35,27,,1547,,,,,,,10,1,11,1227,14,110,30,32,26,30,3,,,54,10.492666666666668,144.57999999999998,,,0.12,1.61
l1_championship_player_2024_1_28673,2024,1,l1_championship_club_2024_1,34,25,22,2021,,,,,,,8,1,5,2076,16,114,22,38,19,17,1,,,74,5.655,92.45,0.65,,0.04,0.71
l1_championship_player_2024_1_28673,2024,10,l1_championship_club_2024_1,2,1,1,75,,,,,,,1,,,126,1,2,,,2,1,,,,5,7.11,151.2,0.5,,,1.2
l1_championship_player_2020_30_84358,2020,1,l1_championship_club_2020_30,,,,,,,,,,,,,,,,,,,,,,,,,,,,,,
l1_championship_player_2021_1_84358,2021,1,l1_championship_club_2021_1,,,,,,,,,,,,,,,,,,,,,,,,,,,,,,
l1_championship_player_2022_1_84358,2022,1,l1_championship_club_2022_1,2,,,,,,,,,,,,,,,,,,,,,,,3,,,,,,
l1_championship_player_2023_1_84358,2023,1,l1_championship_club_2023_1,35,5,,110,,,,,,,1,,2,64,3,7,2,3,4,2,1,,,54,9.84,104.72,,,,4.9
l1_championship_player_2024_1_84358,2024,1,l1_championship_club_2024_1,34,15,5,378,1,1,,1,,,8,3,7,330,11,29,4,3,4,11,2,,,74,4.780666666666666,78.57,0.15,378,0.71,2.62
l1_championship_player_2024_1_84358,2024,10,l1_championship_club_2024_1,2,1,,16,,,,,,,,,1,22,,,1,,,,,,,5,,123.75,,,,
l1_championship_player_2024_1_92581,2024,1,l1_championship_club_2024_1,20,,,,,,,,,,,,,,,,,,,,,,,43,,,,,,
l1_championship_player_2023_1_27361,2023,1,l1_championship_club_2023_1,35,35,,2651,17,12,5,3,12,8,116,52,27,1030,173,88,9,14,9,20,4,,,54,11.846000000000002,69.94,,310.53,3.55,11.79
l1_championship_player_2024_1_27361,2024,1,l1_championship_club_2023_1,35,35,,2651,17,12,5,3,12,8,116,52,27,1030,173,88,9,14,9,20,4,,,54,11.846000000000002,69.94,,310.53,3.55,11.79
l1_championship_player_2017_159_62575,2017,1,l1_championship_club_2017_159,,,,,,,,,,,,,,,,,,,,,,,,,,,,,,
l1_championship_player_2020_30_62575,2020,1,l1_championship_club_2020_30,,,,,,,,,,,,,,,,,,,,,,,,,,,,,,
l1_championship_player_2021_30_62575,2021,1,l1_championship_club_2021_30,,,,,,,,,,,,,,,,,,,,,,,,,,,,,,
l1_championship_player_2022_14_62575,2022,1,l1_championship_club_2022_14,,,,,,,,,,,,,,,,,,,,,,,,,,,,,,
l1_championship_player_2022_30_62575,2022,1,l1_championship_club_2022_30,,,,,,,,,,,,,,,,,,,,,,,,,,,,,,
l1_championship_player_2023_14_62575,2023,1,l1_championship_club_2023_14,36,33,1,2254,8,5,3,1,4,4,87,32,23,1284,165,113,15,10,28,23,2,,,59,5.760416666666667,51.27,0.03,281.75,1.28,6.59
l1_championship_player_2024_1_62575,2024,1,l1_championship_club_2024_14,19,19,11,1037,3,2,1,,2,2,31,16,8,522,50,44,2,6,18,12,2,,1,26,4.781578947368421,45.3,0.58,345.67,1.39,4.34
l1_championship_player_2024_1_62575,2024,1,l1_championship_club_2024_1,15,14,12,1051,10,6,4,,10,2,51,25,26,506,91,24,1,5,11,7,,,4,34,6.42,43.33,0.8,105.1,2.14,7.79
l1_championship_player_2024_1_62575,2024,10,l1_championship_club_2024_14,2,1,1,90,,,,,,,5,1,1,47,7,4,,1,3,,,,,4,,47,0.5,,1,7
l1_championship_player_2024_14_62575,2024,1,l1_championship_club_2024_14,19,19,11,1037,3,2,1,,2,2,31,16,8,522,50,44,2,6,18,12,2,,1,26,4.781578947368421,45.3,0.58,345.67,1.39,4.34
l1_championship_player_2024_14_62575,2024,1,l1_championship_club_2024_1,15,14,12,1051,10,6,4,,10,2,51,25,26,506,91,24,1,5,11,7,,,4,34,6.42,43.33,0.8,105.1,2.14,7.79
l1_championship_player_2024_14_62575,2024,10,l1_championship_club_2024_14,2,1,1,90,,,,,,,5,1,1,47,7,4,,1,3,,,,,4,,47,0.5,,1,7
l1_championship_player_2024_1_103656,2024,1,l1_championship_club_2024_1,34,34,32,2814,21,12,9,7,13,5,120,56,47,1888,161,134,12,18,24,37,3,,9,74,6.142424242424242,60.38,0.94,134,1.79,5.15
l1_championship_player_2024_1_103656,2024,10,l1_championship_club_2024_1,2,2,2,153,1,,1,1,,,5,4,4,112,12,6,,,,,,,,5,6.66,65.88,1,153,2.35,7.06
l1_championship_player_2022_1_100680,2022,1,l1_championship_club_2022_1,2,,,,,,,,,,,,,,,,,,,,,,,3,,,,,,
l1_championship_player_2023_1_100680,2023,1,l1_championship_club_2023_1,35,,,,,,,,,,,,,,,,,,,,,,,54,,,,,,
l1_championship_player_2024_1_100680,2024,1,l1_championship_club_2024_1,34,,,,,,,,,,,,,,,,,,,,,,,74,,,,,,
l1_championship_player_2024_2_104050,2024,1,l1_championship_club_2024_2,34,26,26,2106,10,5,5,3,6,1,68,29,27,1096,97,127,8,20,30,40,5,,,48,5.353076923076922,46.84,0.76,210.6,1.24,4.15
l1_championship_player_2025_2_104050,2025,1,l1_championship_club_2025_1,28,12,6,530,2,1,1,,2,1,11,5,8,312,28,34,4,5,7,9,1,,,53,4.8875,52.98,0.21,265,0.85,4.75
l1_championship_player_2025_2_104050,2025,6,l1_championship_club_2025_1,8,2,2,113,,,,,,,1,,1,55,1,3,2,1,2,2,,,,11,3.9450000000000003,43.81,0.25,,,0.8
l1_championship_player_2025_2_104050,2025,10,l1_championship_club_2025_1,4,3,1,77,1,,1,,1,,3,1,2,54,7,5,1,,,2,,,,20,6.090000000000001,63.12,0.25,77,1.17,8.18
l1_championship_player_2025_2_104050,2025,15,l1_championship_club_2025_1,1,1,,23,,,,,,,,,,,,,,,,,,,,2,4.9,,,,,
l1_championship_player_2022_1_99142,2022,1,l1_championship_club_2022_1,2,1,1,90,,,,,,,,,,37,,,,,,,,,,,,37,0.5,,,
l1_championship_player_2023_1_99142,2023,1,l1_championship_club_2023_1,35,2,,121,,,,,,,,,,59,,,,,,,,,,,10.94,87.76,,,,
l1_championship_player_2024_1_99142,2024,1,l1_championship_club_2024_1,34,,,,,,,,,,,,,,,,,,,,,,,,,,,,,
l1_championship_player_2023_1_102045,2023,1,l1_championship_club_2023_1,35,13,,906,,,,,,,11,5,8,697,9,59,7,16,15,11,,,,54,10.232,138.48,,,1,1.78
l1_championship_player_2024_1_102045,2024,1,l1_championship_club_2024_1,34,20,10,931,2,1,1,1,1,2,8,2,8,754,25,47,8,11,8,9,2,,,74,5.28842105263158,72.89,0.29,465.5,0.19,2.42
l1_championship_player_2024_1_102045,2024,10,l1_championship_club_2024_1,2,2,,65,,,,,,,1,,,49,3,1,,1,,,,,,5,4.97,67.85,,,,4.15
l1_championship_player_2023_1_101741,2023,1,l1_championship_club_2023_1,35,16,,995,3,2,1,1,1,2,6,4,7,744,18,60,11,11,10,10,3,,,54,11.102,134.6,,663.34,0.72,3.26
l1_championship_player_2024_1_101741,2024,1,l1_championship_club_2024_1,34,30,27,2436,1,1,,,1,3,13,4,24,2214,34,131,18,31,29,26,3,,,74,5.550344827586207,81.8,0.79,2436,0.15,1.26
l1_championship_player_2024_1_101741,2024,10,l1_championship_club_2024_1,2,2,2,180,,,,,,,1,,2,181,4,6,1,2,2,,,,,5,6.2,90.5,1,,,2
l1_championship_player_2020_1_92851,2020,1,l1_championship_club_2020_1,,,,,,,,,,,,,,,,,,,,,,,,,,,,,,
l1_championship_player_2021_1_92851,2021,1,l1_championship_club_2021_1,,,,,,,,,,,,,,,,,,,,,,,,,,,,,,
l1_championship_player_2022_1_92851,2022,1,l1_championship_club_2022_1,,,,,,,,,,,,,,,,,,,,,,,,,,,,,,
l1_championship_player_2023_1_92851,2023,1,l1_championship_club_2023_1,3,,,,,,,,,,,,,,,,,,,,,,,6,,,,,,
l1_championship_player_2024_1_92851,2024,1,l1_championship_club_2024_1,34,9,1,228,1,,1,,1,1,2,1,3,160,3,12,2,3,,5,,,,74,4.775,63.16,0.03,228,0.39,1.18
l1_championship_player_2024_1_92851,2024,10,l1_championship_club_2024_1,2,,,,,,,,,,,,,,,,,,,,,,,5,,,,,,
l1_championship_player_2024_1_93674,2024,1,l1_championship_club_2024_1,31,2,,12,,,,,,,,,,16,,1,,1,3,,,,,64,4.39,120,,,,
l1_championship_player_2020_158_91446,2020,1,l1_championship_club_2020_158,,,,,,,,,,,,,,,,,,,,,,,,,,,,,,
l1_championship_player_2021_158_91446,2021,1,l1_championship_club_2021_158,,,,,,,,,,,,,,,,,,,,,,,,,,,,,,
l1_championship_player_2022_158_91446,2022,1,l1_championship_club_2022_158,,,,,,,,,,,,,,,,,,,,,,,,,,,,,,
l1_championship_player_2023_158_91446,2023,1,l1_championship_club_2023_158,35,32,,2607,,,,,,9,34,7,49,2047,44,93,18,14,31,36,5,,,53,10.530344827586203,141.12,,,0.48,3.06
l1_championship_player_2024_158_91446,2024,1,l1_championship_club_2024_158,34,14,10,737,1,1,,,1,1,9,3,14,430,22,31,,6,4,11,1,,,52,4.853571428571429,52.51,0.29,737,0.37,2.69
l1_championship_player_2024_158_91446,2024,6,l1_championship_club_2024_158,10,4,3,161,1,1,,1,,,1,1,2,92,3,7,2,,4,4,1,1,,19,5.285,51.43,0.3,161,0.56,1.68
l1_championship_player_2024_158_91446,2024,10,l1_championship_club_2024_158,3,,,,,,,,,,,,,,,,,,,,,,,3,,,,,,
l1_championship_player_2017_31_36098,2017,1,l1_championship_club_2017_31,,,,,,,,,,,,,,,,,,,,,,,,,,,,,,
l1_championship_player_2024_1_36098,2024,1,l1_championship_club_2024_1,34,22,13,1042,4,2,2,,2,4,19,10,13,428,56,40,2,4,10,17,2,1,,74,4.859999999999999,36.97,0.38,260.5,0.86,4.84
l1_championship_player_2024_1_36098,2024,10,l1_championship_club_2024_1,2,2,2,135,,,,,,,,,,43,12,3,1,,3,2,1,,,5,5.05,28.67,1,,,8
l1_championship_player_2024_1_98852,2024,1,l1_championship_club_2024_1,34,2,,74,,,,,,,2,,,25,10,7,,1,1,4,,,1,74,4.965,30.41,,,,12.16
l1_championship_player_2024_1_98852,2024,10,l1_championship_club_2024_1,2,1,,6,,,,,,,,,,5,,1,,,,1,,,,5,,75,,,,
l1_championship_player_2021_2_77229,2021,4,l1_championship_club_2021_2,,,,,,,,,,,,,,,,,,,,,,,,,,,,,,
l1_championship_player_2022_2_77229,2022,1,l1_championship_club_2022_2,1,,,,,,,,,,,,,,,,,,,,,,,,,,,,,
l1_championship_player_2023_2_77229,2023,4,l1_championship_club_2023_2,40,1,,90,,,,,,,,,,24,,,,,,,,,,,5.59,24,,,,
l1_championship_player_2024_2_77229,2024,1,l1_championship_club_2024_2,34,2,2,180,,,,,,,,,,72,,,,,,,,,1,,5.865,36,0.06,,,
l1_championship_player_2021_2_18307,2021,4,l1_championship_club_2021_2,,,,,,,,,,,,,,,,,,,,,,,,,,,,,,
l1_championship_player_2022_2_18307,2022,1,l1_championship_club_2022_2,1,,,,,,,,,,,,,,,,,,,,,,,,,,,,,
l1_championship_player_2023_2_18307,2023,4,l1_championship_club_2023_2,40,39,2,3510,,,,,,,,,5,1549,,,,,2,5,1,,,,5.347297297297295,39.72,0.05,,,
l1_championship_player_2024_2_18307,2024,1,l1_championship_club_2024_2,34,32,32,2880,,,,,,,,,3,1334,,,,,1,4,4,,5,,5.762500000000001,41.69,0.94,,,
l1_championship_player_2021_158_87050,2021,1,l1_championship_club_2021_158,,,,,,,,,,,,,,,,,,,,,,,,,,,,,,
l1_championship_player_2022_158_87050,2022,1,l1_championship_club_2022_158,,,,,,,,,,,,,,,,,,,,,,,,,,,,,,
l1_championship_player_2023_158_87050,2023,1,l1_championship_club_2023_158,35,,,,,,,,,,,,,,,,,,,,,,,,,,,,,
l1_championship_player_2024_2_87050,2024,1,l1_championship_club_2024_2,34,,,,,,,,,,,,,,,,,,,,,,,,,,,,,
l1_championship_player_2024_2_87050,2024,10,l1_championship_club_2024_2,1,1,1,90,,,,,,,,,,43,,,,,,,,,,,5.21,43,1,,,
l1_championship_player_2024_158_87050,2024,1,l1_championship_club_2024_2,34,,,,,,,,,,,,,,,,,,,,,,,,,,,,,
l1_championship_player_2024_158_87050,2024,10,l1_championship_club_2024_2,1,1,1,90,,,,,,,,,,43,,,,,,,,,,,5.21,43,1,,,
l1_championship_player_2020_8_86892,2020,1,l1_championship_club_2020_8,,,,,,,,,,,,,,,,,,,,,,,,,,,,,,
l1_championship_player_2022_2_86892,2022,1,l1_championship_club_2022_2,1,,,,,,,,,,,,,,,,,,,,,,,2,,,,,,
l1_championship_player_2023_2_86892,2023,4,l1_championship_club_2023_2,40,25,1,1457,,,,,,1,3,,28,1284,8,99,27,21,15,31,4,,,76,5.296666666666666,79.31,0.03,,,0.49
l1_championship_player_2024_2_86892,2024,1,l1_championship_club_2024_2,34,31,29,2495,,,,,,1,6,1,8,1604,10,136,42,34,15,35,7,,,48,5.298064516129033,57.86,0.85,,0.04,0.36
l1_championship_player_2024_2_86892,2024,10,l1_championship_club_2024_2,1,1,1,90,,,,,,,,,1,83,,9,4,2,2,1,,,,,5.53,83,1,,,
l1_championship_player_2020_159_89545,2020,1,l1_championship_club_2020_159,,,,,,,,,,,,,,,,,,,,,,,,,,,,,,
l1_championship_player_2021_159_89545,2021,1,l1_championship_club_2021_159,1,,,,,,,,,,,,,,,,,,,,,,,5,,,,,,
l1_championship_player_2022_159_89545,2022,1,l1_championship_club_2022_159,1,1,1,90,,,,,,,,,1,79,,6,2,2,3,1,1,,,1,,79,1,,,
l1_championship_player_2023_159_89545,2023,1,l1_championship_club_2023_159,35,11,,980,,,,,,,6,1,4,749,8,39,18,5,14,9,2,,,50,10.595000000000002,136.54000000000002,,,0.19,1.44
l1_championship_player_2024_2_89545,2024,1,l1_championship_club_2024_159,2,,,,,,,,,,,,,,,,,,,,,,,,,,,,,
l1_championship_player_2024_2_89545,2024,1,l1_championship_club_2024_2,32,23,22,1945,3,1,2,,1,,9,4,4,1267,12,94,30,19,24,19,6,,1,46,5.046521739130434,58.63,0.69,648.33,0.19,0.56
l1_championship_player_2024_2_89545,2024,10,l1_championship_club_2024_2,1,1,1,90,,,,,,,,,,72,,5,1,1,,,,,,,4.52,72,1,,,
l1_championship_player_2024_159_89545,2024,1,l1_championship_club_2024_159,2,,,,,,,,,,,,,,,,,,,,,,,,,,,,,
l1_championship_player_2024_159_89545,2024,1,l1_championship_club_2024_2,32,23,22,1945,3,1,2,,1,,9,4,4,1267,12,94,30,19,24,19,6,,1,46,5.046521739130434,58.63,0.69,648.33,0.19,0.56
l1_championship_player_2024_159_89545,2024,10,l1_championship_club_2024_2,1,1,1,90,,,,,,,,,,72,,5,1,1,,,,,,,4.52,72,1,,,
l1_championship_player_2021_4_94516,2021,1,l1_championship_club_2021_4,2,1,1,45,,,,,,,,,,41,,5,,,1,1,,,,,,82,0.5,,,
l1_championship_player_2022_2_94516,2022,1,l1_championship_club_2022_2,1,,,,,,,,,,,,,,,,,,,,,,,2,,,,,,
l1_championship_player_2023_2_94516,2023,4,l1_championship_club_2023_2,40,27,1,2189,,,,,,2,8,2,31,2154,26,138,30,41,39,24,7,,,76,5.373333333333332,88.56,0.03,,0.08,1.07
l1_championship_player_2024_2_94516,2024,1,l1_championship_club_2024_2,34,29,26,2284,,,,,,1,4,1,22,1753,15,139,50,45,33,26,2,,,48,5.297586206896551,69.08,0.76,,0.04,0.59
l1_championship_player_2024_2_94516,2024,10,l1_championship_club_2024_2,1,,,,,,,,,,,,,,,,,,,,,,,,,,,,,
l1_championship_player_2024_2_104421,2024,1,l1_championship_club_2024_2,34,9,2,268,,,,,,,3,1,2,197,4,13,2,4,3,4,,,,48,4.864444444444445,66.16,0.06,,0.34,1.34
l1_championship_player_2017_15_81386,2017,1,l1_championship_club_2017_15,,,,,,,,,,,,,,,,,,,,,,,,,,,,,,
l1_championship_player_2020_15_81386,2020,1,l1_championship_club_2020_15,,,,,,,,,,,,,,,,,,,,,,,,,,,,,,
l1_championship_player_2021_15_81386,2021,1,l1_championship_club_2021_15,,,,,,,,,,,,,,,,,,,,,,,,,,,,,,
l1_championship_player_2022_15_81386,2022,4,l1_championship_club_2022_64,1,1,1,57,,,,,,,1,,1,34,4,7,1,2,,4,,,,3,,53.68,1,,,6.32
l1_championship_player_2023_15_81386,2023,1,l1_championship_club_2023_15,38,36,2,2308,1,1,,1,,1,17,4,21,1696,30,206,45,58,38,56,3,1,,41,5.19695652173913,66.14,0.05,2308,0.16,1.17
l1_championship_player_2024_15_81386,2024,1,l1_championship_club_2024_15,20,10,1,220,,,,,,,1,,2,183,,15,7,3,4,4,3,,,33,4.6979999999999995,74.86,0.05,,,
l1_championship_player_2024_15_81386,2024,10,l1_championship_club_2024_15,3,2,1,111,,,,,,1,,,3,72,1,10,,2,,5,,,,6,5.44,58.38,0.33,,,0.81
l1_championship_player_2025_15_81386,2025,1,l1_championship_club_2025_15,7,,,,,,,,,,,,,,,,,,,,,,,14,,,,,,
l1_championship_player_2025_15_81386,2025,1,l1_championship_club_2025_2,30,22,19,1698,1,,1,,1,,15,5,5,1072,19,130,33,30,23,32,5,,,25,5.055454545454546,56.82,0.63,1698,0.27,1.01
l1_championship_player_2025_15_81386,2025,10,l1_championship_club_2025_2,1,1,1,90,,,,,,,,,,50,,6,1,2,2,1,1,,,1,3.3,50,1,,,
l1_championship_player_2024_2_100379,2024,1,l1_championship_club_2024_2,34,,,,,,,,,,,,,,,,,,,,,,,48,,,,,,
l1_championship_player_2017_20_81342,2017,1,l1_championship_club_2017_20,,,,,,,,,,,,,,,,,,,,,,,,,,,,,,
l1_championship_player_2021_20_81342,2021,4,l1_championship_club_2021_20,,,,,,,,,,,,,,,,,,,,,,,,,,,,,,
l1_championship_player_2022_20_81342,2022,4,l1_championship_club_2022_20,1,,,,,,,,,,,,,,,,,,,,,,,2,,,,,,
l1_championship_player_2023_20_81342,2023,4,l1_championship_club_2022_20,1,,,,,,,,,,,,,,,,,,,,,,,2,,,,,,
l1_championship_player_2024_20_81342,2024,4,l1_championship_club_2024_20,34,15,10,921,,,,,,,2,,6,683,12,42,8,13,9,15,,,,31,4.863333333333333,66.74,0.29,,,1.17
l1_championship_player_2024_20_81342,2024,10,l1_championship_club_2024_20,1,,,,,,,,,,,,,,,,,,,,,,,1,,,,,,
l1_championship_player_2024_14_104062,2024,1,l1_championship_club_2024_14,34,3,,55,,,,,,,1,,,33,,,2,,1,,,,,51,4.6000000000000005,54,,,,
l1_championship_player_2024_14_104062,2024,10,l1_championship_club_2024_14,2,2,,16,,,,,,,,,,16,2,1,,1,,,,,,4,4.28,90,,,,11.25
l1_championship_player_2025_14_104062,2025,1,l1_championship_club_2025_2,13,11,5,405,,,,,,,4,,5,216,9,19,2,6,4,5,,,,11,4.53090909090909,48,0.38,,,2
l1_championship_player_2025_14_104062,2025,10,l1_championship_club_2025_2,1,,,,,,,,,,,,,,,,,,,,,,,1,,,,,,
l1_championship_player_2025_14_104062,2025,14,l1_championship_club_2025_9000000031,6,,,,,,,,,,,,,,,,,,,,,,,11,,,,,,
l1_championship_player_2020_158_83680,2020,1,l1_championship_club_2020_158,,,,,,,,,,,,,,,,,,,,,,,,,,,,,,
l1_championship_player_2021_158_83680,2021,1,l1_championship_club_2021_158,,,,,,,,,,,,,,,,,,,,,,,,,,,,,,
l1_championship_player_2023_2_83680,2023,4,l1_championship_club_2023_2,40,4,,30,,,,,,,,,,43,2,6,1,1,1,2,,,,76,,129,,,,6
l1_championship_player_2024_2_83680,2024,1,l1_championship_club_2024_2,34,,,,,,,,,,,,,,,,,,,,,,,48,,,,,,
l1_championship_player_2021_2_86432,2021,4,l1_championship_club_2021_2,,,,,,,,,,,,,,,,,,,,,,,,,,,,,,
l1_championship_player_2022_2_86432,2022,1,l1_championship_club_2022_2,1,,,,,,,,,,,,,,,,,,,,,,,2,,,,,,
l1_championship_player_2023_2_86432,2023,4,l1_championship_club_2023_2,40,10,,45,2,2,,2,,,3,2,,69,5,9,1,3,1,1,,,,76,,138,,22.5,4,10
l1_championship_player_2024_2_86432,2024,1,l1_championship_club_2024_2,34,22,16,1458,,,,,,,17,3,25,985,37,102,20,30,22,18,1,,,48,5.0695454545454535,60.8,0.47,,0.19,2.28
l1_championship_player_2024_2_86432,2024,10,l1_championship_club_2024_2,1,1,,15,,,,,,,,,,22,,2,,,,,,,,,4.53,132,,,,
l1_championship_player_2017_31_82393,2017,1,l1_championship_club_2017_31,,,,,,,,,,,,,,,,,,,,,,,,,,,,,,
l1_championship_player_2020_31_82393,2020,1,l1_championship_club_2020_31,,,,,,,,,,,,,,,,,,,,,,,,,,,,,,
l1_championship_player_2021_31_82393,2021,1,l1_championship_club_2021_31,,,,,,,,,,,,,,,,,,,,,,,,,,,,,,
l1_championship_player_2023_2_82393,2023,4,l1_championship_club_2023_2,40,35,,1656,,,,,,,10,1,7,1481,3,82,27,24,30,23,1,,,76,4.9475,80.49,,,0.05,0.16
l1_championship_player_2024_2_82393,2024,1,l1_championship_club_2024_2,34,17,7,659,,,,,,,3,2,2,452,4,29,12,7,18,11,1,,,48,4.814117647058824,61.73,0.21,,0.27,0.55
l1_championship_player_2024_2_82393,2024,10,l1_championship_club_2024_2,1,1,1,75,,,,,,,1,1,,58,,4,,3,1,1,,,,,5.3,69.6,1,,1.2,
l1_championship_player_2017_9_63146,2017,1,l1_championship_club_2017_9,,,,,,,,,,,,,,,,,,,,,,,,,,,,,,
l1_championship_player_2020_44_63146,2020,1,l1_championship_club_2020_44,,,,,,,,,,,,,,,,,,,,,,,,,,,,,,
l1_championship_player_2021_44_63146,2021,1,l1_championship_club_2021_159,1,,,,,,,,,,,,,,,,,,,,,,,5,,,,,,
l1_championship_player_2021_159_63146,2021,1,l1_championship_club_2021_159,1,,,,,,,,,,,,,,,,,,,,,,,5,,,,,,
l1_championship_player_2022_7_63146,2022,1,l1_championship_club_2021_159,1,,,,,,,,,,,,,,,,,,,,,,,5,,,,,,
l1_championship_player_2022_159_63146,2022,1,l1_championship_club_2021_159,1,,,,,,,,,,,,,,,,,,,,,,,5,,,,,,
l1_championship_player_2023_7_63146,2023,1,l1_championship_club_2023_7,21,20,,1660,5,4,1,5,,1,29,10,16,999,50,121,10,8,5,51,1,,,23,6.3062499999999995,54.16,,332,0.54,2.71
l1_championship_player_2023_159_63146,2023,1,l1_championship_club_2023_7,21,20,,1660,5,4,1,5,,1,29,10,16,999,50,121,10,8,5,51,1,,,23,6.3062499999999995,54.16,,332,0.54,2.71
l1_championship_player_2024_44_63146,2024,1,l1_championship_club_2024_44,34,20,10,900,3,2,1,3,,2,19,10,10,530,36,60,4,10,6,23,2,,1,52,4.986,53,0.29,300,1,3.6
l1_championship_player_2024_44_63146,2024,6,l1_championship_club_2024_44,10,8,3,306,,,,,,,1,,5,176,3,23,2,3,1,5,,,,10,4.63875,51.76,0.3,,,0.88
l1_championship_player_2024_44_63146,2024,10,l1_championship_club_2024_44,4,4,3,286,,,,,,1,5,1,7,182,11,15,1,1,1,3,,,,7,4.996666666666667,57.27,0.75,,0.31,3.46
l1_championship_player_2024_7_63146,2024,1,l1_championship_club_2024_44,34,20,10,900,3,2,1,3,,2,19,10,10,530,36,60,4,10,6,23,2,,1,52,4.986,53,0.29,300,1,3.6
l1_championship_player_2024_7_63146,2024,6,l1_championship_club_2024_44,10,8,3,306,,,,,,,1,,5,176,3,23,2,3,1,5,,,,10,4.63875,51.76,0.3,,,0.88
l1_championship_player_2024_7_63146,2024,10,l1_championship_club_2024_44,4,4,3,286,,,,,,1,5,1,7,182,11,15,1,1,1,3,,,,7,4.996666666666667,57.27,0.75,,0.31,3.46
l1_championship_player_2025_44_63146,2025,1,l1_championship_club_2025_2,13,9,6,508,,,,,,2,8,3,10,261,11,32,2,6,5,11,,,,11,5.028888888888889,46.24,0.46,,0.53,1.95
l1_championship_player_2025_44_63146,2025,10,l1_championship_club_2025_2,1,,,,,,,,,,,,,,,,,,,,,,,1,,,,,,
l1_championship_player_2017_159_48113,2017,1,l1_championship_club_2017_159,,,,,,,,,,,,,,,,,,,,,,,,,,,,,,
l1_championship_player_2022_2_48113,2022,1,l1_championship_club_2022_2,1,,,,,,,,,,,,,,,,,,,,,,,2,,,,,,
l1_championship_player_2023_2_48113,2023,4,l1_championship_club_2023_2,40,35,2,2670,1,,1,,1,2,21,3,15,1935,11,122,39,38,47,26,4,1,,76,5.014666666666667,65.22,0.05,2670,0.1,0.37
l1_championship_player_2024_2_48113,2024,1,l1_championship_club_2024_2,34,28,28,2354,1,1,,1,,3,7,3,14,1173,5,119,42,41,49,21,7,,1,48,5.076785714285713,44.85,0.82,2354,0.11,0.19
l1_championship_player_2024_2_48113,2024,10,l1_championship_club_2024_2,1,1,,15,,,,,,,,,,20,,2,1,,,1,,,,,4.86,120,,,,
l1_championship_player_2021_5_79828,2021,4,l1_championship_club_2021_5,,,,,,,,,,,,,,,,,,,,,,,,,,,,,,
l1_championship_player_2022_5_79828,2022,4,l1_championship_club_2022_5,,,,,,,,,,,,,,,,,,,,,,,,,,,,,,
l1_championship_player_2023_5_79828,2023,1,l1_championship_club_2023_5,35,31,,2121,,,,,,6,22,4,33,1156,53,107,13,18,26,28,6,,,36,10.358,97.88,,,0.35,4.55
l1_championship_player_2024_5_79828,2024,1,l1_championship_club_2024_5,34,27,23,2004,4,,4,1,3,3,27,10,26,913,84,114,7,26,28,46,5,,1,40,5.07962962962963,41,0.68,501,0.45,3.77
l1_championship_player_2025_5_79828,2025,1,l1_championship_club_2025_2,30,27,16,1473,1,,1,,1,,21,11,9,730,35,91,10,16,32,30,4,1,,25,4.4618518518518515,44.6,0.53,1473,0.67,2.14
l1_championship_player_2025_5_79828,2025,10,l1_championship_club_2025_2,1,,,,,,,,,,,,,,,,,,,,,,,1,,,,,,
l1_championship_player_2024_2_103884,2024,1,l1_championship_club_2024_2,34,3,,42,1,1,,,1,,3,2,1,23,3,3,,1,,1,,,,48,5.1466666666666665,49.29,,42,4.29,6.43
l1_championship_player_2017_4_66914,2017,1,l1_championship_club_2017_4,,,,,,,,,,,,,,,,,,,,,,,,,,,,,,
l1_championship_player_2020_4_66914,2020,1,l1_championship_club_2020_4,,,,,,,,,,,,,,,,,,,,,,,,,,,,,,
l1_championship_player_2021_4_66914,2021,1,l1_championship_club_2021_4,2,,,,,,,,,,,,,,,,,,,,,,,,,,,,,
l1_championship_player_2022_4_66914,2022,1,l1_championship_club_2021_4,2,,,,,,,,,,,,,,,,,,,,,,,,,,,,,
l1_championship_player_2024_15_66914,2024,1,l1_championship_club_2024_15,34,25,7,760,1,,1,,1,1,19,6,5,344,32,55,3,6,18,16,2,,,56,4.3384,40.74,0.21,760,0.71,3.79
l1_championship_player_2024_15_66914,2024,10,l1_championship_club_2024_15,3,2,2,180,2,,2,1,1,,14,5,,81,15,12,,3,3,2,,,,6,6.705,40.5,0.67,90,2.5,7.5
l1_championship_player_2025_15_66914,2025,1,l1_championship_club_2025_15,3,,,,,,,,,,,,,,,,,,,,,,,4,,,,,,
l1_championship_player_2025_15_66914,2025,1,l1_championship_club_2025_2,27,23,11,967,,,,,,1,25,8,6,385,35,72,2,6,25,22,,,,23,4.550434782608695,35.83,0.41,,0.74,3.26
l1_championship_player_2025_15_66914,2025,10,l1_championship_club_2025_2,1,,,,,,,,,,,,,,,,,,,,,,,1,,,,,,
l1_championship_player_2021_2_83293,2021,4,l1_championship_club_2021_2,,,,,,,,,,,,,,,,,,,,,,,,,,,,,,
l1_championship_player_2022_2_83293,2022,1,l1_championship_club_2022_2,1,,,,,,,,,,,,,,,,,,,,,,,2,,,,,,
l1_championship_player_2023_2_83293,2023,4,l1_championship_club_2023_2,40,36,2,2245,8,4,4,2,4,4,81,21,37,1492,215,157,27,14,41,40,3,,,76,5.722799999999999,59.81,0.05,280.63,0.84,8.62
l1_championship_player_2024_2_83293,2024,1,l1_championship_club_2024_2,34,34,25,2306,5,3,2,2,3,8,61,18,37,1108,143,121,13,20,36,33,6,,1,48,5.287647058823529,43.24,0.74,461.2,0.7,5.58
l1_championship_player_2024_2_83293,2024,10,l1_championship_club_2024_2,1,1,,26,,,,,,,,,,12,,,,,,,,,,,4.26,41.54,,,,
l1_championship_player_2024_5_87318,2024,1,l1_championship_club_2024_5,3,,,,,,,,,,,,,,,,,,,,,,,,,,,,,
l1_championship_player_2022_40_18529,2022,1,l1_championship_club_2022_40,,,,,,,,,,,,,,,,,,,,,,,,,,,,,,
l1_championship_player_2023_40_18529,2023,1,l1_championship_club_2023_40,35,31,,2790,,,,,,,,,2,1520,,,,,,3,3,,,,10.708333333333332,97.86,,,,
l1_championship_player_2024_40_18529,2024,4,l1_championship_club_2024_40,21,,,,,,,,,,,,,,,,,,,,,,,,,,,,,
l1_championship_player_2024_40_18529,2024,4,l1_championship_club_2024_64,13,11,11,990,,,,,,,,,1,415,,,,,,2,1,,,,5.250000000000001,37.73,0.85,,,
l1_championship_player_2024_64_18529,2024,4,l1_championship_club_2024_40,21,,,,,,,,,,,,,,,,,,,,,,,,,,,,,
l1_championship_player_2024_64_18529,2024,4,l1_championship_club_2024_64,13,11,11,990,,,,,,,,,1,415,,,,,,2,1,,,,5.250000000000001,37.73,0.85,,,
l1_championship_player_2025_40_18529,2025,1,l1_championship_club_2025_5,30,26,26,2295,,,,,,,,,3,1124,,,,,,6,1,,1,,5.328846153846154,44.08,0.87,,,
l1_championship_player_2025_40_18529,2025,4,l1_championship_club_2025_40,9,,,,,,,,,,,,,,,,,,,,,,,,,,,,,
l1_championship_player_2025_40_18529,2025,10,l1_championship_club_2025_5,1,,,,,,,,,,,,,,,,,,,,,,,,,,,,,
l1_championship_player_2025_64_18529,2025,1,l1_championship_club_2025_5,30,26,26,2295,,,,,,,,,3,1124,,,,,,6,1,,1,,5.328846153846154,44.08,0.87,,,
l1_championship_player_2025_64_18529,2025,4,l1_championship_club_2025_40,9,,,,,,,,,,,,,,,,,,,,,,,,,,,,,
l1_championship_player_2025_64_18529,2025,10,l1_championship_club_2025_5,1,,,,,,,,,,,,,,,,,,,,,,,,,,,,,
l1_championship_player_2021_64_6105,2021,4,l1_championship_club_2021_64,,,,,,,,,,,,,,,,,,,,,,,,,,,,,,
l1_championship_player_2022_64_6105,2022,4,l1_championship_club_2022_64,1,,,,,,,,,,,,,,,,,,,,,,,,,,,,,
l1_championship_player_2023_64_6105,2023,4,l1_championship_club_2023_64,39,19,1,1709,,,,,,,,,,686,,,,,2,3,1,1,,,5.357222222222221,36.13,0.03,,,
l1_championship_player_2024_64_6105,2024,4,l1_championship_club_2024_64,34,20,20,1800,,,,,,,1,,,688,,,,,1,1,4,,,,5.044,34.4,0.59,,,
l1_championship_player_2025_64_6105,2025,1,l1_championship_club_2025_5,30,4,3,315,,,,,,,,,,195,,,,,,1,2,,1,,6.119999999999999,55.71,0.1,,,
l1_championship_player_2025_64_6105,2025,4,l1_championship_club_2025_64,5,,,,,,,,,,,,,,,,,,,,,,,,,,,,,
l1_championship_player_2025_64_6105,2025,10,l1_championship_club_2025_5,1,,,,,,,,,,,,,,,,,,,,,,,,,,,,,
l1_championship_player_2020_41_87310,2020,1,l1_championship_club_2020_41,,,,,,,,,,,,,,,,,,,,,,,,,,,,,,
l1_championship_player_2021_41_87310,2021,1,l1_championship_club_2021_41,2,,,,,,,,,,,,,,,,,,,,,,,3,,,,,,
l1_championship_player_2022_41_87310,2022,1,l1_championship_club_2021_41,2,,,,,,,,,,,,,,,,,,,,,,,3,,,,,,
l1_championship_player_2024_29_87310,2024,4,l1_championship_club_2024_29,34,22,19,1606,1,1,,,1,,17,4,14,1260,28,83,27,30,16,13,2,,,37,5.243181818181818,70.61,0.56,1606,0.22,1.57
l1_championship_player_2025_29_87310,2025,1,l1_championship_club_2025_5,30,22,11,964,2,2,,,2,1,18,7,16,595,30,44,8,18,12,4,2,,,25,4.956363636363637,55.55,0.37,482,0.65,2.8
l1_championship_player_2025_29_87310,2025,10,l1_championship_club_2025_5,1,,,,,,,,,,,,,,,,,,,,,,,,,,,,,
l1_championship_player_2017_30_47709,2017,1,l1_championship_club_2017_30,,,,,,,,,,,,,,,,,,,,,,,,,,,,,,
l1_championship_player_2022_5_47709,2022,4,l1_championship_club_2022_5,,,,,,,,,,,,,,,,,,,,,,,,,,,,,,
l1_championship_player_2023_5_47709,2023,1,l1_championship_club_2023_5,35,32,,2869,3,1,2,,2,,17,6,3,1802,37,141,34,31,39,7,2,,,36,10.94806451612903,113.46000000000001,,2345.83,0.35,2.33
l1_championship_player_2024_5_47709,2024,1,l1_championship_club_2024_5,34,31,31,2769,2,1,1,1,,,11,2,5,1921,22,143,34,43,31,7,5,,,40,5.263548387096773,62.44,0.91,1384.5,0.07,0.72
l1_championship_player_2023_5_34992,2023,1,l1_championship_club_2023_5,35,29,,1632,,,,,,3,19,4,13,880,34,78,17,28,22,17,3,,,36,10.617222222222221,96.93,,,0.45,3.7199999999999998
l1_championship_player_2024_5_34992,2024,1,l1_championship_club_2024_5,34,31,28,2461,,,,,,,11,2,13,1545,36,122,29,35,27,28,5,,,40,4.94516129032258,56.5,0.82,,0.07,1.32
l1_championship_player_2024_5_34992,2024,10,l1_championship_club_2024_5,1,1,1,90,,,,,,,3,1,,94,7,5,,1,1,1,1,,,,5.34,94,1,,1,7
l1_championship_player_2017_13_66261,2017,1,l1_championship_club_2017_13,,,,,,,,,,,,,,,,,,,,,,,,,,,,,,
l1_championship_player_2020_13_66261,2020,1,l1_championship_club_2020_13,,,,,,,,,,,,,,,,,,,,,,,,,,,,,,
l1_championship_player_2021_4_66261,2021,1,l1_championship_club_2021_4,2,2,2,146,,,,,,,,,1,106,4,8,3,,2,2,,,,,,65.34,1,,,2.47
l1_championship_player_2021_13_66261,2021,1,l1_championship_club_2021_4,2,2,2,146,,,,,,,,,1,106,4,8,3,,2,2,,,,,,65.34,1,,,2.47
l1_championship_player_2022_13_66261,2022,1,l1_championship_club_2021_4,2,2,2,146,,,,,,,,,1,106,4,8,3,,2,2,,,,,,65.34,1,,,2.47
l1_championship_player_2023_13_66261,2023,1,l1_championship_club_2023_13,5,,,,,,,,,,,,,,,,,,,,,,,4,,,,,,
l1_championship_player_2024_5_66261,2024,1,l1_championship_club_2024_5,34,20,12,1109,1,1,,,1,,8,3,3,728,20,66,11,22,9,11,2,,,40,4.721000000000001,59.08,0.35,1109,0.24,1.62
l1_championship_player_2024_5_66261,2024,10,l1_championship_club_2024_5,1,1,1,90,,,,,,,,,,90,2,7,,3,3,1,,,,,5.08,90,1,,,2
l1_championship_player_2024_13_66261,2024,1,l1_championship_club_2024_5,34,20,12,1109,1,1,,,1,,8,3,3,728,20,66,11,22,9,11,2,,,40,4.721000000000001,59.08,0.35,1109,0.24,1.62
l1_championship_player_2024_13_66261,2024,10,l1_championship_club_2024_5,1,1,1,90,,,,,,,,,,90,2,7,,3,3,1,,,,,5.08,90,1,,,2
l1_championship_player_2021_5_81328,2021,4,l1_championship_club_2021_5,,,,,,,,,,,,,,,,,,,,,,,,,,,,,,
l1_championship_player_2022_5_81328,2022,4,l1_championship_club_2022_5,,,,,,,,,,,,,,,,,,,,,,,,,,,,,,
l1_championship_player_2023_5_81328,2023,1,l1_championship_club_2023_5,35,31,,2780,,,,,,,16,3,17,1957,37,153,68,33,55,38,9,,,36,10.491333333333335,127.6,,,0.2,2.44
l1_championship_player_2024_5_81328,2024,1,l1_championship_club_2024_5,34,16,16,1251,3,,3,,1,,7,4,3,987,15,79,21,16,22,16,4,1,2,40,4.857500000000001,71.01,0.47,417,0.29,1.08
l1_championship_player_2017_33_80322,2017,1,l1_championship_club_2017_33,,,,,,,,,,,,,,,,,,,,,,,,,,,,,,
l1_championship_player_2022_5_80322,2022,4,l1_championship_club_2022_5,,,,,,,,,,,,,,,,,,,,,,,,,,,,,,
l1_championship_player_2023_5_80322,2023,1,l1_championship_club_2023_5,35,22,,1943,,,,,,,6,,3,1189,13,51,44,9,11,5,1,,,36,10.872727272727271,110.14,,,,1.2
l1_championship_player_2024_5_80322,2024,1,l1_championship_club_2024_5,34,28,26,2320,,,,,,,14,3,3,1567,15,53,29,10,14,6,5,1,,40,4.954642857142858,60.79,0.76,,0.12,0.58
l1_championship_player_2024_5_103617,2024,1,l1_championship_club_2024_5,34,17,9,973,,,,,,2,5,2,28,762,8,53,8,10,8,13,3,,,40,5.175882352941176,70.48,0.26,,0.18,0.74
l1_championship_player_2024_5_103617,2024,10,l1_championship_club_2024_5,1,1,1,90,,,,,,,1,,2,92,2,4,2,2,,1,,,,,5.13,92,1,,,2
l1_championship_player_2021_5_80671,2021,4,l1_championship_club_2021_5,,,,,,,,,,,,,,,,,,,,,,,,,,,,,,
l1_championship_player_2022_5_80671,2022,4,l1_championship_club_2022_5,,,,,,,,,,,,,,,,,,,,,,,,,,,,,,
l1_championship_player_2023_5_80671,2023,1,l1_championship_club_2023_5,35,4,,17,,,,,,,,,,25,,4,,1,,1,,,,36,,264.7,,,,
l1_championship_player_2024_5_80671,2024,1,l1_championship_club_2024_5,1,,,,,,,,,,,,,,,,,,,,,,,1,,,,,,
l1_championship_player_2020_31_72857,2020,1,l1_championship_club_2020_31,,,,,,,,,,,,,,,,,,,,,,,,,,,,,,
l1_championship_player_2021_31_72857,2021,1,l1_championship_club_2021_31,,,,,,,,,,,,,,,,,,,,,,,,,,,,,,
l1_championship_player_2021_5_80954,2021,4,l1_championship_club_2021_5,,,,,,,,,,,,,,,,,,,,,,,,,,,,,,
l1_championship_player_2022_5_80954,2022,4,l1_championship_club_2022_5,,,,,,,,,,,,,,,,,,,,,,,,,,,,,,
l1_championship_player_2023_5_80954,2023,1,l1_championship_club_2023_5,35,33,,1876,2,2,,,,1,21,9,28,1270,29,97,23,24,30,31,4,,,36,10.044761904761906,121.45,,1866,0.87,2.75
l1_championship_player_2022_31_72857,2022,4,l1_championship_club_2022_31,,,,,,,,,,,,,,,,,,,,,,,,,,,,,,
l1_championship_player_2024_5_80954,2024,1,l1_championship_club_2024_5,34,31,25,2109,2,1,1,2,,,29,9,15,1096,30,116,26,36,42,33,4,,,40,4.805483870967743,46.77,0.74,1054.5,0.38,1.28
l1_championship_player_2023_41_101486,2023,1,l1_championship_club_2023_41,35,30,,1425,1,,1,,1,3,25,13,22,659,48,55,5,10,13,9,1,,,43,10.787857142857144,83.22,,2790,1.6099999999999999,6.13
l1_championship_player_2024_41_101486,2024,1,l1_championship_club_2024_41,34,4,,76,,,,,,,,,1,43,1,8,,1,,3,,,,33,4.89,50.92,,,,1.18
l1_championship_player_2025_41_101486,2025,1,l1_championship_club_2025_5,27,8,1,223,,,,,,,6,3,6,124,7,15,,4,4,1,,,,20,4.46625,50.04,0.04,,1.21,2.83
l1_championship_player_2025_41_101486,2025,4,l1_championship_club_2025_41,4,1,,28,,,,,,,,,,18,1,,,,,,,,,4,4.43,57.86,,,,3.21
l1_championship_player_2025_41_101486,2025,10,l1_championship_club_2025_5,1,,,,,,,,,,,,,,,,,,,,,,,,,,,,,
l1_championship_player_2024_5_86624,2024,1,l1_championship_club_2024_5,34,,,,,,,,,,,,,,,,,,,,,,,40,,,,,,
l1_championship_player_2023_5_78389,2023,1,l1_championship_club_2023_5,35,20,,589,,,,,,,7,1,2,378,3,45,5,18,12,4,2,2,,36,9.803333333333335,118.44999999999999,,,0.32,0.81
l1_championship_player_2024_5_78389,2024,1,l1_championship_club_2024_5,34,27,11,1054,1,1,,1,,,18,5,10,612,23,61,12,25,12,10,2,,,40,4.7192592592592595,52.26,0.32,1054,0.43,1.96
l1_championship_player_2024_5_78389,2024,10,l1_championship_club_2024_5,1,1,1,65,,,,,,,1,1,1,49,,2,1,,,1,,,,,4.94,67.85,1,,1.38,
l1_championship_player_2017_12_29510,2017,1,l1_championship_club_2017_12,,,,,,,,,,,,,,,,,,,,,,,,,,,,,,
l1_championship_player_2020_12_29510,2020,1,l1_championship_club_2020_12,,,,,,,,,,,,,,,,,,,,,,,,,,,,,,
l1_championship_player_2021_12_29510,2021,1,l1_championship_club_2021_12,,,,,,,,,,,,,,,,,,,,,,,,,,,,,,
l1_championship_player_2023_5_29510,2023,1,l1_championship_club_2023_5,35,31,,2296,2,1,1,,2,,34,11,12,1609,17,150,25,28,27,32,4,,,36,9.785925925925927,126.05,,2294,0.8200000000000001,1.34
l1_championship_player_2024_5_29510,2024,1,l1_championship_club_2024_5,34,28,26,2329,10,5,5,,10,1,47,15,7,1467,29,153,34,34,30,45,5,,3,40,5.370000000000002,56.69,0.76,232.9,0.58,1.12
l1_championship_player_2024_5_90468,2024,1,l1_championship_club_2024_5,32,,,,,,,,,,,,,,,,,,,,,,,37,,,,,,
l1_championship_player_2024_5_90468,2024,10,l1_championship_club_2024_5,1,,,,,,,,,,,,,,,,,,,,,,,,,,,,,
l1_championship_player_2020_37_51620,2020,1,l1_championship_club_2020_37,,,,,,,,,,,,,,,,,,,,,,,,,,,,,,
l1_championship_player_2021_37_51620,2021,1,l1_championship_club_2021_37,,,,,,,,,,,,,,,,,,,,,,,,,,,,,,
l1_championship_player_2022_37_51620,2022,1,l1_championship_club_2022_37,1,1,1,66,,,,,,,1,,,64,3,10,1,,1,2,,,,1,,87.27,1,,,4.09
l1_championship_player_2017_20_74429,2017,1,l1_championship_club_2017_20,,,,,,,,,,,,,,,,,,,,,,,,,,,,,,
l1_championship_player_2022_20_74429,2022,4,l1_championship_club_2022_20,1,1,1,45,,,,,,,,,,27,1,4,,,1,2,,,,2,,54,1,,,2
l1_championship_player_2023_20_74429,2023,4,l1_championship_club_2023_20,39,35,1,1876,3,1,2,,3,7,28,12,24,823,90,91,20,11,21,36,2,,,54,5.525499999999999,39.48,0.03,625.33,0.58,4.32
l1_championship_player_2024_20_74429,2024,4,l1_championship_club_2024_20,34,31,17,1714,2,,2,,,2,26,9,22,713,92,76,5,12,25,37,1,,,31,4.636129032258064,37.44,0.5,857,0.47,4.83
l1_championship_player_2024_20_74429,2024,10,l1_championship_club_2024_20,1,,,,,,,,,,,,,,,,,,,,,,,1,,,,,,
l1_championship_player_2021_226_89760,2021,4,l1_championship_club_2021_226,,,,,,,,,,,,,,,,,,,,,,,,,,,,,,
l1_championship_player_2022_226_89760,2022,4,l1_championship_club_2022_226,1,1,,28,,,,,,,1,,,12,,4,,,2,2,,,,,,38.57,,,,
l1_championship_player_2023_5_89760,2023,4,l1_championship_club_2023_2,21,18,,507,,,,,,,13,3,3,341,32,64,3,4,9,13,,2,,36,5.23,60.53,,,0.53,5.68
l1_championship_player_2023_2_89760,2023,4,l1_championship_club_2023_2,21,18,,507,,,,,,,13,3,3,341,32,64,3,4,9,13,,2,,36,5.23,60.53,,,0.53,5.68
l1_championship_player_2024_2_89760,2024,1,l1_championship_club_2024_5,34,29,21,1905,5,2,3,,3,4,43,19,28,949,89,185,16,14,17,60,,,1,40,5.097241379310344,44.83,0.62,381,0.9,4.2
l1_championship_player_2024_5_89760,2024,1,l1_championship_club_2024_5,34,29,21,1905,5,2,3,,3,4,43,19,28,949,89,185,16,14,17,60,,,1,40,5.097241379310344,44.83,0.62,381,0.9,4.2
l1_championship_player_2017_159_36584,2017,1,l1_championship_club_2017_159,,,,,,,,,,,,,,,,,,,,,,,,,,,,,,
l1_championship_player_2021_5_36584,2021,4,l1_championship_club_2021_5,,,,,,,,,,,,,,,,,,,,,,,,,,,,,,
l1_championship_player_2022_5_36584,2022,4,l1_championship_club_2022_5,,,,,,,,,,,,,,,,,,,,,,,,,,,,,,
l1_championship_player_2023_5_36584,2023,1,l1_championship_club_2023_5,35,1,,90,,,,,,,,,,22,,,,,,,1,,,,10.54,44,,,,
l1_championship_player_2024_5_36584,2024,1,l1_championship_club_2024_5,34,16,16,1440,,,,,,,,,,634,,,,,,2,2,,,,5.205000000000001,39.63,0.47,,,
l1_championship_player_2024_5_36584,2024,10,l1_championship_club_2024_5,1,1,1,90,,,,,,,,,,32,,,,,,,,,,,6.18,32,1,,,
l1_championship_player_2025_5_36584,2025,1,l1_championship_club_2025_6,29,,,,,,,,,,,,,,,,,,,,,,,,,,,,,
l1_championship_player_2025_5_36584,2025,10,l1_championship_club_2025_6,5,,,,,,,,,,,,,,,,,,,,,,,,,,,,,
l1_championship_player_2017_18_19005,2017,1,l1_championship_club_2017_18,,,,,,,,,,,,,,,,,,,,,,,,,,,,,,
l1_championship_player_2021_18_19005,2021,4,l1_championship_club_2021_18,,,,,,,,,,,,,,,,,,,,,,,,,,,,,,
l1_championship_player_2022_18_19005,2022,4,l1_championship_club_2022_18,,,,,,,,,,,,,,,,,,,,,,,,,,,,,,
l1_championship_player_2023_18_19005,2023,4,l1_championship_club_2023_18,38,35,,3150,,,,,,,,,1,994,,,,,,3,,,,,5.352285714285714,28.4,,,,
l1_championship_player_2024_18_19005,2024,4,l1_championship_club_2024_18,34,33,33,2970,,,,,,,,,,1021,,,,,,8,1,,,,5.051515151515152,30.94,0.97,,,
l1_championship_player_2024_6_100821,2024,1,l1_championship_club_2024_6,34,,,,,,,,,,,,,,,,,,,,,,,,,,,,,
l1_championship_player_2025_18_19005,2025,1,l1_championship_club_2025_6,29,,,,,,,,,,,,,,,,,,,,,,,,,,,,,
l1_championship_player_2025_18_19005,2025,10,l1_championship_club_2025_6,5,1,1,90,,,,,,,,,,24,,,,,,,,,,,5.47,24,0.2,,,
l1_championship_player_2020_15_86608,2020,1,l1_championship_club_2020_15,,,,,,,,,,,,,,,,,,,,,,,,,,,,,,
l1_championship_player_2021_15_86608,2021,1,l1_championship_club_2021_15,,,,,,,,,,,,,,,,,,,,,,,,,,,,,,
l1_championship_player_2022_15_86608,2022,1,l1_championship_club_2022_15,,,,,,,,,,,,,,,,,,,,,,,,,,,,,,
l1_championship_player_2023_15_86608,2023,1,l1_championship_club_2023_15,,,,,,,,,,,,,,,,,,,,,,,,,,,,,,
l1_championship_player_2024_15_86608,2024,1,l1_championship_club_2024_15,12,,,,,,,,,,,,,,,,,,,,,,,,,,,,,
l1_championship_player_2024_15_86608,2024,4,l1_championship_club_2024_29,20,19,19,1710,,,,,,,,,,970,,,,,1,6,3,,,,5.529999999999999,51.05,0.95,,,
l1_championship_player_2024_29_86608,2024,1,l1_championship_club_2024_15,12,,,,,,,,,,,,,,,,,,,,,,,,,,,,,
l1_championship_player_2024_29_86608,2024,4,l1_championship_club_2024_29,20,19,19,1710,,,,,,,,,,970,,,,,1,6,3,,,,5.529999999999999,51.05,0.95,,,
l1_championship_player_2025_15_86608,2025,1,l1_championship_club_2025_6,29,29,29,2610,,,,,,,,,2,1001,,,,,,5,2,,1,,5.584137931034483,34.52,1,,,
l1_championship_player_2025_15_86608,2025,1,l1_championship_club_2025_15,4,,,,,,,,,,,,,,,,,,,,,,,,,,,,,
l1_championship_player_2025_15_86608,2025,10,l1_championship_club_2025_6,5,4,4,360,,,,,,,,,,161,,,,,,,1,,,,4.8725000000000005,40.25,0.8,,,
l1_championship_player_2025_29_86608,2025,1,l1_championship_club_2025_6,29,29,29,2610,,,,,,,,,2,1001,,,,,,5,2,,1,,5.584137931034483,34.52,1,,,
l1_championship_player_2025_29_86608,2025,1,l1_championship_club_2025_15,4,,,,,,,,,,,,,,,,,,,,,,,,,,,,,
l1_championship_player_2025_29_86608,2025,10,l1_championship_club_2025_6,5,4,4,360,,,,,,,,,,161,,,,,,,1,,,,4.8725000000000005,40.25,0.8,,,
l1_championship_player_2017_10_28718,2017,1,l1_championship_club_2017_10,,,,,,,,,,,,,,,,,,,,,,,,,,,,,,
l1_championship_player_2020_9_28718,2020,1,l1_championship_club_2020_9,,,,,,,,,,,,,,,,,,,,,,,,,,,,,,
l1_championship_player_2021_9_28718,2021,1,l1_championship_club_2021_9,1,1,1,90,,,,,,,,,,85,4,12,2,3,1,1,,,,2,,85,1,,,4
l1_championship_player_2022_9_28718,2022,1,l1_championship_club_2021_9,1,1,1,90,,,,,,,,,,85,4,12,2,3,1,1,,,,2,,85,1,,,4
l1_championship_player_2023_6_28718,2023,1,l1_championship_club_2023_6,31,25,,1923,1,1,,,,3,12,4,26,1583,40,107,26,31,20,24,3,,,41,10.909090909090908,148.18,,3846,0.38,3.74
l1_championship_player_2023_6_28718,2023,1,l1_championship_club_2023_9,1,,,,,,,,,,,,,,,,,,,,,,,4,,,,,,
l1_championship_player_2023_9_28718,2023,1,l1_championship_club_2023_6,31,25,,1923,1,1,,,,3,12,4,26,1583,40,107,26,31,20,24,3,,,41,10.909090909090908,148.18,,3846,0.38,3.74
l1_championship_player_2023_9_28718,2023,1,l1_championship_club_2023_9,1,,,,,,,,,,,,,,,,,,,,,,,4,,,,,,
l1_championship_player_2024_6_28718,2024,1,l1_championship_club_2024_6,34,16,13,1129,1,1,,1,,1,11,3,11,1030,30,68,13,18,14,15,4,,,42,5.441250000000001,82.11,0.38,1129,0.24,2.39
l1_championship_player_2024_6_104449,2024,1,l1_championship_club_2024_6,34,,,,,,,,,,,,,,,,,,,,,,,42,,,,,,
l1_championship_player_2020_6_87458,2020,1,l1_championship_club_2020_6,,,,,,,,,,,,,,,,,,,,,,,,,,,,,,
l1_championship_player_2021_6_87458,2021,1,l1_championship_club_2021_6,,,,,,,,,,,,,,,,,,,,,,,,,,,,,,
l1_championship_player_2024_6_87458,2024,1,l1_championship_club_2024_6,18,,,,,,,,,,,,,,,,,,,,,,,22,,,,,,
l1_championship_player_2024_6_87458,2024,4,l1_championship_club_2024_1782,15,12,11,974,1,1,,1,,2,6,1,7,617,13,113,13,23,22,26,3,,1,15,5.509166666666666,57.01,0.73,974,0.09,1.2
l1_championship_player_2024_1782_87458,2024,1,l1_championship_club_2024_6,18,,,,,,,,,,,,,,,,,,,,,,,22,,,,,,
l1_championship_player_2024_1782_87458,2024,4,l1_championship_club_2024_1782,15,12,11,974,1,1,,1,,2,6,1,7,617,13,113,13,23,22,26,3,,1,15,5.509166666666666,57.01,0.73,974,0.09,1.2
l1_championship_player_2025_1782_87458,2025,1,l1_championship_club_2025_6,29,18,18,1603,3,2,1,1,1,,16,3,6,1303,17,90,21,21,21,18,3,1,,57,5.551111111111112,73.16,0.62,534.33,0.17,0.95
l1_championship_player_2025_1782_87458,2025,10,l1_championship_club_2025_6,5,5,5,437,,,,,,,4,,1,419,4,26,4,8,2,7,,,,16,5.9479999999999995,86.29,1,,,0.82
l1_championship_player_2020_6_26455,2020,1,l1_championship_club_2020_6,,,,,,,,,,,,,,,,,,,,,,,,,,,,,,
l1_championship_player_2021_6_26455,2021,1,l1_championship_club_2021_6,,,,,,,,,,,,,,,,,,,,,,,,,,,,,,
l1_championship_player_2022_6_26455,2022,1,l1_championship_club_2022_6,,,,,,,,,,,,,,,,,,,,,,,,,,,,,,
l1_championship_player_2023_6_26455,2023,1,l1_championship_club_2023_6,35,27,,2161,1,1,,,,,5,1,5,1658,7,119,38,20,33,27,9,1,,47,10.488076923076925,138.51,,4277,0.08,0.59
l1_championship_player_2024_6_26455,2024,1,l1_championship_club_2024_6,34,25,24,2115,,,,,,,16,4,11,1633,22,127,25,23,29,16,4,,,42,5.287200000000001,69.49,0.71,,0.17,0.94
l1_championship_player_2024_6_26455,2024,10,l1_championship_club_2024_6,1,,,,,,,,,,,,,,,,,,,,,,,1,,,,,,
l1_championship_player_2017_30_62498,2017,1,l1_championship_club_2017_30,,,,,,,,,,,,,,,,,,,,,,,,,,,,,,
l1_championship_player_2022_9_62498,2022,1,l1_championship_club_2022_9,,,,,,,,,,,,,,,,,,,,,,,,,,,,,,
l1_championship_player_2024_6_62498,2024,1,l1_championship_club_2024_6,34,21,15,1382,,,,,,,6,1,5,1124,9,51,22,13,13,10,,,,42,5.0547619047619055,73.2,0.44,,0.07,0.59
l1_championship_player_2024_6_62498,2024,10,l1_championship_club_2024_6,1,1,,1,,,,,,,,,,1,,,1,,,,,,,1,4.87,90,,,,
l1_championship_player_2017_8_41943,2017,1,l1_championship_club_2017_8,,,,,,,,,,,,,,,,,,,,,,,,,,,,,,
l1_championship_player_2020_8_41943,2020,1,l1_championship_club_2020_8,,,,,,,,,,,,,,,,,,,,,,,,,,,,,,
l1_championship_player_2021_8_41943,2021,1,l1_championship_club_2021_8,,,,,,,,,,,,,,,,,,,,,,,,,,,,,,
l1_championship_player_2022_8_41943,2022,4,l1_championship_club_2022_8,,,,,,,,,,,,,,,,,,,,,,,,,,,,,,
l1_championship_player_2023_8_41943,2023,1,l1_championship_club_2023_8,35,30,,2700,3,,3,,,3,19,8,32,1742,38,122,50,37,28,20,5,,,36,10.671999999999999,116.14,,1800,0.54,2.54
l1_championship_player_2024_8_41943,2024,4,l1_championship_club_2024_8,34,31,31,2790,4,2,2,2,1,8,43,10,33,2930,76,191,61,38,42,41,6,,4,64,6.18,94.52,0.91,697.5,0.32,2.45
l1_championship_player_2024_8_41943,2024,10,l1_championship_club_2024_8,1,1,1,90,,,,,,,,,2,91,2,3,1,,1,1,,,,,4.45,91,1,,,2
l1_championship_player_2025_8_41943,2025,1,l1_championship_club_2025_6,29,29,29,2598,1,1,,1,,7,42,15,46,1821,83,112,46,19,28,25,2,,5,57,5.899655172413793,63.08,1,2598,0.52,2.88
l1_championship_player_2025_8_41943,2025,1,l1_championship_club_2025_8,4,,,,,,,,,,,,,,,,,,,,,,,3,,,,,,
l1_championship_player_2025_8_41943,2025,10,l1_championship_club_2025_6,5,5,4,380,2,1,1,,2,,4,3,10,270,14,22,4,6,6,2,1,,,16,6.432,63.95,0.8,190,0.71,3.32
l1_championship_player_2024_1782_91200,2024,4,l1_championship_club_2024_1782,33,29,16,1425,2,2,,1,1,1,30,11,15,847,56,96,13,20,27,18,3,,,40,4.757931034482759,53.49,0.48,712.5,0.69,3.54
l1_championship_player_2024_1782_91200,2024,10,l1_championship_club_2024_1782,2,2,1,117,,,,,,,4,,,84,6,10,,3,1,3,,,,3,4.89,64.62,0.5,,,4.62
l1_championship_player_2025_1782_91200,2025,1,l1_championship_club_2025_6,29,9,,84,,,,,,,3,1,1,114,13,5,3,,2,,,,,57,4.714444444444444,122.14,,,1.07,13.93
l1_championship_player_2025_1782_91200,2025,10,l1_championship_club_2025_6,5,1,1,70,,,,,,,1,,,63,2,2,2,1,1,1,1,,,16,6.32,81,0.2,,,2.57
l1_championship_player_2024_6_104468,2024,1,l1_championship_club_2024_6,20,,,,,,,,,,,,,,,,,,,,,,,25,,,,,,
l1_championship_player_2021_4_86987,2021,1,l1_championship_club_2021_4,,,,,,,,,,,,,,,,,,,,,,,,,,,,,,
l1_championship_player_2024_6_86987,2024,1,l1_championship_club_2024_6,34,,,,,,,,,,,,,,,,,,,,,,,42,,,,,,
l1_championship_player_2025_159_93960,2025,1,l1_championship_club_2025_6,29,1,,6,,,,,,,,,,13,,1,,1,,,,,,57,4.39,195,,,,
l1_championship_player_2025_159_93960,2025,10,l1_championship_club_2025_6,5,,,,,,,,,,,,,,,,,,,,,,,16,,,,,,
l1_championship_player_2021_6_92140,2021,1,l1_championship_club_2021_6,,,,,,,,,,,,,,,,,,,,,,,,,,,,,,
l1_championship_player_2023_6_92140,2023,1,l1_championship_club_2023_6,35,,,,,,,,,,,,,,,,,,,,,,,47,,,,,,
l1_championship_player_2024_6_92140,2024,1,l1_championship_club_2023_6,35,,,,,,,,,,,,,,,,,,,,,,,47,,,,,,
l1_championship_player_2017_12_47824,2017,1,l1_championship_club_2017_12,,,,,,,,,,,,,,,,,,,,,,,,,,,,,,
l1_championship_player_2020_15_47824,2020,1,l1_championship_club_2020_15,,,,,,,,,,,,,,,,,,,,,,,,,,,,,,
l1_championship_player_2021_15_47824,2021,1,l1_championship_club_2021_15,,,,,,,,,,,,,,,,,,,,,,,,,,,,,,
l1_championship_player_2022_6_47824,2022,1,l1_championship_club_2022_6,,,,,,,,,,,,,,,,,,,,,,,,,,,,,,
l1_championship_player_2022_15_47824,2022,1,l1_championship_club_2022_15,,,,,,,,,,,,,,,,,,,,,,,,,,,,,,
l1_championship_player_2023_6_47824,2023,1,l1_championship_club_2023_6,35,30,,1206,1,,1,,1,2,31,7,30,881,77,63,9,14,17,16,4,,,47,10.463076923076922,131.74,,2398,1.05,11.559999999999999
l1_championship_player_2024_6_47824,2024,1,l1_championship_club_2024_6,34,33,31,2623,3,2,1,,2,5,41,13,56,2138,123,181,19,47,51,48,6,,1,42,5.4748484848484855,73.36,0.91,874.33,0.45,4.22
l1_championship_player_2024_6_47824,2024,10,l1_championship_club_2024_6,1,1,1,89,,,,,,,2,1,2,48,4,9,,6,2,1,,,,1,5.34,48.54,1,,1.01,4.04
l1_championship_player_2017_13_41166,2017,1,l1_championship_club_2017_13,,,,,,,,,,,,,,,,,,,,,,,,,,,,,,
l1_championship_player_2021_6_86482,2021,1,l1_championship_club_2021_6,,,,,,,,,,,,,,,,,,,,,,,,,,,,,,
l1_championship_player_2024_6_86482,2024,1,l1_championship_club_2024_6,34,2,,24,,,,,,,,,,15,,3,,2,1,1,,,,42,4.470000000000001,56.25,,,,
l1_championship_player_2017_14_36641,2017,1,l1_championship_club_2017_14,,,,,,,,,,,,,,,,,,,,,,,,,,,,,,
l1_championship_player_2017_74_36641,2017,1,l1_championship_club_2017_74,,,,,,,,,,,,,,,,,,,,,,,,,,,,,,
l1_championship_player_2021_6_36641,2021,1,l1_championship_club_2021_6,,,,,,,,,,,,,,,,,,,,,,,,,,,,,,
l1_championship_player_2022_6_36641,2022,1,l1_championship_club_2022_6,,,,,,,,,,,,,,,,,,,,,,,,,,,,,,
l1_championship_player_2023_6_36641,2023,1,l1_championship_club_2023_6,35,27,,1016,7,4,3,1,4,1,45,19,12,429,83,44,4,4,33,15,1,,,47,10.656363636363636,76,,290.28,3.36,14.7
l1_championship_player_2024_6_36641,2024,1,l1_championship_club_2024_6,34,24,11,905,3,1,2,1,1,,17,7,9,354,45,39,2,11,22,4,4,,1,42,4.596666666666667,35.2,0.32,301.67,0.7,4.48
l1_championship_player_2017_9_44581,2017,1,l1_championship_club_2017_9,,,,,,,,,,,,,,,,,,,,,,,,,,,,,,
l1_championship_player_2017_30_44581,2017,1,l1_championship_club_2017_30,,,,,,,,,,,,,,,,,,,,,,,,,,,,,,
l1_championship_player_2022_37_98732,2022,1,l1_championship_club_2022_37,1,1,,9,,,,,,,,,,6,,1,,,,,,,,1,,60,,,,
l1_championship_player_2024_44_98732,2024,1,l1_championship_club_2024_44,34,27,14,1237,7,4,3,2,2,2,37,18,13,560,68,87,1,11,16,25,2,,,52,4.7625925925925925,40.74,0.41,176.71,1.31,4.95
l1_championship_player_2024_44_98732,2024,6,l1_championship_club_2024_44,10,9,6,510,3,1,2,2,1,,16,4,3,215,29,36,3,3,9,7,1,,,10,4.891111111111112,37.94,0.6,170,0.71,5.12
l1_championship_player_2024_44_98732,2024,10,l1_championship_club_2024_44,4,4,2,182,2,1,1,,2,,7,2,,84,14,14,,2,5,2,1,,,7,5.196666666666666,41.54,0.5,91,0.99,6.92
l1_championship_player_2025_44_98732,2025,1,l1_championship_club_2025_6,27,16,3,441,1,,1,,,2,12,4,9,246,30,30,1,5,7,8,2,,,55,4.70625,50.2,0.11,441,0.82,6.12
l1_championship_player_2025_44_98732,2025,10,l1_championship_club_2025_6,5,5,3,245,4,,4,1,2,,15,7,2,136,19,15,,3,4,1,,,,16,6.215999999999999,49.96,0.6,61.25,2.57,6.98
l1_championship_player_2020_6_66024,2020,1,l1_championship_club_2020_6,,,,,,,,,,,,,,,,,,,,,,,,,,,,,,
l1_championship_player_2021_6_66024,2021,1,l1_championship_club_2021_6,,,,,,,,,,,,,,,,,,,,,,,,,,,,,,
l1_championship_player_2022_6_66024,2022,1,l1_championship_club_2022_6,,,,,,,,,,,,,,,,,,,,,,,,,,,,,,
l1_championship_player_2023_6_66024,2023,1,l1_championship_club_2023_6,35,33,,2692,8,4,4,,5,6,71,23,52,1896,139,193,21,23,30,41,5,1,,47,11.28793103448276,127.41,,708.21,1.53,9.32
l1_championship_player_2024_6_66024,2024,1,l1_championship_club_2024_6,34,31,22,1797,1,1,,,,1,47,18,18,1253,91,101,14,13,15,20,3,1,,42,4.747741935483871,62.75,0.65,1797,0.9,4.56
l1_championship_player_2024_6_66024,2024,10,l1_championship_club_2024_6,1,1,,1,,,,,,,,,2,5,,,,,,,,,,1,4.4,450,,,,
l1_championship_player_2017_1_27080,2017,1,l1_championship_club_2017_1,,,,,,,,,,,,,,,,,,,,,,,,,,,,,,
l1_championship_player_2020_1_27080,2020,1,l1_championship_club_2020_1,,,,,,,,,,,,,,,,,,,,,,,,,,,,,,
l1_championship_player_2017_15_50284,2017,1,l1_championship_club_2017_15,,,,,,,,,,,,,,,,,,,,,,,,,,,,,,
l1_championship_player_2020_15_50284,2020,1,l1_championship_club_2020_15,,,,,,,,,,,,,,,,,,,,,,,,,,,,,,
l1_championship_player_2021_15_50284,2021,1,l1_championship_club_2021_15,,,,,,,,,,,,,,,,,,,,,,,,,,,,,,
l1_championship_player_2022_10_50284,2022,1,l1_championship_club_2022_10,,,,,,,,,,,,,,,,,,,,,,,,,,,,,,
l1_championship_player_2022_15_50284,2022,1,l1_championship_club_2022_15,,,,,,,,,,,,,,,,,,,,,,,,,,,,,,
l1_championship_player_2023_73_50284,2023,4,l1_championship_club_2023_73,39,37,1,3330,,,,,,,,,,1613,,,,,,13,3,,,,5.326666666666666,43.59,0.03,,,
l1_championship_player_2024_73_50284,2024,4,l1_championship_club_2024_73,34,29,29,2610,,,,,,,,,1,1181,,,,,1,5,5,,1,,5.527241379310346,40.72,0.85,,,
l1_championship_player_2025_73_50284,2025,1,l1_championship_club_2025_7,30,3,3,270,,,,,,,,,,87,,,,,,1,,,,,3.866666666666667,29,0.1,,,
l1_championship_player_2025_73_50284,2025,10,l1_championship_club_2025_7,4,4,4,360,,,,,,,,,,166,,,,,,1,1,,,,5.824999999999999,41.5,1,,,
l1_championship_player_2017_74_16695,2017,1,l1_championship_club_2017_74,,,,,,,,,,,,,,,,,,,,,,,,,,,,,,
l1_championship_player_2021_17_16695,2021,4,l1_championship_club_2021_17,,,,,,,,,,,,,,,,,,,,,,,,,,,,,,
l1_championship_player_2022_17_16695,2022,1,l1_championship_club_2022_17,1,1,1,90,,,,,,,,,,35,,,,,,,,,,,,35,1,,,
l1_championship_player_2023_226_16695,2023,4,l1_championship_club_2023_226,38,36,,3240,,,,,,,,,,1304,,,,,2,10,1,,,,5.186388888888889,36.22,,,,
l1_championship_player_2024_7_16695,2024,4,l1_championship_club_2024_7,34,1,1,90,,,,,,,,,,21,,,,,,,,,,,4.59,21,0.03,,,
l1_championship_player_2024_7_16695,2024,10,l1_championship_club_2024_7,1,1,1,90,,,,,,,,,,67,,,,,,1,,,,,,67,1,,,
l1_championship_player_2022_7_99141,2022,1,l1_championship_club_2022_7,,,,,,,,,,,,,,,,,,,,,,,,,,,,,,
l1_championship_player_2023_7_99141,2023,1,l1_championship_club_2023_7,38,38,2,3420,,,,,,,,,,1505,,,,,,3,1,,,,5.663823529411765,39.61,0.05,,,
l1_championship_player_2024_7_99141,2024,4,l1_championship_club_2024_7,34,33,33,2970,,,,,,,,,,1354,,,,,,3,,,,,5.127575757575758,41.03,0.97,,,
l1_championship_player_2024_7_99141,2024,10,l1_championship_club_2024_7,1,,,,,,,,,,,,,,,,,,,,,,,,,,,,,
l1_championship_player_2023_7_102065,2023,1,l1_championship_club_2023_7,38,16,1,1333,,,,,,,4,,3,897,10,61,18,9,11,14,2,,,48,5.215714285714285,60.56,0.03,,,0.68
l1_championship_player_2024_7_102065,2024,4,l1_championship_club_2024_7,34,9,7,648,,,,,,,2,,,570,2,32,8,4,4,5,,,,68,5.406666666666666,79.17,0.21,,,0.28
l1_championship_player_2023_7_102060,2023,1,l1_championship_club_2023_7,38,15,,1048,1,,1,,1,1,17,6,9,620,36,61,8,20,19,11,4,,,48,5.156153846153846,53.24,,1048,0.52,3.09
l1_championship_player_2024_7_102060,2024,4,l1_championship_club_2024_7,34,22,15,1205,4,4,,1,3,,23,11,17,605,62,63,11,16,18,13,3,,1,68,4.9763636363636365,45.19,0.44,301.25,0.82,4.63
l1_championship_player_2024_7_102060,2024,10,l1_championship_club_2024_7,1,1,,82,,,,,,,3,,,41,6,4,,1,2,1,,,,1,,45,,,,6.59
l1_championship_player_2021_17_95754,2021,4,l1_championship_club_2021_17,,,,,,,,,,,,,,,,,,,,,,,,,,,,,,
l1_championship_player_2024_17_95754,2024,4,l1_championship_club_2024_17,34,23,23,2041,,,,,,1,7,2,18,1244,32,149,24,20,25,51,3,2,,30,5.245652173913042,54.86,0.68,,0.09,1.41
l1_championship_player_2025_17_95754,2025,1,l1_championship_club_2025_7,30,27,26,2252,2,2,,1,,5,7,4,27,1297,52,112,20,17,13,49,4,,1,40,5.431111111111112,51.83,0.87,1126,0.16,2.08
l1_championship_player_2025_17_95754,2025,10,l1_championship_club_2025_7,4,2,2,158,,,,,,,1,1,3,88,3,5,3,1,1,1,1,,,12,5.58,50.13,0.5,,0.57,1.71
l1_championship_player_2021_7_94715,2021,1,l1_championship_club_2021_7,,,,,,,,,,,,,,,,,,,,,,,,,,,,,,
l1_championship_player_2022_7_94715,2022,1,l1_championship_club_2022_7,,,,,,,,,,,,,,,,,,,,,,,,,,,,,,
l1_championship_player_2023_1_94715,2023,1,l1_championship_club_2023_1,31,16,,630,,,,,,,1,,1,621,2,49,11,10,10,6,1,,,46,15.510000000000002,266.13,,,,0.8699999999999999
l1_championship_player_2023_1_94715,2023,1,l1_championship_club_2023_7,2,2,,180,,,,,,,,,,88,,4,4,,,2,,,,,16.41,88,,,,
l1_championship_player_2023_7_94715,2023,1,l1_championship_club_2023_1,31,16,,630,,,,,,,1,,1,621,2,49,11,10,10,6,1,,,46,15.510000000000002,266.13,,,,0.8699999999999999
l1_championship_player_2023_7_94715,2023,1,l1_championship_club_2023_7,2,2,,180,,,,,,,,,,88,,4,4,,,2,,,,,16.41,88,,,,
l1_championship_player_2024_1_94715,2024,1,l1_championship_club_2024_1,19,3,,24,,,,,,,,,,32,,1,,,1,1,,,,40,5.1000000000000005,120,,,,
l1_championship_player_2024_1_94715,2024,1,l1_championship_club_2024_10,14,7,6,427,,,,,,,1,,,221,2,15,4,3,8,4,2,1,,3,4.314285714285715,46.58,0.43,,,0.42
l1_championship_player_2024_1_94715,2024,10,l1_championship_club_2024_1,2,,,,,,,,,,,,,,,,,,,,,,,5,,,,,,
l1_championship_player_2024_10_94715,2024,1,l1_championship_club_2024_1,19,3,,24,,,,,,,,,,32,,1,,,1,1,,,,40,5.1000000000000005,120,,,,
l1_championship_player_2024_10_94715,2024,1,l1_championship_club_2024_10,14,7,6,427,,,,,,,1,,,221,2,15,4,3,8,4,2,1,,3,4.314285714285715,46.58,0.43,,,0.42
l1_championship_player_2024_10_94715,2024,10,l1_championship_club_2024_1,2,,,,,,,,,,,,,,,,,,,,,,,5,,,,,,
l1_championship_player_2024_7_94715,2024,1,l1_championship_club_2024_1,19,3,,24,,,,,,,,,,32,,1,,,1,1,,,,40,5.1000000000000005,120,,,,
l1_championship_player_2024_7_94715,2024,1,l1_championship_club_2024_10,14,7,6,427,,,,,,,1,,,221,2,15,4,3,8,4,2,1,,3,4.314285714285715,46.58,0.43,,,0.42
l1_championship_player_2024_7_94715,2024,10,l1_championship_club_2024_1,2,,,,,,,,,,,,,,,,,,,,,,,5,,,,,,
l1_championship_player_2025_1_94715,2025,1,l1_championship_club_2025_1,3,,,,,,,,,,,,,,,,,,,,,,,5,,,,,,
l1_championship_player_2025_1_94715,2025,1,l1_championship_club_2025_7,27,23,21,1872,,,,,,2,7,1,7,1209,13,114,13,13,30,20,5,,1,35,5.039565217391305,58.13,0.78,,0.05,0.63
l1_championship_player_2025_1_94715,2025,10,l1_championship_club_2025_7,4,4,3,253,,,,,,,2,1,1,210,3,18,,4,6,8,1,,,12,5.95,74.7,0.75,,0.36,1.07
l1_championship_player_2025_10_94715,2025,1,l1_championship_club_2025_1,3,,,,,,,,,,,,,,,,,,,,,,,5,,,,,,
l1_championship_player_2025_10_94715,2025,1,l1_championship_club_2025_7,27,23,21,1872,,,,,,2,7,1,7,1209,13,114,13,13,30,20,5,,1,35,5.039565217391305,58.13,0.78,,0.05,0.63
l1_championship_player_2025_10_94715,2025,10,l1_championship_club_2025_7,4,4,3,253,,,,,,,2,1,1,210,3,18,,4,6,8,1,,,12,5.95,74.7,0.75,,0.36,1.07
l1_championship_player_2021_7_94206,2021,1,l1_championship_club_2021_7,,,,,,,,,,,,,,,,,,,,,,,,,,,,,,
l1_championship_player_2022_7_94206,2022,1,l1_championship_club_2022_7,,,,,,,,,,,,,,,,,,,,,,,,,,,,,,
l1_championship_player_2023_7_94206,2023,1,l1_championship_club_2023_7,38,5,,259,,,,,,,1,,2,207,5,20,3,6,7,4,2,,,48,4.715,71.93,,,,1.74
l1_championship_player_2024_7_94206,2024,4,l1_championship_club_2024_7,34,25,21,1868,,,,,,1,21,4,18,1501,16,101,28,36,27,16,6,,,68,5.4788,72.32,0.62,,0.19,0.77
l1_championship_player_2024_7_94206,2024,10,l1_championship_club_2024_7,1,1,1,61,,,,,,,,,1,58,,8,1,2,,2,,,,1,,85.57,1,,,
l1_championship_player_2022_7_99053,2022,1,l1_championship_club_2022_7,,,,,,,,,,,,,,,,,,,,,,,,,,,,,,
l1_championship_player_2023_7_99053,2023,1,l1_championship_club_2023_7,38,29,2,2520,,,,,,,5,2,7,1638,15,118,36,24,19,8,2,,,48,5.787999999999999,58.5,0.05,,0.07,0.54
l1_championship_player_2024_7_99053,2024,4,l1_championship_club_2024_7,34,30,30,2650,1,,1,,1,,21,7,7,2245,29,155,25,26,21,17,4,1,2,68,5.658333333333333,76.25,0.88,2650,0.24,0.98
l1_championship_player_2024_7_99053,2024,10,l1_championship_club_2024_7,1,1,1,90,,,,,,,1,,,64,2,7,1,1,3,,1,,,1,,64,1,,,2
l1_championship_player_2021_5_83687,2021,4,l1_championship_club_2021_5,,,,,,,,,,,,,,,,,,,,,,,,,,,,,,
l1_championship_player_2022_1_83687,2022,1,l1_championship_club_2022_1,1,,,,,,,,,,,,,,,,,,,,,,,1,,,,,,
l1_championship_player_2022_2_83687,2022,1,l1_championship_club_2022_1,1,,,,,,,,,,,,,,,,,,,,,,,1,,,,,,
l1_championship_player_2023_1_83687,2023,1,l1_championship_club_2023_7,33,26,2,2232,2,2,,2,,1,22,11,8,1718,54,106,40,12,39,16,7,,,43,5.251304347826088,69.27,0.06,1116,0.44,2.18
l1_championship_player_2023_1_83687,2023,1,l1_championship_club_2023_1,1,,,,,,,,,,,,,,,,,,,,,,,2,,,,,,
l1_championship_player_2023_7_83687,2023,1,l1_championship_club_2023_7,33,26,2,2232,2,2,,2,,1,22,11,8,1718,54,106,40,12,39,16,7,,,43,5.251304347826088,69.27,0.06,1116,0.44,2.18
l1_championship_player_2023_7_83687,2023,1,l1_championship_club_2023_1,1,,,,,,,,,,,,,,,,,,,,,,,2,,,,,,
l1_championship_player_2024_7_83687,2024,4,l1_championship_club_2024_7,2,,,,,,,,,,,,,,,,,,,,,,,3,,,,,,
l1_championship_player_2021_28_86590,2021,4,l1_championship_club_2021_28,,,,,,,,,,,,,,,,,,,,,,,,,,,,,,
l1_championship_player_2022_7_86590,2022,1,l1_championship_club_2022_7,,,,,,,,,,,,,,,,,,,,,,,,,,,,,,
l1_championship_player_2023_7_86590,2023,1,l1_championship_club_2023_7,38,26,1,1293,1,,1,1,,1,15,5,14,973,41,118,15,27,21,37,3,,,48,5.312727272727273,67.73,0.03,1293,0.35,2.85
l1_championship_player_2024_7_86590,2024,4,l1_championship_club_2024_7,34,33,31,2837,1,1,,1,,5,31,3,40,2158,96,210,32,54,57,58,4,,,68,5.640000000000001,68.46,0.91,2837,0.1,3.05
l1_championship_player_2024_7_86590,2024,10,l1_championship_club_2024_7,1,,,,,,,,,,,,,,,,,,,,,,,1,,,,,,
l1_championship_player_2020_7_18329,2020,1,l1_championship_club_2020_7,,,,,,,,,,,,,,,,,,,,,,,,,,,,,,
l1_championship_player_2021_7_18329,2021,1,l1_championship_club_2021_7,,,,,,,,,,,,,,,,,,,,,,,,,,,,,,
l1_championship_player_2022_7_18329,2022,1,l1_championship_club_2022_7,,,,,,,,,,,,,,,,,,,,,,,,,,,,,,
l1_championship_player_2023_7_18329,2023,1,l1_championship_club_2023_7,38,37,2,3222,2,2,,1,1,1,30,13,34,2523,12,205,78,63,36,39,4,,,48,5.433437499999999,70.47,0.05,1611,0.36,0.34
l1_championship_player_2024_7_18329,2024,4,l1_championship_club_2024_7,34,32,32,2855,1,1,,,1,5,31,10,36,2318,12,163,33,52,22,46,6,,,68,5.674374999999999,73.07,0.94,2855,0.32,0.38
l1_championship_player_2023_7_101714,2023,1,l1_championship_club_2023_7,38,,,,,,,,,,,,,,,,,,,,,,,48,,,,,,
l1_championship_player_2024_7_101714,2024,4,l1_championship_club_2024_7,34,32,27,2420,2,1,1,,2,4,34,8,43,1604,59,146,42,44,30,46,2,,,68,5.406874999999999,59.65,0.79,1210,0.3,2.19
l1_championship_player_2024_7_101714,2024,10,l1_championship_club_2024_7,1,1,,28,,,,,,,,,1,35,,3,,,,3,,,,1,,112.5,,,,
l1_championship_player_2023_226_93800,2023,4,l1_championship_club_2023_226,38,35,,2503,1,,1,,1,3,26,7,36,1859,41,157,41,38,39,31,4,,,51,5.091935483870968,66.84,,2503,0.25,1.47
l1_championship_player_2024_64_93800,2024,4,l1_championship_club_2024_64,32,30,29,2558,5,1,4,2,3,4,26,11,21,1777,27,155,51,36,25,24,3,,1,55,5.5793333333333335,62.52,0.91,511.6,0.39,0.95
l1_championship_player_2025_64_93800,2025,1,l1_championship_club_2025_7,30,24,16,1512,1,,1,,1,1,14,7,9,1157,15,61,21,13,23,11,1,,,40,5.118333333333334,68.87,0.53,1512,0.42,0.89
l1_championship_player_2025_64_93800,2025,4,l1_championship_club_2025_64,5,,,,,,,,,,,,,,,,,,,,,,,3,,,,,,
l1_championship_player_2025_64_93800,2025,10,l1_championship_club_2025_7,4,3,2,198,1,1,,,1,,4,1,1,167,4,6,3,1,2,1,,,,12,6.150000000000001,75.91,0.5,198,0.45,1.82
l1_championship_player_2017_13_62487,2017,1,l1_championship_club_2017_13,,,,,,,,,,,,,,,,,,,,,,,,,,,,,,
l1_championship_player_2020_13_62487,2020,1,l1_championship_club_2020_13,,,,,,,,,,,,,,,,,,,,,,,,,,,,,,
l1_championship_player_2020_44_62487,2020,1,l1_championship_club_2020_44,,,,,,,,,,,,,,,,,,,,,,,,,,,,,,
l1_championship_player_2021_13_62487,2021,1,l1_championship_club_2021_13,,,,,,,,,,,,,,,,,,,,,,,,,,,,,,
l1_championship_player_2024_7_62487,2024,4,l1_championship_club_2024_7,34,6,,57,,,,,,,1,,2,39,3,3,1,2,3,,,,,68,4.735,61.58,,,,4.74
l1_championship_player_2024_7_62487,2024,10,l1_championship_club_2024_7,1,1,1,62,,,,,,,4,1,1,53,2,4,,1,,,,,,1,,76.94,1,,1.45,2.9
l1_championship_player_2020_7_70987,2020,1,l1_championship_club_2020_7,,,,,,,,,,,,,,,,,,,,,,,,,,,,,,
l1_championship_player_2021_7_70987,2021,1,l1_championship_club_2021_7,,,,,,,,,,,,,,,,,,,,,,,,,,,,,,
l1_championship_player_2022_7_70987,2022,1,l1_championship_club_2022_7,,,,,,,,,,,,,,,,,,,,,,,,,,,,,,
l1_championship_player_2023_7_70987,2023,1,l1_championship_club_2023_7,38,30,2,1866,,,,,,3,14,2,16,1101,42,81,14,27,9,10,2,,,48,5.732,53.1,0.05,,0.1,2.03
l1_championship_player_2024_7_70987,2024,4,l1_championship_club_2024_7,21,11,,200,,,,,,,2,,1,145,5,16,1,7,1,5,,,,36,4.492727272727272,65.25,,,,2.25
l1_championship_player_2024_7_70987,2024,4,l1_championship_club_2024_24,13,10,9,721,2,,2,,1,1,11,5,11,449,31,32,8,14,5,5,1,,,22,5.363000000000001,56.05,0.69,360.5,0.62,3.87
l1_championship_player_2024_7_70987,2024,10,l1_championship_club_2024_7,1,1,1,90,1,,1,,1,,3,1,4,51,5,3,1,1,,,,,,1,,51,1,90,1,5
l1_championship_player_2024_7_70987,2024,10,l1_championship_club_2024_24,4,1,,25,,,,,,,,,2,18,,3,,2,1,,1,,,7,4.72,64.8,,,,
l1_championship_player_2024_24_70987,2024,4,l1_championship_club_2024_7,21,11,,200,,,,,,,2,,1,145,5,16,1,7,1,5,,,,36,4.492727272727272,65.25,,,,2.25
l1_championship_player_2024_24_70987,2024,4,l1_championship_club_2024_24,13,10,9,721,2,,2,,1,1,11,5,11,449,31,32,8,14,5,5,1,,,22,5.363000000000001,56.05,0.69,360.5,0.62,3.87
l1_championship_player_2024_24_70987,2024,10,l1_championship_club_2024_7,1,1,1,90,1,,1,,1,,3,1,4,51,5,3,1,1,,,,,,1,,51,1,90,1,5
l1_championship_player_2024_24_70987,2024,10,l1_championship_club_2024_24,4,1,,25,,,,,,,,,2,18,,3,,2,1,,1,,,7,4.72,64.8,,,,
l1_championship_player_2025_24_70987,2025,1,l1_championship_club_2025_7,30,28,22,1898,2,2,,,1,2,17,7,13,1007,37,65,17,26,9,7,,,2,40,5.1760714285714275,47.75,0.73,949,0.33,1.75
l1_championship_player_2025_24_70987,2025,10,l1_championship_club_2025_7,4,4,3,249,,,,,,,6,1,7,160,12,9,3,4,1,1,,,,12,6.109999999999999,57.83,0.75,,0.36,4.34
l1_championship_player_2017_30_40461,2017,1,l1_championship_club_2017_30,,,,,,,,,,,,,,,,,,,,,,,,,,,,,,
l1_championship_player_2020_30_40461,2020,1,l1_championship_club_2020_30,,,,,,,,,,,,,,,,,,,,,,,,,,,,,,
l1_championship_player_2022_7_40461,2022,1,l1_championship_club_2022_7,,,,,,,,,,,,,,,,,,,,,,,,,,,,,,
l1_championship_player_2023_7_40461,2023,1,l1_championship_club_2023_7,38,13,,596,,,,,,,5,2,,417,3,19,10,4,13,7,,,,48,6.444000000000001,62.97,,,0.3,0.45
l1_championship_player_2024_7_40461,2024,4,l1_championship_club_2024_7,34,18,8,693,1,1,,1,,1,16,9,12,442,29,47,4,6,3,17,1,,,68,4.965,57.4,0.24,693,1.17,3.77
l1_championship_player_2024_7_40461,2024,10,l1_championship_club_2024_7,1,1,1,72,,,,,,,2,,1,53,,5,,1,3,2,,,,1,,66.25,1,,,
l1_championship_player_2023_7_102066,2023,1,l1_championship_club_2023_7,38,17,1,1237,10,4,6,,5,3,43,21,14,491,90,67,2,10,25,15,3,,,48,5.4678571428571425,35.72,0.03,123.7,1.53,6.55
l1_championship_player_2024_7_102066,2024,4,l1_championship_club_2024_7,34,18,10,826,3,1,2,,2,5,21,7,19,325,57,49,2,7,10,14,1,,,68,5.171666666666665,35.41,0.29,275.33,0.76,6.21
l1_championship_player_2020_1_92486,2020,1,l1_championship_club_2020_1,,,,,,,,,,,,,,,,,,,,,,,,,,,,,,
l1_championship_player_2021_1_92486,2021,1,l1_championship_club_2021_1,,,,,,,,,,,,,,,,,,,,,,,,,,,,,,
l1_championship_player_2022_1_92486,2022,1,l1_championship_club_2022_1,1,1,,13,,,,,,,3,,,11,6,4,,,,1,,,,1,,76.15,,,,41.54
l1_championship_player_2022_7_92486,2022,1,l1_championship_club_2022_1,1,1,,13,,,,,,,3,,,11,6,4,,,,1,,,,1,,76.15,,,,41.54
l1_championship_player_2023_7_92486,2023,1,l1_championship_club_2023_7,38,19,,662,4,3,1,,4,1,19,9,8,259,35,54,,3,7,23,3,,,48,6.99,35.21,,165.5,1.22,4.76
l1_championship_player_2024_37_92486,2024,1,l1_championship_club_2024_37,32,18,5,523,3,1,2,,3,,14,7,1,182,27,28,,1,9,13,2,,,32,4.522222222222222,31.32,0.16,174.33,1.2,4.65
l1_championship_player_2024_37_92486,2024,4,l1_championship_club_2024_7,2,2,2,112,1,,1,,,,4,3,2,39,10,3,,,1,,,,,3,5.485,31.34,1,112,2.41,8.04
l1_championship_player_2024_37_92486,2024,10,l1_championship_club_2024_37,4,2,1,105,2,1,1,,2,1,4,2,2,47,4,8,,1,1,3,,,,8,5.37,40.29,0.25,52.5,1.71,3.43
l1_championship_player_2024_7_92486,2024,1,l1_championship_club_2024_37,32,18,5,523,3,1,2,,3,,14,7,1,182,27,28,,1,9,13,2,,,32,4.522222222222222,31.32,0.16,174.33,1.2,4.65
l1_championship_player_2024_7_92486,2024,4,l1_championship_club_2024_7,2,2,2,112,1,,1,,,,4,3,2,39,10,3,,,1,,,,,3,5.485,31.34,1,112,2.41,8.04
l1_championship_player_2024_7_92486,2024,10,l1_championship_club_2024_37,4,2,1,105,2,1,1,,2,1,4,2,2,47,4,8,,1,1,3,,,,8,5.37,40.29,0.25,52.5,1.71,3.43
l1_championship_player_2025_37_92486,2025,1,l1_championship_club_2025_7,30,18,12,982,9,7,2,3,5,,37,20,11,320,51,46,2,2,14,9,3,,2,40,5.205555555555556,29.33,0.4,109.11,1.83,4.67
l1_championship_player_2025_37_92486,2025,10,l1_championship_club_2025_7,4,3,3,209,5,,5,2,2,,13,6,2,79,17,7,,,1,4,1,,,12,6.816666666666666,34.02,0.75,41.8,2.58,7.32
l1_championship_player_2021_7_84609,2021,1,l1_championship_club_2021_7,,,,,,,,,,,,,,,,,,,,,,,,,,,,,,
l1_championship_player_2022_7_84609,2022,1,l1_championship_club_2022_7,,,,,,,,,,,,,,,,,,,,,,,,,,,,,,
l1_championship_player_2020_7_84609,2020,1,l1_championship_club_2020_7,,,,,,,,,,,,,,,,,,,,,,,,,,,,,,
l1_championship_player_2022_27_84609,2022,4,l1_championship_club_2022_27,,,,,,,,,,,,,,,,,,,,,,,,,,,,,,
l1_championship_player_2023_7_84609,2023,1,l1_championship_club_2023_7,1,1,1,45,,,,,,,,,,26,,3,2,2,,,,,,2,,52,1,,,
l1_championship_player_2023_7_84609,2023,4,l1_championship_club_2023_25,20,16,,1107,4,2,2,1,3,1,27,12,22,658,49,53,9,13,13,16,2,,,19,5.4799999999999995,53.5,,276.75,0.98,3.98
l1_championship_player_2023_25_84609,2023,1,l1_championship_club_2023_7,1,1,1,45,,,,,,,,,,26,,3,2,2,,,,,,2,,52,1,,,
l1_championship_player_2023_25_84609,2023,4,l1_championship_club_2023_25,20,16,,1107,4,2,2,1,3,1,27,12,22,658,49,53,9,13,13,16,2,,,19,5.4799999999999995,53.5,,276.75,0.98,3.98
l1_championship_player_2024_7_84609,2024,4,l1_championship_club_2024_7,34,26,21,1614,4,3,1,1,3,3,45,18,36,1074,50,88,13,23,29,34,3,,1,68,5.375384615384615,59.89,0.62,403.5,1,2.79
l1_championship_player_2024_25_84609,2024,4,l1_championship_club_2024_7,34,26,21,1614,4,3,1,1,3,3,45,18,36,1074,50,88,13,23,29,34,3,,1,68,5.375384615384615,59.89,0.62,403.5,1,2.79
l1_championship_player_2021_7_94102,2021,1,l1_championship_club_2021_7,,,,,,,,,,,,,,,,,,,,,,,,,,,,,,
l1_championship_player_2022_7_94102,2022,4,l1_championship_club_2022_64,1,1,1,67,1,1,,,1,,1,1,1,16,3,2,,,4,1,,,,3,,21.49,1,67,1.34,4.03
l1_championship_player_2022_64_94102,2022,4,l1_championship_club_2022_64,1,1,1,67,1,1,,,1,,1,1,1,16,3,2,,,4,1,,,,3,,21.49,1,67,1.34,4.03
l1_championship_player_2023_226_94102,2023,4,l1_championship_club_2023_226,38,36,,2692,12,7,5,1,7,2,86,30,32,1073,165,157,3,10,68,35,2,1,,51,5.191999999999998,35.87,,224.33,1,5.52
l1_championship_player_2024_7_94102,2024,4,l1_championship_club_2024_7,34,31,11,1278,14,12,2,4,10,1,43,24,16,512,98,75,2,2,32,13,1,,,68,5.184516129032257,36.06,0.32,91.29,1.69,6.9
l1_championship_player_2024_7_94102,2024,10,l1_championship_club_2024_7,1,1,1,72,,,,,,1,3,1,4,48,5,8,,,,2,,,,1,,60,1,,1.25,6.25
l1_championship_player_2023_7_94102,2023,4,l1_championship_club_2023_226,38,36,,2692,12,7,5,1,7,2,86,30,32,1073,165,157,3,10,68,35,2,1,,51,5.191999999999998,35.87,,224.33,1,5.52
l1_championship_player_2023_7_101363,2023,1,l1_championship_club_2023_7,38,21,1,1019,2,1,1,1,1,,12,3,8,375,24,52,2,5,13,23,,1,,48,5.236000000000001,33.12,0.03,509.5,0.26,2.12
l1_championship_player_2024_7_101363,2024,4,l1_championship_club_2024_7,34,26,13,1235,3,2,1,,2,7,41,15,23,416,52,37,,2,22,6,,,,68,4.992692307692308,30.32,0.38,411.67,1.09,3.79
l1_championship_player_2020_8_91173,2020,1,l1_championship_club_2020_8,,,,,,,,,,,,,,,,,,,,,,,,,,,,,,
l1_championship_player_2021_8_91173,2021,1,l1_championship_club_2021_8,,,,,,,,,,,,,,,,,,,,,,,,,,,,,,
l1_championship_player_2022_8_91173,2022,4,l1_championship_club_2022_8,,,,,,,,,,,,,,,,,,,,,,,,,,,,,,
l1_championship_player_2023_8_91173,2023,1,l1_championship_club_2023_8,,,,,,,,,,,,,,,,,,,,,,,,,,,,,,
l1_championship_player_2024_8_91173,2024,4,l1_championship_club_2024_8,7,,,,,,,,,,,,,,,,,,,,,,,,,,,,,
l1_championship_player_2024_8_103746,2024,4,l1_championship_club_2024_8,34,3,2,182,,,,,,,,,,99,,,,,,,,,,,5.826666666666665,48.96,0.06,,,
l1_championship_player_2017_158_36407,2017,1,l1_championship_club_2017_158,,,,,,,,,,,,,,,,,,,,,,,,,,,,,,
l1_championship_player_2020_9_36407,2020,1,l1_championship_club_2020_9,,,,,,,,,,,,,,,,,,,,,,,,,,,,,,
l1_championship_player_2021_9_36407,2021,1,l1_championship_club_2021_9,,,,,,,,,,,,,,,,,,,,,,,,,,,,,,
l1_championship_player_2025_5_36407,2025,1,l1_championship_club_2025_8,27,13,11,843,,,,,,,5,1,4,550,11,57,5,14,13,18,2,,,25,4.773076923076923,58.72,0.41,,0.11,1.17
l1_championship_player_2025_5_36407,2025,10,l1_championship_club_2025_8,2,1,1,59,,,,,,,,,1,66,,4,1,1,1,1,,,,3,4.2,100.68,0.5,,,
l1_championship_player_2024_5_36407,2024,1,l1_championship_club_2024_5,34,10,9,595,,,,,,,,,1,416,1,31,4,7,3,14,,,,40,4.912,62.92,0.26,,,0.15
l1_championship_player_2023_8_37043,2023,1,l1_championship_club_2023_8,35,23,,1926,,,,,,,6,,4,1230,9,82,20,24,12,8,4,,,36,10.208636363636362,115.32,,,,0.86
l1_championship_player_2024_8_37043,2024,4,l1_championship_club_2024_8,34,16,7,608,,,,,,,2,,3,490,9,35,12,9,9,2,3,,,64,5.078125,72.53,0.21,,,1.33
l1_championship_player_2024_8_37043,2024,10,l1_championship_club_2024_8,1,1,1,74,,,,,,,,,,61,,1,1,1,1,,,,,,4.61,74.19,1,,,
l1_championship_player_2024_8_104434,2024,4,l1_championship_club_2024_8,34,10,10,880,,,,,,,3,,1,934,5,39,10,5,13,16,2,,,64,5.666,95.52,0.29,,,0.51
l1_championship_player_2023_8_101409,2023,1,l1_championship_club_2023_8,35,14,,842,,,,,,,5,1,1,453,9,40,8,12,9,5,1,,,36,10.926666666666666,96.84,,,0.22,1.92
l1_championship_player_2024_8_101409,2024,4,l1_championship_club_2024_8,34,25,25,2199,,,,,,,11,1,4,2020,14,103,40,31,19,25,5,,1,64,5.9248,82.67,0.74,,0.04,0.57
l1_championship_player_2024_8_101409,2024,10,l1_championship_club_2024_8,1,1,1,90,,,,,,,1,1,,106,1,,,,1,,1,,,,5.08,106,1,,1,1
l1_championship_player_2021_8_505562,2021,1,l1_championship_club_2021_8,,,,,,,,,,,,,,,,,,,,,,,,,,,,,,
l1_championship_player_2017_20_52840,2017,1,l1_championship_club_2017_20,,,,,,,,,,,,,,,,,,,,,,,,,,,,,,
l1_championship_player_2021_20_52840,2021,4,l1_championship_club_2021_20,,,,,,,,,,,,,,,,,,,,,,,,,,,,,,
l1_championship_player_2022_20_52840,2022,4,l1_championship_club_2022_20,1,1,,25,,,,,,,,,,23,2,1,,,,1,,,,2,,82.8,,,,7.2
l1_championship_player_2023_15_52840,2023,1,l1_championship_club_2023_15,38,22,3,896,,,,,,,6,2,2,443,16,41,11,12,22,11,1,,,41,5.797777777777778,44.5,0.08,,0.2,1.61
l1_championship_player_2024_15_52840,2024,4,l1_championship_club_2024_8,34,30,29,2403,1,1,,,1,2,22,6,19,1957,35,155,33,42,41,52,3,,1,64,5.447333333333334,73.3,0.85,2403,0.22,1.31
l1_championship_player_2024_8_52840,2024,4,l1_championship_club_2024_8,34,30,29,2403,1,1,,,1,2,22,6,19,1957,35,155,33,42,41,52,3,,1,64,5.447333333333334,73.3,0.85,2403,0.22,1.31
l1_championship_player_2023_48_36604,2023,4,l1_championship_club_2023_48,38,21,,1637,2,1,1,,2,1,8,4,7,1200,4,113,21,17,26,21,,,,36,4.977777777777779,65.97,,818.5,0.22,0.22
l1_championship_player_2024_12_36604,2024,1,l1_championship_club_2024_12,20,14,2,210,,,,,,,2,,,150,4,16,3,1,3,6,1,,,24,4.453571428571428,64.29,0.1,,,1.71
l1_championship_player_2024_12_36604,2024,10,l1_championship_club_2024_12,2,1,,12,,,,,,,,,,13,,1,,1,,,,,,5,4.91,97.5,,,,
l1_championship_player_2020_6_88814,2020,1,l1_championship_club_2020_6,,,,,,,,,,,,,,,,,,,,,,,,,,,,,,
l1_championship_player_2021_6_88814,2021,1,l1_championship_club_2021_6,,,,,,,,,,,,,,,,,,,,,,,,,,,,,,
l1_championship_player_2024_48_36604,2024,1,l1_championship_club_2024_12,20,14,2,210,,,,,,,2,,,150,4,16,3,1,3,6,1,,,24,4.453571428571428,64.29,0.1,,,1.71
l1_championship_player_2024_48_36604,2024,10,l1_championship_club_2024_12,2,1,,12,,,,,,,,,,13,,1,,1,,,,,,5,4.91,97.5,,,,
l1_championship_player_2017_8_41517,2017,1,l1_championship_club_2017_8,,,,,,,,,,,,,,,,,,,,,,,,,,,,,,
l1_championship_player_2021_2_41517,2021,4,l1_championship_club_2021_2,,,,,,,,,,,,,,,,,,,,,,,,,,,,,,
l1_championship_player_2022_2_41517,2022,1,l1_championship_club_2022_2,1,1,1,45,,,,,,,,,,21,,3,,1,1,,,,,2,,42,1,,,
l1_championship_player_2023_2_41517,2023,4,l1_championship_club_2023_2,40,39,2,3402,11,5,6,6,5,9,82,32,106,2729,166,122,11,23,30,35,7,,,76,5.885405405405405,72.2,0.05,309.27,0.85,4.39
l1_championship_player_2024_2_41517,2024,4,l1_championship_club_2024_8,34,33,33,2948,12,6,6,11,1,6,64,30,110,2419,105,91,13,9,16,36,5,,4,64,6.319090909090908,73.85,0.97,245.67,0.92,3.21
l1_championship_player_2024_2_41517,2024,10,l1_championship_club_2024_8,1,1,1,90,,,,,,,3,3,1,81,2,,,,,,,,,,3.82,81,1,,3,2
l1_championship_player_2024_8_41517,2024,4,l1_championship_club_2024_8,34,33,33,2948,12,6,6,11,1,6,64,30,110,2419,105,91,13,9,16,36,5,,4,64,6.319090909090908,73.85,0.97,245.67,0.92,3.21
l1_championship_player_2024_8_41517,2024,10,l1_championship_club_2024_8,1,1,1,90,,,,,,,3,3,1,81,2,,,,,,,,,,3.82,81,1,,3,2
l1_championship_player_2022_8_99286,2022,4,l1_championship_club_2022_8,,,,,,,,,,,,,,,,,,,,,,,,,,,,,,
l1_championship_player_2023_8_99286,2023,1,l1_championship_club_2023_8,35,14,,938,,,,,,2,5,1,6,565,8,47,15,13,19,5,3,,,36,10.719999999999999,109.80000000000001,,,0.2,1.6
l1_championship_player_2024_8_99286,2024,4,l1_championship_club_2024_8,34,29,27,2349,,,,,,3,17,4,24,1632,50,143,26,47,37,32,5,1,,64,5.511034482758619,62.53,0.79,,0.15,1.92
l1_championship_player_2024_8_99286,2024,10,l1_championship_club_2024_8,1,1,,16,,,,,,,,,,8,1,1,,,,,,,,,4.44,45,,,,5.63
l1_championship_player_2024_8_17172,2024,4,l1_championship_club_2024_8,34,25,23,2034,1,,1,1,,2,15,6,11,1524,9,124,29,32,21,22,1,,,64,5.158333333333334,67.43,0.68,2034,0.27,0.4
l1_championship_player_2024_8_17172,2024,10,l1_championship_club_2024_8,1,1,1,74,,,,,,,,,1,69,,2,,1,,,,,,,3.97,83.92,1,,,
l1_championship_player_2023_8_103210,2023,1,l1_championship_club_2023_8,22,,,,,,,,,,,,,,,,,,,,,,,19,,,,,,
l1_championship_player_2024_8_103210,2024,4,l1_championship_club_2024_8,34,16,6,707,,,,,,,5,2,5,607,8,42,4,13,13,11,2,,,64,4.923124999999999,77.27,0.18,,0.25,1.02
l1_championship_player_2024_8_103210,2024,10,l1_championship_club_2024_8,1,1,1,90,,,,,,,,,,62,1,3,2,,3,,,,,,4.08,62,1,,,1
l1_championship_player_2020_8_87118,2020,1,l1_championship_club_2020_8,,,,,,,,,,,,,,,,,,,,,,,,,,,,,,
l1_championship_player_2021_8_87118,2021,1,l1_championship_club_2021_8,,,,,,,,,,,,,,,,,,,,,,,,,,,,,,
l1_championship_player_2022_8_87118,2022,4,l1_championship_club_2022_8,,,,,,,,,,,,,,,,,,,,,,,,,,,,,,
l1_championship_player_2017_8_56360,2017,1,l1_championship_club_2017_8,,,,,,,,,,,,,,,,,,,,,,,,,,,,,,
l1_championship_player_2020_8_56360,2020,1,l1_championship_club_2020_8,,,,,,,,,,,,,,,,,,,,,,,,,,,,,,
l1_championship_player_2020_15_56360,2020,1,l1_championship_club_2020_15,,,,,,,,,,,,,,,,,,,,,,,,,,,,,,
l1_championship_player_2021_15_56360,2021,1,l1_championship_club_2021_15,,,,,,,,,,,,,,,,,,,,,,,,,,,,,,
l1_championship_player_2022_15_56360,2022,1,l1_championship_club_2022_15,,,,,,,,,,,,,,,,,,,,,,,,,,,,,,
l1_championship_player_2023_15_56360,2023,1,l1_championship_club_2023_15,,,,,,,,,,,,,,,,,,,,,,,,,,,,,,
l1_championship_player_2024_15_56360,2024,1,l1_championship_club_2024_15,,,,,,,,,,,,,,,,,,,,,,,,,,,,,,
l1_championship_player_2023_9_84398,2023,1,l1_championship_club_2023_9,35,1,,6,,,,,,,,,,1,,,,,1,,,,,72,,30,,,,
l1_championship_player_2021_9_84398,2021,1,l1_championship_club_2021_9,,,,,,,,,,,,,,,,,,,,,,,,,,,,,,
l1_championship_player_2024_9_84398,2024,1,l1_championship_club_2024_9,34,8,,110,,,,,,,3,1,1,71,6,13,1,3,5,4,,,,63,4.338749999999999,58.09,,,0.82,4.91
l1_championship_player_2024_9_84398,2024,6,l1_championship_club_2024_9,10,3,,37,,,,,,,,,,20,3,2,2,,,2,,,,16,4.406666666666666,48.65,,,,7.3
l1_championship_player_2024_9_84398,2024,10,l1_championship_club_2024_9,2,2,1,94,,,,,,,1,,,46,5,8,1,1,5,2,,,,5,4.38,44.04,0.5,,,4.79
l1_championship_player_2020_9_84398,2020,1,l1_championship_club_2020_9,,,,,,,,,,,,,,,,,,,,,,,,,,,,,,
l1_championship_player_2025_9_84398,2025,1,l1_championship_club_2025_9,20,2,,58,,,,,,,1,,,41,1,4,,,2,1,,,,32,4.470000000000001,63.62,,,,1.55
l1_championship_player_2025_9_84398,2025,1,l1_championship_club_2025_8,10,8,2,199,,,,,,,7,2,2,109,9,7,,,3,2,1,,,6,4.12875,49.3,0.2,,0.9,4.07
l1_championship_player_2025_9_84398,2025,6,l1_championship_club_2025_9,8,2,,31,,,,,,,1,,,21,2,4,,,,,,,,8,4.255,60.97,,,,5.81
l1_championship_player_2025_9_84398,2025,10,l1_championship_club_2025_9,2,,,,,,,,,,,,,,,,,,,,,,,5,,,,,,
l1_championship_player_2025_9_84398,2025,10,l1_championship_club_2025_8,2,,,,,,,,,,,,,,,,,,,,,,,3,,,,,,
l1_championship_player_2023_9_101297,2023,1,l1_championship_club_2023_9,35,23,,2070,,,,,,,,,,828,,,,,,1,,,,,10.765454545454544,71.55,,,,
l1_championship_player_2024_9_101297,2024,1,l1_championship_club_2024_9,34,19,19,1710,,,,,,,,,,625,,,,,,1,1,,,,5.16421052631579,32.89,0.56,,,
l1_championship_player_2024_9_101297,2024,6,l1_championship_club_2024_9,10,2,2,180,,,,,,,,,,43,,,,,,1,,,,,5.195,21.5,0.2,,,
l1_championship_player_2024_9_101297,2024,10,l1_championship_club_2024_9,2,1,1,90,,,,,,,,,,28,,,,,,1,,,,,,28,0.5,,,
l1_championship_player_2020_9_86613,2020,1,l1_championship_club_2020_9,,,,,,,,,,,,,,,,,,,,,,,,,,,,,,
l1_championship_player_2021_9_86613,2021,1,l1_championship_club_2021_9,1,,,,,,,,,,,,,,,,,,,,,,,,,,,,,
l1_championship_player_2022_9_86613,2022,1,l1_championship_club_2021_9,1,,,,,,,,,,,,,,,,,,,,,,,,,,,,,
l1_championship_player_2023_9_86613,2023,1,l1_championship_club_2023_9,35,,,,,,,,,,,,,,,,,,,,,,,,,,,,,
l1_championship_player_2024_9_86613,2024,1,l1_championship_club_2024_9,34,,,,,,,,,,,,,,,,,,,,,,,,,,,,,
l1_championship_player_2024_9_86613,2024,6,l1_championship_club_2024_9,10,,,,,,,,,,,,,,,,,,,,,,,,,,,,,
l1_championship_player_2024_9_86613,2024,10,l1_championship_club_2024_9,2,1,1,90,,,,,,,,,,43,,,,,,,,,,,5.24,43,0.5,,,
l1_championship_player_2023_9_90029,2023,1,l1_championship_club_2023_9,,,,,,,,,,,,,,,,,,,,,,,,,,,,,,
l1_championship_player_2024_9_90029,2024,1,l1_championship_club_2024_9,34,,,,,,,,,,,,,,,,,,,,,,,,,,,,,
l1_championship_player_2024_9_90029,2024,6,l1_championship_club_2024_9,10,,,,,,,,,,,,,,,,,,,,,,,,,,,,,
l1_championship_player_2020_41_90543,2020,1,l1_championship_club_2020_41,,,,,,,,,,,,,,,,,,,,,,,,,,,,,,
l1_championship_player_2021_41_90543,2021,1,l1_championship_club_2021_41,2,2,2,180,,,,,,,2,1,,95,2,5,1,3,2,1,,,,3,,47.5,1,,0.5,1
l1_championship_player_2022_41_90543,2022,1,l1_championship_club_2021_41,2,2,2,180,,,,,,,2,1,,95,2,5,1,3,2,1,,,,3,,47.5,1,,0.5,1
l1_championship_player_2020_9_91927,2020,1,l1_championship_club_2020_9,,,,,,,,,,,,,,,,,,,,,,,,,,,,,,
l1_championship_player_2021_9_91927,2021,1,l1_championship_club_2021_9,1,1,1,90,,,,,,,,,,69,2,1,,1,,,,,,2,,69,1,,,2
l1_championship_player_2022_9_91927,2022,1,l1_championship_club_2021_9,1,1,1,90,,,,,,,,,,69,2,1,,1,,,,,,2,,69,1,,,2
l1_championship_player_2023_9_91927,2023,1,l1_championship_club_2023_9,35,10,,713,,,,,,5,7,1,13,600,24,24,6,8,2,2,,,,72,12.928571428571429,154.2,,,0.27,6.199999999999999
l1_championship_player_2024_9_91927,2024,1,l1_championship_club_2024_9,34,27,21,1932,,,,,,6,4,1,35,1640,38,84,22,26,16,20,3,,,63,5.598518518518519,76.4,0.62,,0.05,1.77
l1_championship_player_2024_9_91927,2024,6,l1_championship_club_2024_9,10,8,5,487,,,,,,,1,1,7,381,10,10,8,5,2,1,,,,16,4.925,70.41,0.5,,0.18,1.85
l1_championship_player_2024_9_91927,2024,10,l1_championship_club_2024_9,2,2,1,109,,,,,,,2,1,2,117,3,9,,3,3,2,,,,5,6.03,96.61,0.5,,0.83,2.48
l1_championship_player_2020_13_85836,2020,1,l1_championship_club_2020_13,,,,,,,,,,,,,,,,,,,,,,,,,,,,,,
l1_championship_player_2021_13_85836,2021,1,l1_championship_club_2021_13,,,,,,,,,,,,,,,,,,,,,,,,,,,,,,
l1_championship_player_2022_13_85836,2022,1,l1_championship_club_2022_13,,,,,,,,,,,,,,,,,,,,,,,,,,,,,,
l1_championship_player_2023_9_85836,2023,1,l1_championship_club_2023_9,35,15,,1324,1,1,,,,1,12,4,5,1149,20,62,30,22,17,5,2,1,,72,10.941333333333334,156.2,,2648,0.54,2.72
l1_championship_player_2024_9_85836,2024,1,l1_championship_club_2024_9,34,27,27,2384,4,1,3,1,,,12,8,5,2099,17,112,36,23,23,20,1,,1,63,5.79074074074074,79.24,0.79,596,0.3,0.64
l1_championship_player_2024_9_85836,2024,6,l1_championship_club_2024_9,10,10,10,855,1,,1,,1,1,7,3,2,636,10,42,18,11,8,,2,,,16,5.296,66.95,1,855,0.32,1.05
l1_championship_player_2024_9_85836,2024,10,l1_championship_club_2024_9,2,2,1,145,,,,,,,,,,179,1,4,5,,1,,,,,5,6.65,111.1,0.5,,,0.62
l1_championship_player_2021_15_92548,2021,1,l1_championship_club_2021_15,,,,,,,,,,,,,,,,,,,,,,,,,,,,,,
l1_championship_player_2024_9_92548,2024,1,l1_championship_club_2024_9,34,,,,,,,,,,,,,,,,,,,,,,,63,,,,,,
l1_championship_player_2024_9_92548,2024,6,l1_championship_club_2024_9,10,,,,,,,,,,,,,,,,,,,,,,,16,,,,,,
l1_championship_player_2021_16_87320,2021,4,l1_championship_club_2021_16,,,,,,,,,,,,,,,,,,,,,,,,,,,,,,
l1_championship_player_2022_16_87320,2022,1,l1_championship_club_2022_16,,,,,,,,,,,,,,,,,,,,,,,,,,,,,,
l1_championship_player_2023_16_87320,2023,1,l1_championship_club_2023_16,35,17,,1117,2,1,1,1,,,5,2,3,829,13,74,22,15,13,9,3,,,44,10.624999999999998,133.58,,1117,0.32,2.1
l1_championship_player_2024_9_87320,2024,1,l1_championship_club_2024_9,34,22,17,1501,,,,,,,1,1,1,1183,7,90,26,29,19,7,3,,,63,4.917272727272726,70.93,0.5,,0.06,0.42
l1_championship_player_2024_9_87320,2024,6,l1_championship_club_2024_9,10,6,4,295,,,,,,,,,,184,3,11,6,4,5,,3,1,,16,4.353333333333333,56.14,0.4,,,0.92
l1_championship_player_2024_16_87320,2024,1,l1_championship_club_2024_9,34,22,17,1501,,,,,,,1,1,1,1183,7,90,26,29,19,7,3,,,63,4.917272727272726,70.93,0.5,,0.06,0.42
l1_championship_player_2024_16_87320,2024,6,l1_championship_club_2024_9,10,6,4,295,,,,,,,,,,184,3,11,6,4,5,,3,1,,16,4.353333333333333,56.14,0.4,,,0.92
l1_championship_player_2023_9_101650,2023,1,l1_championship_club_2023_9,,,,,,,,,,,,,,,,,,,,,,,,,,,,,,
l1_championship_player_2024_9_101650,2024,1,l1_championship_club_2024_9,34,,,,,,,,,,,,,,,,,,,,,,,63,,,,,,
l1_championship_player_2024_9_101650,2024,6,l1_championship_club_2024_9,10,,,,,,,,,,,,,,,,,,,,,,,16,,,,,,
l1_championship_player_2023_9_90829,2023,1,l1_championship_club_2023_9,24,14,,634,1,,1,1,,,8,5,6,472,22,50,13,12,10,9,2,,,45,5.4157142857142855,67,,634,0.71,3.12
l1_championship_player_2024_9_90829,2024,1,l1_championship_club_2024_9,34,12,5,390,,,,,,1,2,1,6,289,9,20,5,7,10,2,2,,,63,4.745,66.69,0.15,,0.23,2.08
l1_championship_player_2024_9_90829,2024,6,l1_championship_club_2024_9,10,2,,20,,,,,,,1,,,20,2,2,,,1,,,,,16,4.79,90,,,,9
l1_championship_player_2024_9_90829,2024,10,l1_championship_club_2024_9,2,2,1,116,,,,,,,1,,1,79,2,5,3,,2,1,,,,5,4.03,61.29,0.5,,,1.55
l1_championship_player_2023_9_101564,2023,1,l1_championship_club_2023_9,35,12,,1035,,,,,,1,4,1,3,929,7,72,22,12,12,5,2,,,72,11.063636363636363,161.56,,,0.18,1.22
l1_championship_player_2024_9_101564,2024,1,l1_championship_club_2024_9,34,15,11,1021,1,,1,,,,8,5,3,914,14,66,16,18,9,3,2,,1,63,5.3406666666666665,80.57,0.32,1021,0.44,1.23
l1_championship_player_2024_9_101564,2024,6,l1_championship_club_2024_9,10,6,5,477,1,,1,,,,2,2,1,393,5,27,10,4,3,4,1,,,16,4.568333333333333,74.15,0.5,477,0.38,0.94
l1_championship_player_2024_9_101564,2024,10,l1_championship_club_2024_9,2,2,1,117,1,,1,,,,1,1,2,137,1,13,3,4,1,2,,,,5,5.48,105.38,0.5,117,0.77,0.77
l1_championship_player_2024_9_103943,2024,1,l1_championship_club_2024_9,34,16,8,568,1,1,,,1,,5,2,13,452,15,33,6,9,10,3,2,1,,63,5.099374999999999,71.62,0.24,568,0.32,2.38
l1_championship_player_2024_9_103943,2024,6,l1_championship_club_2024_9,10,3,,60,,,,,,,1,,,31,,4,1,2,,1,,,,16,4.926666666666667,46.5,,,,
l1_championship_player_2024_9_103943,2024,10,l1_championship_club_2024_9,2,2,1,135,1,,1,,1,1,4,2,2,112,4,6,2,,,2,,,,5,9.74,74.67,0.5,135,1.33,2.67
l1_championship_player_2021_9_88939,2021,1,l1_championship_club_2021_9,,,,,,,,,,,,,,,,,,,,,,,,,,,,,,
l1_championship_player_2021_9_95629,2021,1,l1_championship_club_2021_9,1,,,,,,,,,,,,,,,,,,,,,,,2,,,,,,
l1_championship_player_2022_9_95629,2022,1,l1_championship_club_2021_9,1,,,,,,,,,,,,,,,,,,,,,,,2,,,,,,
l1_championship_player_2023_9_95629,2023,1,l1_championship_club_2023_9,35,21,,1739,4,,4,,4,2,33,13,20,1387,48,111,40,44,45,17,4,1,,72,11.5425,143.5,,984.42,1.2200000000000002,4.88
l1_championship_player_2024_9_95629,2024,1,l1_championship_club_2024_9,34,29,23,2073,1,,1,1,,3,21,8,23,1810,68,145,39,48,28,23,5,1,,63,5.4303448275862065,78.58,0.68,2073,0.35,2.95
l1_championship_player_2024_9_95629,2024,6,l1_championship_club_2024_9,10,9,9,781,,,,,,2,5,2,8,635,13,48,15,17,12,8,3,,,16,5.471111111111112,73.18,0.9,,0.23,1.5
l1_championship_player_2024_9_95629,2024,10,l1_championship_club_2024_9,2,2,2,180,1,,1,1,,,2,1,6,169,9,7,,2,1,,,,,5,8.09,84.5,1,180,0.5,4.5
l1_championship_player_2021_9_69307,2021,1,l1_championship_club_2021_9,1,,,,,,,,,,,,,,,,,,,,,,,2,,,,,,
l1_championship_player_2017_9_69307,2017,1,l1_championship_club_2017_9,,,,,,,,,,,,,,,,,,,,,,,,,,,,,,
l1_championship_player_2020_9_69307,2020,1,l1_championship_club_2020_9,,,,,,,,,,,,,,,,,,,,,,,,,,,,,,
l1_championship_player_2022_9_69307,2022,1,l1_championship_club_2021_9,1,,,,,,,,,,,,,,,,,,,,,,,2,,,,,,
l1_championship_player_2023_9_69307,2023,1,l1_championship_club_2023_9,35,29,,1622,8,4,4,5,3,4,37,23,39,1157,87,100,9,23,34,31,6,,,72,11.344444444444443,128,,433.89,2.5,9.61
l1_championship_player_2024_9_69307,2024,1,l1_championship_club_2024_9,34,32,27,2408,5,3,2,4,1,9,62,19,49,1708,172,144,15,31,31,38,2,,5,63,5.826250000000001,63.84,0.79,481.6,0.71,6.43
l1_championship_player_2024_9_69307,2024,6,l1_championship_club_2024_9,10,10,10,807,2,2,,2,,2,19,8,13,536,36,44,10,8,10,16,1,,,16,5.489,59.78,1,403.5,0.89,4.01
l1_championship_player_2024_9_69307,2024,10,l1_championship_club_2024_9,2,,,,,,,,,,,,,,,,,,,,,,,5,,,,,,
l1_championship_player_2021_9_88835,2021,1,l1_championship_club_2021_9,,,,,,,,,,,,,,,,,,,,,,,,,,,,,,
l1_championship_player_2023_9_88835,2023,1,l1_championship_club_2023_9,,,,,,,,,,,,,,,,,,,,,,,,,,,,,,
l1_championship_player_2024_9_88835,2024,1,l1_championship_club_2024_9,34,,,,,,,,,,,,,,,,,,,,,,,63,,,,,,
l1_championship_player_2024_9_88835,2024,6,l1_championship_club_2024_9,10,,,,,,,,,,,,,,,,,,,,,,,16,,,,,,
l1_championship_player_2022_8_100765,2022,4,l1_championship_club_2022_8,,,,,,,,,,,,,,,,,,,,,,,,,,,,,,
l1_championship_player_2023_8_100765,2023,1,l1_championship_club_2023_8,35,32,,2338,1,,1,,1,4,30,9,42,1451,10,144,28,42,45,47,3,,,36,10.430384615384614,112.37,,4601,0.71,0.78
l1_championship_player_2024_9_100765,2024,1,l1_championship_club_2024_9,34,29,25,2063,2,1,1,,2,7,26,9,44,1832,17,138,31,41,45,39,10,1,1,63,5.7268965517241375,79.92,0.74,1031.5,0.39,0.74
l1_championship_player_2024_9_100765,2024,6,l1_championship_club_2024_9,10,9,9,610,,,,,,,6,,8,505,4,48,14,11,10,21,2,,,16,5.42111111111111,74.51,0.9,,,0.59
l1_championship_player_2024_9_100765,2024,10,l1_championship_club_2024_9,2,1,1,90,,,,,,,2,,1,83,,5,,,2,3,,,,5,,83,0.5,,,
l1_championship_player_2024_8_100765,2024,1,l1_championship_club_2024_9,34,29,25,2063,2,1,1,,2,7,26,9,44,1832,17,138,31,41,45,39,10,1,1,63,5.7268965517241375,79.92,0.74,1031.5,0.39,0.74
l1_championship_player_2024_8_100765,2024,6,l1_championship_club_2024_9,10,9,9,610,,,,,,,6,,8,505,4,48,14,11,10,21,2,,,16,5.42111111111111,74.51,0.9,,,0.59
l1_championship_player_2024_8_100765,2024,10,l1_championship_club_2024_9,2,1,1,90,,,,,,,2,,1,83,,5,,,2,3,,,,5,,83,0.5,,,
l1_championship_player_2020_9_81928,2020,1,l1_championship_club_2020_9,,,,,,,,,,,,,,,,,,,,,,,,,,,,,,
l1_championship_player_2021_9_81928,2021,1,l1_championship_club_2021_9,,,,,,,,,,,,,,,,,,,,,,,,,,,,,,
l1_championship_player_2022_9_81928,2022,1,l1_championship_club_2022_9,,,,,,,,,,,,,,,,,,,,,,,,,,,,,,
l1_championship_player_2023_9_81928,2023,1,l1_championship_club_2023_9,35,5,,115,,,,,,,2,,1,105,1,12,,4,3,2,,,,72,10.4,164.34,,,,1.56
l1_championship_player_2024_9_81928,2024,1,l1_championship_club_2024_9,34,1,,7,,,,,,,1,,,10,,3,,,1,1,,,,63,4.63,128.57,,,,
l1_championship_player_2024_9_81928,2024,6,l1_championship_club_2024_9,10,,,,,,,,,,,,,,,,,,,,,,,16,,,,,,
l1_championship_player_2020_9_92856,2020,1,l1_championship_club_2020_9,,,,,,,,,,,,,,,,,,,,,,,,,,,,,,
l1_championship_player_2021_9_92856,2021,1,l1_championship_club_2021_9,1,,,,,,,,,,,,,,,,,,,,,,,2,,,,,,
l1_championship_player_2022_9_92856,2022,1,l1_championship_club_2021_9,1,,,,,,,,,,,,,,,,,,,,,,,2,,,,,,
l1_championship_player_2023_9_92856,2023,1,l1_championship_club_2023_9,35,27,,1198,,,,,,2,9,,23,1044,22,123,16,20,19,24,2,,,72,11.138333333333334,156.07,,,,3.3099999999999996
l1_championship_player_2024_9_92856,2024,1,l1_championship_club_2024_9,34,19,3,496,,,,,,,2,1,4,397,10,48,9,12,14,7,3,,,63,4.714736842105262,72.04,0.09,,0.18,1.81
l1_championship_player_2024_9_92856,2024,6,l1_championship_club_2024_9,10,4,2,211,,,,,,,2,1,2,160,5,16,3,4,1,3,,,,16,5.27,68.25,0.2,,0.43,2.13
l1_championship_player_2024_9_92856,2024,10,l1_championship_club_2024_9,2,1,,6,,,,,,,,,,8,1,,,,1,,,,,5,,120,,,,15
l1_championship_player_2020_9_85395,2020,1,l1_championship_club_2020_9,,,,,,,,,,,,,,,,,,,,,,,,,,,,,,
l1_championship_player_2021_9_85395,2021,1,l1_championship_club_2021_9,1,,,,,,,,,,,,,,,,,,,,,,,2,,,,,,
l1_championship_player_2022_9_85395,2022,1,l1_championship_club_2021_9,1,,,,,,,,,,,,,,,,,,,,,,,2,,,,,,
l1_championship_player_2023_9_85395,2023,1,l1_championship_club_2023_9,35,26,,2240,6,4,2,1,5,6,44,19,51,1613,52,117,21,31,27,36,9,1,,72,11.7504,130.57999999999998,,732.3299999999999,1.55,4.26
l1_championship_player_2024_9_85395,2024,1,l1_championship_club_2024_9,34,19,13,1153,3,2,1,1,2,,24,9,24,904,35,89,12,24,25,20,1,,,63,5.233684210526315,70.56,0.38,384.33,0.7,2.73
l1_championship_player_2024_9_85395,2024,6,l1_championship_club_2024_9,10,9,6,575,,,,,,1,8,2,13,387,10,32,2,8,8,9,1,,,16,5.2155555555555555,60.57,0.6,,0.31,1.57
l1_championship_player_2023_9_101596,2023,1,l1_championship_club_2023_9,35,25,,2141,4,1,3,,2,,26,10,11,1513,23,90,47,27,33,13,9,2,,72,10.410833333333334,127.2,,1070.5,0.84,1.94
l1_championship_player_2024_9_101596,2024,1,l1_championship_club_2024_9,34,26,24,2148,6,3,3,,4,4,31,11,16,1509,45,101,34,26,32,21,5,,3,63,5.864230769230769,63.23,0.71,358,0.46,1.89
l1_championship_player_2024_9_101596,2024,6,l1_championship_club_2024_9,10,7,7,615,1,,1,,1,,7,2,3,368,6,19,16,6,9,2,3,,,16,5.368571428571428,53.85,0.7,615,0.29,0.88
l1_championship_player_2022_41_99215,2022,1,l1_championship_club_2022_41,,,,,,,,,,,,,,,,,,,,,,,,,,,,,,
l1_championship_player_2023_9_99215,2023,1,l1_championship_club_2023_9,35,29,,1694,7,1,6,2,5,5,66,29,26,705,150,66,3,4,31,35,1,,,72,10.618947368421056,74.92,,484,3.08,15.94
l1_championship_player_2024_9_99215,2024,1,l1_championship_club_2024_9,34,13,7,613,4,2,2,2,2,,31,10,6,242,54,18,1,1,7,9,,,,63,4.973076923076923,35.53,0.21,153.25,1.47,7.93
l1_championship_player_2024_9_99215,2024,6,l1_championship_club_2024_9,10,3,,93,,,,,,,5,3,2,52,13,6,,,1,2,1,,,16,5.066666666666666,50.32,,,2.9,12.58
l1_championship_player_2024_9_104370,2024,1,l1_championship_club_2024_9,34,16,16,1237,13,11,2,1,12,2,42,24,22,431,101,54,4,5,19,30,1,,4,63,5.948124999999999,31.36,0.47,95.15,1.75,7.35
l1_championship_player_2024_9_104370,2024,6,l1_championship_club_2024_9,10,2,1,82,,,,,,,,,,24,3,2,,,1,1,,,,16,4.13,26.34,0.1,,,3.29
l1_championship_player_2024_9_104370,2024,6,l1_championship_club_2024_9000000199,8,6,6,474,2,1,1,1,1,,8,4,3,123,15,16,3,1,9,7,,,,5,4.858333333333333,23.35,0.75,237,0.76,2.85
l1_championship_player_2024_9_104370,2024,10,l1_championship_club_2024_9,2,1,,45,,,,,,1,1,1,2,18,3,2,,,1,1,,,,5,,36,,,2,6
l1_championship_player_2024_9_103894,2024,6,l1_championship_club_2024_9,10,,,,,,,,,,,,,,,,,,,,,,,16,,,,,,
l1_championship_player_2024_9_103894,2024,14,l1_championship_club_2024_9000002584,8,4,2,224,1,1,,,,,14,8,2,118,17,23,,3,4,6,1,,,16,5.4325,47.41,0.25,224,3.21,6.83
l1_championship_player_2022_9_98502,2022,1,l1_championship_club_2022_9,,,,,,,,,,,,,,,,,,,,,,,,,,,,,,
l1_championship_player_2023_9_98502,2023,1,l1_championship_club_2023_9,35,31,,2211,9,4,5,2,5,7,62,30,35,1262,125,88,12,17,31,33,4,,,72,12.199200000000001,103.13,,481.78,2.41,10.09
l1_championship_player_2024_9_98502,2024,1,l1_championship_club_2024_9,34,31,27,2244,6,4,2,3,3,3,57,21,40,1072,143,87,10,19,31,23,4,,1,63,5.124838709677419,42.99,0.79,374,0.84,5.74
l1_championship_player_2024_9_98502,2024,6,l1_championship_club_2024_9,10,9,6,568,3,2,1,,3,1,13,6,8,248,25,17,1,2,4,5,,,,16,5.317777777777778,39.3,0.6,189.33,0.95,3.96
l1_championship_player_2024_9_98502,2024,10,l1_championship_club_2024_9,2,2,2,160,,,,,,1,5,1,6,104,11,11,,2,3,4,1,,,5,6.81,58.5,1,,0.56,6.19
l1_championship_player_2024_12_104089,2024,1,l1_championship_club_2024_12,34,5,4,416,,,,,,,,,,164,,,,,,1,,,,,5.6080000000000005,35.48,0.12,,,
l1_championship_player_2024_12_104089,2024,10,l1_championship_club_2024_12,2,2,2,180,,,,,,,,,,85,,,,,,1,,,,,5.75,42.5,1,,,
l1_championship_player_2017_159_18357,2017,1,l1_championship_club_2017_159,,,,,,,,,,,,,,,,,,,,,,,,,,,,,,
l1_championship_player_2020_159_18357,2020,1,l1_championship_club_2020_159,,,,,,,,,,,,,,,,,,,,,,,,,,,,,,
l1_championship_player_2021_159_18357,2021,1,l1_championship_club_2021_159,1,,,,,,,,,,,,,,,,,,,,,,,,,,,,,
l1_championship_player_2022_159_18357,2022,1,l1_championship_club_2022_159,1,1,1,90,,,,,,,,,,72,,,,,,1,,,,,,72,1,,,
l1_championship_player_2023_159_18357,2023,1,l1_championship_club_2023_159,35,31,,2790,,,,,,,,,1,1219,,,,,1,6,,,,,10.879999999999999,78.64,,,,
l1_championship_player_2024_12_18357,2024,1,l1_championship_club_2024_159,15,,,,,,,,,,,,,,,,,,,,,,,,,,,,,
l1_championship_player_2024_12_18357,2024,1,l1_championship_club_2024_12,19,18,18,1564,,,,,,,,,,643,,,,,1,7,2,,2,,5.337777777777777,37,0.95,,,
l1_championship_player_2024_159_18357,2024,1,l1_championship_club_2024_159,15,,,,,,,,,,,,,,,,,,,,,,,,,,,,,
l1_championship_player_2024_159_18357,2024,1,l1_championship_club_2024_12,19,18,18,1564,,,,,,,,,,643,,,,,1,7,2,,2,,5.337777777777777,37,0.95,,,
l1_championship_player_2020_8_90785,2020,1,l1_championship_club_2020_8,,,,,,,,,,,,,,,,,,,,,,,,,,,,,,
l1_championship_player_2021_8_90785,2021,1,l1_championship_club_2021_8,,,,,,,,,,,,,,,,,,,,,,,,,,,,,,
l1_championship_player_2020_12_81781,2020,1,l1_championship_club_2020_12,,,,,,,,,,,,,,,,,,,,,,,,,,,,,,
l1_championship_player_2021_12_81781,2021,1,l1_championship_club_2021_12,,,,,,,,,,,,,,,,,,,,,,,,,,,,,,
l1_championship_player_2022_12_81781,2022,1,l1_championship_club_2022_12,,,,,,,,,,,,,,,,,,,,,,,,,,,,,,
l1_championship_player_2023_12_81781,2023,1,l1_championship_club_2023_12,35,,,,,,,,,,,,,,,,,,,,,,,31,,,,,,
l1_championship_player_2024_12_81781,2024,1,l1_championship_club_2024_12,34,,,,,,,,,,,,,,,,,,,,,,,39,,,,,,
l1_championship_player_2024_12_81781,2024,10,l1_championship_club_2024_12,2,,,,,,,,,,,,,,,,,,,,,,,5,,,,,,
l1_championship_player_2017_16_56530,2017,1,l1_championship_club_2017_16,,,,,,,,,,,,,,,,,,,,,,,,,,,,,,
l1_championship_player_2023_12_56530,2023,1,l1_championship_club_2023_12,35,12,,800,,,,,,1,1,,5,450,5,28,7,7,13,3,2,,,31,9.805454545454545,101.26,,,,1.12
l1_championship_player_2024_12_56530,2024,1,l1_championship_club_2024_12,34,30,23,2165,1,1,,1,,,7,4,13,1200,21,100,13,31,23,11,5,,,39,5.041333333333333,49.88,0.68,2165,0.17,0.87
l1_championship_player_2024_12_56530,2024,10,l1_championship_club_2024_12,2,2,1,65,,,,,,1,,,1,60,2,5,,1,,,,,,5,6.4,83.08,0.5,,,2.77
l1_championship_player_2020_13_84347,2020,1,l1_championship_club_2020_13,,,,,,,,,,,,,,,,,,,,,,,,,,,,,,
l1_championship_player_2021_13_84347,2021,1,l1_championship_club_2021_13,,,,,,,,,,,,,,,,,,,,,,,,,,,,,,
l1_championship_player_2022_13_84347,2022,1,l1_championship_club_2022_13,,,,,,,,,,,,,,,,,,,,,,,,,,,,,,
l1_championship_player_2023_12_84347,2023,1,l1_championship_club_2023_12,31,,,,,,,,,,,,,,,,,,,,,,,26,,,,,,
l1_championship_player_2023_12_84347,2023,1,l1_championship_club_2023_13,2,,,,,,,,,,,,,,,,,,,,,,,,,,,,,
l1_championship_player_2023_13_84347,2023,1,l1_championship_club_2023_12,31,,,,,,,,,,,,,,,,,,,,,,,26,,,,,,
l1_championship_player_2023_13_84347,2023,1,l1_championship_club_2023_13,2,,,,,,,,,,,,,,,,,,,,,,,,,,,,,
l1_championship_player_2024_12_84347,2024,1,l1_championship_club_2024_12,34,,,,,,,,,,,,,,,,,,,,,,,39,,,,,,
l1_championship_player_2020_8_59420,2020,1,l1_championship_club_2020_8,,,,,,,,,,,,,,,,,,,,,,,,,,,,,,
l1_championship_player_2021_8_59420,2021,1,l1_championship_club_2021_8,,,,,,,,,,,,,,,,,,,,,,,,,,,,,,
l1_championship_player_2022_12_59420,2022,1,l1_championship_club_2022_12,,,,,,,,,,,,,,,,,,,,,,,,,,,,,,
l1_championship_player_2022_8_59420,2022,4,l1_championship_club_2022_8,,,,,,,,,,,,,,,,,,,,,,,,,,,,,,
l1_championship_player_2023_12_59420,2023,1,l1_championship_club_2023_12,20,3,,92,,,,,,,,,,64,1,5,,1,2,2,1,,,21,8.86,125.22,,,,1.96
l1_championship_player_2024_12_59420,2024,1,l1_championship_club_2024_12,34,7,3,262,,,,,,,,,3,192,4,18,2,4,2,2,,,,39,4.911428571428572,65.95,0.09,,,1.37
l1_championship_player_2017_10_62568,2017,1,l1_championship_club_2017_10,,,,,,,,,,,,,,,,,,,,,,,,,,,,,,
l1_championship_player_2020_10_62568,2020,1,l1_championship_club_2020_10,,,,,,,,,,,,,,,,,,,,,,,,,,,,,,
l1_championship_player_2021_10_62568,2021,1,l1_championship_club_2021_10,1,1,1,90,,,,,,,,,1,38,2,2,,,1,,1,,,2,,38,1,,,2
l1_championship_player_2022_10_62568,2022,1,l1_championship_club_2022_10,2,2,1,101,,,,,,1,,,2,79,,3,2,1,,1,,,,4,,70.4,0.5,,,
l1_championship_player_2023_12_62568,2023,1,l1_championship_club_2023_12,35,13,,896,,,,,,,5,1,3,517,12,63,14,23,9,19,2,,,31,10.136,103.86,,,0.2,2.42
l1_championship_player_2024_12_62568,2024,1,l1_championship_club_2024_12,34,27,23,2051,1,,1,,1,,17,6,7,1090,31,91,25,41,14,12,3,1,1,39,5.018148148148147,47.83,0.68,2051,0.26,1.36
l1_championship_player_2024_12_62568,2024,10,l1_championship_club_2024_12,2,2,2,160,,,,,,,,,2,162,2,8,2,1,1,2,,,,5,5.63,91.13,1,,,1.13
l1_championship_player_2020_13_86548,2020,1,l1_championship_club_2020_13,,,,,,,,,,,,,,,,,,,,,,,,,,,,,,
l1_championship_player_2021_13_86548,2021,1,l1_championship_club_2021_13,,,,,,,,,,,,,,,,,,,,,,,,,,,,,,
l1_championship_player_2024_12_86548,2024,1,l1_championship_club_2024_12,34,2,,11,,,,,,,,,,9,,1,,,,1,,,,39,5.055,73.64,,,,
l1_championship_player_2024_13_86548,2024,1,l1_championship_club_2024_12,34,2,,11,,,,,,,,,,9,,1,,,,1,,,,39,5.055,73.64,,,,
l1_championship_player_2017_4_26393,2017,1,l1_championship_club_2017_4,,,,,,,,,,,,,,,,,,,,,,,,,,,,,,
l1_championship_player_2017_20_26393,2017,1,l1_championship_club_2017_20,,,,,,,,,,,,,,,,,,,,,,,,,,,,,,
l1_championship_player_2020_15_26393,2020,1,l1_championship_club_2020_15,,,,,,,,,,,,,,,,,,,,,,,,,,,,,,
l1_championship_player_2021_15_26393,2021,1,l1_championship_club_2021_15,,,,,,,,,,,,,,,,,,,,,,,,,,,,,,
l1_championship_player_2022_15_26393,2022,1,l1_championship_club_2022_15,,,,,,,,,,,,,,,,,,,,,,,,,,,,,,
l1_championship_player_2023_15_26393,2023,1,l1_championship_club_2023_15,38,35,2,2651,3,2,1,,,,24,6,26,2107,21,156,78,53,37,15,3,,,41,5.6420689655172405,71.53,0.05,883.67,0.2,0.71
l1_championship_player_2024_15_26393,2024,1,l1_championship_club_2024_15,1,,,,,,,,,,,,,,,,,,,,,,,1,,,,,,
l1_championship_player_2021_6_91746,2021,1,l1_championship_club_2021_6,,,,,,,,,,,,,,,,,,,,,,,,,,,,,,
l1_championship_player_2022_6_91746,2022,1,l1_championship_club_2022_6,,,,,,,,,,,,,,,,,,,,,,,,,,,,,,
l1_championship_player_2023_6_91746,2023,1,l1_championship_club_2023_6,35,20,,1216,5,3,2,4,,,18,9,15,719,29,79,7,20,31,31,4,,,47,11.350000000000001,106.21000000000001,,524.7,1.31,4.23
l1_championship_player_2024_6_91746,2024,1,l1_championship_club_2024_6,34,27,20,1805,1,,1,,,4,23,5,20,1207,35,105,16,26,28,30,6,2,3,42,5.337777777777779,60.18,0.59,1805,0.25,1.75
l1_championship_player_2024_6_91746,2024,10,l1_championship_club_2024_6,1,1,1,89,,,,,,,,,,40,1,2,2,,4,,,,,1,4.63,40.45,1,,,1.01
l1_championship_player_2025_6_91746,2025,1,l1_championship_club_2025_6,15,5,4,275,,,,,,,6,1,,174,9,13,3,,4,8,1,,,26,4.752,56.95,0.27,,0.33,2.95
l1_championship_player_2025_6_91746,2025,1,l1_championship_club_2025_12,15,12,10,795,,,,,,1,6,1,5,445,20,46,6,14,19,18,1,,,12,5.093333333333335,50.38,0.67,,0.11,2.26
l1_championship_player_2025_6_91746,2025,10,l1_championship_club_2025_12,2,2,1,123,,,,,,,,,,93,1,10,1,1,2,3,1,,,6,5.050000000000001,68.05,0.5,,,0.73
l1_championship_player_2023_15_101469,2023,1,l1_championship_club_2023_15,38,25,2,1972,2,2,,,,,13,5,6,1768,21,124,30,31,34,5,4,,,41,5.824210526315788,80.69,0.05,986,0.23,0.96
l1_championship_player_2024_15_101469,2024,1,l1_championship_club_2024_15,34,21,10,944,1,1,,,,,5,1,1,820,10,57,11,15,17,7,2,1,1,56,4.792380952380954,78.18,0.29,944,0.1,0.95
l1_championship_player_2024_15_101469,2024,10,l1_championship_club_2024_15,3,3,3,225,,,,,,,2,1,2,273,4,9,4,2,3,2,,,,6,5.865,109.2,1,,0.4,1.6
l1_championship_player_2025_15_101469,2025,1,l1_championship_club_2025_15,20,1,,1,,,,,,,,,,1,,,,,,,,,,33,4.84,90,,,,
l1_championship_player_2025_15_101469,2025,1,l1_championship_club_2025_12,10,2,1,64,,,,,,,2,,,58,2,5,,,2,,,,,6,3.965,81.56,0.1,,,2.81
l1_championship_player_2025_15_101469,2025,10,l1_championship_club_2025_15,2,1,,45,,,,,,,,,,24,,2,1,1,2,,1,,,8,5.11,48,,,,
l1_championship_player_2025_15_101469,2025,10,l1_championship_club_2025_12,2,,,,,,,,,,,,,,,,,,,,,,,6,,,,,,
l1_championship_player_2025_15_101469,2025,14,l1_championship_club_2025_15,6,,,,,,,,,,,,,,,,,,,,,,,11,,,,,,
l1_championship_player_2017_1_15792,2017,1,l1_championship_club_2017_1,,,,,,,,,,,,,,,,,,,,,,,,,,,,,,
l1_championship_player_2017_31_15792,2017,1,l1_championship_club_2017_31,,,,,,,,,,,,,,,,,,,,,,,,,,,,,,
l1_championship_player_2021_10_15792,2021,1,l1_championship_club_2021_10,1,1,1,75,,,,,,,,,1,42,1,5,,,,,,,,2,,50.4,1,,,1.2
l1_championship_player_2022_158_15792,2022,1,l1_championship_club_2021_10,1,1,1,75,,,,,,,,,1,42,1,5,,,,,,,,2,,50.4,1,,,1.2
l1_championship_player_2023_158_15792,2023,1,l1_championship_club_2023_158,35,31,,1548,2,2,,1,1,2,35,15,35,1258,88,126,5,39,16,39,,,,53,11.267142857142858,146.53,,1508,1.73,10.21
l1_championship_player_2024_158_15792,2024,1,l1_championship_club_2024_158,34,23,12,1010,1,1,,,1,2,30,7,26,959,53,80,8,19,16,19,1,,2,52,5.136086956521739,85.46,0.35,1010,0.62,4.72
l1_championship_player_2024_158_15792,2024,6,l1_championship_club_2024_158,10,7,6,388,1,1,,,,1,9,2,7,291,18,29,2,8,3,9,1,,,19,5.727142857142858,67.5,0.6,388,0.46,4.18
l1_championship_player_2024_158_15792,2024,10,l1_championship_club_2024_158,3,3,3,243,,,,,,,3,2,5,217,15,16,2,4,4,4,,,,3,4.69,80.37,1,,0.74,5.56
l1_championship_player_2025_158_15792,2025,1,l1_championship_club_2025_12,14,10,5,500,1,,1,,1,,6,3,14,441,15,32,4,7,7,10,1,,,11,4.85,79.38,0.36,500,0.54,2.7
l1_championship_player_2025_158_15792,2025,6,l1_championship_club_2025_9000000202,6,,,,,,,,,,,,,,,,,,,,,,,6,,,,,,
l1_championship_player_2025_158_15792,2025,10,l1_championship_club_2025_12,1,1,1,90,,,,,,,1,,3,72,4,1,2,1,,,,,,1,5.89,72,1,,,4
l1_championship_player_2024_12_36931,2024,1,l1_championship_club_2024_12,34,6,3,223,1,1,,,1,,7,1,5,138,6,14,6,5,7,1,1,,,39,5.120000000000001,55.7,0.09,223,0.4,2.42
l1_championship_player_2021_12_93632,2021,1,l1_championship_club_2021_12,,,,,,,,,,,,,,,,,,,,,,,,,,,,,,
l1_championship_player_2021_68_90092,2021,4,l1_championship_club_2021_68,,,,,,,,,,,,,,,,,,,,,,,,,,,,,,
l1_championship_player_2022_68_90092,2022,4,l1_championship_club_2022_68,,,,,,,,,,,,,,,,,,,,,,,,,,,,,,
l1_championship_player_2023_68_90092,2023,4,l1_championship_club_2023_68,2,1,,90,,,,,,,,,2,54,,5,,2,3,1,,,,1,4.65,54,,,,
l1_championship_player_2017_20_78753,2017,1,l1_championship_club_2017_20,,,,,,,,,,,,,,,,,,,,,,,,,,,,,,
l1_championship_player_2022_159_78753,2022,1,l1_championship_club_2022_159,1,1,,9,,,,,,,,,,10,,1,,1,,,,,,1,,100,,,,
l1_championship_player_2023_159_78753,2023,1,l1_championship_club_2023_159,35,7,,322,,,,,,,6,2,4,277,6,14,5,4,7,4,1,,,50,11.745000000000001,155.59,,,1.28,3.11
l1_championship_player_2024_159_78753,2024,1,l1_championship_club_2024_12,34,29,23,2052,2,1,1,1,1,1,20,5,8,1076,38,144,18,33,51,38,3,,1,39,4.889310344827585,47.19,0.68,1026,0.22,1.67
l1_championship_player_2024_159_78753,2024,10,l1_championship_club_2024_12,2,2,2,167,,,,,,,5,,2,109,6,12,1,5,1,2,,,,5,6.13,58.74,1,,,3.23
l1_championship_player_2024_159_78753,2024,13,l1_championship_club_2024_159,12,,,,,,,,,,,,,,,,,,,,,,,29,,,,,,
l1_championship_player_2021_12_93631,2021,1,l1_championship_club_2021_12,,,,,,,,,,,,,,,,,,,,,,,,,,,,,,
l1_championship_player_2024_12_78753,2024,1,l1_championship_club_2024_12,34,29,23,2052,2,1,1,1,1,1,20,5,8,1076,38,144,18,33,51,38,3,,1,39,4.889310344827585,47.19,0.68,1026,0.22,1.67
l1_championship_player_2024_12_78753,2024,10,l1_championship_club_2024_12,2,2,2,167,,,,,,,5,,2,109,6,12,1,5,1,2,,,,5,6.13,58.74,1,,,3.23
l1_championship_player_2024_12_78753,2024,13,l1_championship_club_2024_159,12,,,,,,,,,,,,,,,,,,,,,,,29,,,,,,
l1_championship_player_2021_15_66094,2021,1,l1_championship_club_2021_15,,,,,,,,,,,,,,,,,,,,,,,,,,,,,,
l1_championship_player_2022_15_66094,2022,1,l1_championship_club_2022_15,,,,,,,,,,,,,,,,,,,,,,,,,,,,,,
l1_championship_player_2020_15_66094,2020,1,l1_championship_club_2020_15,,,,,,,,,,,,,,,,,,,,,,,,,,,,,,
l1_championship_player_2023_15_66094,2023,1,l1_championship_club_2023_15,38,30,1,1646,,,,,,1,14,3,13,1056,29,108,19,36,48,15,8,,,41,5.137222222222222,57.74,0.03,,0.16,1.59
l1_championship_player_2024_15_66094,2024,1,l1_championship_club_2023_15,38,30,1,1646,,,,,,1,14,3,13,1056,29,108,19,36,48,15,8,,,41,5.137222222222222,57.74,0.03,,0.16,1.59
l1_championship_player_2020_12_83801,2020,1,l1_championship_club_2020_12,,,,,,,,,,,,,,,,,,,,,,,,,,,,,,
l1_championship_player_2021_12_83801,2021,1,l1_championship_club_2021_12,,,,,,,,,,,,,,,,,,,,,,,,,,,,,,
l1_championship_player_2023_12_83801,2023,1,l1_championship_club_2023_12,35,,,,,,,,,,,,,,,,,,,,,,,31,,,,,,
l1_championship_player_2024_12_83801,2024,1,l1_championship_club_2024_12,34,12,,89,,,,,,,3,2,5,88,7,15,1,3,1,4,,,,39,4.569166666666667,88.99,,,2.02,7.08
l1_championship_player_2024_12_83801,2024,10,l1_championship_club_2024_12,2,1,,21,,,,,,,1,,1,20,2,2,1,1,,,,,,5,,85.71,,,,8.57
l1_championship_player_2020_12_85106,2020,1,l1_championship_club_2020_12,,,,,,,,,,,,,,,,,,,,,,,,,,,,,,
l1_championship_player_2021_12_85106,2021,1,l1_championship_club_2021_12,,,,,,,,,,,,,,,,,,,,,,,,,,,,,,
l1_championship_player_2023_12_85106,2023,1,l1_championship_club_2023_12,,,,,,,,,,,,,,,,,,,,,,,,,,,,,,
l1_championship_player_2024_12_85106,2024,1,l1_championship_club_2024_12,,,,,,,,,,,,,,,,,,,,,,,,,,,,,,
l1_championship_player_2020_14_78356,2020,1,l1_championship_club_2020_14,,,,,,,,,,,,,,,,,,,,,,,,,,,,,,
l1_championship_player_2021_14_78356,2021,1,l1_championship_club_2021_14,2,1,,15,,,,,,,,,,10,,2,,,2,,,,,6,,60,,,,
l1_championship_player_2022_2_78356,2022,1,l1_championship_club_2021_14,2,1,,15,,,,,,,,,,10,,2,,,2,,,,,6,,60,,,,
l1_championship_player_2022_14_78356,2022,1,l1_championship_club_2021_14,2,1,,15,,,,,,,,,,10,,2,,,2,,,,,6,,60,,,,
l1_championship_player_2023_12_78356,2023,1,l1_championship_club_2023_12,32,22,,1043,5,3,2,,3,,42,19,17,432,70,56,3,4,10,13,1,,,29,11.273333333333333,74.56,,417.2,3.28,12.08
l1_championship_player_2023_12_78356,2023,1,l1_championship_club_2023_14,1,,,,,,,,,,,,,,,,,,,,,,,5,,,,,,
l1_championship_player_2023_14_78356,2023,1,l1_championship_club_2023_12,32,22,,1043,5,3,2,,3,,42,19,17,432,70,56,3,4,10,13,1,,,29,11.273333333333333,74.56,,417.2,3.28,12.08
l1_championship_player_2023_14_78356,2023,1,l1_championship_club_2023_14,1,,,,,,,,,,,,,,,,,,,,,,,5,,,,,,
l1_championship_player_2024_12_78356,2024,1,l1_championship_club_2024_12,34,34,33,2782,9,3,6,2,6,2,74,27,27,1028,153,163,4,5,34,53,3,,1,39,5.1,33.26,0.97,309.11,0.87,4.95
l1_championship_player_2024_12_78356,2024,10,l1_championship_club_2024_12,2,2,2,180,2,,2,,2,,6,2,6,111,14,19,1,1,1,6,,,,5,8.93,55.5,1,90,1,7
l1_championship_player_2017_30_81490,2017,1,l1_championship_club_2017_30,,,,,,,,,,,,,,,,,,,,,,,,,,,,,,
l1_championship_player_2020_6_81490,2020,1,l1_championship_club_2020_6,,,,,,,,,,,,,,,,,,,,,,,,,,,,,,
l1_championship_player_2020_30_81490,2020,1,l1_championship_club_2020_30,,,,,,,,,,,,,,,,,,,,,,,,,,,,,,
l1_championship_player_2021_6_81490,2021,1,l1_championship_club_2021_6,,,,,,,,,,,,,,,,,,,,,,,,,,,,,,
l1_championship_player_2022_6_81490,2022,1,l1_championship_club_2022_6,,,,,,,,,,,,,,,,,,,,,,,,,,,,,,
l1_championship_player_2022_12_81490,2022,1,l1_championship_club_2022_12,,,,,,,,,,,,,,,,,,,,,,,,,,,,,,
l1_championship_player_2023_12_81490,2023,1,l1_championship_club_2023_12,35,6,,182,,,,,,,6,,4,87,10,11,1,,2,6,,,,31,9.64,86.04,,,,9.9
l1_championship_player_2024_12_81490,2024,1,l1_championship_club_2024_12,16,11,1,232,,,,,,,7,,5,124,19,13,4,1,2,3,1,,,18,4.297272727272727,48.1,0.06,,,7.37
l1_championship_player_2024_12_81490,2024,10,l1_championship_club_2024_12,2,1,1,71,,,,,,,2,,1,24,3,1,,,1,,,,,5,5.01,30.42,0.5,,,3.8
l1_championship_player_2021_12_93628,2021,1,l1_championship_club_2021_12,,,,,,,,,,,,,,,,,,,,,,,,,,,,,,
l1_championship_player_2022_12_94926,2022,1,l1_championship_club_2022_12,,,,,,,,,,,,,,,,,,,,,,,,,,,,,,
l1_championship_player_2023_12_94926,2023,1,l1_championship_club_2023_12,35,30,,2104,9,6,3,,8,2,68,27,23,792,114,150,14,14,37,36,3,1,,31,10.752083333333335,67.76,,485.78,2.3099999999999996,9.75
l1_championship_player_2024_12_94926,2024,1,l1_championship_club_2024_12,34,30,11,1245,5,2,3,,3,,43,16,6,526,82,123,10,9,32,36,3,,,39,4.824333333333334,38.02,0.32,249,1.16,5.93
l1_championship_player_2024_12_94926,2024,10,l1_championship_club_2024_12,2,2,,64,1,,1,,1,,6,1,,26,6,4,,,,3,,,,5,5.69,36.56,,64,1.41,8.44
l1_championship_player_2017_158_77349,2017,1,l1_championship_club_2017_158,,,,,,,,,,,,,,,,,,,,,,,,,,,,,,
l1_championship_player_2020_158_77349,2020,1,l1_championship_club_2020_158,,,,,,,,,,,,,,,,,,,,,,,,,,,,,,
l1_championship_player_2021_158_77349,2021,1,l1_championship_club_2021_158,,,,,,,,,,,,,,,,,,,,,,,,,,,,,,
l1_championship_player_2022_158_77349,2022,1,l1_championship_club_2022_158,,,,,,,,,,,,,,,,,,,,,,,,,,,,,,
l1_championship_player_2023_158_77349,2023,1,l1_championship_club_2023_158,35,34,,3059,,,,,,,,,2,1402,,,,,1,7,1,,,,10.86818181818182,82.08,,,,
l1_championship_player_2024_158_77349,2024,1,l1_championship_club_2024_158,34,34,34,3060,,,,,,,,,3,1236,,,,,,7,,,3,,5.503823529411766,36.35,1,,,
l1_championship_player_2024_158_77349,2024,6,l1_championship_club_2024_158,10,10,10,900,,,,,,,,,,397,,,,,,1,1,,,,5.558999999999999,39.7,1,,,
l1_championship_player_2024_158_77349,2024,10,l1_championship_club_2024_158,3,,,,,,,,,,,,,,,,,,,,,,,,,,,,,
l1_championship_player_2025_158_77349,2025,1,l1_championship_club_2025_158,0,,,,,,,,,,,,,,,,,,,,,,,,,,,,,
l1_championship_player_2025_158_77349,2025,1,l1_championship_club_2025_13,29,17,17,1530,,,,,,,,,,512,,,,,,1,,,,,5.315882352941177,30.12,0.59,,,
l1_championship_player_2025_158_77349,2025,6,l1_championship_club_2025_13,14,6,6,540,,,,,,,,,,202,,,,,,1,,,,,4.641666666666667,33.67,0.43,,,
l1_championship_player_2025_158_77349,2025,10,l1_championship_club_2025_13,2,1,1,90,,,,,,,,,,25,,,,,,,,,,,5.01,25,0.5,,,
l1_championship_player_2025_158_77349,2025,15,l1_championship_club_2025_13,1,1,1,90,,,,,,,,,,,,,,,1,,,,,,5.32,,1,,,
l1_championship_player_2024_13_103328,2024,1,l1_championship_club_2024_13,34,10,9,878,,,,,,,,,,342,,,,,,1,,,,,5.426,35.06,0.26,,,
l1_championship_player_2024_13_103328,2024,6,l1_championship_club_2024_13,17,2,2,180,,,,,,,,,,72,,,,,,,,,,,5.045,36,0.12,,,
l1_championship_player_2024_13_103328,2024,10,l1_championship_club_2024_13,6,5,5,450,,,,,,,,,,120,,,,,1,,,,,,5.412000000000001,24,0.83,,,
l1_championship_player_2023_13_101997,2023,1,l1_championship_club_2023_13,37,13,,1011,1,1,,1,,,5,2,4,1088,5,53,20,14,12,13,4,1,,84,5.3549999999999995,96.85,,1011,0.18,0.45
l1_championship_player_2024_13_101997,2024,1,l1_championship_club_2024_13,34,25,22,2011,1,1,,1,,,12,4,8,2344,16,93,21,31,22,9,6,,,92,6.0939999999999985,104.9,0.65,2011,0.18,0.72
l1_championship_player_2024_13_101997,2024,6,l1_championship_club_2024_13,17,4,1,140,,,,,,,2,1,,144,2,4,2,,,,,,,38,5.237500000000001,92.57,0.06,,0.64,1.29
l1_championship_player_2024_13_101997,2024,10,l1_championship_club_2024_13,6,4,3,299,,,,,,,,,1,327,2,17,1,4,2,1,1,,,21,6.764999999999999,98.43,0.5,,,0.6
l1_championship_player_2021_13_93940,2021,1,l1_championship_club_2021_13,,,,,,,,,,,,,,,,,,,,,,,,,,,,,,
l1_championship_player_2022_13_93940,2022,1,l1_championship_club_2022_13,,,,,,,,,,,,,,,,,,,,,,,,,,,,,,
l1_championship_player_2023_13_93940,2023,1,l1_championship_club_2023_13,37,27,,2111,4,2,2,1,2,5,48,12,55,2597,86,93,20,21,24,26,3,,,84,6.482000000000001,110.72,,527.75,0.51,3.67
l1_championship_player_2024_13_93940,2024,1,l1_championship_club_2024_13,34,25,24,2067,4,2,2,,4,6,32,13,50,2461,86,108,31,36,19,25,4,,2,92,6.468400000000003,107.16,0.71,516.75,0.57,3.74
l1_championship_player_2024_13_93940,2024,6,l1_championship_club_2024_13,17,17,17,1541,4,3,1,,4,5,36,15,36,1676,71,87,16,22,21,23,3,,,38,6.4288235294117655,97.88,1,385.25,0.88,4.15
l1_championship_player_2024_13_93940,2024,10,l1_championship_club_2024_13,6,5,4,377,1,1,,,1,1,9,4,12,459,20,15,1,3,8,3,1,,,21,6.398000000000001,109.58,0.67,377,0.95,4.77
l1_championship_player_2023_13_101121,2023,1,l1_championship_club_2023_13,37,30,1,2151,1,,1,1,,1,8,2,14,2457,25,134,30,38,25,35,6,,,84,5.898260869565218,102.8,0.03,2151,0.08,1.05
l1_championship_player_2024_13_101121,2024,1,l1_championship_club_2024_13,34,16,10,875,,,,,,,3,,1,1023,3,48,7,18,9,9,2,,,92,5.449375,105.22,0.29,,,0.31
l1_championship_player_2024_13_101121,2024,6,l1_championship_club_2024_13,17,5,1,115,,,,,,,,,,101,,5,1,1,,,,,,38,5.024,79.04,0.06,,,
l1_championship_player_2024_13_101121,2024,10,l1_championship_club_2024_13,6,4,3,226,,,,,,,,,1,336,,16,3,2,2,4,,,,21,5.539999999999999,133.81,0.5,,,
l1_championship_player_2017_13_57282,2017,1,l1_championship_club_2017_13,,,,,,,,,,,,,,,,,,,,,,,,,,,,,,
l1_championship_player_2020_13_57282,2020,1,l1_championship_club_2020_13,,,,,,,,,,,,,,,,,,,,,,,,,,,,,,
l1_championship_player_2021_13_57282,2021,1,l1_championship_club_2021_13,,,,,,,,,,,,,,,,,,,,,,,,,,,,,,
l1_championship_player_2022_13_57282,2022,1,l1_championship_club_2022_13,,,,,,,,,,,,,,,,,,,,,,,,,,,,,,
l1_championship_player_2023_13_57282,2023,1,l1_championship_club_2023_13,37,24,1,1645,,,,,,1,4,,9,2192,10,49,17,11,3,4,1,,,84,5.526111111111111,119.93,0.03,,,0.55
l1_championship_player_2024_13_57282,2024,1,l1_championship_club_2024_13,34,22,19,1725,2,2,,,,,8,3,9,2005,13,72,11,19,18,7,3,,,92,6.343636363636364,104.61,0.56,862.5,0.16,0.68
l1_championship_player_2024_13_57282,2024,6,l1_championship_club_2024_13,17,16,16,1440,,,,,,,9,3,8,1383,10,77,6,19,11,3,3,,,38,6.1137500000000005,86.44,0.94,,0.19,0.63
l1_championship_player_2024_13_57282,2024,10,l1_championship_club_2024_13,6,3,3,270,1,,1,,,,4,2,4,307,5,8,,2,,1,1,,,21,7.260000000000001,102.33,0.5,270,0.67,1.67
l1_championship_player_2021_13_94930,2021,1,l1_championship_club_2021_13,,,,,,,,,,,,,,,,,,,,,,,,,,,,,,
l1_championship_player_2022_13_94930,2022,1,l1_championship_club_2022_13,,,,,,,,,,,,,,,,,,,,,,,,,,,,,,
l1_championship_player_2023_13_94930,2023,1,l1_championship_club_2023_13,37,6,,266,1,,1,1,,1,4,1,3,261,11,18,4,5,6,1,3,,,84,5.779999999999999,88.31,,266,0.34,3.72
l1_championship_player_2024_13_94930,2024,1,l1_championship_club_2024_13,34,24,19,1676,1,1,,1,,3,21,9,30,1786,48,99,18,19,13,23,3,,,92,5.878749999999999,95.91,0.56,1676,0.48,2.58
l1_championship_player_2024_13_94930,2024,6,l1_championship_club_2024_13,17,16,16,1449,4,2,2,3,1,1,15,4,13,1428,33,119,23,30,18,26,4,,,38,6.143750000000001,88.7,0.94,362.25,0.25,2.05
l1_championship_player_2024_13_94930,2024,10,l1_championship_club_2024_13,6,5,3,331,,,,,,1,3,,4,361,16,21,5,2,5,6,,,,21,6.2325,98.16,0.5,,,4.35
l1_championship_player_2024_13_103891,2024,1,l1_championship_club_2024_13,34,28,23,2130,,,,,,1,4,1,3,2254,9,94,40,32,20,7,2,,,92,5.96607142857143,95.24,0.68,,0.04,0.38
l1_championship_player_2024_13_103891,2024,6,l1_championship_club_2024_13,17,17,17,1542,,,,,,,1,,2,1349,4,69,20,18,16,5,,,,38,5.775294117647059,78.74,1,,,0.23
l1_championship_player_2024_13_103891,2024,10,l1_championship_club_2024_13,6,6,4,341,,,,,,1,,,1,356,,15,4,3,2,1,,,,21,6.26,93.96,0.67,,,
l1_championship_player_2020_14_83697,2020,1,l1_championship_club_2020_14,,,,,,,,,,,,,,,,,,,,,,,,,,,,,,
l1_championship_player_2021_14_83697,2021,1,l1_championship_club_2021_14,2,,,,,,,,,,,,,,,,,,,,,,,6,,,,,,
l1_championship_player_2022_14_83697,2022,1,l1_championship_club_2021_14,2,,,,,,,,,,,,,,,,,,,,,,,6,,,,,,
l1_championship_player_2023_14_83697,2023,1,l1_championship_club_2023_14,36,33,,1669,4,2,2,,4,4,37,14,32,1253,83,166,14,19,35,58,3,,,59,5.56,67.57,,417.25,0.75,4.48
l1_championship_player_2024_13_83697,2024,1,l1_championship_club_2024_13,34,31,18,1734,6,3,3,,6,6,55,20,55,1599,136,157,13,30,28,44,1,,4,92,6.022258064516131,82.99,0.53,289,1.04,7.06
l1_championship_player_2024_13_83697,2024,6,l1_championship_club_2024_13,17,16,8,741,5,4,1,,5,3,32,17,17,551,49,60,6,14,12,13,1,,,38,5.761875000000001,66.92,0.47,148.2,2.06,5.95
l1_championship_player_2024_13_83697,2024,10,l1_championship_club_2024_13,6,6,6,474,4,,4,2,2,5,25,7,9,468,55,34,2,8,5,6,,,,21,7.594000000000001,88.86,1,118.5,1.33,10.44
l1_championship_player_2024_14_83697,2024,1,l1_championship_club_2024_13,34,31,18,1734,6,3,3,,6,6,55,20,55,1599,136,157,13,30,28,44,1,,4,92,6.022258064516131,82.99,0.53,289,1.04,7.06
l1_championship_player_2024_14_83697,2024,6,l1_championship_club_2024_13,17,16,8,741,5,4,1,,5,3,32,17,17,551,49,60,6,14,12,13,1,,,38,5.761875000000001,66.92,0.47,148.2,2.06,5.95
l1_championship_player_2024_14_83697,2024,10,l1_championship_club_2024_13,6,6,6,474,4,,4,2,2,5,25,7,9,468,55,34,2,8,5,6,,,,21,7.594000000000001,88.86,1,118.5,1.33,10.44
l1_championship_player_2023_13_101421,2023,1,l1_championship_club_2023_13,37,26,1,1722,3,1,2,2,1,4,30,9,30,1454,54,86,7,16,18,23,3,,,84,6.068888888888889,75.99,0.03,574,0.47,2.82
l1_championship_player_2024_13_101421,2024,1,l1_championship_club_2024_13,34,30,19,1665,6,3,3,3,2,4,41,14,57,1513,71,87,3,17,21,28,1,,2,92,5.988333333333332,81.78,0.56,277.5,0.76,3.84
l1_championship_player_2024_13_101421,2024,6,l1_championship_club_2024_13,17,11,4,462,,,,,,,10,6,17,420,18,24,1,3,4,6,,,,38,5.031818181818181,81.82,0.24,,1.17,3.51
l1_championship_player_2024_13_101421,2024,10,l1_championship_club_2024_13,6,3,2,201,,,,,,,3,1,3,216,7,12,,1,3,4,,,,21,5.725,96.72,0.33,,0.45,3.13
l1_championship_player_2021_13_86814,2021,1,l1_championship_club_2021_13,,,,,,,,,,,,,,,,,,,,,,,,,,,,,,
l1_championship_player_2024_13_86814,2024,1,l1_championship_club_2024_13,34,20,8,800,2,1,1,2,,2,25,8,12,653,43,59,5,16,20,18,2,,,92,5.179499999999999,73.46,0.24,400,0.9,4.84
l1_championship_player_2024_13_86814,2024,6,l1_championship_club_2024_13,17,4,,46,2,2,,2,,,2,2,,34,8,3,,1,2,1,,,,38,5.11,66.52,,23,3.91,15.65
l1_championship_player_2024_13_86814,2024,10,l1_championship_club_2024_13,6,4,3,222,1,,1,,1,1,7,2,5,184,13,4,3,1,4,,1,,,21,6.2799999999999985,74.59,0.5,222,0.81,5.27
l1_championship_player_2024_13_103829,2024,1,l1_championship_club_2024_13,34,29,22,1850,3,1,2,1,2,7,28,12,33,1942,57,133,23,31,17,33,1,,3,92,6.223103448275862,94.48,0.65,616.67,0.58,2.77
l1_championship_player_2024_13_103829,2024,6,l1_championship_club_2024_13,17,17,16,1435,1,1,,,,1,22,5,21,1289,35,107,11,38,24,18,2,,,38,5.945294117647059,80.84,0.94,1435,0.31,2.2
l1_championship_player_2024_13_103829,2024,10,l1_championship_club_2024_13,6,5,5,407,1,,1,1,,,4,2,5,477,12,24,2,9,8,2,1,,,21,6.842499999999999,105.48,0.83,407,0.44,2.65
l1_championship_player_2022_13_100334,2022,1,l1_championship_club_2022_13,,,,,,,,,,,,,,,,,,,,,,,,,,,,,,
l1_championship_player_2023_13_100334,2023,1,l1_championship_club_2023_13,37,24,1,1326,2,2,,2,,3,22,9,22,1146,29,71,12,27,7,12,3,,,84,5.463571428571428,77.78,0.03,663,0.61,1.97
l1_championship_player_2024_13_100334,2024,1,l1_championship_club_2024_13,34,30,21,1923,4,2,2,3,1,5,43,12,36,1871,64,66,16,24,6,10,2,,2,92,5.937666666666666,87.57,0.62,480.75,0.56,3
l1_championship_player_2024_13_100334,2024,6,l1_championship_club_2024_13,17,17,14,1151,1,1,,1,,4,16,7,28,835,31,40,13,12,7,7,2,,,38,5.7829411764705885,65.29,0.82,1151,0.55,2.42
l1_championship_player_2024_13_100334,2024,10,l1_championship_club_2024_13,6,6,5,386,,,,,,,6,2,9,478,12,22,3,10,1,2,,,,21,6.076,111.45,0.83,,0.47,2.8
l1_championship_player_2022_13_98896,2022,1,l1_championship_club_2022_13,,,,,,,,,,,,,,,,,,,,,,,,,,,,,,
l1_championship_player_2023_13_98896,2023,1,l1_championship_club_2023_13,37,31,1,2350,7,3,4,,7,4,47,19,40,2424,58,98,29,27,19,16,,,,84,6.14695652173913,92.83,0.03,335.71,0.73,2.22
l1_championship_player_2024_13_98896,2024,1,l1_championship_club_2024_13,34,29,20,2035,5,3,2,1,4,1,27,14,27,2659,38,83,14,23,9,12,1,,2,92,6.243448275862069,117.6,0.59,407,0.62,1.68
l1_championship_player_2024_13_98896,2024,6,l1_championship_club_2024_13,17,17,16,1448,2,1,1,,2,2,22,7,23,1604,12,54,21,9,4,14,,,,38,6.291764705882353,99.7,0.94,724,0.44,0.75
l1_championship_player_2024_13_98896,2024,10,l1_championship_club_2024_13,6,5,3,318,,,,,,,3,1,5,460,5,6,1,3,3,1,,,,21,6.3175,130.19,0.5,,0.28,1.42
l1_championship_player_2021_13_86879,2021,1,l1_championship_club_2021_13,,,,,,,,,,,,,,,,,,,,,,,,,,,,,,
l1_championship_player_2022_13_86879,2022,1,l1_championship_club_2022_13,,,,,,,,,,,,,,,,,,,,,,,,,,,,,,
l1_championship_player_2023_13_86879,2023,1,l1_championship_club_2023_13,37,28,,2142,2,1,1,,2,3,14,4,21,1976,42,104,17,28,21,30,4,,,84,5.725714285714285,83.03,,1071,0.17,1.76
l1_championship_player_2024_13_86879,2024,1,l1_championship_club_2024_13,34,29,23,2052,1,1,,,1,,17,7,18,2000,34,99,23,26,25,19,3,,,92,5.641379310344826,87.72,0.68,2052,0.31,1.49
l1_championship_player_2024_13_86879,2024,6,l1_championship_club_2024_13,17,13,6,602,1,1,,,1,,8,1,10,484,14,30,3,6,7,7,,,,38,4.806923076923077,72.36,0.35,602,0.15,2.09
l1_championship_player_2024_13_86879,2024,10,l1_championship_club_2024_13,6,5,2,211,1,,1,1,,,3,1,5,215,11,11,3,1,1,2,,,,21,5.0125,91.71,0.33,211,0.43,4.69
l1_championship_player_2020_159_81445,2020,1,l1_championship_club_2020_159,,,,,,,,,,,,,,,,,,,,,,,,,,,,,,
l1_championship_player_2021_159_81445,2021,1,l1_championship_club_2021_159,1,1,,26,,,,,,,,,1,17,2,2,,,,,,,,5,,58.85,,,,6.92
l1_championship_player_2022_159_81445,2022,1,l1_championship_club_2022_159,1,1,1,79,,,,,,,,,,37,1,4,,,,1,,,,1,,42.15,1,,,1.14
l1_championship_player_2023_13_81445,2023,1,l1_championship_club_2023_13,32,26,1,1441,4,2,2,,4,7,32,11,29,923,108,108,10,18,25,12,1,1,,80,5.635000000000001,57.65,0.03,360.25,0.69,6.75
l1_championship_player_2023_13_81445,2023,1,l1_championship_club_2023_159,1,1,,90,,,,,,,2,,2,60,10,10,,2,,,,,,1,5.38,60,,,,10
l1_championship_player_2023_159_81445,2023,1,l1_championship_club_2023_13,32,26,1,1441,4,2,2,,4,7,32,11,29,923,108,108,10,18,25,12,1,1,,80,5.635000000000001,57.65,0.03,360.25,0.69,6.75
l1_championship_player_2023_159_81445,2023,1,l1_championship_club_2023_159,1,1,,90,,,,,,,2,,2,60,10,10,,2,,,,,,1,5.38,60,,,,10
l1_championship_player_2024_13_81445,2024,1,l1_championship_club_2024_13,34,34,27,2192,14,6,8,1,12,10,74,39,50,1364,228,97,19,17,30,22,2,,5,92,6.057941176470587,56,0.79,156.57,1.6,9.36
l1_championship_player_2024_13_81445,2024,6,l1_championship_club_2024_13,17,17,14,1096,3,2,1,1,1,4,31,13,24,597,122,56,10,9,9,7,1,,,38,5.498823529411764,49.02,0.82,365.33,1.07,10.02
l1_championship_player_2024_13_81445,2024,10,l1_championship_club_2024_13,6,6,3,330,4,2,2,,4,4,8,6,8,245,36,16,2,2,2,,,,,21,6.633999999999999,66.82,0.5,82.5,1.64,9.82
l1_championship_player_2023_13_36082,2023,1,l1_championship_club_2023_13,37,27,,1533,3,1,2,1,2,8,43,14,59,1409,106,115,5,14,7,27,,,,84,6.16235294117647,82.72,,511,0.82,6.22
l1_championship_player_2024_13_36082,2024,1,l1_championship_club_2024_13,34,29,20,1736,21,11,10,10,9,6,97,51,63,1408,170,71,9,5,8,14,2,,7,92,6.587931034482759,73,0.59,82.67,2.64,8.81
l1_championship_player_2024_13_36082,2024,6,l1_championship_club_2024_13,17,15,13,1162,8,1,7,3,5,6,64,23,38,847,118,46,2,3,9,13,1,1,,38,6.5,65.6,0.76,145.25,1.78,9.14
l1_championship_player_2024_13_36082,2024,10,l1_championship_club_2024_13,6,4,3,298,3,,3,,3,1,21,9,5,283,34,9,,,3,1,,,,21,7.1049999999999995,85.47,0.5,99.33,2.72,10.27
l1_championship_player_2024_13_104402,2024,1,l1_championship_club_2024_13,34,14,11,920,4,3,1,2,2,3,34,15,25,740,80,65,2,13,12,18,,,3,92,6.199285714285715,72.39,0.32,230,1.47,7.83
l1_championship_player_2024_13_104402,2024,6,l1_championship_club_2024_13,17,5,4,382,1,1,,1,,1,13,6,8,256,34,28,2,6,3,7,1,,,38,6.345,60.31,0.24,382,1.41,8.01
l1_championship_player_2024_13_104402,2024,10,l1_championship_club_2024_13,6,1,1,62,,,,,,,2,,3,84,2,4,,,2,1,,,,21,7.17,121.94,0.17,,,2.9
l1_championship_player_2024_13_100727,2024,1,l1_championship_club_2024_13,16,4,3,253,1,,1,,1,1,10,5,3,161,13,13,2,2,4,2,,,,44,5.4,57.27,0.19,253,1.78,4.62
l1_championship_player_2024_13_100727,2024,6,l1_championship_club_2024_13,17,,,,,,,,,,,,,,,,,,,,,,,38,,,,,,
l1_championship_player_2024_13_100727,2024,10,l1_championship_club_2024_13,6,1,,13,,,,,,,,,,9,1,1,,,,,,,,21,4.45,62.31,,,,6.92
l1_championship_player_2023_13_101567,2023,1,l1_championship_club_2023_13,37,32,1,1666,11,10,1,2,6,1,66,23,17,759,124,101,5,17,20,25,1,,,84,6.13625,41,0.03,151.45,1.24,6.7
l1_championship_player_2024_13_101567,2024,1,l1_championship_club_2024_13,34,22,12,1063,10,2,8,3,6,2,55,32,15,377,100,43,,6,8,11,1,,1,92,5.368181818181818,31.92,0.35,106.3,2.71,8.47
l1_championship_player_2024_13_101567,2024,6,l1_championship_club_2024_13,17,12,1,205,3,2,1,,3,1,10,5,4,76,17,10,1,1,2,3,,,,38,4.779166666666668,33.37,0.06,68.33,2.2,7.46
l1_championship_player_2024_13_101567,2024,10,l1_championship_club_2024_13,6,6,3,345,5,,5,,5,2,12,8,4,99,23,13,1,2,3,2,1,,,21,6.209999999999999,25.83,0.5,69,2.09,6
l1_championship_player_2021_14_86562,2021,1,l1_championship_club_2021_14,,,,,,,,,,,,,,,,,,,,,,,,,,,,,,
l1_championship_player_2017_20_36344,2017,1,l1_championship_club_2017_20,,,,,,,,,,,,,,,,,,,,,,,,,,,,,,
l1_championship_player_2022_6_36344,2022,1,l1_championship_club_2022_6,,,,,,,,,,,,,,,,,,,,,,,,,,,,,,
l1_championship_player_2023_6_36344,2023,1,l1_championship_club_2023_6,35,34,,3060,,,,,,,,,2,1328,,,,,1,3,4,,,,10.915757575757578,78.03,,,,
l1_championship_player_2024_6_36344,2024,1,l1_championship_club_2024_6,16,15,15,1350,,,,,,,,,,585,,,,,,2,1,,2,,5.461333333333334,39,0.94,,,
l1_championship_player_2024_6_36344,2024,1,l1_championship_club_2024_14,18,17,17,1529,,,,,,,,,,770,,,,,,1,3,,,,5.488235294117648,45.32,0.94,,,
l1_championship_player_2024_6_36344,2024,10,l1_championship_club_2024_14,2,1,1,90,,,,,,,,,,30,,,,,,,,,,,,30,0.5,,,
l1_championship_player_2024_14_36344,2024,1,l1_championship_club_2024_6,16,15,15,1350,,,,,,,,,,585,,,,,,2,1,,2,,5.461333333333334,39,0.94,,,
l1_championship_player_2024_14_36344,2024,1,l1_championship_club_2024_14,18,17,17,1529,,,,,,,,,,770,,,,,,1,3,,,,5.488235294117648,45.32,0.94,,,
l1_championship_player_2024_14_36344,2024,10,l1_championship_club_2024_14,2,1,1,90,,,,,,,,,,30,,,,,,,,,,,,30,0.5,,,
l1_championship_player_2020_14_83691,2020,1,l1_championship_club_2020_14,,,,,,,,,,,,,,,,,,,,,,,,,,,,,,
l1_championship_player_2021_14_83691,2021,1,l1_championship_club_2021_14,,,,,,,,,,,,,,,,,,,,,,,,,,,,,,
l1_championship_player_2024_14_103452,2024,1,l1_championship_club_2024_14,20,,,,,,,,,,,,,,,,,,,,,,,27,,,,,,
l1_championship_player_2024_14_103452,2024,4,l1_championship_club_2024_18,13,9,8,736,,,,,,1,3,,1,360,4,40,6,10,7,4,1,,,16,5.615555555555556,44.02,0.62,,,0.49
l1_championship_player_2024_14_103452,2024,10,l1_championship_club_2024_14,2,,,,,,,,,,,,,,,,,,,,,,,4,,,,,,
l1_championship_player_2024_18_103452,2024,1,l1_championship_club_2024_14,20,,,,,,,,,,,,,,,,,,,,,,,27,,,,,,
l1_championship_player_2024_18_103452,2024,4,l1_championship_club_2024_18,13,9,8,736,,,,,,1,3,,1,360,4,40,6,10,7,4,1,,,16,5.615555555555556,44.02,0.62,,,0.49
l1_championship_player_2024_18_103452,2024,10,l1_championship_club_2024_14,2,,,,,,,,,,,,,,,,,,,,,,,4,,,,,,
l1_championship_player_2025_18_103452,2025,1,l1_championship_club_2025_14,30,16,13,1042,2,2,,,1,1,8,3,1,798,13,52,16,10,7,3,2,1,,52,5.110625000000001,68.93,0.43,521,0.26,1.12
l1_championship_player_2025_18_103452,2025,10,l1_championship_club_2025_14,3,1,1,79,,,,,,,,,,65,,4,,1,2,1,1,,,6,4.35,74.05,0.33,,,
l1_championship_player_2017_14_47707,2017,1,l1_championship_club_2017_14,,,,,,,,,,,,,,,,,,,,,,,,,,,,,,
l1_championship_player_2020_14_47707,2020,1,l1_championship_club_2020_14,,,,,,,,,,,,,,,,,,,,,,,,,,,,,,
l1_championship_player_2020_44_47707,2020,1,l1_championship_club_2020_44,,,,,,,,,,,,,,,,,,,,,,,,,,,,,,
l1_championship_player_2021_44_47707,2021,1,l1_championship_club_2021_44,,,,,,,,,,,,,,,,,,,,,,,,,,,,,,
l1_championship_player_2022_44_47707,2022,1,l1_championship_club_2022_44,,,,,,,,,,,,,,,,,,,,,,,,,,,,,,
l1_championship_player_2023_44_47707,2023,1,l1_championship_club_2023_44,36,31,,2768,3,1,2,,,,12,4,6,2159,23,123,41,18,34,23,10,1,,59,5.562999999999999,70.2,,922.67,0.13,0.75
l1_championship_player_2024_1_47707,2024,1,l1_championship_club_2024_1,34,12,9,780,,,,,,,5,1,1,743,11,29,9,6,7,3,3,,,74,4.782727272727273,85.73,0.26,,0.12,1.27
l1_championship_player_2024_1_47707,2024,1,l1_championship_club_2024_14,15,14,14,1235,1,1,,,,,14,2,6,1080,16,59,22,12,9,12,1,,,25,5.6292857142857144,78.7,0.93,1235,0.15,1.17
l1_championship_player_2024_1_47707,2024,6,l1_championship_club_2024_44,10,,,,,,,,,,,,,,,,,,,,,,,10,,,,,,
l1_championship_player_2024_1_47707,2024,10,l1_championship_club_2024_1,2,,,,,,,,,,,,,,,,,,,,,,,5,,,,,,
l1_championship_player_2024_14_47707,2024,1,l1_championship_club_2024_1,34,12,9,780,,,,,,,5,1,1,743,11,29,9,6,7,3,3,,,74,4.782727272727273,85.73,0.26,,0.12,1.27
l1_championship_player_2024_14_47707,2024,1,l1_championship_club_2024_14,15,14,14,1235,1,1,,,,,14,2,6,1080,16,59,22,12,9,12,1,,,25,5.6292857142857144,78.7,0.93,1235,0.15,1.17
l1_championship_player_2024_14_47707,2024,6,l1_championship_club_2024_44,10,,,,,,,,,,,,,,,,,,,,,,,10,,,,,,
l1_championship_player_2024_14_47707,2024,10,l1_championship_club_2024_1,2,,,,,,,,,,,,,,,,,,,,,,,5,,,,,,
l1_championship_player_2024_44_47707,2024,1,l1_championship_club_2024_1,34,12,9,780,,,,,,,5,1,1,743,11,29,9,6,7,3,3,,,74,4.782727272727273,85.73,0.26,,0.12,1.27
l1_championship_player_2024_44_47707,2024,1,l1_championship_club_2024_14,15,14,14,1235,1,1,,,,,14,2,6,1080,16,59,22,12,9,12,1,,,25,5.6292857142857144,78.7,0.93,1235,0.15,1.17
l1_championship_player_2024_44_47707,2024,6,l1_championship_club_2024_44,10,,,,,,,,,,,,,,,,,,,,,,,10,,,,,,
l1_championship_player_2024_44_47707,2024,10,l1_championship_club_2024_1,2,,,,,,,,,,,,,,,,,,,,,,,5,,,,,,
l1_championship_player_2025_44_47707,2025,1,l1_championship_club_2025_14,30,25,23,2072,,,,,,1,9,1,12,1858,21,88,36,11,26,19,2,,,52,5.2752,80.7,0.77,,0.04,0.91
l1_championship_player_2025_44_47707,2025,1,l1_championship_club_2025_44,7,,,,,,,,,,,,,,,,,,,,,,,11,,,,,,
l1_championship_player_2025_44_47707,2025,10,l1_championship_club_2025_14,3,3,1,116,,,,,,,3,1,1,125,4,7,2,,2,,,,,6,4.913333333333333,96.98,0.33,,0.78,3.1
l1_championship_player_2021_6_94583,2021,1,l1_championship_club_2021_6,,,,,,,,,,,,,,,,,,,,,,,,,,,,,,
l1_championship_player_2022_6_94583,2022,1,l1_championship_club_2022_6,,,,,,,,,,,,,,,,,,,,,,,,,,,,,,
l1_championship_player_2023_6_94583,2023,1,l1_championship_club_2023_6,35,31,,2272,3,3,,1,2,2,32,10,41,1697,59,107,25,41,33,12,4,,,47,10.785416666666668,134.37,,1488.66,0.81,4.68
l1_championship_player_2024_6_94583,2024,1,l1_championship_club_2024_6,21,18,16,1388,4,2,2,,4,2,16,7,20,1264,38,53,19,21,18,7,3,,2,25,5.804444444444443,81.96,0.76,347,0.45,2.46
l1_championship_player_2024_6_94583,2024,10,l1_championship_club_2024_6,1,1,1,90,,,,,,,2,1,1,53,2,6,2,6,,,,,,1,5.59,53,1,,1,2
l1_championship_player_2024_6_94583,2024,13,l1_championship_club_2024_9000000208,10,,,,,,,,,,,,,,,,,,,,,,,22,,,,,,
l1_championship_player_2020_14_83692,2020,1,l1_championship_club_2020_14,,,,,,,,,,,,,,,,,,,,,,,,,,,,,,
l1_championship_player_2021_14_83692,2021,1,l1_championship_club_2021_14,,,,,,,,,,,,,,,,,,,,,,,,,,,,,,
l1_championship_player_2023_14_83692,2023,1,l1_championship_club_2023_40,15,6,,249,,,,,,1,1,,2,166,2,14,6,3,1,3,,,,12,4.705,60,,,,0.72
l1_championship_player_2023_14_83692,2023,1,l1_championship_club_2023_14,2,,,,,,,,,,,,,,,,,,,,,,,6,,,,,,
l1_championship_player_2023_40_83692,2023,1,l1_championship_club_2023_40,15,6,,249,,,,,,1,1,,2,166,2,14,6,3,1,3,,,,12,4.705,60,,,,0.72
l1_championship_player_2023_40_83692,2023,1,l1_championship_club_2023_14,2,,,,,,,,,,,,,,,,,,,,,,,6,,,,,,
l1_championship_player_2024_14_83692,2024,1,l1_championship_club_2024_14,15,11,11,929,,,,,,1,8,3,4,656,10,56,27,17,13,6,,,1,25,5.449090909090908,63.55,0.73,,0.29,0.97
l1_championship_player_2024_14_83692,2024,4,l1_championship_club_2024_40,21,17,16,1460,2,,2,,1,1,7,2,5,1299,12,87,18,22,18,19,4,,,19,5.469411764705882,80.08,0.76,730,0.12,0.74
l1_championship_player_2024_14_83692,2024,10,l1_championship_club_2024_40,1,1,1,90,,,,,,,1,,1,68,1,2,2,,,1,,,,,6.7,68,1,,,1
l1_championship_player_2024_40_83692,2024,1,l1_championship_club_2024_14,15,11,11,929,,,,,,1,8,3,4,656,10,56,27,17,13,6,,,1,25,5.449090909090908,63.55,0.73,,0.29,0.97
l1_championship_player_2024_40_83692,2024,4,l1_championship_club_2024_40,21,17,16,1460,2,,2,,1,1,7,2,5,1299,12,87,18,22,18,19,4,,,19,5.469411764705882,80.08,0.76,730,0.12,0.74
l1_championship_player_2024_40_83692,2024,10,l1_championship_club_2024_40,1,1,1,90,,,,,,,1,,1,68,1,2,2,,,1,,,,,6.7,68,1,,,1
l1_championship_player_2023_14_101633,2023,1,l1_championship_club_2023_14,36,3,,104,,,,,,,3,2,3,89,6,8,4,1,,2,,,,59,5.3,77.02,,,1.73,5.19
l1_championship_player_2024_14_101633,2024,1,l1_championship_club_2024_14,34,13,4,430,2,,2,,2,,6,3,3,310,11,30,9,6,5,12,1,,,51,5.0576923076923075,64.88,0.12,215,0.63,2.3
l1_championship_player_2024_14_101633,2024,10,l1_championship_club_2024_14,2,1,,9,,,,,,,,,,7,,1,,1,,,,,,4,4.61,70,,,,
l1_championship_player_2017_16_78166,2017,1,l1_championship_club_2017_16,,,,,,,,,,,,,,,,,,,,,,,,,,,,,,
l1_championship_player_2021_16_78166,2021,4,l1_championship_club_2021_16,,,,,,,,,,,,,,,,,,,,,,,,,,,,,,
l1_championship_player_2022_16_78166,2022,1,l1_championship_club_2022_16,,,,,,,,,,,,,,,,,,,,,,,,,,,,,,
l1_championship_player_2023_16_78166,2023,1,l1_championship_club_2023_16,4,,,,,,,,,,,,,,,,,,,,,,,5,,,,,,
l1_championship_player_2024_14_78166,2024,1,l1_championship_club_2024_14,34,11,11,973,,,,,,,7,3,1,795,9,41,8,8,7,1,2,,,51,5.734545454545454,73.54,0.32,,0.28,0.83
l1_championship_player_2024_14_78166,2024,6,l1_championship_club_2024_9000000169,8,7,7,622,,,,,,,4,1,7,510,8,31,11,6,6,3,3,,,13,5.258571428571428,73.79,0.88,,0.14,1.16
l1_championship_player_2024_16_78166,2024,1,l1_championship_club_2024_14,34,11,11,973,,,,,,,7,3,1,795,9,41,8,8,7,1,2,,,51,5.734545454545454,73.54,0.32,,0.28,0.83
l1_championship_player_2024_16_78166,2024,6,l1_championship_club_2024_9000000169,8,7,7,622,,,,,,,4,1,7,510,8,31,11,6,6,3,3,,,13,5.258571428571428,73.79,0.88,,0.14,1.16
l1_championship_player_2021_40_89884,2021,1,l1_championship_club_2021_40,,,,,,,,,,,,,,,,,,,,,,,,,,,,,,
l1_championship_player_2022_40_89884,2022,1,l1_championship_club_2022_40,,,,,,,,,,,,,,,,,,,,,,,,,,,,,,
l1_championship_player_2023_14_89884,2023,1,l1_championship_club_2023_14,15,11,,595,,,,,,,2,,3,467,2,48,10,9,8,14,3,,,25,10.205714285714285,141.28,,,,0.6
l1_championship_player_2023_14_89884,2023,1,l1_championship_club_2023_40,1,1,,90,,,,,,1,1,1,1,76,1,8,3,2,1,4,,,,2,5.9,76,,,1,1
l1_championship_player_2023_40_89884,2023,1,l1_championship_club_2023_14,15,11,,595,,,,,,,2,,3,467,2,48,10,9,8,14,3,,,25,10.205714285714285,141.28,,,,0.6
l1_championship_player_2023_40_89884,2023,1,l1_championship_club_2023_40,1,1,,90,,,,,,1,1,1,1,76,1,8,3,2,1,4,,,,2,5.9,76,,,1,1
l1_championship_player_2024_14_89884,2024,1,l1_championship_club_2024_14,34,11,10,806,,,,,,,3,,5,665,6,68,14,18,10,28,4,,1,51,5.468181818181819,74.26,0.29,,,0.67
l1_championship_player_2017_24_52480,2017,1,l1_championship_club_2017_24,,,,,,,,,,,,,,,,,,,,,,,,,,,,,,
l1_championship_player_2020_12_52480,2020,1,l1_championship_club_2020_12,,,,,,,,,,,,,,,,,,,,,,,,,,,,,,
l1_championship_player_2021_12_52480,2021,1,l1_championship_club_2021_12,,,,,,,,,,,,,,,,,,,,,,,,,,,,,,
l1_championship_player_2022_12_52480,2022,1,l1_championship_club_2022_12,,,,,,,,,,,,,,,,,,,,,,,,,,,,,,
l1_championship_player_2023_12_52480,2023,1,l1_championship_club_2023_14,36,30,1,1627,5,1,4,3,2,1,50,19,21,857,74,94,6,14,47,34,3,,,59,5.196111111111112,47.41,0.03,325.4,1.05,4.09
l1_championship_player_2023_14_52480,2023,1,l1_championship_club_2023_14,36,30,1,1627,5,1,4,3,2,1,50,19,21,857,74,94,6,14,47,34,3,,,59,5.196111111111112,47.41,0.03,325.4,1.05,4.09
l1_championship_player_2024_14_52480,2024,1,l1_championship_club_2024_14,34,29,26,2302,6,5,1,6,,7,57,26,47,1412,113,147,13,25,31,54,6,,3,51,5.355172413793104,55.2,0.76,383.67,1.02,4.42
l1_championship_player_2024_14_52480,2024,10,l1_championship_club_2024_14,2,2,2,164,,,,,,,3,3,4,92,5,5,1,1,,,,,,4,6.32,50.49,1,,1.65,2.74
l1_championship_player_2017_31_40204,2017,1,l1_championship_club_2017_31,,,,,,,,,,,,,,,,,,,,,,,,,,,,,,
l1_championship_player_2020_31_40204,2020,1,l1_championship_club_2020_31,,,,,,,,,,,,,,,,,,,,,,,,,,,,,,
l1_championship_player_2021_31_40204,2021,1,l1_championship_club_2021_31,,,,,,,,,,,,,,,,,,,,,,,,,,,,,,
l1_championship_player_2022_44_40204,2022,1,l1_championship_club_2022_44,,,,,,,,,,,,,,,,,,,,,,,,,,,,,,
l1_championship_player_2023_44_40204,2023,1,l1_championship_club_2023_44,36,34,1,2149,7,,7,1,6,3,42,15,35,1268,80,149,30,39,40,40,7,,,59,5.52653846153846,53.1,0.03,307,0.63,3.35
l1_championship_player_2024_44_40204,2024,1,l1_championship_club_2024_44,34,34,31,2669,5,4,1,,4,3,49,20,26,1644,88,163,33,40,41,46,5,,2,52,5.333529411764706,55.44,0.91,533.8,0.67,2.97
l1_championship_player_2024_44_40204,2024,6,l1_championship_club_2024_44,10,10,9,712,1,,1,,1,,10,3,5,360,12,41,9,15,14,8,2,,,10,4.786,45.51,0.9,712,0.38,1.52
l1_championship_player_2024_44_40204,2024,10,l1_championship_club_2024_44,4,3,2,134,,,,,,,2,,3,95,3,8,3,2,,1,,,,7,5.890000000000001,63.81,0.5,,,2.01
l1_championship_player_2025_44_40204,2025,1,l1_championship_club_2025_14,30,28,27,2303,3,1,2,,2,1,24,10,21,1422,67,122,30,27,32,27,4,1,2,52,5.060357142857142,55.57,0.9,767.67,0.39,2.62
l1_championship_player_2025_44_40204,2025,1,l1_championship_club_2025_44,4,,,,,,,,,,,,,,,,,,,,,,,5,,,,,,
l1_championship_player_2025_44_40204,2025,10,l1_championship_club_2025_14,3,3,3,269,,,,,,,9,2,5,241,20,13,7,3,3,,,,,6,5.276666666666666,80.63,1,,0.67,6.69
l1_championship_player_2020_14_80554,2020,1,l1_championship_club_2020_14,,,,,,,,,,,,,,,,,,,,,,,,,,,,,,
l1_championship_player_2021_14_80554,2021,1,l1_championship_club_2021_14,,,,,,,,,,,,,,,,,,,,,,,,,,,,,,
l1_championship_player_2024_14_80554,2024,1,l1_championship_club_2024_14,34,14,14,1129,1,,1,,1,,15,7,6,811,4,64,13,18,25,14,4,,1,51,5.282857142857144,64.65,0.41,1129,0.56,0.32
l1_championship_player_2024_14_103607,2024,1,l1_championship_club_2024_14,19,13,8,660,,,,,,,1,,5,496,13,33,7,11,7,4,,,,26,4.958461538461538,67.64,0.42,,,1.77
l1_championship_player_2024_14_103607,2024,10,l1_championship_club_2024_14,2,,,,,,,,,,,,,,,,,,,,,,,4,,,,,,
l1_championship_player_2020_14_84357,2020,1,l1_championship_club_2020_14,,,,,,,,,,,,,,,,,,,,,,,,,,,,,,
l1_championship_player_2021_14_84357,2021,1,l1_championship_club_2021_14,,,,,,,,,,,,,,,,,,,,,,,,,,,,,,
l1_championship_player_2020_12_83140,2020,1,l1_championship_club_2020_12,,,,,,,,,,,,,,,,,,,,,,,,,,,,,,
l1_championship_player_2021_12_83140,2021,1,l1_championship_club_2021_12,,,,,,,,,,,,,,,,,,,,,,,,,,,,,,
l1_championship_player_2022_12_83140,2022,1,l1_championship_club_2022_12,,,,,,,,,,,,,,,,,,,,,,,,,,,,,,
l1_championship_player_2023_1_83140,2023,1,l1_championship_club_2023_1,16,10,,703,,,,,,1,5,1,12,557,11,34,6,12,10,15,1,,,26,10.495000000000001,142.62,,,0.26,2.82
l1_championship_player_2023_1_83140,2023,1,l1_championship_club_2023_12,1,1,,90,,,,,,,1,,1,74,2,2,,1,1,,,,,1,4.86,74,,,,2
l1_championship_player_2023_12_83140,2023,1,l1_championship_club_2023_1,16,10,,703,,,,,,1,5,1,12,557,11,34,6,12,10,15,1,,,26,10.495000000000001,142.62,,,0.26,2.82
l1_championship_player_2023_12_83140,2023,1,l1_championship_club_2023_12,1,1,,90,,,,,,,1,,1,74,2,2,,1,1,,,,,1,4.86,74,,,,2
l1_championship_player_2024_1_83140,2024,1,l1_championship_club_2024_1,34,27,21,1598,1,1,,1,,3,26,10,25,1342,49,50,14,17,11,17,1,,,74,5.307037037037037,75.58,0.62,1598,0.56,2.76
l1_championship_player_2024_1_83140,2024,10,l1_championship_club_2024_1,2,2,2,115,,,,,,,3,,4,119,9,1,,,2,,,,,5,6.01,93.13,1,,,7.04
l1_championship_player_2025_1_83140,2025,1,l1_championship_club_2025_1,4,,,,,,,,,,,,,,,,,,,,,,,9,,,,,,
l1_championship_player_2025_1_83140,2025,1,l1_championship_club_2025_14,30,29,23,2172,1,,1,1,,5,24,7,37,1885,39,100,30,33,17,29,1,,,52,5.326896551724138,78.11,0.77,2172,0.29,1.62
l1_championship_player_2025_1_83140,2025,10,l1_championship_club_2025_14,3,3,3,259,2,1,1,1,1,,7,3,12,279,11,16,3,7,3,4,1,,,6,6.453333333333333,96.95,1,129.5,1.04,3.82
l1_championship_player_2021_14_86564,2021,1,l1_championship_club_2021_14,,,,,,,,,,,,,,,,,,,,,,,,,,,,,,
l1_championship_player_2024_14_86564,2024,1,l1_championship_club_2024_14,,,,,,,,,,,,,,,,,,,,,,,,,,,,,,
l1_championship_player_2017_12_38582,2017,1,l1_championship_club_2017_12,,,,,,,,,,,,,,,,,,,,,,,,,,,,,,
l1_championship_player_2020_1_38582,2020,1,l1_championship_club_2020_1,,,,,,,,,,,,,,,,,,,,,,,,,,,,,,
l1_championship_player_2021_1_38582,2021,1,l1_championship_club_2021_1,,,,,,,,,,,,,,,,,,,,,,,,,,,,,,
l1_championship_player_2022_1_38582,2022,1,l1_championship_club_2022_1,2,2,2,180,,,,,,,1,,2,121,3,11,1,5,3,2,,,,3,,60.5,1,,,1.5
l1_championship_player_2023_1_38582,2023,1,l1_championship_club_2023_1,35,11,,920,,,,,,,10,3,10,754,12,47,19,14,14,6,2,,,54,10.576,149.2,,,0.61,2.23
l1_championship_player_2024_1_38582,2024,1,l1_championship_club_2024_1,34,25,17,1564,3,1,2,,3,1,14,7,11,1665,15,88,33,28,37,14,5,,1,74,5.543333333333333,95.81,0.5,521.33,0.4,0.86
l1_championship_player_2024_1_38582,2024,10,l1_championship_club_2024_1,2,2,2,164,,,,,,,2,,1,213,1,15,3,8,1,4,,,,5,9.09,116.89,1,,,0.55
l1_championship_player_2025_1_38582,2025,1,l1_championship_club_2025_1,4,,,,,,,,,,,,,,,,,,,,,,,9,,,,,,
l1_championship_player_2025_1_38582,2025,1,l1_championship_club_2025_14,30,27,27,2385,1,,1,,1,5,20,9,40,2181,24,126,37,42,41,23,5,,4,52,5.94074074074074,82.3,0.9,2385,0.34,0.91
l1_championship_player_2025_1_38582,2025,10,l1_championship_club_2025_14,3,2,2,180,,,,,,,8,1,8,239,11,24,2,8,3,1,,,,6,7.25,119.5,0.67,,0.5,5.5
l1_championship_player_2023_10_101002,2023,1,l1_championship_club_2023_10,36,29,1,2121,5,1,4,3,1,2,51,22,21,1078,119,141,6,18,11,60,,,,46,5.7575,45.74,0.03,424.2,0.93,5.05
l1_championship_player_2024_10_101002,2024,1,l1_championship_club_2024_10,20,15,12,1116,2,2,,1,1,1,27,11,12,532,59,71,3,10,7,26,3,,2,20,5.053333333333333,42.9,0.6,558,0.89,4.76
l1_championship_player_2024_10_101002,2024,1,l1_championship_club_2024_14,15,11,7,569,1,,1,1,,,14,3,10,227,43,24,2,1,4,11,1,,,25,4.709090909090909,35.91,0.47,569,0.47,6.8
l1_championship_player_2024_10_101002,2024,10,l1_championship_club_2024_10,1,1,1,90,,,,,,,1,1,2,43,11,5,,1,1,,,,,,4.25,43,1,,1,11
l1_championship_player_2024_14_101002,2024,1,l1_championship_club_2024_10,20,15,12,1116,2,2,,1,1,1,27,11,12,532,59,71,3,10,7,26,3,,2,20,5.053333333333333,42.9,0.6,558,0.89,4.76
l1_championship_player_2024_14_101002,2024,1,l1_championship_club_2024_14,15,11,7,569,1,,1,1,,,14,3,10,227,43,24,2,1,4,11,1,,,25,4.709090909090909,35.91,0.47,569,0.47,6.8
l1_championship_player_2024_14_101002,2024,10,l1_championship_club_2024_10,1,1,1,90,,,,,,,1,1,2,43,11,5,,1,1,,,,,,4.25,43,1,,1,11
l1_championship_player_2021_14_86774,2021,1,l1_championship_club_2021_14,,,,,,,,,,,,,,,,,,,,,,,,,,,,,,
l1_championship_player_2022_9_99014,2022,1,l1_championship_club_2022_9,,,,,,,,,,,,,,,,,,,,,,,,,,,,,,
l1_championship_player_2023_9_99014,2023,1,l1_championship_club_2023_9,35,5,,182,1,1,,,1,,6,3,3,95,21,15,1,3,3,7,,,,72,11.469999999999999,93.96,,364,2.96,20.76
l1_championship_player_2024_9_99014,2024,1,l1_championship_club_2024_9,34,29,19,1844,6,4,2,,5,3,51,19,32,775,132,109,3,17,27,43,5,,,63,5.074827586206897,37.83,0.56,307.33,0.93,6.44
l1_championship_player_2024_9_99014,2024,6,l1_championship_club_2024_9,10,10,10,750,1,1,,,1,3,19,6,13,335,39,63,3,5,19,23,1,,,16,5.138,40.2,1,750,0.72,4.68
l1_championship_player_2024_9_99014,2024,10,l1_championship_club_2024_9,2,2,2,153,,,,,,1,9,3,4,81,20,10,,2,4,2,1,,,5,6.95,47.65,1,,1.76,11.76
l1_championship_player_2025_9_99014,2025,1,l1_championship_club_2025_9,3,,,,,,,,,,,,,,,,,,,,,,,6,,,,,,
l1_championship_player_2025_9_99014,2025,1,l1_championship_club_2025_14,27,27,18,1633,8,4,4,,3,2,34,15,14,613,95,102,4,11,44,48,3,,,50,5.103703703703703,33.78,0.67,204.13,0.83,5.24
l1_championship_player_2025_9_99014,2025,10,l1_championship_club_2025_14,3,3,1,170,2,2,,,1,,8,3,3,54,15,5,2,,3,4,1,,,6,5.933333333333334,28.59,0.33,85,1.59,7.94
l1_championship_player_2017_159_67548,2017,1,l1_championship_club_2017_159,,,,,,,,,,,,,,,,,,,,,,,,,,,,,,
l1_championship_player_2023_37_67548,2023,4,l1_championship_club_2023_37,38,17,,696,3,2,1,,,3,20,7,10,307,30,27,5,3,10,5,1,,,56,5.111666666666666,39.7,,232,0.91,3.88
l1_championship_player_2024_37_67548,2024,1,l1_championship_club_2024_37,34,28,18,1630,9,7,2,1,6,,41,17,7,542,62,69,4,6,16,17,2,,4,32,4.771071428571426,29.93,0.53,181.11,0.94,3.42
l1_championship_player_2024_37_67548,2024,10,l1_championship_club_2024_37,4,3,3,235,4,,4,1,3,,12,6,3,100,13,12,,1,1,2,,,,8,7.359999999999999,38.3,0.75,58.75,2.3,4.98
l1_championship_player_2025_37_67548,2025,1,l1_championship_club_2025_37,2,2,2,175,1,1,,,1,,3,1,2,45,3,3,,,2,1,,,,1,5.05,23.14,1,175,0.51,1.54
l1_championship_player_2025_37_67548,2025,1,l1_championship_club_2025_14,28,28,27,2173,16,6,10,2,13,4,69,31,17,642,91,60,2,4,22,15,2,,5,51,5.462857142857141,26.59,0.96,135.81,1.28,3.77
l1_championship_player_2025_37_67548,2025,10,l1_championship_club_2025_14,3,3,3,180,,,,,,,6,1,,48,12,4,,,2,,,,,6,4.3133333333333335,24,1,,0.5,6
l1_championship_player_2017_31_51819,2017,1,l1_championship_club_2017_31,,,,,,,,,,,,,,,,,,,,,,,,,,,,,,
l1_championship_player_2020_31_51819,2020,1,l1_championship_club_2020_31,,,,,,,,,,,,,,,,,,,,,,,,,,,,,,
l1_championship_player_2021_31_51819,2021,1,l1_championship_club_2021_31,,,,,,,,,,,,,,,,,,,,,,,,,,,,,,
l1_championship_player_2022_10_51819,2022,1,l1_championship_club_2022_10,2,1,1,83,,,,,,1,1,,1,40,7,3,,,1,2,,,,4,,43.37,0.5,,,7.59
l1_championship_player_2023_10_51819,2023,1,l1_championship_club_2023_10,36,22,,1280,5,3,2,2,1,3,29,13,21,657,70,99,2,6,14,42,1,1,,46,5.8660000000000005,46.2,,256,0.91,4.92
l1_championship_player_2024_10_51819,2024,1,l1_championship_club_2024_10,19,16,14,1171,4,2,2,2,2,1,28,13,15,573,52,99,5,15,13,40,2,,,20,5.01125,44.04,0.74,292.75,1,4
l1_championship_player_2024_10_51819,2024,10,l1_championship_club_2024_10,1,1,1,62,,,,,,,3,,,21,2,3,,1,1,2,,,,,4.18,30.48,1,,,2.9
l1_championship_player_2025_10_51819,2025,1,l1_championship_club_2025_14,30,8,7,526,1,1,,,,1,18,4,3,252,23,31,,6,7,16,1,,,52,5.202500000000001,43.12,0.23,526,0.68,3.94
l1_championship_player_2025_10_51819,2025,10,l1_championship_club_2025_14,3,,,,,,,,,,,,,,,,,,,,,,,6,,,,,,
l1_championship_player_2025_10_51819,2025,14,l1_championship_club_2025_9000000810,10,3,2,171,,,,,,,4,1,,73,7,8,2,,1,3,1,,,11,4.723333333333334,38.42,0.2,,0.53,3.68
l1_championship_player_2017_31_76869,2017,1,l1_championship_club_2017_31,,,,,,,,,,,,,,,,,,,,,,,,,,,,,,
l1_championship_player_2020_31_76869,2020,1,l1_championship_club_2020_31,,,,,,,,,,,,,,,,,,,,,,,,,,,,,,
l1_championship_player_2021_31_76869,2021,1,l1_championship_club_2021_31,,,,,,,,,,,,,,,,,,,,,,,,,,,,,,
l1_championship_player_2022_68_76869,2022,4,l1_championship_club_2022_68,,,,,,,,,,,,,,,,,,,,,,,,,,,,,,
l1_championship_player_2017_24_78369,2017,1,l1_championship_club_2017_24,,,,,,,,,,,,,,,,,,,,,,,,,,,,,,
l1_championship_player_2023_4_78369,2023,4,l1_championship_club_2023_4,38,22,,1980,,,,,,,,,1,1034,,,,,2,2,,,,,5.456363636363636,47,,,,
l1_championship_player_2024_15_78369,2024,1,l1_championship_club_2024_15,34,3,3,270,,,,,,,,,,153,,,,,1,,,,,,5.666666666666667,51,0.09,,,
l1_championship_player_2024_15_78369,2024,10,l1_championship_club_2024_15,3,3,3,270,,,,,,,,,,97,,,,,,,,,,,5.61,32.33,1,,,
l1_championship_player_2024_4_78369,2024,1,l1_championship_club_2024_15,34,3,3,270,,,,,,,,,,153,,,,,1,,,,,,5.666666666666667,51,0.09,,,
l1_championship_player_2024_4_78369,2024,10,l1_championship_club_2024_15,3,3,3,270,,,,,,,,,,97,,,,,,,,,,,5.61,32.33,1,,,
l1_championship_player_2025_26_90432,2025,1,l1_championship_club_2025_15,13,1,1,90,,,,,,,,,1,84,1,5,,2,3,,,,,21,5.09,84,0.08,,,1
l1_championship_player_2025_26_90432,2025,4,l1_championship_club_2025_26,16,,,,,,,,,,,,,,,,,,,,,,,19,,,,,,
l1_championship_player_2025_26_90432,2025,10,l1_championship_club_2025_26,1,,,,,,,,,,,,,,,,,,,,,,,2,,,,,,
l1_championship_player_2025_26_90432,2025,10,l1_championship_club_2025_15,4,,,,,,,,,,,,,,,,,,,,,,,11,,,,,,
l1_championship_player_2025_26_90432,2025,14,l1_championship_club_2025_15,4,,,,,,,,,,,,,,,,,,,,,,,7,,,,,,
l1_championship_player_2017_14_81244,2017,1,l1_championship_club_2017_14,,,,,,,,,,,,,,,,,,,,,,,,,,,,,,
l1_championship_player_2020_14_81244,2020,1,l1_championship_club_2020_14,,,,,,,,,,,,,,,,,,,,,,,,,,,,,,
l1_championship_player_2021_14_81244,2021,1,l1_championship_club_2021_14,,,,,,,,,,,,,,,,,,,,,,,,,,,,,,
l1_championship_player_2022_14_81244,2022,1,l1_championship_club_2022_14,,,,,,,,,,,,,,,,,,,,,,,,,,,,,,
l1_championship_player_2023_14_81244,2023,1,l1_championship_club_2023_14,36,25,,1229,,,,,,2,15,3,17,902,27,77,15,21,29,11,1,1,,59,5.366923076923077,66.05,,,0.22,1.98
l1_championship_player_2024_14_81244,2024,1,l1_championship_club_2024_15,34,32,30,2716,1,1,,,1,,18,6,11,2514,31,169,34,45,41,19,7,,,56,5.454687499999999,83.31,0.88,2716,0.2,1.03
l1_championship_player_2024_14_81244,2024,10,l1_championship_club_2024_15,3,2,2,180,,,,,,,,,4,221,1,5,2,,5,,,,,6,5.295,110.5,0.67,,,0.5
l1_championship_player_2024_15_81244,2024,1,l1_championship_club_2024_15,34,32,30,2716,1,1,,,1,,18,6,11,2514,31,169,34,45,41,19,7,,,56,5.454687499999999,83.31,0.88,2716,0.2,1.03
l1_championship_player_2024_15_81244,2024,10,l1_championship_club_2024_15,3,2,2,180,,,,,,,,,4,221,1,5,2,,5,,,,,6,5.295,110.5,0.67,,,0.5
l1_championship_player_2021_15_84409,2021,1,l1_championship_club_2021_15,,,,,,,,,,,,,,,,,,,,,,,,,,,,,,
l1_championship_player_2022_15_84409,2022,1,l1_championship_club_2022_15,,,,,,,,,,,,,,,,,,,,,,,,,,,,,,
l1_championship_player_2023_15_84409,2023,1,l1_championship_club_2023_15,38,26,3,1895,,,,,,,11,,9,1143,3,81,22,18,22,12,5,,,41,5.313684210526316,54.28,0.08,,,0.14
l1_championship_player_2024_15_84409,2024,1,l1_championship_club_2024_15,34,31,31,2645,1,,1,,1,1,3,1,11,2005,7,96,25,22,30,17,7,,1,56,5.378387096774195,68.22,0.91,2645,0.03,0.24
l1_championship_player_2024_15_84409,2024,10,l1_championship_club_2024_15,3,1,1,90,,,,,,,,,,133,,3,,,1,,1,,,6,5.38,133,0.33,,,
l1_championship_player_2024_15_104405,2024,1,l1_championship_club_2024_15,34,10,6,536,,,,,,,,,,480,,24,8,4,13,7,4,1,,56,5.241,80.6,0.18,,,
l1_championship_player_2024_15_104405,2024,10,l1_championship_club_2024_15,3,1,,45,,,,,,,1,,,58,1,,,,1,,,,,6,5.51,116,,,,2
l1_championship_player_2021_31_86651,2021,1,l1_championship_club_2021_31,,,,,,,,,,,,,,,,,,,,,,,,,,,,,,
l1_championship_player_2022_31_86651,2022,4,l1_championship_club_2022_31,,,,,,,,,,,,,,,,,,,,,,,,,,,,,,
l1_championship_player_2023_31_86651,2023,4,l1_championship_club_2023_31,38,1,,16,,,,,,,,,,11,,,1,,,,,,,48,,61.88,,,,
l1_championship_player_2024_31_86651,2024,1,l1_championship_club_2024_31,20,17,9,857,,,,,,,7,1,7,434,9,37,12,15,6,8,2,,,19,4.433529411764706,45.58,0.45,,0.11,0.95
l1_championship_player_2024_31_86651,2024,14,l1_championship_club_2024_9000000008,13,1,,15,,,,,,,,,,28,,1,1,1,,,,,,42,4.66,168,,,,
l1_championship_player_2025_31_86651,2025,1,l1_championship_club_2025_15,29,10,2,268,,,,,,,2,1,2,188,4,15,1,5,2,3,1,,,46,4.563000000000001,63.13,0.07,,0.34,1.34
l1_championship_player_2025_31_86651,2025,10,l1_championship_club_2025_15,5,2,,31,,,,,,,1,1,,17,1,,,,1,,1,,,13,4.64,49.35,,,2.9,2.9
l1_championship_player_2025_31_86651,2025,14,l1_championship_club_2025_15,10,5,5,357,,,,,,,2,1,2,280,1,16,1,2,3,2,1,,,18,5.077999999999999,70.59,0.5,,0.25,0.25
l1_championship_player_2024_15_104435,2024,1,l1_championship_club_2024_15,34,13,13,1088,,,,,,2,9,1,8,916,16,75,13,22,17,26,2,,,56,5.74,75.77,0.38,,0.08,1.32
l1_championship_player_2024_15_100380,2024,1,l1_championship_club_2024_15,34,,,,,,,,,,,,,,,,,,,,,,,56,,,,,,
l1_championship_player_2024_15_100380,2024,10,l1_championship_club_2024_15,3,1,1,90,,,,,,1,1,1,2,68,1,10,1,3,,2,,,,6,,68,0.33,,1,1
l1_championship_player_2023_159_101736,2023,1,l1_championship_club_2023_159,19,7,,271,,,,,,,5,2,3,161,9,10,2,,4,3,1,,,18,9.405,106.94,,,1.32,5.98
l1_championship_player_2024_15_101736,2024,1,l1_championship_club_2024_15,34,32,29,2573,2,2,,2,,7,25,8,30,1842,86,163,35,28,26,35,4,1,3,56,5.534999999999999,64.43,0.85,1286.5,0.28,3.01
l1_championship_player_2024_15_101736,2024,10,l1_championship_club_2024_15,3,2,1,110,,,,,,,2,,4,118,10,6,2,,,1,,,,6,5.33,96.55,0.33,,,8.18
l1_championship_player_2024_159_101736,2024,1,l1_championship_club_2024_15,34,32,29,2573,2,2,,2,,7,25,8,30,1842,86,163,35,28,26,35,4,1,3,56,5.534999999999999,64.43,0.85,1286.5,0.28,3.01
l1_championship_player_2024_159_101736,2024,10,l1_championship_club_2024_15,3,2,1,110,,,,,,,2,,4,118,10,6,2,,,1,,,,6,5.33,96.55,0.33,,,8.18
l1_championship_player_2020_4_88871,2020,1,l1_championship_club_2020_4,,,,,,,,,,,,,,,,,,,,,,,,,,,,,,
l1_championship_player_2021_4_88871,2021,1,l1_championship_club_2021_4,2,,,,,,,,,,,,,,,,,,,,,,,,,,,,,
l1_championship_player_2023_15_88871,2023,1,l1_championship_club_2023_15,38,24,2,1622,1,1,,,1,1,23,4,15,882,30,117,22,24,25,23,4,,,41,4.961764705882352,48.94,0.05,1622,0.22,1.66
l1_championship_player_2024_5_88871,2024,1,l1_championship_club_2024_15,19,8,2,291,,,,,,,,,1,194,1,22,2,9,6,1,,,,33,4.48,60,0.11,,,0.31
l1_championship_player_2024_5_88871,2024,1,l1_championship_club_2024_5,15,11,11,954,1,1,,,1,2,16,4,7,593,12,48,8,16,19,6,1,1,1,26,5.0172727272727276,55.94,0.73,954,0.38,1.13
l1_championship_player_2024_5_88871,2024,10,l1_championship_club_2024_15,3,1,,13,,,,,,1,,,2,11,1,,,,1,,,,,6,5.8,76.15,,,,6.92
l1_championship_player_2024_15_88871,2024,1,l1_championship_club_2024_15,19,8,2,291,,,,,,,,,1,194,1,22,2,9,6,1,,,,33,4.48,60,0.11,,,0.31
l1_championship_player_2024_15_88871,2024,1,l1_championship_club_2024_5,15,11,11,954,1,1,,,1,2,16,4,7,593,12,48,8,16,19,6,1,1,1,26,5.0172727272727276,55.94,0.73,954,0.38,1.13
l1_championship_player_2024_15_88871,2024,10,l1_championship_club_2024_15,3,1,,13,,,,,,1,,,2,11,1,,,,1,,,,,6,5.8,76.15,,,,6.92
l1_championship_player_2025_5_88871,2025,1,l1_championship_club_2025_15,11,4,4,303,,,,,,,1,,5,270,1,19,2,7,7,1,,,,15,4.9175,80.2,0.36,,,0.3
l1_championship_player_2025_5_88871,2025,1,l1_championship_club_2025_12,17,15,15,1263,1,1,,,1,1,9,3,13,723,17,66,10,12,16,14,2,1,,18,4.913333333333332,51.52,0.88,1263,0.21,1.21
l1_championship_player_2025_5_88871,2025,10,l1_championship_club_2025_12,2,2,2,180,,,,,,,,,3,143,,8,,4,2,1,,,,6,5.215,71.5,1,,,
l1_championship_player_2025_5_88871,2025,10,l1_championship_club_2025_15,3,1,,5,,,,,,,,,,3,,1,,,,,,,,5,4.37,54,,,,
l1_championship_player_2025_5_88871,2025,14,l1_championship_club_2025_15,4,,,,,,,,,,,,,,,,,,,,,,,7,,,,,,
l1_championship_player_2025_12_88871,2025,1,l1_championship_club_2025_15,11,4,4,303,,,,,,,1,,5,270,1,19,2,7,7,1,,,,15,4.9175,80.2,0.36,,,0.3
l1_championship_player_2025_12_88871,2025,1,l1_championship_club_2025_12,17,15,15,1263,1,1,,,1,1,9,3,13,723,17,66,10,12,16,14,2,1,,18,4.913333333333332,51.52,0.88,1263,0.21,1.21
l1_championship_player_2025_12_88871,2025,10,l1_championship_club_2025_12,2,2,2,180,,,,,,,,,3,143,,8,,4,2,1,,,,6,5.215,71.5,1,,,
l1_championship_player_2025_12_88871,2025,10,l1_championship_club_2025_15,3,1,,5,,,,,,,,,,3,,1,,,,,,,,5,4.37,54,,,,
l1_championship_player_2025_12_88871,2025,14,l1_championship_club_2025_15,4,,,,,,,,,,,,,,,,,,,,,,,7,,,,,,
l1_championship_player_2020_15_86909,2020,1,l1_championship_club_2020_15,,,,,,,,,,,,,,,,,,,,,,,,,,,,,,
l1_championship_player_2021_15_86909,2021,1,l1_championship_club_2021_15,,,,,,,,,,,,,,,,,,,,,,,,,,,,,,
l1_championship_player_2023_15_86909,2023,1,l1_championship_club_2023_15,38,,,,,,,,,,,,,,,,,,,,,,,41,,,,,,
l1_championship_player_2024_15_86909,2024,1,l1_championship_club_2024_15,34,17,3,463,1,,1,,1,1,5,3,3,265,8,12,9,4,7,1,1,,,56,4.751176470588236,51.51,0.09,463,0.58,1.56
l1_championship_player_2024_15_86909,2024,10,l1_championship_club_2024_15,3,2,2,135,,,,,,,1,,1,81,2,1,2,,3,,,,,6,4.865,54,0.67,,,1.33
l1_championship_player_2024_48_102031,2024,4,l1_championship_club_2024_48,34,29,19,1538,3,1,2,3,,,35,14,10,743,68,118,8,26,41,41,3,,,47,4.801379310344828,43.48,0.56,512.67,0.82,3.98
l1_championship_player_2024_48_102031,2024,10,l1_championship_club_2024_48,5,5,2,222,,,,,,,1,,2,126,5,26,2,3,3,10,,,,10,4.955,51.08,0.4,,,2.03
l1_championship_player_2025_48_102031,2025,1,l1_championship_club_2025_15,12,9,4,319,,,,,,1,7,1,6,235,19,42,2,8,6,16,,,,20,4.973333333333333,66.3,0.33,,0.28,5.36
l1_championship_player_2025_48_102031,2025,4,l1_championship_club_2025_48,19,13,9,803,2,,2,1,1,6,22,8,11,531,26,80,2,16,12,35,1,,4,35,5.806923076923078,59.51,0.47,401.5,0.9,2.91
l1_championship_player_2025_48_102031,2025,10,l1_championship_club_2025_48,1,1,1,90,,,,,,,4,2,,68,7,10,1,2,1,3,,,,1,6.55,68,1,,2,7
l1_championship_player_2025_48_102031,2025,10,l1_championship_club_2025_15,3,3,1,121,,,,,,,4,1,3,112,12,16,3,3,1,7,1,,,5,5.19,83.31,0.33,,0.74,8.93
l1_championship_player_2025_48_102031,2025,14,l1_championship_club_2025_15,4,4,2,169,,,,,,,2,2,4,125,7,17,3,5,2,8,,,,7,4.6575,66.57,0.5,,1.07,3.73
l1_championship_player_2024_15_104444,2024,1,l1_championship_club_2024_15,34,9,3,319,2,2,,,2,,9,7,5,175,12,15,3,3,3,5,1,,,56,4.874444444444445,49.37,0.09,159.5,1.97,3.39
l1_championship_player_2023_15_101362,2023,1,l1_championship_club_2023_15,38,31,2,2242,8,4,4,2,5,1,51,22,9,638,109,85,2,6,29,28,3,,,41,5.491304347826087,25.61,0.05,280.25,0.88,4.38
l1_championship_player_2024_15_101362,2024,1,l1_championship_club_2024_15,34,27,27,2302,14,7,7,8,4,3,61,35,18,656,110,76,1,6,36,37,6,,2,56,5.395925925925927,25.65,0.79,164.43,1.37,4.3
l1_championship_player_2024_15_101362,2024,10,l1_championship_club_2024_15,3,2,1,101,,,,,,,1,,1,34,4,4,,,,3,,,,6,4.73,30.3,0.33,,,3.56
l1_championship_player_2024_15_103999,2024,1,l1_championship_club_2024_15,34,31,26,2122,6,3,3,1,5,5,28,12,37,1044,76,59,7,13,9,17,1,,3,56,5.313225806451612,44.28,0.76,353.67,0.51,3.22
l1_championship_player_2024_15_103999,2024,10,l1_championship_club_2024_15,3,2,,71,,,,,,,3,,3,53,4,2,,,2,1,,,,6,4.84,67.18,,,,5.07
l1_championship_player_2024_15_98456,2024,1,l1_championship_club_2024_15,34,,,,,,,,,,,,,,,,,,,,,,,56,,,,,,
l1_championship_player_2023_16_101394,2023,1,l1_championship_club_2023_16,35,,,,,,,,,,,,,,,,,,,,,,,,,,,,,
l1_championship_player_2024_16_101394,2024,1,l1_championship_club_2024_16,17,1,,18,,,,,,,,,,11,,,,,,,,,,,4.93,55,,,,
l1_championship_player_2024_16_101394,2024,10,l1_championship_club_2024_16,3,1,1,90,,,,,,,,,,19,,,,,,,,,,,5.42,19,0.33,,,
l1_championship_player_2022_16_98512,2022,1,l1_championship_club_2022_16,,,,,,,,,,,,,,,,,,,,,,,,,,,,,,
l1_championship_player_2023_16_98512,2023,1,l1_championship_club_2023_16,3,,,,,,,,,,,,,,,,,,,,,,,,,,,,,
l1_championship_player_2024_16_98512,2024,1,l1_championship_club_2024_16,19,6,5,497,,,,,,,,,,152,,,,,,,,,,,4.976666666666666,27.53,0.26,,,
l1_championship_player_2024_16_98512,2024,10,l1_championship_club_2024_16,3,,,,,,,,,,,,,,,,,,,,,,,,,,,,,
l1_championship_player_2021_16_84101,2021,4,l1_championship_club_2021_16,,,,,,,,,,,,,,,,,,,,,,,,,,,,,,
l1_championship_player_2022_16_84101,2022,1,l1_championship_club_2022_16,,,,,,,,,,,,,,,,,,,,,,,,,,,,,,
l1_championship_player_2023_16_84101,2023,1,l1_championship_club_2023_16,35,35,,3150,,,,,,,,,,1073,,,,,1,12,3,,,,10.713823529411762,61.42,,,,
l1_championship_player_2024_16_84101,2024,1,l1_championship_club_2024_16,34,29,29,2545,,,,,,,,,1,908,,,,,1,2,2,,1,,4.996206896551724,32.11,0.85,,,
l1_championship_player_2024_16_84101,2024,10,l1_championship_club_2024_16,3,2,2,180,,,,,,,,,,47,,,,,,,,,,,4.26,23.5,0.67,,,
l1_championship_player_2024_16_103736,2024,1,l1_championship_club_2024_16,34,31,29,2591,3,1,2,,1,1,32,14,5,1961,56,151,28,23,28,15,5,,1,44,5.589677419354838,68.12,0.85,863.67,0.49,1.95
l1_championship_player_2024_16_103736,2024,10,l1_championship_club_2024_16,3,3,3,257,1,1,,,,1,3,1,1,229,4,28,3,1,4,1,2,,,2,5.765000000000001,80.19,1,257,0.35,1.4
l1_championship_player_2021_16_86605,2021,4,l1_championship_club_2021_16,,,,,,,,,,,,,,,,,,,,,,,,,,,,,,
l1_championship_player_2022_16_100547,2022,1,l1_championship_club_2022_16,,,,,,,,,,,,,,,,,,,,,,,,,,,,,,
l1_championship_player_2023_16_100547,2023,1,l1_championship_club_2023_16,35,25,,1183,,,,,,3,6,,12,785,22,61,9,24,13,14,1,,,44,10.173333333333334,119.42,,,,3.3499999999999996
l1_championship_player_2024_16_100547,2024,1,l1_championship_club_2024_16,34,24,11,1020,1,,1,,1,1,7,3,12,660,31,65,9,13,16,13,3,,,44,5.10125,58.24,0.32,1020,0.26,2.74
l1_championship_player_2024_16_100547,2024,10,l1_championship_club_2024_16,3,,,,,,,,,,,,,,,,,,,,,,,2,,,,,,
l1_championship_player_2024_16_103900,2024,1,l1_championship_club_2024_16,34,30,29,2497,1,1,,,1,,8,2,4,1688,16,112,22,31,30,12,2,1,,44,5.187,60.84,0.85,2497,0.07,0.58
l1_championship_player_2024_16_103900,2024,10,l1_championship_club_2024_16,3,3,2,207,,,,,,,1,,,180,2,10,2,2,4,1,1,,,2,5.25,78.26,0.67,,,0.87
l1_championship_player_2024_16_93199,2024,1,l1_championship_club_2024_16,32,,,,,,,,,,,,,,,,,,,,,,,42,,,,,,
l1_championship_player_2024_16_93199,2024,10,l1_championship_club_2024_16,3,,,,,,,,,,,,,,,,,,,,,,,2,,,,,,
l1_championship_player_2021_16_94783,2021,4,l1_championship_club_2021_16,,,,,,,,,,,,,,,,,,,,,,,,,,,,,,
l1_championship_player_2022_16_94783,2022,1,l1_championship_club_2022_16,,,,,,,,,,,,,,,,,,,,,,,,,,,,,,
l1_championship_player_2023_16_94783,2023,1,l1_championship_club_2023_16,35,34,,3017,3,1,2,,,,20,6,5,2148,46,186,43,31,45,22,4,1,,44,10.960606060606061,127.78999999999999,,2469.17,0.32999999999999996,2.75
l1_championship_player_2024_16_94783,2024,1,l1_championship_club_2024_16,34,7,7,624,,,,,,1,5,1,2,463,8,36,10,3,4,8,,,1,44,5.152857142857143,66.78,0.21,,0.14,1.15
l1_championship_player_2024_16_94783,2024,10,l1_championship_club_2024_16,3,1,,30,,,,,,,1,,,30,1,8,1,,,,,,,2,4.59,90,,,,3
l1_championship_player_2017_9_26588,2017,1,l1_championship_club_2017_9,,,,,,,,,,,,,,,,,,,,,,,,,,,,,,
l1_championship_player_2020_9_26588,2020,1,l1_championship_club_2020_9,,,,,,,,,,,,,,,,,,,,,,,,,,,,,,
l1_championship_player_2021_9_26588,2021,1,l1_championship_club_2021_9,1,,,,,,,,,,,,,,,,,,,,,,,2,,,,,,
l1_championship_player_2024_16_26588,2024,1,l1_championship_club_2024_16,34,28,24,2105,,,,,,3,5,1,18,1536,15,112,20,36,20,19,1,,,44,5.065,65.67,0.71,,0.04,0.64
l1_championship_player_2024_16_84646,2024,1,l1_championship_club_2024_16,34,,,,,,,,,,,,,,,,,,,,,,,44,,,,,,
l1_championship_player_2023_16_101540,2023,1,l1_championship_club_2023_16,35,33,,2040,1,,1,,1,3,16,5,15,1435,29,136,28,35,43,37,1,,,44,10.24521739130435,125.94,,3990,0.4,2.5700000000000003
l1_championship_player_2024_16_101540,2024,1,l1_championship_club_2024_16,34,32,31,2704,1,1,,,1,2,17,5,27,1828,19,188,42,61,53,46,11,,,44,5.273749999999999,60.84,0.91,2704,0.17,0.63
l1_championship_player_2024_16_101540,2024,10,l1_championship_club_2024_16,3,2,1,117,,,,,,,1,1,1,91,1,4,1,1,3,1,,,,2,4.16,70,0.33,,0.77,0.77
l1_championship_player_2025_15_105335,2025,1,l1_championship_club_2025_15,2,,,,,,,,,,,,,,,,,,,,,,,2,,,,,,
l1_championship_player_2025_15_105335,2025,1,l1_championship_club_2025_16,13,13,12,1067,1,,1,,1,2,27,11,16,787,12,54,28,16,12,15,2,,1,17,5.459999999999999,66.38,0.92,1067,0.93,1.01
l1_championship_player_2025_15_105335,2025,10,l1_championship_club_2025_16,4,4,3,259,,,,,,,3,,4,166,,17,10,4,4,3,2,,,5,4.585,57.68,0.75,,,
l1_championship_player_2017_14_62357,2017,1,l1_championship_club_2017_14,,,,,,,,,,,,,,,,,,,,,,,,,,,,,,
l1_championship_player_2020_14_62357,2020,1,l1_championship_club_2020_14,,,,,,,,,,,,,,,,,,,,,,,,,,,,,,
l1_championship_player_2021_14_62357,2021,1,l1_championship_club_2021_14,2,,,,,,,,,,,,,,,,,,,,,,,6,,,,,,
l1_championship_player_2022_14_62357,2022,1,l1_championship_club_2021_14,2,,,,,,,,,,,,,,,,,,,,,,,6,,,,,,
l1_championship_player_2023_16_62357,2023,1,l1_championship_club_2023_16,35,16,,1199,3,2,1,1,2,2,23,8,18,557,74,87,4,4,9,38,1,,,44,11.443076923076923,83.62,,799.34,1.2,11.1
l1_championship_player_2024_16_62357,2024,1,l1_championship_club_2024_16,34,31,27,2340,5,4,1,2,3,3,50,26,30,1117,135,147,6,18,16,61,2,,,44,5.146451612903226,42.96,0.79,468,1,5.19
l1_championship_player_2024_16_62357,2024,10,l1_championship_club_2024_16,3,2,1,87,,,,,,,2,2,3,66,7,7,1,2,1,4,,,,2,5.19,68.28,0.33,,2.07,7.24
l1_championship_player_2021_16_84000,2021,4,l1_championship_club_2021_16,,,,,,,,,,,,,,,,,,,,,,,,,,,,,,
l1_championship_player_2023_16_84000,2023,1,l1_championship_club_2023_16,35,,,,,,,,,,,,,,,,,,,,,,,44,,,,,,
l1_championship_player_2024_16_84000,2024,1,l1_championship_club_2024_16,18,,,,,,,,,,,,,,,,,,,,,,,26,,,,,,
l1_championship_player_2021_16_80032,2021,4,l1_championship_club_2021_16,,,,,,,,,,,,,,,,,,,,,,,,,,,,,,
l1_championship_player_2024_16_80032,2024,1,l1_championship_club_2024_16,34,13,5,453,,,,,,1,4,,11,330,13,33,10,8,9,8,,,,44,4.877692307692307,65.56,0.15,,,2.58
l1_championship_player_2024_16_80032,2024,10,l1_championship_club_2024_16,3,3,3,226,,,,,,,1,,1,172,5,12,4,3,3,3,1,,,2,4.785,68.5,1,,,1.99
l1_championship_player_2024_16_104681,2024,1,l1_championship_club_2024_16,,,,,,,,,,,,,,,,,,,,,,,,,,,,,,
l1_championship_player_2023_16_101719,2023,1,l1_championship_club_2023_16,35,27,,1602,,,,,,1,21,9,24,856,53,89,8,10,31,36,8,,,44,10.220000000000002,96.18,,,1.02,5.96
l1_championship_player_2024_16_101719,2024,1,l1_championship_club_2024_16,34,32,31,2696,2,1,1,2,,2,31,7,45,1689,76,170,28,35,38,55,6,,4,44,5.411874999999999,56.38,0.91,1348,0.23,2.54
l1_championship_player_2024_16_101719,2024,10,l1_championship_club_2024_16,3,3,1,135,,,,,,,3,,2,87,7,10,,2,2,4,1,,,2,5.140000000000001,58,0.33,,,4.67
l1_championship_player_2021_33_97007,2021,1,l1_championship_club_2021_33,,,,,,,,,,,,,,,,,,,,,,,,,,,,,,
l1_championship_player_2017_37_79939,2017,1,l1_championship_club_2017_37,,,,,,,,,,,,,,,,,,,,,,,,,,,,,,
l1_championship_player_2023_16_79939,2023,1,l1_championship_club_2023_16,35,30,,1440,5,3,2,1,3,2,41,14,14,592,68,94,4,14,41,23,5,,,44,10.277142857142858,73.49000000000001,,574.6,1.76,8.52
l1_championship_player_2024_16_79939,2024,1,l1_championship_club_2024_16,34,31,17,1514,5,1,4,1,3,1,44,19,9,482,74,80,4,2,26,28,6,1,,44,4.641290322580644,28.65,0.5,302.8,1.13,4.4
l1_championship_player_2024_16_79939,2024,10,l1_championship_club_2024_16,3,3,3,270,,,,,,,10,,1,104,12,15,2,,3,3,,,,2,4.43,34.67,1,,,4
l1_championship_player_2017_33_52965,2017,1,l1_championship_club_2017_33,,,,,,,,,,,,,,,,,,,,,,,,,,,,,,
l1_championship_player_2020_41_52965,2020,1,l1_championship_club_2020_41,,,,,,,,,,,,,,,,,,,,,,,,,,,,,,
l1_championship_player_2021_41_52965,2021,1,l1_championship_club_2021_41,2,,,,,,,,,,,,,,,,,,,,,,,,,,,,,
l1_championship_player_2022_41_52965,2022,1,l1_championship_club_2021_41,2,,,,,,,,,,,,,,,,,,,,,,,,,,,,,
l1_championship_player_2023_41_52965,2023,1,l1_championship_club_2023_41,35,35,,3150,,,,,,,,,,1523,,,,,,9,1,,,,10.707941176470591,87.1,,,,
l1_championship_player_2024_41_52965,2024,1,l1_championship_club_2024_41,34,34,34,3060,,,,,,,1,,,1438,,,,,,3,1,,1,,5.551176470588236,42.29,1,,,
l1_championship_player_2024_41_52965,2024,10,l1_championship_club_2024_41,6,5,5,450,,,,,,,,,,217,,,,,,2,1,,,,5.7325,43.4,0.83,,,
l1_championship_player_2025_41_52965,2025,1,l1_championship_club_2025_30,30,22,22,1980,,,,,,,,,,850,,,,,,4,1,,2,,5.2727272727272725,38.64,0.73,,,
l1_championship_player_2025_41_52965,2025,4,l1_championship_club_2025_41,9,,,,,,,,,,,,,,,,,,,,,,,,,,,,,
l1_championship_player_2025_41_52965,2025,10,l1_championship_club_2025_30,5,2,2,180,,,,,,,,,,59,,,,,,,1,,,,5.215,29.5,0.4,,,
l1_championship_player_2025_41_52965,2025,13,l1_championship_club_2025_30,8,6,6,540,,,,,,,,,,300,,,,,,,,,,,4.746666666666666,50,0.75,,,
l1_championship_player_2017_12_29031,2017,1,l1_championship_club_2017_12,,,,,,,,,,,,,,,,,,,,,,,,,,,,,,
l1_championship_player_2022_16_29031,2022,1,l1_championship_club_2022_16,,,,,,,,,,,,,,,,,,,,,,,,,,,,,,
l1_championship_player_2023_30_29031,2023,1,l1_championship_club_2023_30,36,,,,,,,,,,,,,,,,,,,,,,,,,,,,,
l1_championship_player_2024_30_29031,2024,1,l1_championship_club_2024_30,34,,,,,,,,,,,,,,,,,,,,,,,,,,,,,
l1_championship_player_2024_30_29031,2024,10,l1_championship_club_2024_30,3,3,3,270,,,,,,,,,,85,,,,,,,,,,,5.516666666666667,28.33,1,,,
l1_championship_player_2024_30_29031,2024,13,l1_championship_club_2024_30,8,2,2,180,,,,,,,,,,74,,,,,,,,,,,5.23,37,0.25,,,
l1_championship_player_2021_30_95645,2021,1,l1_championship_club_2021_30,,,,,,,,,,,,,,,,,,,,,,,,,,,,,,
l1_championship_player_2024_30_104039,2024,1,l1_championship_club_2024_30,34,12,10,855,,,,,,,,,,660,3,63,15,14,9,10,2,,,66,5.45,69.47,0.29,,,0.32
l1_championship_player_2024_30_104039,2024,10,l1_championship_club_2024_30,3,2,2,180,,,,,,,,,,143,,11,1,1,7,1,,,,3,4.955,71.5,0.67,,,
l1_championship_player_2024_30_104039,2024,13,l1_championship_club_2024_30,8,4,4,360,,,,,,,3,,3,356,3,22,9,5,2,1,1,,,7,5.395,89,0.5,,,0.75
l1_championship_player_2021_20_88734,2021,4,l1_championship_club_2021_20,,,,,,,,,,,,,,,,,,,,,,,,,,,,,,
l1_championship_player_2022_20_88734,2022,4,l1_championship_club_2022_20,1,1,1,90,1,,1,,,,2,1,2,83,6,7,1,2,3,3,,,,2,,83,1,90,1,6
l1_championship_player_2023_20_88734,2023,4,l1_championship_club_2023_20,39,34,1,3038,9,5,4,1,3,1,58,18,33,2500,127,254,38,60,53,45,6,,,54,5.737575757575759,74.06,0.03,337.56,0.53,3.76
l1_championship_player_2024_30_88734,2024,1,l1_championship_club_2024_30,32,25,17,1396,5,4,1,4,,2,29,11,20,950,56,91,20,25,27,14,2,,1,64,5.445200000000001,61.25,0.53,279.2,0.71,3.61
l1_championship_player_2024_30_88734,2024,4,l1_championship_club_2024_20,3,2,2,180,,,,,,,3,1,6,139,12,10,4,2,1,,,,,1,5.39,69.5,0.67,,0.5,6
l1_championship_player_2024_30_88734,2024,10,l1_championship_club_2024_30,3,2,1,78,,,,,,,,,1,75,6,8,1,3,,,,,,3,5.34,86.54,0.33,,,6.92
l1_championship_player_2024_30_88734,2024,13,l1_championship_club_2024_30,8,4,1,135,,,,,,,,,4,104,2,8,2,3,3,1,,,,7,4.76,69.33,0.13,,,1.33
l1_championship_player_2024_20_88734,2024,1,l1_championship_club_2024_30,32,25,17,1396,5,4,1,4,,2,29,11,20,950,56,91,20,25,27,14,2,,1,64,5.445200000000001,61.25,0.53,279.2,0.71,3.61
l1_championship_player_2024_20_88734,2024,4,l1_championship_club_2024_20,3,2,2,180,,,,,,,3,1,6,139,12,10,4,2,1,,,,,1,5.39,69.5,0.67,,0.5,6
l1_championship_player_2024_20_88734,2024,10,l1_championship_club_2024_30,3,2,1,78,,,,,,,,,1,75,6,8,1,3,,,,,,3,5.34,86.54,0.33,,,6.92
l1_championship_player_2024_20_88734,2024,13,l1_championship_club_2024_30,8,4,1,135,,,,,,,,,4,104,2,8,2,3,3,1,,,,7,4.76,69.33,0.13,,,1.33
l1_championship_player_2024_6_104420,2024,1,l1_championship_club_2024_6,34,10,8,686,,,,,,,2,1,2,490,7,43,17,10,7,1,2,,,42,5.784999999999999,64.29,0.24,,0.13,0.92
l1_championship_player_2024_6_104420,2024,6,l1_championship_club_2024_9000000043,10,,,,,,,,,,,,,,,,,,,,,,,21,,,,,,
l1_championship_player_2025_6_104420,2025,1,l1_championship_club_2025_30,30,23,19,1684,,,,,,,6,1,6,1317,18,89,22,14,26,6,6,,1,34,5.148695652173913,70.39,0.63,,0.05,0.96
l1_championship_player_2025_6_104420,2025,10,l1_championship_club_2025_30,5,5,4,368,,,,,,,3,,1,320,7,20,3,3,4,4,,,,8,5.51,78.26,0.8,,,1.71
l1_championship_player_2025_6_104420,2025,13,l1_championship_club_2025_30,8,6,6,526,,,,,,,2,1,2,387,4,25,5,7,2,3,,,,7,5.663333333333334,66.22,0.75,,0.17,0.68
l1_championship_player_2017_159_78302,2017,1,l1_championship_club_2017_159,,,,,,,,,,,,,,,,,,,,,,,,,,,,,,
l1_championship_player_2020_159_78302,2020,1,l1_championship_club_2020_159,,,,,,,,,,,,,,,,,,,,,,,,,,,,,,
l1_championship_player_2021_30_78302,2021,1,l1_championship_club_2021_30,,,,,,,,,,,,,,,,,,,,,,,,,,,,,,
l1_championship_player_2021_159_78302,2021,1,l1_championship_club_2021_159,,,,,,,,,,,,,,,,,,,,,,,,,,,,,,
l1_championship_player_2022_30_78302,2022,1,l1_championship_club_2022_30,,,,,,,,,,,,,,,,,,,,,,,,,,,,,,
l1_championship_player_2023_30_78302,2023,1,l1_championship_club_2023_30,36,34,1,2751,1,,1,1,,2,15,5,18,2369,23,162,46,41,43,26,7,1,,43,5.43741935483871,77.5,0.03,2751,0.16,0.75
l1_championship_player_2024_30_78302,2024,1,l1_championship_club_2024_30,34,24,22,1940,2,1,1,2,,1,23,8,15,1518,38,121,29,36,17,22,3,2,1,66,5.4191666666666665,70.42,0.65,970,0.37,1.76
l1_championship_player_2024_30_78302,2024,10,l1_championship_club_2024_30,3,3,2,203,,,,,,,2,1,,172,4,10,2,2,3,1,,,,3,5.163333333333333,76.26,0.67,,0.44,1.77
l1_championship_player_2024_30_78302,2024,13,l1_championship_club_2024_30,8,5,4,318,,,,,,,3,,2,227,11,18,3,2,1,3,,,,7,4.635,64.25,0.5,,,3.11
l1_championship_player_2024_30_103944,2024,1,l1_championship_club_2024_30,34,27,25,2195,,,,,,,8,1,2,1713,9,110,18,25,28,13,2,1,2,66,5.249259259259259,70.24,0.74,,0.04,0.37
l1_championship_player_2024_30_103944,2024,10,l1_championship_club_2024_30,3,2,2,180,,,,,,,2,,1,176,2,17,2,4,3,2,1,,,3,6.09,88,0.67,,,1
l1_championship_player_2024_30_103944,2024,13,l1_championship_club_2024_30,8,6,6,540,,,,,,,,,1,389,2,27,5,5,9,5,4,,,7,4.798,64.83,0.75,,,0.33
l1_championship_player_2020_6_18101,2020,1,l1_championship_club_2020_6,,,,,,,,,,,,,,,,,,,,,,,,,,,,,,
l1_championship_player_2021_6_18101,2021,1,l1_championship_club_2021_6,,,,,,,,,,,,,,,,,,,,,,,,,,,,,,
l1_championship_player_2022_1_18101,2022,1,l1_championship_club_2022_1,2,1,1,90,,,,,,,3,2,1,56,9,4,,1,2,,,,,3,,56,0.5,,2,9
l1_championship_player_2022_6_18101,2022,1,l1_championship_club_2022_1,2,1,1,90,,,,,,,3,2,1,56,9,4,,1,2,,,,,3,,56,0.5,,2,9
l1_championship_player_2023_1_18101,2023,1,l1_championship_club_2023_1,35,28,,2160,3,1,2,1,2,4,29,8,47,1903,36,98,38,23,11,16,2,1,,54,11.2592,159.12,,1410,0.6799999999999999,3.0700000000000003
l1_championship_player_2024_1_18101,2024,1,l1_championship_club_2024_30,34,28,27,2311,3,3,,,3,8,26,8,55,1745,71,91,48,35,26,12,7,,2,66,5.871785714285714,67.96,0.79,770.33,0.31,2.77
l1_championship_player_2024_1_18101,2024,10,l1_championship_club_2024_30,3,3,2,184,,,,,,,5,2,4,179,4,11,4,2,4,2,1,,,3,5.256666666666667,87.55,0.67,,0.98,1.96
l1_championship_player_2024_1_18101,2024,13,l1_championship_club_2024_30,8,7,3,367,,,,,,1,4,2,10,332,13,14,9,7,2,,1,,,7,5.206666666666667,81.42,0.38,,0.49,3.19
l1_championship_player_2024_30_18101,2024,1,l1_championship_club_2024_30,34,28,27,2311,3,3,,,3,8,26,8,55,1745,71,91,48,35,26,12,7,,2,66,5.871785714285714,67.96,0.79,770.33,0.31,2.77
l1_championship_player_2024_30_18101,2024,10,l1_championship_club_2024_30,3,3,2,184,,,,,,,5,2,4,179,4,11,4,2,4,2,1,,,3,5.256666666666667,87.55,0.67,,0.98,1.96
l1_championship_player_2024_30_18101,2024,13,l1_championship_club_2024_30,8,7,3,367,,,,,,1,4,2,10,332,13,14,9,7,2,,1,,,7,5.206666666666667,81.42,0.38,,0.49,3.19
l1_championship_player_2017_30_4050,2017,1,l1_championship_club_2017_30,,,,,,,,,,,,,,,,,,,,,,,,,,,,,,
l1_championship_player_2020_30_4050,2020,1,l1_championship_club_2020_30,,,,,,,,,,,,,,,,,,,,,,,,,,,,,,
l1_championship_player_2021_30_4050,2021,1,l1_championship_club_2021_30,,,,,,,,,,,,,,,,,,,,,,,,,,,,,,
l1_championship_player_2022_30_4050,2022,1,l1_championship_club_2022_30,,,,,,,,,,,,,,,,,,,,,,,,,,,,,,
l1_championship_player_2023_30_4050,2023,1,l1_championship_club_2023_30,36,34,1,2934,1,,1,,,2,16,5,14,3317,22,145,37,31,44,18,6,1,,43,5.633124999999999,101.75,0.03,2934,0.15,0.67
l1_championship_player_2024_30_4050,2024,1,l1_championship_club_2024_30,34,25,21,1965,,,,,,,9,2,4,1691,21,93,34,15,19,14,5,1,,66,5.3184000000000005,77.45,0.62,,0.09,0.96
l1_championship_player_2024_30_4050,2024,10,l1_championship_club_2024_30,3,,,,,,,,,,,,,,,,,,,,,,,3,,,,,,
l1_championship_player_2024_30_4050,2024,13,l1_championship_club_2024_30,8,3,3,245,,,,,,,,,2,247,3,17,2,2,5,5,1,,,7,4.9399999999999995,90.73,0.38,,,1.1
l1_championship_player_2020_30_80642,2020,1,l1_championship_club_2020_30,,,,,,,,,,,,,,,,,,,,,,,,,,,,,,
l1_championship_player_2021_30_80642,2021,1,l1_championship_club_2021_30,,,,,,,,,,,,,,,,,,,,,,,,,,,,,,
l1_championship_player_2022_30_80642,2022,1,l1_championship_club_2022_30,,,,,,,,,,,,,,,,,,,,,,,,,,,,,,
l1_championship_player_2023_30_80642,2023,1,l1_championship_club_2023_30,36,10,,415,,,,,,,2,1,2,304,3,25,8,5,4,5,,,,43,5.2775,65.93,,,0.22,0.65
l1_championship_player_2024_30_80642,2024,1,l1_championship_club_2024_30,34,18,8,817,,,,,,,9,1,2,619,11,61,8,21,13,9,2,,,66,5.068888888888889,68.19,0.24,,0.11,1.21
l1_championship_player_2024_30_80642,2024,10,l1_championship_club_2024_30,3,2,2,153,,,,,,,,,1,120,2,15,3,5,2,2,,,,3,4.535,70.59,0.67,,,1.18
l1_championship_player_2024_30_80642,2024,13,l1_championship_club_2024_30,8,3,3,254,,,,,,,4,,2,247,3,16,2,3,4,1,,,,7,5.373333333333334,87.52,0.38,,,1.06
l1_championship_player_2022_30_100603,2022,1,l1_championship_club_2022_30,,,,,,,,,,,,,,,,,,,,,,,,,,,,,,
l1_championship_player_2024_30_100603,2024,1,l1_championship_club_2024_30,34,23,22,1934,3,,3,,,,11,4,5,1615,12,96,21,21,19,13,5,,,66,5.812173913043479,75.16,0.65,644.67,0.19,0.56
l1_championship_player_2024_30_100603,2024,10,l1_championship_club_2024_30,3,1,1,90,,,,,,,,,,86,,4,1,1,1,,,,,3,5.24,86,0.33,,,
l1_championship_player_2024_30_100603,2024,13,l1_championship_club_2024_30,8,5,4,304,,,,,,,3,1,1,306,1,24,5,2,3,4,,,,7,4.8725000000000005,90.59,0.5,,0.3,0.3
l1_championship_player_2023_30_100603,2023,1,l1_championship_club_2023_30,36,25,1,1803,,,,,,,14,3,11,1710,18,101,14,22,16,15,6,1,,43,5.411,85.36,0.03,,0.15,0.9
l1_championship_player_2021_40_88969,2021,1,l1_championship_club_2021_40,,,,,,,,,,,,,,,,,,,,,,,,,,,,,,
l1_championship_player_2022_6_88969,2022,1,l1_championship_club_2022_6,,,,,,,,,,,,,,,,,,,,,,,,,,,,,,
l1_championship_player_2023_6_88969,2023,1,l1_championship_club_2023_6,35,28,,1603,,,,,,,5,,6,1104,8,48,12,14,37,17,2,,,47,9.616470588235295,125.09,,,,0.87
l1_championship_player_2024_6_88969,2024,1,l1_championship_club_2024_6,2,,,,,,,,,,,,,,,,,,,,,,,3,,,,,,
l1_championship_player_2025_6_88969,2025,1,l1_championship_club_2025_6,4,,,,,,,,,,,,,,,,,,,,,,,5,,,,,,
l1_championship_player_2025_6_88969,2025,1,l1_championship_club_2025_30,30,15,10,754,,,,,,,1,,1,469,3,26,10,6,18,8,3,,,34,4.701333333333334,55.98,0.33,,,0.36
l1_championship_player_2025_6_88969,2025,10,l1_championship_club_2025_30,5,4,3,236,,,,,,,1,,1,134,,6,1,2,3,2,,,,8,4.9350000000000005,51.1,0.6,,,
l1_championship_player_2025_6_88969,2025,13,l1_championship_club_2025_30,8,5,4,375,,,,,,,2,,5,185,3,9,2,3,5,3,1,,,7,5.042,44.4,0.5,,,0.72
l1_championship_player_2020_30_89873,2020,1,l1_championship_club_2020_30,,,,,,,,,,,,,,,,,,,,,,,,,,,,,,
l1_championship_player_2021_30_89873,2021,1,l1_championship_club_2021_30,,,,,,,,,,,,,,,,,,,,,,,,,,,,,,
l1_championship_player_2022_30_89873,2022,1,l1_championship_club_2022_30,,,,,,,,,,,,,,,,,,,,,,,,,,,,,,
l1_championship_player_2023_30_89873,2023,1,l1_championship_club_2023_30,36,31,1,1622,2,,2,1,1,,33,7,22,1034,53,124,11,21,27,31,6,,,43,5.597058823529411,57.37,0.03,811,0.39,2.94
l1_championship_player_2024_30_89873,2024,1,l1_championship_club_2024_30,34,29,27,2438,2,1,1,2,,3,39,19,22,1584,47,168,22,52,41,51,9,,1,66,5.4475862068965535,58.47,0.79,1219,0.7,1.74
l1_championship_player_2024_30_89873,2024,10,l1_championship_club_2024_30,3,2,1,114,,,,,,,2,,1,84,3,10,1,2,1,1,,,,3,4.21,66.32,0.33,,,2.37
l1_championship_player_2024_30_89873,2024,13,l1_championship_club_2024_30,8,5,4,329,,,,,,,9,1,3,246,8,31,7,4,2,6,,,,7,4.924,67.29,0.5,,0.27,2.19
l1_championship_player_2017_14_56749,2017,1,l1_championship_club_2017_14,,,,,,,,,,,,,,,,,,,,,,,,,,,,,,
l1_championship_player_2020_9_56749,2020,1,l1_championship_club_2020_9,,,,,,,,,,,,,,,,,,,,,,,,,,,,,,
l1_championship_player_2021_9_56749,2021,1,l1_championship_club_2021_9,1,1,1,87,2,,2,1,1,,3,3,,48,3,5,,2,2,1,,,,2,,49.66,1,43.5,3.1,3.1
l1_championship_player_2022_9_56749,2022,1,l1_championship_club_2021_9,1,1,1,87,2,,2,1,1,,3,3,,48,3,5,,2,2,1,,,,2,,49.66,1,43.5,3.1,3.1
l1_championship_player_2022_30_56749,2022,1,l1_championship_club_2021_9,1,1,1,87,2,,2,1,1,,3,3,,48,3,5,,2,2,1,,,,2,,49.66,1,43.5,3.1,3.1
l1_championship_player_2023_30_56749,2023,1,l1_championship_club_2023_30,36,12,1,533,,,,,,,17,6,10,334,19,33,3,8,9,12,,,,43,5.648333333333333,56.4,0.03,,1.01,3.21
l1_championship_player_2024_30_56749,2024,1,l1_championship_club_2024_30,34,28,8,1049,6,3,3,3,3,4,22,11,25,770,35,55,17,16,17,19,3,,,66,5.238571428571428,66.06,0.24,174.83,0.94,3
l1_championship_player_2024_30_56749,2024,10,l1_championship_club_2024_30,3,3,2,203,,,,,,1,3,2,6,158,9,13,3,2,3,1,,,,3,5.46,70.05,0.67,,0.89,3.99
l1_championship_player_2024_30_56749,2024,13,l1_championship_club_2024_30,8,7,5,407,,,,,,2,8,2,13,316,12,29,7,8,9,9,1,1,,7,5.095000000000001,69.88,0.63,,0.44,2.65
l1_championship_player_2020_30_87554,2020,1,l1_championship_club_2020_30,,,,,,,,,,,,,,,,,,,,,,,,,,,,,,
l1_championship_player_2021_30_87554,2021,1,l1_championship_club_2021_30,,,,,,,,,,,,,,,,,,,,,,,,,,,,,,
l1_championship_player_2022_30_87554,2022,1,l1_championship_club_2022_30,,,,,,,,,,,,,,,,,,,,,,,,,,,,,,
l1_championship_player_2023_30_87554,2023,1,l1_championship_club_2023_30,36,13,,399,1,,1,,1,1,2,1,7,322,7,23,3,5,7,4,1,,,43,5.536666666666666,72.63,,399,0.23,1.58
l1_championship_player_2024_30_87554,2024,1,l1_championship_club_2024_30,34,22,7,766,1,1,,1,,,12,4,14,608,25,51,18,17,8,9,1,,,66,5.013181818181819,71.44,0.21,766,0.47,2.94
l1_championship_player_2024_30_87554,2024,10,l1_championship_club_2024_30,3,2,1,92,1,,1,1,,,4,2,2,78,3,1,2,,1,,,,,3,5.145,76.3,0.33,92,1.96,2.93
l1_championship_player_2024_30_87554,2024,13,l1_championship_club_2024_30,8,7,7,582,,,,,,,15,4,6,411,19,22,5,9,5,5,3,,,7,5.038333333333333,63.56,0.88,,0.62,2.94
l1_championship_player_2017_18_45022,2017,1,l1_championship_club_2017_18,,,,,,,,,,,,,,,,,,,,,,,,,,,,,,
l1_championship_player_2017_159_45022,2017,1,l1_championship_club_2017_159,,,,,,,,,,,,,,,,,,,,,,,,,,,,,,
l1_championship_player_2021_159_45022,2021,1,l1_championship_club_2021_159,1,,,,,,,,,,,,,,,,,,,,,,,5,,,,,,
l1_championship_player_2024_30_45022,2024,1,l1_championship_club_2024_30,34,18,12,1134,1,1,,,1,2,11,3,18,692,27,91,14,23,10,28,2,,,66,5.203888888888888,54.92,0.35,1134,0.24,2.14
l1_championship_player_2024_30_45022,2024,10,l1_championship_club_2024_30,3,2,1,94,1,,1,,1,,5,2,2,71,6,23,,1,,10,,,,3,5.355,67.98,0.33,94,1.91,5.74
l1_championship_player_2024_30_45022,2024,13,l1_championship_club_2024_30,8,5,1,178,,,,,,,1,,5,135,3,25,3,5,,10,,,,7,4.875,68.26,0.13,,,1.52
l1_championship_player_2017_1_34429,2017,1,l1_championship_club_2017_1,,,,,,,,,,,,,,,,,,,,,,,,,,,,,,
l1_championship_player_2020_1_34429,2020,1,l1_championship_club_2020_1,,,,,,,,,,,,,,,,,,,,,,,,,,,,,,
l1_championship_player_2022_15_34429,2022,1,l1_championship_club_2022_15,,,,,,,,,,,,,,,,,,,,,,,,,,,,,,
l1_championship_player_2023_30_34429,2023,1,l1_championship_club_2023_30,36,31,1,2068,2,1,1,,2,3,46,9,47,1312,52,102,24,19,33,38,4,,,43,5.684166666666667,57.1,0.03,1034,0.39,2.26
l1_championship_player_2024_30_34429,2024,1,l1_championship_club_2024_30,34,6,3,235,3,1,2,,3,,9,4,1,152,10,10,4,3,3,1,,,,66,5.166666666666666,58.21,0.09,78.33,1.53,3.83
l1_championship_player_2024_30_34429,2024,13,l1_championship_club_2024_30,8,,,,,,,,,,,,,,,,,,,,,,,7,,,,,,
l1_championship_player_2020_37_90481,2020,1,l1_championship_club_2020_37,,,,,,,,,,,,,,,,,,,,,,,,,,,,,,
l1_championship_player_2021_37_90481,2021,1,l1_championship_club_2021_37,,,,,,,,,,,,,,,,,,,,,,,,,,,,,,
l1_championship_player_2023_30_90481,2023,1,l1_championship_club_2023_30,36,17,,863,1,1,,1,,2,18,6,14,423,40,55,3,9,17,22,2,,,43,5.207272727272728,44.11,,863,0.63,4.17
l1_championship_player_2024_30_90481,2024,1,l1_championship_club_2024_30,34,27,21,1635,3,2,1,2,,3,36,15,30,796,79,87,5,9,12,41,2,,1,66,4.979259259259259,43.82,0.62,545,0.83,4.35
l1_championship_player_2024_30_90481,2024,10,l1_championship_club_2024_30,3,2,2,140,1,,1,,1,,2,1,4,73,7,11,3,1,2,2,,,,3,5.73,46.93,0.67,140,0.64,4.5
l1_championship_player_2024_30_90481,2024,13,l1_championship_club_2024_30,8,6,1,193,1,1,,1,,,2,1,5,85,7,9,,1,2,3,,,,7,4.778333333333333,39.64,0.13,193,0.47,3.26
l1_championship_player_2021_15_90936,2021,1,l1_championship_club_2021_15,,,,,,,,,,,,,,,,,,,,,,,,,,,,,,
l1_championship_player_2020_10_83638,2020,1,l1_championship_club_2020_10,,,,,,,,,,,,,,,,,,,,,,,,,,,,,,
l1_championship_player_2021_10_83638,2021,1,l1_championship_club_2021_10,1,1,1,90,1,,1,,1,,3,2,,21,5,1,,,1,1,,,,2,,21,1,90,2,5
l1_championship_player_2022_10_83638,2022,1,l1_championship_club_2022_10,2,2,2,147,,,,,,,3,,1,43,7,4,2,,3,2,,,,4,,26.33,1,,,4.29
l1_championship_player_2023_6_83638,2023,1,l1_championship_club_2023_6,33,27,,1699,9,5,4,4,3,3,60,32,16,534,125,50,3,4,20,16,8,1,,43,10.620999999999999,56.58,,377.56,3.4,13.24
l1_championship_player_2023_6_83638,2023,1,l1_championship_club_2023_10,1,1,,13,,,,,,,,,1,12,1,3,,,,1,,,,2,,83.08,,,,6.92
l1_championship_player_2023_10_83638,2023,1,l1_championship_club_2023_6,33,27,,1699,9,5,4,4,3,3,60,32,16,534,125,50,3,4,20,16,8,1,,43,10.620999999999999,56.58,,377.56,3.4,13.24
l1_championship_player_2023_10_83638,2023,1,l1_championship_club_2023_10,1,1,,13,,,,,,,,,1,12,1,3,,,,1,,,,2,,83.08,,,,6.92
l1_championship_player_2024_1_83638,2024,1,l1_championship_club_2024_1,18,13,7,575,3,1,2,,3,1,17,11,6,183,32,14,1,,17,8,1,,,40,4.8808333333333325,28.64,0.39,191.67,1.72,5.01
l1_championship_player_2024_1_83638,2024,10,l1_championship_club_2024_1,2,1,,20,,,,,,,,,,7,1,,,,,,,,,5,4.43,31.5,,,,4.5
l1_championship_player_2024_1_83638,2024,13,l1_championship_club_2024_9000000159,12,3,,23,,,,,,,,,,4,,,,,,,,,,21,4.14,15.65,,,,
l1_championship_player_2024_6_83638,2024,1,l1_championship_club_2024_1,18,13,7,575,3,1,2,,3,1,17,11,6,183,32,14,1,,17,8,1,,,40,4.8808333333333325,28.64,0.39,191.67,1.72,5.01
l1_championship_player_2024_6_83638,2024,10,l1_championship_club_2024_1,2,1,,20,,,,,,,,,,7,1,,,,,,,,,5,4.43,31.5,,,,4.5
l1_championship_player_2024_6_83638,2024,13,l1_championship_club_2024_9000000159,12,3,,23,,,,,,,,,,4,,,,,,,,,,21,4.14,15.65,,,,
l1_championship_player_2017_158_81428,2017,1,l1_championship_club_2017_158,,,,,,,,,,,,,,,,,,,,,,,,,,,,,,
l1_championship_player_2020_158_81428,2020,1,l1_championship_club_2020_158,,,,,,,,,,,,,,,,,,,,,,,,,,,,,,
l1_championship_player_2024_6_81428,2024,1,l1_championship_club_2024_6,34,5,5,450,,,,,,,,,,165,,,,,,,2,,1,,5.8,33,0.15,,,
l1_championship_player_2024_6_81428,2024,10,l1_championship_club_2024_6,1,1,1,90,,,,,,,,,,45,,,,,,,,,,,6.81,45,1,,,
l1_championship_player_2021_37_93646,2021,1,l1_championship_club_2021_37,,,,,,,,,,,,,,,,,,,,,,,,,,,,,,
l1_championship_player_2024_37_93646,2024,1,l1_championship_club_2024_37,34,,,,,,,,,,,,,,,,,,,,,,,,,,,,,
l1_championship_player_2020_37_80763,2020,1,l1_championship_club_2020_37,,,,,,,,,,,,,,,,,,,,,,,,,,,,,,
l1_championship_player_2021_37_80763,2021,1,l1_championship_club_2021_37,,,,,,,,,,,,,,,,,,,,,,,,,,,,,,
l1_championship_player_2022_37_80763,2022,1,l1_championship_club_2022_37,1,,,,,,,,,,,,,,,,,,,,,,,,,,,,,
l1_championship_player_2023_37_80763,2023,4,l1_championship_club_2023_37,38,5,,450,,,,,,,,,,121,,,,,,,,,,,5.266,24.2,,,,
l1_championship_player_2021_2_66080,2021,4,l1_championship_club_2021_2,,,,,,,,,,,,,,,,,,,,,,,,,,,,,,
l1_championship_player_2024_37_66080,2024,1,l1_championship_club_2024_37,34,28,25,2055,,,,,,1,3,,17,1315,13,112,27,35,38,21,3,,,32,5.109642857142857,57.59,0.74,,,0.57
l1_championship_player_2024_37_66080,2024,10,l1_championship_club_2024_37,4,2,,29,,,,,,,,,,36,,2,1,,1,1,,,,8,4.67,111.72,,,,
l1_championship_player_2017_37_35684,2017,1,l1_championship_club_2017_37,,,,,,,,,,,,,,,,,,,,,,,,,,,,,,
l1_championship_player_2020_37_35684,2020,1,l1_championship_club_2020_37,,,,,,,,,,,,,,,,,,,,,,,,,,,,,,
l1_championship_player_2021_37_35684,2021,1,l1_championship_club_2021_37,,,,,,,,,,,,,,,,,,,,,,,,,,,,,,
l1_championship_player_2023_4_91705,2023,4,l1_championship_club_2023_4,38,8,,514,1,1,,,1,,1,1,1,417,3,21,4,5,6,7,1,,,50,5.147142857142858,73.02,,514,0.18,0.53
l1_championship_player_2024_37_35684,2024,1,l1_championship_club_2024_37,34,19,16,1511,,,,,,,1,,6,757,3,42,19,12,10,7,2,,,32,4.979473684210526,45.09,0.47,,,0.18
l1_championship_player_2024_37_35684,2024,10,l1_championship_club_2024_37,4,4,4,360,,,,,,,,,,187,1,6,6,,3,3,,,,8,5.453333333333333,46.75,1,,,0.25
l1_championship_player_2023_37_35684,2023,4,l1_championship_club_2023_37,38,33,,2891,,,,,,,1,,4,2140,1,84,31,16,18,19,4,,,56,5.245624999999999,66.62,,,,0.03
l1_championship_player_2024_37_91705,2024,1,l1_championship_club_2024_37,34,17,15,1334,1,1,,,,,4,2,1,678,8,52,8,12,7,10,2,,,32,5.164117647058824,45.74,0.44,1334,0.13,0.54
l1_championship_player_2024_37_91705,2024,10,l1_championship_club_2024_37,4,1,1,90,,,,,,,,,,49,,1,,,1,1,,,,8,5.39,49,0.25,,,
l1_championship_player_2022_37_35684,2022,1,l1_championship_club_2022_37,1,1,,45,,,,,,,,,,35,,6,,2,,2,,,,1,,70,,,,
l1_championship_player_2024_4_91705,2024,1,l1_championship_club_2024_37,34,17,15,1334,1,1,,,,,4,2,1,678,8,52,8,12,7,10,2,,,32,5.164117647058824,45.74,0.44,1334,0.13,0.54
l1_championship_player_2024_4_91705,2024,10,l1_championship_club_2024_37,4,1,1,90,,,,,,,,,,49,,1,,,1,1,,,,8,5.39,49,0.25,,,
l1_championship_player_2021_90_84687,2021,4,l1_championship_club_2021_90,,,,,,,,,,,,,,,,,,,,,,,,,,,,,,
l1_championship_player_2022_37_84687,2022,1,l1_championship_club_2022_37,1,1,1,90,,,,,,,,,,75,,2,,,1,,,,,1,,75,1,,,
l1_championship_player_2022_90_84687,2022,1,l1_championship_club_2022_37,1,1,1,90,,,,,,,,,,75,,2,,,1,,,,,1,,75,1,,,
l1_championship_player_2023_37_84687,2023,4,l1_championship_club_2023_37,38,4,,89,,,,,,,,,,113,,5,2,1,2,,,,,56,,114.27,,,,
l1_championship_player_2024_37_84687,2024,1,l1_championship_club_2024_37,34,3,3,253,,,,,,,1,,1,128,2,8,,3,1,,,,,32,5.4433333333333325,45.53,0.09,,,0.71
l1_championship_player_2021_4_92528,2021,1,l1_championship_club_2021_4,2,,,,,,,,,,,,,,,,,,,,,,,,,,,,,
l1_championship_player_2022_4_92528,2022,4,l1_championship_club_2022_4,1,1,1,90,,,,,,,,,3,76,,6,,3,1,3,,,,4,,76,1,,,
l1_championship_player_2023_4_92528,2023,4,l1_championship_club_2023_4,38,23,,1337,,,,,,,6,2,13,961,19,110,22,27,27,26,3,1,,50,5.010666666666666,64.69,,,0.13,1.28
l1_championship_player_2024_37_92528,2024,1,l1_championship_club_2024_37,34,18,7,694,,,,,,,1,,,397,7,58,4,14,11,21,1,,,32,4.7877777777777775,51.48,0.21,,,0.91
l1_championship_player_2024_37_92528,2024,10,l1_championship_club_2024_37,4,3,3,265,,,,,,,2,1,1,195,1,15,2,7,4,4,1,,,8,5.385,66.23,0.75,,0.34,0.34
l1_championship_player_2024_4_92528,2024,1,l1_championship_club_2024_37,34,18,7,694,,,,,,,1,,,397,7,58,4,14,11,21,1,,,32,4.7877777777777775,51.48,0.21,,,0.91
l1_championship_player_2024_4_92528,2024,10,l1_championship_club_2024_37,4,3,3,265,,,,,,,2,1,1,195,1,15,2,7,4,4,1,,,8,5.385,66.23,0.75,,0.34,0.34
l1_championship_player_2021_90_17091,2021,4,l1_championship_club_2021_90,,,,,,,,,,,,,,,,,,,,,,,,,,,,,,
l1_championship_player_2022_90_17091,2022,4,l1_championship_club_2022_90,,,,,,,,,,,,,,,,,,,,,,,,,,,,,,
l1_championship_player_2023_37_17091,2023,4,l1_championship_club_2023_37,38,27,,1458,1,1,,1,,2,4,1,14,1243,9,61,25,23,10,7,1,,,56,5.311333333333334,76.73,,1458,0.06,0.56
l1_championship_player_2024_37_17091,2024,1,l1_championship_club_2024_37,34,33,31,2677,1,1,,1,,2,11,1,25,2053,18,130,47,48,16,35,2,,,32,5.282121212121212,69.02,0.91,2677,0.03,0.61
l1_championship_player_2024_37_17091,2024,10,l1_championship_club_2024_37,4,2,1,95,,,,,,,1,,1,58,,1,2,,2,,,,,8,5.265,54.95,0.25,,,
l1_championship_player_2022_37_37008,2022,1,l1_championship_club_2022_37,1,,,,,,,,,,,,,,,,,,,,,,,1,,,,,,
l1_championship_player_2022_90_37008,2022,1,l1_championship_club_2022_37,1,,,,,,,,,,,,,,,,,,,,,,,1,,,,,,
l1_championship_player_2023_37_37008,2023,4,l1_championship_club_2023_37,38,37,,3047,,,,,,1,12,1,22,2749,34,165,58,34,24,28,4,,,56,5.318857142857143,81.2,,,0.03,1
l1_championship_player_2024_37_37008,2024,1,l1_championship_club_2024_37,34,34,34,3060,,,,,,1,9,1,10,2199,19,115,32,30,14,15,3,,,32,5.305,64.68,1,,0.03,0.56
l1_championship_player_2024_37_37008,2024,10,l1_championship_club_2024_37,4,4,3,241,,,,,,,,,,192,,18,3,2,5,5,,,,8,5.3,71.7,0.75,,,
l1_championship_player_2017_37_81801,2017,1,l1_championship_club_2017_37,,,,,,,,,,,,,,,,,,,,,,,,,,,,,,
l1_championship_player_2023_37_81801,2023,4,l1_championship_club_2023_37,38,36,,1568,1,,1,,1,4,15,3,23,1159,42,116,17,30,25,16,3,,,56,5.277142857142858,66.52,,1568,0.17,2.41
l1_championship_player_2024_37_81801,2024,1,l1_championship_club_2024_37,34,29,14,1314,,,,,,3,14,1,14,815,20,88,15,24,16,9,1,2,,32,4.622068965517241,55.82,0.41,,0.07,1.37
l1_championship_player_2024_37_81801,2024,10,l1_championship_club_2024_37,4,4,3,299,,,,,,1,1,,1,194,5,18,,9,2,,1,,,8,5.466666666666666,58.39,0.75,,,1.51
l1_championship_player_2021_9_86655,2021,1,l1_championship_club_2021_9,,,,,,,,,,,,,,,,,,,,,,,,,,,,,,
l1_championship_player_2023_9_86655,2023,1,l1_championship_club_2023_9,,,,,,,,,,,,,,,,,,,,,,,,,,,,,,
l1_championship_player_2024_9_86655,2024,1,l1_championship_club_2024_9,,,,,,,,,,,,,,,,,,,,,,,,,,,,,,
l1_championship_player_2020_44_44183,2020,1,l1_championship_club_2020_44,,,,,,,,,,,,,,,,,,,,,,,,,,,,,,
l1_championship_player_2021_44_44183,2021,1,l1_championship_club_2021_44,,,,,,,,,,,,,,,,,,,,,,,,,,,,,,
l1_championship_player_2022_44_44183,2022,1,l1_championship_club_2022_44,,,,,,,,,,,,,,,,,,,,,,,,,,,,,,
l1_championship_player_2024_37_44183,2024,1,l1_championship_club_2024_37,34,22,21,1795,,,,,,1,3,,5,1135,7,105,35,38,18,32,1,,,32,5.253181818181818,56.91,0.62,,,0.35
l1_championship_player_2024_37_44183,2024,10,l1_championship_club_2024_37,4,2,1,105,,,,,,1,,,2,79,,8,3,1,1,5,,,,8,6.26,67.71,0.25,,,
l1_championship_player_2020_37_90790,2020,1,l1_championship_club_2020_37,,,,,,,,,,,,,,,,,,,,,,,,,,,,,,
l1_championship_player_2021_37_90790,2021,1,l1_championship_club_2021_37,,,,,,,,,,,,,,,,,,,,,,,,,,,,,,
l1_championship_player_2022_37_90790,2022,1,l1_championship_club_2022_37,1,,,,,,,,,,,,,,,,,,,,,,,1,,,,,,
l1_championship_player_2023_37_90790,2023,4,l1_championship_club_2023_37,38,7,,69,,,,,,,1,,,52,2,7,2,2,3,,,,,56,,67.83,,,,2.61
l1_championship_player_2024_37_90790,2024,1,l1_championship_club_2024_37,34,29,16,1519,1,,1,,1,1,9,5,5,747,19,75,21,27,28,15,4,,,32,4.701724137931034,44.26,0.47,1519,0.3,1.13
l1_championship_player_2024_37_90790,2024,10,l1_championship_club_2024_37,4,4,4,341,,,,,,1,6,2,4,216,7,18,5,6,6,6,2,,,8,5.543333333333333,57.01,1,,0.53,1.85
l1_championship_player_2017_37_41919,2017,1,l1_championship_club_2017_37,,,,,,,,,,,,,,,,,,,,,,,,,,,,,,
l1_championship_player_2020_37_41919,2020,1,l1_championship_club_2020_37,,,,,,,,,,,,,,,,,,,,,,,,,,,,,,
l1_championship_player_2021_37_41919,2021,1,l1_championship_club_2021_37,,,,,,,,,,,,,,,,,,,,,,,,,,,,,,
l1_championship_player_2022_37_41919,2022,1,l1_championship_club_2022_37,1,1,1,66,,,,,,,,,,54,,3,,1,2,1,,,,1,,73.64,1,,,
l1_championship_player_2023_37_41919,2023,4,l1_championship_club_2023_37,38,37,,2980,5,2,3,4,,1,29,13,32,2059,31,153,47,37,35,20,4,,,56,5.155428571428571,62.18,,596,0.39,0.94
l1_championship_player_2024_37_41919,2024,1,l1_championship_club_2024_37,34,16,3,475,,,,,,,6,,5,328,7,38,11,17,12,3,4,,,32,4.619375,62.15,0.09,,,1.33
l1_championship_player_2024_37_41919,2024,10,l1_championship_club_2024_37,4,3,3,243,,,,,,,3,1,1,133,3,14,1,5,6,1,,,,8,5.1,49.26,0.75,,0.37,1.11
l1_championship_player_2023_37_93640,2023,4,l1_championship_club_2023_37,38,1,,18,,,,,,,,,,19,,1,,,,,,,,56,,95,,,,
l1_championship_player_2024_37_93640,2024,1,l1_championship_club_2024_37,34,8,3,306,,,,,,,3,1,1,195,1,12,5,2,4,2,,,,32,4.6899999999999995,57.35,0.09,,0.29,0.29
l1_championship_player_2024_37_93640,2024,10,l1_championship_club_2024_37,4,1,1,75,,,,,,,1,,1,45,1,1,4,,,,,,,8,5.07,54,0.25,,,1.2
l1_championship_player_2017_31_81139,2017,1,l1_championship_club_2017_31,,,,,,,,,,,,,,,,,,,,,,,,,,,,,,
l1_championship_player_2020_31_81139,2020,1,l1_championship_club_2020_31,,,,,,,,,,,,,,,,,,,,,,,,,,,,,,
l1_championship_player_2021_31_81139,2021,1,l1_championship_club_2021_31,,,,,,,,,,,,,,,,,,,,,,,,,,,,,,
l1_championship_player_2022_31_81139,2022,4,l1_championship_club_2022_31,,,,,,,,,,,,,,,,,,,,,,,,,,,,,,
l1_championship_player_2023_31_81139,2023,4,l1_championship_club_2023_73,37,28,1,1760,,,,,,3,19,5,21,1283,10,131,17,44,38,14,5,,,57,5.065789473684211,65.61,0.03,,0.26,0.51
l1_championship_player_2023_73_81139,2023,4,l1_championship_club_2023_73,37,28,1,1760,,,,,,3,19,5,21,1283,10,131,17,44,38,14,5,,,57,5.065789473684211,65.61,0.03,,0.26,0.51
l1_championship_player_2024_31_81139,2024,1,l1_championship_club_2024_31,34,24,12,1042,,,,,,1,19,3,16,748,26,73,10,25,24,7,2,,,39,4.652916666666667,64.61,0.35,,0.26,2.25
l1_championship_player_2024_31_81139,2024,10,l1_championship_club_2024_31,1,1,1,45,,,,,,,,,,15,,3,,1,2,,1,,,,4.15,30,1,,,
l1_championship_player_2024_73_81139,2024,1,l1_championship_club_2024_31,34,24,12,1042,,,,,,1,19,3,16,748,26,73,10,25,24,7,2,,,39,4.652916666666667,64.61,0.35,,0.26,2.25
l1_championship_player_2024_73_81139,2024,10,l1_championship_club_2024_31,1,1,1,45,,,,,,,,,,15,,3,,1,2,,1,,,,4.15,30,1,,,
l1_championship_player_2025_31_81139,2025,1,l1_championship_club_2025_37,30,29,23,1798,2,1,1,,2,1,35,8,19,953,45,77,14,22,20,16,2,1,,26,4.494827586206898,47.7,0.77,899,0.4,2.25
l1_championship_player_2025_31_81139,2025,10,l1_championship_club_2025_37,2,2,2,180,,,,,,,3,,3,101,6,7,2,4,,3,1,,,1,4.785,50.5,1,,,3
l1_championship_player_2021_16_91473,2021,4,l1_championship_club_2021_16,,,,,,,,,,,,,,,,,,,,,,,,,,,,,,
l1_championship_player_2022_16_91473,2022,1,l1_championship_club_2022_16,,,,,,,,,,,,,,,,,,,,,,,,,,,,,,
l1_championship_player_2024_37_105467,2024,1,l1_championship_club_2024_37,,,,,,,,,,,,,,,,,,,,,,,,,,,,,,
l1_championship_player_2024_6_59371,2024,1,l1_championship_club_2024_6,34,15,12,891,4,1,3,1,1,,42,15,10,353,63,37,1,2,7,6,,,,42,4.953333333333333,35.66,0.35,222.75,1.52,6.36
l1_championship_player_2025_6_59371,2025,1,l1_championship_club_2025_6,4,,,,,,,,,,,,,,,,,,,,,,,5,,,,,,
l1_championship_player_2025_6_59371,2025,1,l1_championship_club_2025_37,11,9,6,500,,,,,,,15,5,4,175,27,22,2,2,4,3,,,,6,4.345555555555555,31.5,0.55,,0.9,4.86
l1_championship_player_2025_6_59371,2025,10,l1_championship_club_2025_37,2,,,,,,,,,,,,,,,,,,,,,,,1,,,,,,
l1_championship_player_2024_37_99066,2024,1,l1_championship_club_2024_37,34,2,,25,,,,,,,,,,5,,2,,1,1,,,,,32,4.205,18,,,,
l1_championship_player_2022_38_98700,2022,4,l1_championship_club_2022_38,,,,,,,,,,,,,,,,,,,,,,,,,,,,,,
l1_championship_player_2023_38_98700,2023,4,l1_championship_club_2023_38,38,32,,1787,6,5,1,3,3,3,51,25,43,1069,87,131,8,17,11,35,1,,,43,5.412272727272727,53.84,,297.83,1.26,4.38
l1_championship_player_2024_38_98700,2024,4,l1_championship_club_2024_38,2,2,2,167,,,,,,1,2,,2,61,7,4,1,1,,1,,,,2,5.25,32.87,1,,,3.77
l1_championship_player_2025_38_98700,2025,1,l1_championship_club_2025_37,23,22,20,1631,2,1,1,1,1,1,30,14,24,933,90,77,7,9,15,22,1,,,23,4.708181818181818,51.48,0.87,815.5,0.77,4.97
l1_championship_player_2025_38_98700,2025,10,l1_championship_club_2025_37,2,2,2,180,1,1,,,1,,5,3,1,117,6,5,,3,2,,,,,1,5.275,58.5,1,180,1.5,3
l1_championship_player_2021_44_63157,2021,1,l1_championship_club_2021_44,,,,,,,,,,,,,,,,,,,,,,,,,,,,,,
l1_championship_player_2022_44_63157,2022,1,l1_championship_club_2022_44,,,,,,,,,,,,,,,,,,,,,,,,,,,,,,
l1_championship_player_2023_44_63157,2023,1,l1_championship_club_2023_44,36,3,,181,,,,,,,,,,86,,,,,,,,,,,5.4399999999999995,42.76,,,,
l1_championship_player_2024_44_63157,2024,1,l1_championship_club_2024_44,34,2,2,180,,,,,,,,,,79,,,,,,,,,,,4.665,39.5,0.06,,,
l1_championship_player_2024_44_63157,2024,6,l1_championship_club_2024_44,10,1,1,90,,,,,,,,,,44,,,,,,,,,,,1,44,0.1,,,
l1_championship_player_2024_44_63157,2024,10,l1_championship_club_2024_44,4,4,4,360,,,,,,,,,,155,,,,,,1,,,,,5.02,38.75,1,,,
l1_championship_player_2020_44_91316,2020,1,l1_championship_club_2020_44,,,,,,,,,,,,,,,,,,,,,,,,,,,,,,
l1_championship_player_2021_44_91316,2021,1,l1_championship_club_2021_44,,,,,,,,,,,,,,,,,,,,,,,,,,,,,,
l1_championship_player_2024_44_91316,2024,1,l1_championship_club_2024_44,34,,,,,,,,,,,,,,,,,,,,,,,,,,,,,
l1_championship_player_2024_44_91316,2024,6,l1_championship_club_2024_44,10,,,,,,,,,,,,,,,,,,,,,,,,,,,,,
l1_championship_player_2024_44_91316,2024,10,l1_championship_club_2024_44,4,,,,,,,,,,,,,,,,,,,,,,,,,,,,,
l1_championship_player_2020_9_90521,2020,1,l1_championship_club_2020_9,,,,,,,,,,,,,,,,,,,,,,,,,,,,,,
l1_championship_player_2021_9_90521,2021,1,l1_championship_club_2021_9,1,,,,,,,,,,,,,,,,,,,,,,,,,,,,,
l1_championship_player_2022_9_90521,2022,1,l1_championship_club_2021_9,1,,,,,,,,,,,,,,,,,,,,,,,,,,,,,
l1_championship_player_2023_9_90521,2023,1,l1_championship_club_2023_9,35,12,,1080,,,,,,,,,,451,,,,,,2,1,,,,10.991666666666667,75.16,,,,
l1_championship_player_2024_9_90521,2024,1,l1_championship_club_2024_9,34,15,15,1350,,,,,,,,,,477,,,,,,1,1,,,,5.156000000000001,31.8,0.44,,,
l1_championship_player_2024_9_90521,2024,6,l1_championship_club_2024_9,10,8,8,720,,,,,,,,,,304,,,,,,2,,,,,4.9937499999999995,38,0.8,,,
l1_championship_player_2024_9_90521,2024,10,l1_championship_club_2024_9,2,,,,,,,,,,,,,,,,,,,,,,,,,,,,,
l1_championship_player_2025_9_90521,2025,1,l1_championship_club_2025_9,4,,,,,,,,,,,,,,,,,,,,,,,,,,,,,
l1_championship_player_2025_9_90521,2025,1,l1_championship_club_2025_44,29,10,10,865,,,,,,,,,,386,,,,,1,1,,1,,,4.417,40.16,0.34,,,
l1_championship_player_2025_9_90521,2025,10,l1_championship_club_2025_44,1,,,,,,,,,,,,,,,,,,,,,,,,,,,,,
l1_championship_player_2020_44_52212,2020,1,l1_championship_club_2020_44,,,,,,,,,,,,,,,,,,,,,,,,,,,,,,
l1_championship_player_2021_44_52212,2021,1,l1_championship_club_2021_44,,,,,,,,,,,,,,,,,,,,,,,,,,,,,,
l1_championship_player_2022_44_52212,2022,1,l1_championship_club_2022_44,,,,,,,,,,,,,,,,,,,,,,,,,,,,,,
l1_championship_player_2023_44_52212,2023,1,l1_championship_club_2023_44,36,35,1,3150,1,1,,,1,1,19,4,11,2360,35,177,56,37,38,24,4,,,59,5.612424242424241,67.43,0.03,3150,0.11,1
l1_championship_player_2024_44_52212,2024,1,l1_championship_club_2024_44,34,27,27,2417,1,1,,,,,14,1,8,1565,26,123,29,33,36,20,6,,2,52,5.3314814814814815,58.27,0.79,2417,0.04,0.97
l1_championship_player_2024_44_52212,2024,6,l1_championship_club_2024_44,10,9,9,810,,,,,,,4,1,2,515,6,60,10,17,6,11,2,,,10,4.836666666666667,57.22,0.9,,0.11,0.67
l1_championship_player_2024_44_52212,2024,10,l1_championship_club_2024_44,4,3,3,270,1,1,,,,1,1,1,1,188,3,17,8,6,3,2,,,,7,5.705,62.67,0.75,270,0.33,1
l1_championship_player_2020_13_76703,2020,1,l1_championship_club_2020_13,,,,,,,,,,,,,,,,,,,,,,,,,,,,,,
l1_championship_player_2024_44_76703,2024,1,l1_championship_club_2024_44,34,7,5,437,,,,,,,4,,1,373,6,13,5,2,12,1,1,,,52,5.482857142857142,76.82,0.15,,,1.24
l1_championship_player_2024_44_76703,2024,6,l1_championship_club_2024_44,10,8,7,635,,,,,,,1,,1,381,2,20,10,4,3,5,,,,10,4.8187500000000005,54,0.7,,,0.28
l1_championship_player_2024_44_76703,2024,6,l1_championship_club_2024_9000000157,14,,,,,,,,,,,,,,,,,,,,,,,31,,,,,,
l1_championship_player_2024_44_76703,2024,10,l1_championship_club_2024_44,4,1,1,90,,,,,,,,,,120,,5,,2,1,1,1,,,7,6.49,120,0.25,,,
l1_championship_player_2025_15_76703,2025,1,l1_championship_club_2025_15,6,,,,,,,,,,,,,,,,,,,,,,,9,,,,,,
l1_championship_player_2025_15_76703,2025,1,l1_championship_club_2025_44,23,15,14,1249,,,,,,,6,2,1,889,12,57,14,11,25,16,3,,,27,5.235333333333333,64.06,0.61,,0.14,0.86
l1_championship_player_2025_15_76703,2025,10,l1_championship_club_2025_44,1,,,,,,,,,,,,,,,,,,,,,,,1,,,,,,
l1_championship_player_2025_15_76703,2025,14,l1_championship_club_2025_15,1,1,,3,,,,,,,,,,3,,1,,,,,,,,2,4.91,90,,,,
l1_championship_player_2023_12_85103,2023,4,l1_championship_club_2023_1782,34,20,,1343,,,,,,,8,1,9,751,11,95,22,16,27,14,6,1,,44,5.157857142857145,50.33,,,0.07,0.74
l1_championship_player_2023_1782_85103,2023,4,l1_championship_club_2023_1782,34,20,,1343,,,,,,,8,1,9,751,11,95,22,16,27,14,6,1,,44,5.157857142857145,50.33,,,0.07,0.74
l1_championship_player_2024_12_85103,2024,4,l1_championship_club_2024_33,34,34,34,3059,,,,,,1,12,3,10,2155,20,165,41,27,21,34,6,,2,36,5.7805882352941165,63.4,1,,0.09,0.59
l1_championship_player_2024_12_85103,2024,10,l1_championship_club_2024_33,3,3,3,270,,,,,,,,,,139,1,15,3,4,1,3,,,,5,5.960000000000001,46.33,1,,,0.33
l1_championship_player_2024_33_85103,2024,4,l1_championship_club_2024_33,34,34,34,3059,,,,,,1,12,3,10,2155,20,165,41,27,21,34,6,,2,36,5.7805882352941165,63.4,1,,0.09,0.59
l1_championship_player_2024_33_85103,2024,10,l1_championship_club_2024_33,3,3,3,270,,,,,,,,,,139,1,15,3,4,1,3,,,,5,5.960000000000001,46.33,1,,,0.33
l1_championship_player_2024_1782_85103,2024,4,l1_championship_club_2024_33,34,34,34,3059,,,,,,1,12,3,10,2155,20,165,41,27,21,34,6,,2,36,5.7805882352941165,63.4,1,,0.09,0.59
l1_championship_player_2024_1782_85103,2024,10,l1_championship_club_2024_33,3,3,3,270,,,,,,,,,,139,1,15,3,4,1,3,,,,5,5.960000000000001,46.33,1,,,0.33
l1_championship_player_2025_33_85103,2025,1,l1_championship_club_2025_44,29,17,15,1370,,,,,,,5,,1,757,14,67,21,16,7,9,4,,,38,5.463529411764706,49.73,0.52,,,0.92
l1_championship_player_2025_33_85103,2025,4,l1_championship_club_2025_33,5,,,,,,,,,,,,,,,,,,,,,,,6,,,,,,
l1_championship_player_2025_33_85103,2025,10,l1_championship_club_2025_44,1,1,1,90,,,,,,,,,,87,,5,4,,1,3,1,,,1,6.83,87,1,,,
l1_championship_player_2017_15_41971,2017,1,l1_championship_club_2017_15,,,,,,,,,,,,,,,,,,,,,,,,,,,,,,
l1_championship_player_2020_15_41971,2020,1,l1_championship_club_2020_15,,,,,,,,,,,,,,,,,,,,,,,,,,,,,,
l1_championship_player_2022_44_41971,2022,1,l1_championship_club_2022_44,,,,,,,,,,,,,,,,,,,,,,,,,,,,,,
l1_championship_player_2023_44_41971,2023,1,l1_championship_club_2023_44,36,35,1,3150,3,2,1,,3,3,16,8,35,2712,15,140,30,54,26,27,7,,,59,5.5203030303030305,77.49,0.03,1050,0.23,0.43
l1_championship_player_2024_44_41971,2024,1,l1_championship_club_2024_44,34,30,29,2685,3,2,1,,3,2,12,7,41,2120,7,103,25,42,18,14,5,,,52,5.358666666666666,71.06,0.85,895,0.23,0.23
l1_championship_player_2024_44_41971,2024,6,l1_championship_club_2024_44,10,8,8,720,,,,,,,6,2,14,570,3,29,8,10,3,6,1,,,10,5.06625,71.25,0.8,,0.25,0.38
l1_championship_player_2024_44_41971,2024,10,l1_championship_club_2024_44,4,2,1,91,,,,,,,1,,,73,,2,1,,1,1,,,,7,4.395,72.2,0.25,,,
l1_championship_player_2020_41_86468,2020,1,l1_championship_club_2020_41,,,,,,,,,,,,,,,,,,,,,,,,,,,,,,
l1_championship_player_2021_41_86468,2021,1,l1_championship_club_2021_41,2,,,,,,,,,,,,,,,,,,,,,,,3,,,,,,
l1_championship_player_2022_41_86468,2022,1,l1_championship_club_2021_41,2,,,,,,,,,,,,,,,,,,,,,,,3,,,,,,
l1_championship_player_2022_44_86468,2022,1,l1_championship_club_2021_41,2,,,,,,,,,,,,,,,,,,,,,,,3,,,,,,
l1_championship_player_2023_41_86468,2023,1,l1_championship_club_2023_44,36,35,1,3140,,,,,,3,12,2,24,2555,23,235,42,59,30,42,5,,,59,5.473636363636365,73.23,0.03,,0.06,0.66
l1_championship_player_2023_44_86468,2023,1,l1_championship_club_2023_44,36,35,1,3140,,,,,,3,12,2,24,2555,23,235,42,59,30,42,5,,,59,5.473636363636365,73.23,0.03,,0.06,0.66
l1_championship_player_2024_44_86468,2024,1,l1_championship_club_2024_44,34,2,1,97,,,,,,,1,,,59,1,4,1,2,1,,1,,,52,4.1,54.74,0.03,,,0.93
l1_championship_player_2024_44_86468,2024,6,l1_championship_club_2024_44,10,,,,,,,,,,,,,,,,,,,,,,,10,,,,,,
l1_championship_player_2023_44_101882,2023,1,l1_championship_club_2023_44,36,1,,10,,,,,,,,,,10,,,1,,,,,,,59,,90,,,,
l1_championship_player_2024_44_101882,2024,1,l1_championship_club_2024_44,34,13,7,637,,,,,,,8,1,4,471,5,59,14,18,9,11,2,,,52,4.9484615384615385,66.55,0.21,,0.14,0.71
l1_championship_player_2024_44_101882,2024,6,l1_championship_club_2024_44,10,1,1,90,,,,,,,1,,2,46,,3,2,2,,,,,,10,2.55,46,0.1,,,
l1_championship_player_2024_44_101882,2024,10,l1_championship_club_2024_44,4,4,4,359,,,,,,,,,2,265,1,24,7,7,6,3,,,,7,5.416666666666667,66.43,1,,,0.25
l1_championship_player_2017_10_78140,2017,1,l1_championship_club_2017_10,,,,,,,,,,,,,,,,,,,,,,,,,,,,,,
l1_championship_player_2020_10_78140,2020,1,l1_championship_club_2020_10,,,,,,,,,,,,,,,,,,,,,,,,,,,,,,
l1_championship_player_2021_10_78140,2021,1,l1_championship_club_2021_10,1,1,1,75,,,,,,,1,,1,45,,1,1,1,,,,,,2,,54,1,,,
l1_championship_player_2022_10_78140,2022,1,l1_championship_club_2022_10,2,1,1,90,,,,,,,,,1,40,,3,1,2,3,1,,,,4,,40,0.5,,,
l1_championship_player_2023_10_78140,2023,1,l1_championship_club_2023_10,36,33,1,2765,,,,,,3,21,7,14,1663,18,141,48,56,30,19,5,,,46,5.205000000000001,54.13,0.03,,0.23,0.59
l1_championship_player_2024_10_78140,2024,1,l1_championship_club_2024_10,34,26,23,1871,1,1,,,,,19,3,7,1090,11,76,19,27,16,10,5,,1,23,4.653076923076923,52.43,0.68,1871,0.14,0.53
l1_championship_player_2024_10_78140,2024,10,l1_championship_club_2024_10,1,1,1,90,,,,,,,3,,,45,,2,,,1,,1,,,,4.08,45,1,,,
l1_championship_player_2025_10_78140,2025,1,l1_championship_club_2025_44,28,28,27,2415,2,2,,,2,1,23,7,7,1393,7,101,40,32,28,12,2,,,35,5.071428571428571,51.91,0.96,1207.5,0.26,0.26
l1_championship_player_2025_10_78140,2025,4,l1_championship_club_2025_10,2,1,,23,,,,,,,,,,15,,,1,,,,,,,3,4.58,58.7,,,,
l1_championship_player_2025_10_78140,2025,10,l1_championship_club_2025_44,1,1,,27,,,,,,,1,1,,18,1,1,1,,,,,,,1,5.3,60,,,3.33,3.33
l1_championship_player_2017_13_62484,2017,1,l1_championship_club_2017_13,,,,,,,,,,,,,,,,,,,,,,,,,,,,,,
l1_championship_player_2020_13_62484,2020,1,l1_championship_club_2020_13,,,,,,,,,,,,,,,,,,,,,,,,,,,,,,
l1_championship_player_2020_74_62484,2020,1,l1_championship_club_2020_74,,,,,,,,,,,,,,,,,,,,,,,,,,,,,,
l1_championship_player_2021_13_62484,2021,1,l1_championship_club_2021_13,,,,,,,,,,,,,,,,,,,,,,,,,,,,,,
l1_championship_player_2022_13_62484,2022,1,l1_championship_club_2022_13,,,,,,,,,,,,,,,,,,,,,,,,,,,,,,
l1_championship_player_2023_13_62484,2023,1,l1_championship_club_2023_13,37,,,,,,,,,,,,,,,,,,,,,,,84,,,,,,
l1_championship_player_2024_13_62484,2024,13,l1_championship_club_2024_9000000159,12,4,2,186,2,1,1,1,1,,8,3,1,126,16,13,1,2,3,2,1,,,21,5.513333333333333,60.97,0.17,93,1.45,7.74
l1_championship_player_2021_41_93599,2021,1,l1_championship_club_2021_41,2,,,,,,,,,,,,,,,,,,,,,,,3,,,,,,
l1_championship_player_2022_41_93599,2022,1,l1_championship_club_2021_41,2,,,,,,,,,,,,,,,,,,,,,,,3,,,,,,
l1_championship_player_2023_41_93599,2023,1,l1_championship_club_2023_44,32,26,,885,7,5,2,1,6,5,26,12,12,699,39,63,9,18,15,10,1,,,51,6.239999999999999,71.08,,126.43,1.22,3.97
l1_championship_player_2023_41_93599,2023,1,l1_championship_club_2023_41,1,,,,,,,,,,,,,,,,,,,,,,,1,,,,,,
l1_championship_player_2023_44_93599,2023,1,l1_championship_club_2023_44,32,26,,885,7,5,2,1,6,5,26,12,12,699,39,63,9,18,15,10,1,,,51,6.239999999999999,71.08,,126.43,1.22,3.97
l1_championship_player_2023_44_93599,2023,1,l1_championship_club_2023_41,1,,,,,,,,,,,,,,,,,,,,,,,1,,,,,,
l1_championship_player_2024_41_93599,2024,1,l1_championship_club_2024_41,2,,,,,,,,,,,,,,,,,,,,,,,2,,,,,,
l1_championship_player_2024_41_93599,2024,1,l1_championship_club_2024_44,32,30,13,1318,3,2,1,,3,2,22,10,26,981,39,92,28,29,17,22,1,,2,51,5.057999999999999,66.99,0.41,439.33,0.68,2.66
l1_championship_player_2024_41_93599,2024,6,l1_championship_club_2024_44,10,10,5,436,,,,,,,9,4,8,265,14,25,5,6,12,2,,,,10,4.670999999999999,54.7,0.5,,0.83,2.89
l1_championship_player_2024_41_93599,2024,10,l1_championship_club_2024_44,4,4,2,179,,,,,,,4,2,5,146,3,12,,6,1,1,,,,7,4.739999999999999,73.41,0.5,,1.01,1.51
l1_championship_player_2024_44_93599,2024,1,l1_championship_club_2024_41,2,,,,,,,,,,,,,,,,,,,,,,,2,,,,,,
l1_championship_player_2024_44_93599,2024,1,l1_championship_club_2024_44,32,30,13,1318,3,2,1,,3,2,22,10,26,981,39,92,28,29,17,22,1,,2,51,5.057999999999999,66.99,0.41,439.33,0.68,2.66
l1_championship_player_2024_44_93599,2024,6,l1_championship_club_2024_44,10,10,5,436,,,,,,,9,4,8,265,14,25,5,6,12,2,,,,10,4.670999999999999,54.7,0.5,,0.83,2.89
l1_championship_player_2024_44_93599,2024,10,l1_championship_club_2024_44,4,4,2,179,,,,,,,4,2,5,146,3,12,,6,1,1,,,,7,4.739999999999999,73.41,0.5,,1.01,1.51
l1_championship_player_2020_44_64091,2020,1,l1_championship_club_2020_44,,,,,,,,,,,,,,,,,,,,,,,,,,,,,,
l1_championship_player_2021_44_64091,2021,1,l1_championship_club_2021_44,,,,,,,,,,,,,,,,,,,,,,,,,,,,,,
l1_championship_player_2022_44_64091,2022,1,l1_championship_club_2022_44,,,,,,,,,,,,,,,,,,,,,,,,,,,,,,
l1_championship_player_2023_44_64091,2023,1,l1_championship_club_2023_44,36,35,1,2509,2,1,1,,2,,40,13,24,1515,27,116,19,28,22,18,6,,,59,5.251666666666666,54.34,0.03,1254.5,0.47,0.97
l1_championship_player_2024_44_64091,2024,1,l1_championship_club_2024_44,34,32,27,2329,1,,1,,1,,19,6,6,1384,13,93,18,32,29,22,5,,,52,4.8078125,53.48,0.79,2329,0.23,0.5
l1_championship_player_2024_44_64091,2024,6,l1_championship_club_2024_44,10,10,8,697,1,1,,,1,,10,3,8,342,5,24,6,6,13,6,,,,10,4.678,44.16,0.8,697,0.39,0.65
l1_championship_player_2024_44_64091,2024,10,l1_championship_club_2024_44,4,4,4,289,,,,,,,3,,3,219,2,15,4,6,4,2,1,,,7,5.1499999999999995,68.2,1,,,0.62
l1_championship_player_2024_44_104507,2024,1,l1_championship_club_2024_44,34,4,,28,,,,,,,,,,25,,1,,,,,,,,52,4.307499999999999,80.36,,,,
l1_championship_player_2024_44_104507,2024,6,l1_championship_club_2024_44,10,,,,,,,,,,,,,,,,,,,,,,,10,,,,,,
l1_championship_player_2017_159_57458,2017,1,l1_championship_club_2017_159,,,,,,,,,,,,,,,,,,,,,,,,,,,,,,
l1_championship_player_2020_15_56118,2020,1,l1_championship_club_2020_15,,,,,,,,,,,,,,,,,,,,,,,,,,,,,,
l1_championship_player_2021_15_56118,2021,1,l1_championship_club_2021_15,,,,,,,,,,,,,,,,,,,,,,,,,,,,,,
l1_championship_player_2022_15_56118,2022,1,l1_championship_club_2022_15,,,,,,,,,,,,,,,,,,,,,,,,,,,,,,
l1_championship_player_2024_44_56118,2024,1,l1_championship_club_2024_44,34,31,29,2504,13,6,7,7,1,1,54,27,35,974,128,193,6,19,61,26,5,,1,52,5.248709677419356,35.01,0.85,192.62,0.97,4.6
l1_championship_player_2024_44_56118,2024,6,l1_championship_club_2024_44,10,8,8,644,,,,,,2,13,4,14,224,34,50,1,,12,9,3,,,10,4.725,31.3,0.8,,0.56,4.75
l1_championship_player_2024_44_56118,2024,10,l1_championship_club_2024_44,4,4,2,218,1,,1,,1,,5,3,3,85,13,15,2,2,4,3,,,,7,5.2700000000000005,35.09,0.5,218,1.24,5.37
l1_championship_player_2020_74_88827,2020,1,l1_championship_club_2020_74,,,,,,,,,,,,,,,,,,,,,,,,,,,,,,
l1_championship_player_2021_33_88827,2021,1,l1_championship_club_2021_33,3,3,3,222,1,,1,,,,9,4,3,120,10,11,1,4,4,1,,,,5,,48.65,1,222,1.62,4.05
l1_championship_player_2021_74_88827,2021,1,l1_championship_club_2021_33,3,3,3,222,1,,1,,,,9,4,3,120,10,11,1,4,4,1,,,,5,,48.65,1,222,1.62,4.05
l1_championship_player_2022_33_88827,2022,1,l1_championship_club_2022_33,2,2,1,121,2,1,1,1,1,,8,7,,53,8,9,,,2,2,,,,5,,39.42,0.5,60.5,5.21,5.95
l1_championship_player_2023_159_88827,2023,1,l1_championship_club_2023_159,31,20,,543,2,,2,1,,3,17,9,13,268,45,39,3,5,8,9,1,,,47,5.0275,44.42,,271.5,1.49,7.46
l1_championship_player_2023_33_88827,2023,1,l1_championship_club_2023_159,31,20,,543,2,,2,1,,3,17,9,13,268,45,39,3,5,8,9,1,,,47,5.0275,44.42,,271.5,1.49,7.46
l1_championship_player_2024_44_88827,2024,1,l1_championship_club_2024_159,34,2,,31,,,,,,,1,,,17,2,4,1,2,1,1,,,,65,4.355,49.35,,,,5.81
l1_championship_player_2024_44_88827,2024,1,l1_championship_club_2024_44,34,27,12,1147,2,1,1,1,1,3,29,9,16,492,69,87,6,9,19,22,4,,2,52,4.743333333333334,38.61,0.35,573.5,0.71,5.41
l1_championship_player_2024_44_88827,2024,6,l1_championship_club_2024_44,10,9,5,452,,,,,,1,15,1,5,209,31,37,7,4,5,6,,,,10,4.58,41.62,0.5,,0.2,6.17
l1_championship_player_2024_44_88827,2024,10,l1_championship_club_2024_44,4,4,1,116,,,,,,,4,2,,48,5,9,,1,1,2,1,,,7,3.876666666666667,37.24,0.25,,1.55,3.88
l1_championship_player_2024_159_88827,2024,1,l1_championship_club_2024_159,34,2,,31,,,,,,,1,,,17,2,4,1,2,1,1,,,,65,4.355,49.35,,,,5.81
l1_championship_player_2024_159_88827,2024,1,l1_championship_club_2024_44,34,27,12,1147,2,1,1,1,1,3,29,9,16,492,69,87,6,9,19,22,4,,2,52,4.743333333333334,38.61,0.35,573.5,0.71,5.41
l1_championship_player_2024_159_88827,2024,6,l1_championship_club_2024_44,10,9,5,452,,,,,,1,15,1,5,209,31,37,7,4,5,6,,,,10,4.58,41.62,0.5,,0.2,6.17
l1_championship_player_2024_159_88827,2024,10,l1_championship_club_2024_44,4,4,1,116,,,,,,,4,2,,48,5,9,,1,1,2,1,,,7,3.876666666666667,37.24,0.25,,1.55,3.88
l1_championship_player_2024_33_88827,2024,1,l1_championship_club_2024_159,34,2,,31,,,,,,,1,,,17,2,4,1,2,1,1,,,,65,4.355,49.35,,,,5.81
l1_championship_player_2024_33_88827,2024,1,l1_championship_club_2024_44,34,27,12,1147,2,1,1,1,1,3,29,9,16,492,69,87,6,9,19,22,4,,2,52,4.743333333333334,38.61,0.35,573.5,0.71,5.41
l1_championship_player_2024_33_88827,2024,6,l1_championship_club_2024_44,10,9,5,452,,,,,,1,15,1,5,209,31,37,7,4,5,6,,,,10,4.58,41.62,0.5,,0.2,6.17
l1_championship_player_2024_33_88827,2024,10,l1_championship_club_2024_44,4,4,1,116,,,,,,,4,2,,48,5,9,,1,1,2,1,,,7,3.876666666666667,37.24,0.25,,1.55,3.88
l1_championship_player_2017_159_48039,2017,1,l1_championship_club_2017_159,,,,,,,,,,,,,,,,,,,,,,,,,,,,,,
l1_championship_player_2020_14_48039,2020,1,l1_championship_club_2020_14,,,,,,,,,,,,,,,,,,,,,,,,,,,,,,
l1_championship_player_2021_14_48039,2021,1,l1_championship_club_2021_14,,,,,,,,,,,,,,,,,,,,,,,,,,,,,,
l1_championship_player_2021_44_48039,2021,1,l1_championship_club_2021_44,,,,,,,,,,,,,,,,,,,,,,,,,,,,,,
l1_championship_player_2022_44_48039,2022,1,l1_championship_club_2022_44,,,,,,,,,,,,,,,,,,,,,,,,,,,,,,
l1_championship_player_2023_44_48039,2023,1,l1_championship_club_2023_44,36,35,1,2679,10,6,4,9,1,8,48,21,92,2132,84,221,9,32,26,65,5,,,59,5.911333333333333,71.62,0.03,267.9,0.71,2.82
l1_championship_player_2024_44_48039,2024,1,l1_championship_club_2024_44,34,26,14,1259,6,5,1,6,,4,21,12,37,910,41,75,6,22,11,17,,,2,52,5.168846153846155,65.05,0.41,209.83,0.86,2.93
l1_championship_player_2024_44_48039,2024,6,l1_championship_club_2024_44,10,7,3,316,,,,,,,4,2,9,252,3,27,3,4,4,7,1,,,10,4.765714285714286,71.77,0.3,,0.57,0.85
l1_championship_player_2024_44_48039,2024,10,l1_championship_club_2024_44,4,1,1,68,,,,,,1,,,1,39,4,3,,2,,,,,,7,,51.62,0.25,,,5.29
l1_championship_player_2020_6_72579,2020,1,l1_championship_club_2020_6,,,,,,,,,,,,,,,,,,,,,,,,,,,,,,
l1_championship_player_2021_6_72579,2021,1,l1_championship_club_2021_6,,,,,,,,,,,,,,,,,,,,,,,,,,,,,,
l1_championship_player_2023_25_72579,2023,4,l1_championship_club_2023_25,39,36,,2161,4,1,3,1,3,4,48,24,14,1008,112,189,17,28,57,43,4,1,,40,5.238076923076923,41.98,,540.25,1,4.66
l1_championship_player_2024_6_72579,2024,1,l1_championship_club_2024_6,34,14,6,635,2,1,1,1,1,1,14,5,7,305,36,43,1,10,23,9,5,,,42,4.8428571428571425,43.23,0.18,317.5,0.71,5.1
l1_championship_player_2024_25_72579,2024,1,l1_championship_club_2024_6,34,14,6,635,2,1,1,1,1,1,14,5,7,305,36,43,1,10,23,9,5,,,42,4.8428571428571425,43.23,0.18,317.5,0.71,5.1
l1_championship_player_2025_6_72579,2025,1,l1_championship_club_2025_6,3,,,,,,,,,,,,,,,,,,,,,,,5,,,,,,
l1_championship_player_2025_6_72579,2025,1,l1_championship_club_2025_37,3,,,,,,,,,,,,,,,,,,,,,,,2,,,,,,
l1_championship_player_2025_6_72579,2025,1,l1_championship_club_2025_44,26,23,11,1060,5,3,2,1,4,1,28,14,11,431,58,55,6,8,25,15,2,,1,34,4.822173913043478,36.59,0.42,212,1.19,4.92
l1_championship_player_2025_6_72579,2025,10,l1_championship_club_2025_44,1,1,1,90,1,,1,,1,,1,1,,38,6,2,1,,3,1,,,,1,6.12,38,1,90,1,6
l1_championship_player_2022_159_100455,2022,1,l1_championship_club_2022_159,,,,,,,,,,,,,,,,,,,,,,,,,,,,,,
l1_championship_player_2023_159_100455,2023,1,l1_championship_club_2023_159,4,,,,,,,,,,,,,,,,,,,,,,,3,,,,,,
l1_championship_player_2024_159_100455,2024,4,l1_championship_club_2024_73,34,32,31,2612,9,6,3,,9,3,91,32,23,1259,161,164,12,33,67,42,9,1,,39,4.983124999999999,43.38,0.91,290.22,1.1,5.55
l1_championship_player_2024_73_100455,2024,4,l1_championship_club_2024_73,34,32,31,2612,9,6,3,,9,3,91,32,23,1259,161,164,12,33,67,42,9,1,,39,4.983124999999999,43.38,0.91,290.22,1.1,5.55
l1_championship_player_2025_73_100455,2025,1,l1_championship_club_2025_44,26,24,8,946,1,1,,,1,,20,10,7,476,40,65,11,13,32,16,6,,1,34,4.423749999999999,45.29,0.31,946,0.95,3.81
l1_championship_player_2025_73_100455,2025,4,l1_championship_club_2025_73,4,3,3,264,1,,1,,,1,4,2,2,126,8,26,1,5,,5,,,,7,5.840000000000001,42.95,0.75,264,0.68,2.73
l1_championship_player_2025_73_100455,2025,10,l1_championship_club_2025_44,1,,,,,,,,,,,,,,,,,,,,,,,1,,,,,,
l1_championship_player_2021_90_88741,2021,4,l1_championship_club_2021_90,,,,,,,,,,,,,,,,,,,,,,,,,,,,,,
l1_championship_player_2022_90_88741,2022,4,l1_championship_club_2022_90,,,,,,,,,,,,,,,,,,,,,,,,,,,,,,
l1_championship_player_2023_90_88741,2023,4,l1_championship_club_2023_90,38,30,,2655,,,,,,,,,,1457,,,,,1,2,2,,,,5.334333333333334,49.39,,,,
l1_championship_player_2024_90_88741,2024,4,l1_championship_club_2024_90,34,34,34,3015,,,,,,,,,,1443,,,,,,10,,,,,5.398235294117647,43.07,1,,,
l1_championship_player_2017_12_19175,2017,1,l1_championship_club_2017_12,,,,,,,,,,,,,,,,,,,,,,,,,,,,,,
l1_championship_player_2021_20_19175,2021,4,l1_championship_club_2021_20,,,,,,,,,,,,,,,,,,,,,,,,,,,,,,
l1_championship_player_2022_159_19175,2022,1,l1_championship_club_2022_159,1,,,,,,,,,,,,,,,,,,,,,,,,,,,,,
l1_championship_player_2023_159_19175,2023,4,l1_championship_club_2023_90,19,,,,,,,,,,,,,,,,,,,,,,,,,,,,,
l1_championship_player_2023_90_19175,2023,4,l1_championship_club_2023_90,19,,,,,,,,,,,,,,,,,,,,,,,,,,,,,
l1_championship_player_2024_90_19175,2024,4,l1_championship_club_2024_90,34,1,,45,,,,,,,,,,14,,,,,,,,,,,5.47,28,,,,
l1_championship_player_2017_13_67904,2017,1,l1_championship_club_2017_13,,,,,,,,,,,,,,,,,,,,,,,,,,,,,,
l1_championship_player_2021_8_60726,2021,1,l1_championship_club_2021_8,,,,,,,,,,,,,,,,,,,,,,,,,,,,,,
l1_championship_player_2022_8_60726,2022,4,l1_championship_club_2022_8,,,,,,,,,,,,,,,,,,,,,,,,,,,,,,
l1_championship_player_2023_8_60726,2023,4,l1_championship_club_2023_90,35,12,,930,1,,1,,1,1,5,1,9,765,13,64,15,20,15,23,1,,,49,5.45,74.03,,930,0.1,1.26
l1_championship_player_2023_90_60726,2023,4,l1_championship_club_2023_90,35,12,,930,1,,1,,1,1,5,1,9,765,13,64,15,20,15,23,1,,,49,5.45,74.03,,930,0.1,1.26
l1_championship_player_2024_90_60726,2024,4,l1_championship_club_2024_90,34,1,,10,,,,,,,3,,,22,3,1,,,,,,,,55,4.37,198,,,,27
l1_championship_player_2021_90_62315,2021,4,l1_championship_club_2021_90,,,,,,,,,,,,,,,,,,,,,,,,,,,,,,
l1_championship_player_2022_90_62315,2022,4,l1_championship_club_2022_90,,,,,,,,,,,,,,,,,,,,,,,,,,,,,,
l1_championship_player_2023_90_62315,2023,4,l1_championship_club_2023_90,38,19,,1444,,,,,,,2,,,1229,3,46,23,12,12,8,4,,,49,5.1875,76.6,,,,0.19
l1_championship_player_2024_90_62315,2024,4,l1_championship_club_2024_90,34,9,6,573,1,,1,1,,,1,1,1,419,2,20,5,2,9,2,1,,1,55,5.243333333333332,65.81,0.18,573,0.16,0.31
l1_championship_player_2020_41_90544,2020,1,l1_championship_club_2020_41,,,,,,,,,,,,,,,,,,,,,,,,,,,,,,
l1_championship_player_2022_41_90544,2022,1,l1_championship_club_2021_41,2,,,,,,,,,,,,,,,,,,,,,,,3,,,,,,
l1_championship_player_2023_41_90544,2023,1,l1_championship_club_2023_41,35,27,,1834,,,,,,,4,,14,1289,12,87,21,35,38,9,7,1,,43,9.742727272727272,126.52,,,,1.18
l1_championship_player_2024_41_90544,2024,1,l1_championship_club_2024_41,17,5,2,190,,,,,,,1,,,152,1,9,4,4,1,2,,,,23,4.866,72,0.12,,,0.47
l1_championship_player_2024_41_90544,2024,4,l1_championship_club_2024_90,16,15,15,1304,,,,,,3,5,2,8,1026,10,64,23,17,24,16,5,,,29,5.736666666666666,70.81,0.94,,0.14,0.69
l1_championship_player_2024_41_90544,2024,10,l1_championship_club_2024_41,6,1,1,90,,,,,,1,1,1,2,108,,2,2,1,1,1,1,,,7,6.97,108,0.17,,1,
l1_championship_player_2024_90_90544,2024,1,l1_championship_club_2024_41,17,5,2,190,,,,,,,1,,,152,1,9,4,4,1,2,,,,23,4.866,72,0.12,,,0.47
l1_championship_player_2024_90_90544,2024,4,l1_championship_club_2024_90,16,15,15,1304,,,,,,3,5,2,8,1026,10,64,23,17,24,16,5,,,29,5.736666666666666,70.81,0.94,,0.14,0.69
l1_championship_player_2024_90_90544,2024,10,l1_championship_club_2024_41,6,1,1,90,,,,,,1,1,1,2,108,,2,2,1,1,1,1,,,7,6.97,108,0.17,,1,
l1_championship_player_2025_41_90544,2025,1,l1_championship_club_2025_90,30,17,13,1147,,,,,,1,4,,5,820,10,51,8,11,11,13,5,2,,40,4.9005882352941175,64.34,0.43,,,0.78
l1_championship_player_2025_41_90544,2025,4,l1_championship_club_2025_41,9,,,,,,,,,,,,,,,,,,,,,,,14,,,,,,
l1_championship_player_2025_41_90544,2025,10,l1_championship_club_2025_90,3,2,1,134,,,,,,,1,,2,119,,12,1,6,1,2,1,,,4,6.225,79.93,0.33,,,
l1_championship_player_2020_31_18719,2020,1,l1_championship_club_2020_31,,,,,,,,,,,,,,,,,,,,,,,,,,,,,,
l1_championship_player_2021_31_18719,2021,1,l1_championship_club_2021_31,,,,,,,,,,,,,,,,,,,,,,,,,,,,,,
l1_championship_player_2023_90_18719,2023,4,l1_championship_club_2023_90,38,11,,858,1,,1,,,,5,2,2,837,8,26,7,6,8,2,2,,,49,5.207777777777778,87.8,,858,0.21,0.84
l1_championship_player_2024_90_18719,2024,4,l1_championship_club_2024_90,34,31,31,2790,2,2,,,,1,15,3,2,2793,26,88,19,14,25,10,5,,,55,5.843548387096774,90.1,0.91,1395,0.1,0.84
l1_championship_player_2020_41_86437,2020,1,l1_championship_club_2020_41,,,,,,,,,,,,,,,,,,,,,,,,,,,,,,
l1_championship_player_2021_41_86437,2021,1,l1_championship_club_2021_41,2,,,,,,,,,,,,,,,,,,,,,,,3,,,,,,
l1_championship_player_2021_27_86437,2021,1,l1_championship_club_2021_41,2,,,,,,,,,,,,,,,,,,,,,,,3,,,,,,
l1_championship_player_2022_41_86437,2022,1,l1_championship_club_2021_41,2,,,,,,,,,,,,,,,,,,,,,,,3,,,,,,
l1_championship_player_2023_41_86437,2023,4,l1_championship_club_2023_90,38,38,,3334,,,,,,,13,3,5,3129,23,164,56,41,25,26,3,,,49,5.4097297297297295,84.47,,,0.08,0.62
l1_championship_player_2023_90_86437,2023,4,l1_championship_club_2023_90,38,38,,3334,,,,,,,13,3,5,3129,23,164,56,41,25,26,3,,,49,5.4097297297297295,84.47,,,0.08,0.62
l1_championship_player_2024_90_86437,2024,4,l1_championship_club_2024_90,34,32,32,2873,2,1,1,,1,1,11,4,4,2662,14,149,37,35,19,27,2,,1,55,6.134687500000002,83.39,0.94,1436.5,0.13,0.44
l1_championship_player_2023_90_102076,2023,4,l1_championship_club_2023_90,38,12,,296,2,1,1,2,,,5,3,5,227,7,16,2,5,6,7,,,,49,5.71,69.02,,148,0.91,2.13
l1_championship_player_2024_90_102076,2024,4,l1_championship_club_2024_90,34,22,10,949,,,,,,,7,1,24,801,15,47,5,15,11,12,1,,,55,5.109545454545454,75.96,0.29,,0.09,1.42
l1_championship_player_2021_41_92662,2021,1,l1_championship_club_2021_41,,,,,,,,,,,,,,,,,,,,,,,,,,,,,,
l1_championship_player_2023_41_92662,2023,1,l1_championship_club_2023_41,35,,,,,,,,,,,,,,,,,,,,,,,43,,,,,,
l1_championship_player_2024_41_92662,2024,1,l1_championship_club_2024_41,34,26,10,1149,,,,,,2,3,,5,748,9,40,8,9,9,8,3,,,33,4.844615384615384,58.59,0.29,,,0.7
l1_championship_player_2024_41_92662,2024,10,l1_championship_club_2024_41,6,4,3,279,1,,1,,1,1,1,1,3,178,2,8,4,2,2,3,,,,7,5.95,57.42,0.5,279,0.32,0.65
l1_championship_player_2025_41_92662,2025,1,l1_championship_club_2025_90,30,23,15,1463,,,,,,,4,1,17,1008,9,52,12,13,4,15,,,,40,5.056521739130434,62.01,0.5,,0.06,0.55
l1_championship_player_2025_41_92662,2025,4,l1_championship_club_2025_41,9,,,,,,,,,,,,,,,,,,,,,,,14,,,,,,
l1_championship_player_2025_41_92662,2025,10,l1_championship_club_2025_90,3,3,3,270,,,,,,,1,,1,167,2,7,3,4,2,1,,,,4,5.303333333333334,55.67,1,,,0.67
l1_championship_player_2017_14_67860,2017,1,l1_championship_club_2017_14,,,,,,,,,,,,,,,,,,,,,,,,,,,,,,
l1_championship_player_2020_14_67860,2020,1,l1_championship_club_2020_14,,,,,,,,,,,,,,,,,,,,,,,,,,,,,,
l1_championship_player_2021_14_67860,2021,1,l1_championship_club_2021_14,2,1,1,90,,,,,,,1,,2,102,,2,,,2,1,,,,6,,102,0.5,,,
l1_championship_player_2022_14_67860,2022,1,l1_championship_club_2021_14,2,1,1,90,,,,,,,1,,2,102,,2,,,2,1,,,,6,,102,0.5,,,
l1_championship_player_2023_90_101093,2023,4,l1_championship_club_2023_90,38,35,,2330,2,,2,,1,,46,9,28,1640,57,203,35,59,41,31,6,,,49,5.2396,63.35,,1165,0.35,2.2
l1_championship_player_2024_90_101093,2024,4,l1_championship_club_2024_90,34,31,27,2382,3,,3,,3,1,46,18,26,1648,80,195,31,49,40,37,6,,,55,5.32290322580645,62.27,0.79,794,0.68,3.02
l1_championship_player_2021_41_79500,2021,1,l1_championship_club_2021_41,2,2,2,150,,,,,,,3,,2,88,7,4,1,1,,2,,,,3,,52.8,1,,,4.2
l1_championship_player_2022_41_79500,2022,1,l1_championship_club_2021_41,2,2,2,150,,,,,,,3,,2,88,7,4,1,1,,2,,,,3,,52.8,1,,,4.2
l1_championship_player_2022_90_79500,2022,1,l1_championship_club_2021_41,2,2,2,150,,,,,,,3,,2,88,7,4,1,1,,2,,,,3,,52.8,1,,,4.2
l1_championship_player_2023_41_79500,2023,4,l1_championship_club_2023_90,38,37,,3100,6,4,2,6,,11,55,19,108,2649,121,227,15,24,20,102,3,,,49,5.616944444444443,76.91,,516.67,0.55,3.51
l1_championship_player_2023_90_79500,2023,4,l1_championship_club_2023_90,38,37,,3100,6,4,2,6,,11,55,19,108,2649,121,227,15,24,20,102,3,,,49,5.616944444444443,76.91,,516.67,0.55,3.51
l1_championship_player_2024_90_79500,2024,4,l1_championship_club_2024_90,34,30,25,2321,5,2,3,5,,6,47,15,53,2106,107,133,11,21,18,64,4,,1,55,6.069333333333334,81.66,0.74,464.2,0.58,4.15
l1_championship_player_2017_30_28858,2017,1,l1_championship_club_2017_30,,,,,,,,,,,,,,,,,,,,,,,,,,,,,,
l1_championship_player_2020_30_28858,2020,1,l1_championship_club_2020_30,,,,,,,,,,,,,,,,,,,,,,,,,,,,,,
l1_championship_player_2021_30_28858,2021,1,l1_championship_club_2021_30,,,,,,,,,,,,,,,,,,,,,,,,,,,,,,
l1_championship_player_2022_44_28858,2022,1,l1_championship_club_2022_44,,,,,,,,,,,,,,,,,,,,,,,,,,,,,,
l1_championship_player_2023_44_28858,2023,1,l1_championship_club_2023_44,36,31,1,2701,4,2,2,1,3,,54,13,29,2358,50,216,47,71,53,61,12,1,,59,5.598965517241379,78.57,0.03,675.25,0.43,1.67
l1_championship_player_2024_44_28858,2024,1,l1_championship_club_2024_44,34,20,17,1528,2,1,1,,2,3,22,8,19,1288,23,94,12,33,32,30,7,,,52,5.590999999999999,75.86,0.5,764,0.47,1.35
l1_championship_player_2024_44_28858,2024,6,l1_championship_club_2024_44,10,5,4,374,1,1,,,1,,11,3,4,307,7,29,7,10,6,7,1,,,10,4.994000000000001,73.88,0.4,374,0.72,1.68
l1_championship_player_2024_44_28858,2024,10,l1_championship_club_2024_44,4,3,1,118,,,,,,,,,1,104,3,5,,3,,,,,,7,4.86,79.32,0.25,,,2.29
l1_championship_player_2025_44_28858,2025,1,l1_championship_club_2025_44,2,2,2,180,,,,,,,4,,3,138,3,15,,4,2,5,,,,3,4.855,69,1,,,1.5
l1_championship_player_2025_44_28858,2025,1,l1_championship_club_2025_90,28,19,17,1528,1,,1,,1,1,25,6,11,1064,30,86,18,32,25,20,5,,1,38,5.312105263157895,62.67,0.61,1528,0.35,1.77
l1_championship_player_2025_44_28858,2025,10,l1_championship_club_2025_90,3,,,,,,,,,,,,,,,,,,,,,,,4,,,,,,
l1_championship_player_2017_1_48671,2017,1,l1_championship_club_2017_1,,,,,,,,,,,,,,,,,,,,,,,,,,,,,,
l1_championship_player_2020_1_48671,2020,1,l1_championship_club_2020_1,,,,,,,,,,,,,,,,,,,,,,,,,,,,,,
l1_championship_player_2024_90_48671,2024,4,l1_championship_club_2024_90,34,27,26,2339,3,3,,,3,6,27,8,67,2813,28,113,27,42,42,30,11,,2,55,6.35962962962963,108.24,0.76,779.67,0.31,1.08
l1_championship_player_2021_90_17313,2021,4,l1_championship_club_2021_90,,,,,,,,,,,,,,,,,,,,,,,,,,,,,,
l1_championship_player_2022_90_17313,2022,4,l1_championship_club_2022_90,,,,,,,,,,,,,,,,,,,,,,,,,,,,,,
l1_championship_player_2023_90_17313,2023,4,l1_championship_club_2023_90,38,20,,535,1,,1,,,,11,5,6,334,33,22,5,3,12,7,,,,49,5.062,56.19,,535,0.84,5.55
l1_championship_player_2024_90_17313,2024,4,l1_championship_club_2024_90,34,31,9,1056,3,3,,,3,1,19,10,14,581,56,34,9,8,11,15,5,1,,55,4.536451612903226,49.52,0.26,352,0.85,4.77
l1_championship_player_2021_17_59698,2021,4,l1_championship_club_2021_17,,,,,,,,,,,,,,,,,,,,,,,,,,,,,,
l1_championship_player_2023_17_59698,2023,4,l1_championship_club_2023_90,17,8,,406,,,,,,1,10,5,4,277,5,19,4,3,6,7,2,,,23,5.055,61.4,,,1.11,1.11
l1_championship_player_2023_17_59698,2023,4,l1_championship_club_2023_17,1,1,1,80,,,,,,,3,,1,63,2,4,1,,,1,,,,2,,70.88,1,,,2.25
l1_championship_player_2023_90_59698,2023,4,l1_championship_club_2023_90,17,8,,406,,,,,,1,10,5,4,277,5,19,4,3,6,7,2,,,23,5.055,61.4,,,1.11,1.11
l1_championship_player_2023_90_59698,2023,4,l1_championship_club_2023_17,1,1,1,80,,,,,,,3,,1,63,2,4,1,,,1,,,,2,,70.88,1,,,2.25
l1_championship_player_2024_90_59698,2024,4,l1_championship_club_2024_90,34,28,24,2057,2,,2,2,,4,32,9,21,1602,30,115,28,24,26,31,4,1,,55,5.324285714285715,70.09,0.71,1028.5,0.39,1.31
l1_championship_player_2025_2_101110,2025,1,l1_championship_club_2025_2,20,16,6,607,,,,,,,4,,2,331,11,26,7,8,12,9,3,,,14,4.4975000000000005,49.08,0.3,,,1.63
l1_championship_player_2025_2_101110,2025,1,l1_championship_club_2025_90,10,7,5,457,,,,,,,5,2,2,253,7,22,2,7,11,5,1,1,,14,4.3742857142857146,49.82,0.5,,0.39,1.38
l1_championship_player_2025_2_101110,2025,10,l1_championship_club_2025_2,1,1,1,81,,,,,,,1,,,37,1,4,2,1,3,1,1,,,1,3.97,41.11,1,,,1.11
l1_championship_player_2025_2_101110,2025,10,l1_championship_club_2025_90,1,1,,32,,,,,,,,,,33,,1,,,1,1,1,,,,4.96,92.81,,,,
l1_championship_player_2020_41_88576,2020,1,l1_championship_club_2020_41,,,,,,,,,,,,,,,,,,,,,,,,,,,,,,
l1_championship_player_2021_41_88576,2021,1,l1_championship_club_2021_41,2,1,1,90,,,,,,,1,,,32,1,5,4,1,3,2,1,,,3,,32,0.5,,,1
l1_championship_player_2022_41_88576,2022,1,l1_championship_club_2021_41,2,1,1,90,,,,,,,1,,,32,1,5,4,1,3,2,1,,,3,,32,0.5,,,1
l1_championship_player_2023_41_88576,2023,1,l1_championship_club_2023_41,35,28,,2258,4,2,2,,1,4,45,16,13,918,77,144,14,41,47,28,6,,,43,10.7284,73.7,,1109,1.3,6.13
l1_championship_player_2024_41_88576,2024,1,l1_championship_club_2024_41,20,19,19,1694,4,2,2,,2,1,32,10,19,650,61,114,17,18,28,31,5,,,26,5.057368421052631,34.53,0.95,423.5,0.53,3.24
l1_championship_player_2024_41_88576,2024,10,l1_championship_club_2024_41,2,2,2,180,,,,,,,2,1,1,93,4,16,3,1,4,3,,,,4,5.73,46.5,1,,0.5,2
l1_championship_player_2025_41_88576,2025,1,l1_championship_club_2025_90,30,12,8,774,4,1,3,1,2,1,16,8,6,305,35,46,3,3,8,8,,,,40,5.229166666666667,35.47,0.27,193.5,0.93,4.07
l1_championship_player_2025_41_88576,2025,10,l1_championship_club_2025_90,3,1,1,79,,,,,,,2,1,,44,1,12,1,2,1,4,,,,4,4.34,50.13,0.33,,1.14,1.14
l1_championship_player_2020_41_39732,2020,1,l1_championship_club_2020_41,,,,,,,,,,,,,,,,,,,,,,,,,,,,,,
l1_championship_player_2021_41_39732,2021,1,l1_championship_club_2021_41,1,,,,,,,,,,,,,,,,,,,,,,,1,,,,,,
l1_championship_player_2022_31_39732,2022,1,l1_championship_club_2021_41,1,,,,,,,,,,,,,,,,,,,,,,,1,,,,,,
l1_championship_player_2023_31_39732,2023,4,l1_championship_club_2023_31,38,34,,2411,4,2,2,,4,8,84,29,59,1326,100,124,18,21,41,52,5,,,48,5.696206896551723,49.5,,602.75,1.08,3.73
l1_championship_player_2024_31_39732,2024,1,l1_championship_club_2024_31,20,15,9,732,1,1,,,1,,23,10,13,358,29,34,7,7,11,14,3,1,,19,4.457999999999999,44.02,0.45,732,1.23,3.57
l1_championship_player_2024_31_39732,2024,4,l1_championship_club_2024_90,13,11,9,568,4,4,,,3,2,20,10,7,336,26,22,1,4,14,8,3,,,23,5.58,53.24,0.69,142,1.58,4.12
l1_championship_player_2024_31_39732,2024,10,l1_championship_club_2024_31,1,1,1,80,,,,,,,1,1,,24,1,6,,1,1,4,1,,,,4.72,27,1,,1.13,1.13
l1_championship_player_2024_90_39732,2024,1,l1_championship_club_2024_31,20,15,9,732,1,1,,,1,,23,10,13,358,29,34,7,7,11,14,3,1,,19,4.457999999999999,44.02,0.45,732,1.23,3.57
l1_championship_player_2024_90_39732,2024,4,l1_championship_club_2024_90,13,11,9,568,4,4,,,3,2,20,10,7,336,26,22,1,4,14,8,3,,,23,5.58,53.24,0.69,142,1.58,4.12
l1_championship_player_2024_90_39732,2024,10,l1_championship_club_2024_31,1,1,1,80,,,,,,,1,1,,24,1,6,,1,1,4,1,,,,4.72,27,1,,1.13,1.13
l1_championship_player_2017_159_77378,2017,1,l1_championship_club_2017_159,,,,,,,,,,,,,,,,,,,,,,,,,,,,,,
l1_championship_player_2020_9_77378,2020,1,l1_championship_club_2020_9,,,,,,,,,,,,,,,,,,,,,,,,,,,,,,
l1_championship_player_2021_9_77378,2021,1,l1_championship_club_2021_9,1,,,,,,,,,,,,,,,,,,,,,,,2,,,,,,
l1_championship_player_2021_12_77378,2021,1,l1_championship_club_2021_9,1,,,,,,,,,,,,,,,,,,,,,,,2,,,,,,
l1_championship_player_2022_9_77378,2022,1,l1_championship_club_2021_9,1,,,,,,,,,,,,,,,,,,,,,,,2,,,,,,
l1_championship_player_2021_90_57025,2021,4,l1_championship_club_2021_90,,,,,,,,,,,,,,,,,,,,,,,,,,,,,,
l1_championship_player_2022_90_57025,2022,4,l1_championship_club_2022_90,,,,,,,,,,,,,,,,,,,,,,,,,,,,,,
l1_championship_player_2023_90_57025,2023,4,l1_championship_club_2023_90,38,29,,2039,7,4,3,,6,8,46,19,36,1010,122,85,14,13,19,18,2,,,49,5.728695652173912,44.58,,291.29,0.84,5.38
l1_championship_player_2024_90_57025,2024,4,l1_championship_club_2024_90,34,30,23,1898,4,3,1,1,3,3,45,19,30,858,123,93,6,17,25,34,5,,,55,5.165333333333333,40.68,0.68,474.5,0.9,5.83
l1_championship_player_2020_8_84629,2020,1,l1_championship_club_2020_8,,,,,,,,,,,,,,,,,,,,,,,,,,,,,,
l1_championship_player_2021_8_84629,2021,1,l1_championship_club_2021_8,,,,,,,,,,,,,,,,,,,,,,,,,,,,,,
l1_championship_player_2021_90_84629,2021,4,l1_championship_club_2021_90,,,,,,,,,,,,,,,,,,,,,,,,,,,,,,
l1_championship_player_2022_8_84629,2022,4,l1_championship_club_2022_8,,,,,,,,,,,,,,,,,,,,,,,,,,,,,,
l1_championship_player_2023_90_84629,2023,4,l1_championship_club_2023_90,38,2,,53,,,,,,,,,,24,,3,1,1,1,1,,,,49,4.68,40.75,,,,
l1_championship_player_2024_90_84629,2024,4,l1_championship_club_2024_90,34,,,,,,,,,,,,,,,,,,,,,,,55,,,,,,
l1_championship_player_2020_7_26832,2020,1,l1_championship_club_2020_7,,,,,,,,,,,,,,,,,,,,,,,,,,,,,,
l1_championship_player_2021_7_26832,2021,1,l1_championship_club_2021_7,,,,,,,,,,,,,,,,,,,,,,,,,,,,,,
l1_championship_player_2021_40_26832,2021,1,l1_championship_club_2021_40,,,,,,,,,,,,,,,,,,,,,,,,,,,,,,
l1_championship_player_2022_90_26832,2022,4,l1_championship_club_2022_90,,,,,,,,,,,,,,,,,,,,,,,,,,,,,,
l1_championship_player_2023_90_26832,2023,4,l1_championship_club_2023_90,38,21,,1246,8,5,3,3,3,,36,15,7,477,52,70,6,8,35,8,4,,,49,5.188000000000001,34.45,,155.75,1.08,3.76
l1_championship_player_2024_90_26832,2024,4,l1_championship_club_2024_90,34,23,9,907,5,3,2,1,3,,31,9,7,294,50,70,2,10,22,7,1,,,55,4.62391304347826,29.17,0.26,181.4,0.89,4.96
l1_championship_player_2017_10_55821,2017,1,l1_championship_club_2017_10,,,,,,,,,,,,,,,,,,,,,,,,,,,,,,
l1_championship_player_2017_13_55821,2017,1,l1_championship_club_2017_13,,,,,,,,,,,,,,,,,,,,,,,,,,,,,,
l1_championship_player_2020_158_55821,2020,1,l1_championship_club_2020_158,,,,,,,,,,,,,,,,,,,,,,,,,,,,,,
l1_championship_player_2021_158_55821,2021,1,l1_championship_club_2021_158,,,,,,,,,,,,,,,,,,,,,,,,,,,,,,
l1_championship_player_2020_31_45928,2020,1,l1_championship_club_2020_31,,,,,,,,,,,,,,,,,,,,,,,,,,,,,,
l1_championship_player_2021_31_45928,2021,1,l1_championship_club_2021_31,,,,,,,,,,,,,,,,,,,,,,,,,,,,,,
l1_championship_player_2021_17_45928,2021,4,l1_championship_club_2021_17,,,,,,,,,,,,,,,,,,,,,,,,,,,,,,
l1_championship_player_2022_31_45928,2022,4,l1_championship_club_2022_31,,,,,,,,,,,,,,,,,,,,,,,,,,,,,,
l1_championship_player_2024_90_45928,2024,4,l1_championship_club_2024_90,34,31,27,2339,17,9,8,10,3,4,73,35,32,1244,167,192,5,15,41,48,2,1,1,55,5.769032258064517,47.87,0.79,137.59,1.35,6.43
l1_championship_player_2020_12_89637,2020,1,l1_championship_club_2020_12,,,,,,,,,,,,,,,,,,,,,,,,,,,,,,
l1_championship_player_2021_12_89637,2021,1,l1_championship_club_2021_12,,,,,,,,,,,,,,,,,,,,,,,,,,,,,,
l1_championship_player_2022_12_89637,2022,1,l1_championship_club_2022_12,,,,,,,,,,,,,,,,,,,,,,,,,,,,,,
l1_championship_player_2023_12_89637,2023,1,l1_championship_club_2023_12,35,23,,1861,3,1,2,,3,5,35,14,29,847,130,102,4,5,14,30,,,,31,11.27047619047619,81.92,,1218,1.33,12.61
l1_championship_player_2024_12_89637,2024,1,l1_championship_club_2024_12,34,32,31,2621,8,4,4,1,7,10,44,17,56,1305,150,146,12,14,11,51,2,,4,39,5.614375,44.81,0.91,327.63,0.58,5.15
l1_championship_player_2024_12_89637,2024,10,l1_championship_club_2024_12,2,1,1,69,,,,,,,1,,2,44,5,5,,,2,3,,,,5,,57.39,0.5,,,6.52
l1_championship_player_2024_8_104360,2024,4,l1_championship_club_2024_8,34,17,17,1463,,,,,,,1,,,767,,,,,,2,,,,,5.274117647058823,47.18,0.5,,,
l1_championship_player_2025_8_104360,2025,1,l1_championship_club_2025_158,30,3,2,226,,,,,,,,,,107,,,,,1,,,,,,4.3533333333333335,42.61,0.07,,,
l1_championship_player_2025_8_104360,2025,10,l1_championship_club_2025_158,2,2,2,180,,,,,,,,,,88,,,,,,,,,,,4.4399999999999995,44,1,,,
l1_championship_player_2025_8_104360,2025,13,l1_championship_club_2025_158,12,,,,,,,,,,,,,,,,,,,,,,,,,,,,,
l1_championship_player_2017_24_36573,2017,1,l1_championship_club_2017_24,,,,,,,,,,,,,,,,,,,,,,,,,,,,,,
l1_championship_player_2020_8_36573,2020,1,l1_championship_club_2020_8,,,,,,,,,,,,,,,,,,,,,,,,,,,,,,
l1_championship_player_2021_8_36573,2021,1,l1_championship_club_2021_8,,,,,,,,,,,,,,,,,,,,,,,,,,,,,,
l1_championship_player_2022_8_36573,2022,4,l1_championship_club_2022_8,,,,,,,,,,,,,,,,,,,,,,,,,,,,,,
l1_championship_player_2023_8_36573,2023,1,l1_championship_club_2023_8,35,,,,,,,,,,,,,,,,,,,,,,,,,,,,,
l1_championship_player_2024_158_36573,2024,1,l1_championship_club_2024_158,34,,,,,,,,,,,,,,,,,,,,,,,,,,,,,
l1_championship_player_2024_158_36573,2024,6,l1_championship_club_2024_158,10,,,,,,,,,,,,,,,,,,,,,,,,,,,,,
l1_championship_player_2024_158_36573,2024,10,l1_championship_club_2024_158,3,,,,,,,,,,,,,,,,,,,,,,,,,,,,,
l1_championship_player_2024_8_36573,2024,1,l1_championship_club_2024_158,34,,,,,,,,,,,,,,,,,,,,,,,,,,,,,
l1_championship_player_2024_8_36573,2024,6,l1_championship_club_2024_158,10,,,,,,,,,,,,,,,,,,,,,,,,,,,,,
l1_championship_player_2024_8_36573,2024,10,l1_championship_club_2024_158,3,,,,,,,,,,,,,,,,,,,,,,,,,,,,,
l1_championship_player_2022_158_98501,2022,1,l1_championship_club_2022_158,,,,,,,,,,,,,,,,,,,,,,,,,,,,,,
l1_championship_player_2023_158_98501,2023,1,l1_championship_club_2023_158,35,30,,2306,,,,,,,17,2,5,2220,26,117,35,23,27,38,6,1,,53,10.938333333333333,173.26999999999998,,,0.16,2.0700000000000003
l1_championship_player_2024_158_98501,2024,1,l1_championship_club_2024_158,34,30,30,2700,1,,1,,,2,21,4,9,2777,38,133,27,19,28,32,10,,1,52,5.9963333333333315,92.57,0.88,2700,0.13,1.27
l1_championship_player_2024_158_98501,2024,6,l1_championship_club_2024_158,10,10,10,900,,,,,,1,6,,5,782,7,51,9,8,3,13,1,,,19,5.861,78.2,1,,,0.7
l1_championship_player_2024_158_98501,2024,10,l1_championship_club_2024_158,3,3,2,196,,,,,,,1,,1,156,1,11,2,1,1,2,1,,,3,5.81,71.63,0.67,,,0.46
l1_championship_player_2024_158_34834,2024,1,l1_championship_club_2024_158,34,24,20,1736,,,,,,,6,2,5,1419,23,57,15,17,7,9,3,,,52,5.270833333333333,73.57,0.59,,0.1,1.19
l1_championship_player_2024_158_34834,2024,6,l1_championship_club_2024_158,10,5,4,320,,,,,,,,,1,171,,9,2,3,7,2,2,1,,19,4.438,48.09,0.4,,,
l1_championship_player_2024_158_34834,2024,10,l1_championship_club_2024_158,3,1,1,90,,,,,,,,,,84,,4,1,1,,1,,,,3,,84,0.33,,,
l1_championship_player_2022_1_99199,2022,1,l1_championship_club_2022_1,2,1,1,90,,,,,,,,,,77,1,7,,3,1,,,,,3,,77,0.5,,,1
l1_championship_player_2023_1_99199,2023,1,l1_championship_club_2023_1,35,26,,2299,2,1,1,,1,2,19,2,7,1707,27,93,15,23,22,9,1,,,54,11.140400000000001,134.41,,2254,0.16,2.12
l1_championship_player_2024_1_99199,2024,1,l1_championship_club_2024_1,34,,,,,,,,,,,,,,,,,,,,,,,74,,,,,,
l1_championship_player_2025_1_99199,2025,1,l1_championship_club_2025_158,27,13,9,953,,,,,,,7,3,4,809,8,41,14,9,10,6,3,,2,38,5.558461538461538,76.4,0.33,,0.28,0.76
l1_championship_player_2025_1_99199,2025,10,l1_championship_club_2025_158,2,,,,,,,,,,,,,,,,,,,,,,,2,,,,,,
l1_championship_player_2025_1_99199,2025,13,l1_championship_club_2025_158,12,8,7,705,,,,,,,4,3,4,565,7,43,11,10,2,8,,,,14,6.1425,72.13,0.58,,0.38,0.89
l1_championship_player_2017_13_78371,2017,1,l1_championship_club_2017_13,,,,,,,,,,,,,,,,,,,,,,,,,,,,,,
l1_championship_player_2024_158_78371,2024,1,l1_championship_club_2024_158,34,30,21,1925,2,2,,,2,,28,11,13,1789,60,103,34,38,27,3,5,,1,52,5.380333333333332,83.64,0.62,962.5,0.51,2.81
l1_championship_player_2024_158_78371,2024,6,l1_championship_club_2024_158,10,9,7,616,,,,,,1,8,4,3,528,12,37,10,12,6,1,3,,,19,5.364444444444445,77.14,0.7,,0.58,1.75
l1_championship_player_2024_158_78371,2024,10,l1_championship_club_2024_158,3,3,3,254,,,,,,,5,4,1,224,9,13,,5,5,,,,,3,5.4,79.37,1,,1.42,3.19
l1_championship_player_2024_158_104513,2024,1,l1_championship_club_2024_158,34,,,,,,,,,,,,,,,,,,,,,,,52,,,,,,
l1_championship_player_2017_30_62366,2017,1,l1_championship_club_2017_30,,,,,,,,,,,,,,,,,,,,,,,,,,,,,,
l1_championship_player_2020_44_62366,2020,1,l1_championship_club_2020_44,,,,,,,,,,,,,,,,,,,,,,,,,,,,,,
l1_championship_player_2023_30_62366,2023,1,l1_championship_club_2023_30,36,20,,358,,,,,,1,2,,3,319,5,25,6,8,4,8,2,,,43,4.975,80.2,,,,1.26
l1_championship_player_2024_30_62366,2024,14,l1_championship_club_2024_9000000185,15,8,5,577,,,,,,,3,,7,440,6,37,5,8,9,19,3,,,23,4.801428571428572,68.63,0.33,,,0.94
l1_championship_player_2023_158_101141,2023,1,l1_championship_club_2023_158,35,30,,2454,1,,1,,1,2,34,7,28,1964,62,225,17,46,39,87,7,,,53,11.298461538461538,143.72,,4818,0.53,4.55
l1_championship_player_2024_158_101141,2024,1,l1_championship_club_2024_158,34,7,4,405,,,,,,,8,4,5,312,23,40,2,7,6,10,1,,,52,5.6014285714285705,69.33,0.12,,0.89,5.11
l1_championship_player_2024_158_101141,2024,6,l1_championship_club_2024_158,10,2,1,116,,,,,,,,,1,94,,10,6,2,,4,,,,19,5.205,72.93,0.1,,,
l1_championship_player_2020_158_87404,2020,1,l1_championship_club_2020_158,,,,,,,,,,,,,,,,,,,,,,,,,,,,,,
l1_championship_player_2021_158_87404,2021,1,l1_championship_club_2021_158,,,,,,,,,,,,,,,,,,,,,,,,,,,,,,
l1_championship_player_2022_158_87404,2022,1,l1_championship_club_2022_158,,,,,,,,,,,,,,,,,,,,,,,,,,,,,,
l1_championship_player_2023_158_87404,2023,1,l1_championship_club_2023_158,35,,,,,,,,,,,,,,,,,,,,,,,53,,,,,,
l1_championship_player_2024_158_87404,2024,1,l1_championship_club_2024_158,16,1,,5,,,,,,,,,,9,,1,1,,,,,,,26,4.25,162,,,,
l1_championship_player_2024_158_87404,2024,6,l1_championship_club_2024_158,10,1,1,45,,,,,,,,,,25,,2,,2,2,,1,,,19,4.56,50,0.1,,,
l1_championship_player_2024_158_87404,2024,10,l1_championship_club_2024_9000001996,1,1,1,90,,,,,,,,,,56,,5,2,,1,,,,,1,,56,1,,,
l1_championship_player_2024_158_87404,2024,10,l1_championship_club_2024_68,1,,,,,,,,,,,,,,,,,,,,,,,1,,,,,,
l1_championship_player_2017_14_701,2017,1,l1_championship_club_2017_14,,,,,,,,,,,,,,,,,,,,,,,,,,,,,,
l1_championship_player_2020_158_701,2020,1,l1_championship_club_2020_158,,,,,,,,,,,,,,,,,,,,,,,,,,,,,,
l1_championship_player_2021_158_701,2021,1,l1_championship_club_2021_158,,,,,,,,,,,,,,,,,,,,,,,,,,,,,,
l1_championship_player_2022_158_701,2022,1,l1_championship_club_2022_158,,,,,,,,,,,,,,,,,,,,,,,,,,,,,,
l1_championship_player_2023_158_701,2023,1,l1_championship_club_2023_158,35,31,,2663,4,3,1,,,,24,9,20,2426,34,226,37,52,53,44,9,,,53,10.708275862068962,163.83999999999997,,1309,0.61,2.3
l1_championship_player_2024_158_701,2024,1,l1_championship_club_2024_158,34,30,30,2693,,,,,,2,16,4,21,2399,47,255,48,57,50,49,12,,,52,5.603666666666666,80.17,0.88,,0.13,1.57
l1_championship_player_2024_158_701,2024,6,l1_championship_club_2024_158,10,9,9,810,,,,,,,5,1,2,641,7,57,11,11,12,11,3,,,19,5.442222222222223,71.22,0.9,,0.11,0.78
l1_championship_player_2024_158_701,2024,10,l1_championship_club_2024_158,3,2,2,180,,,,,,,,,,137,1,14,1,4,1,2,,,,3,5,68.5,0.67,,,0.5
l1_championship_player_2021_158_91059,2021,1,l1_championship_club_2021_158,,,,,,,,,,,,,,,,,,,,,,,,,,,,,,
l1_championship_player_2024_158_91059,2024,1,l1_championship_club_2024_158,34,,,,,,,,,,,,,,,,,,,,,,,52,,,,,,
l1_championship_player_2024_158_91059,2024,6,l1_championship_club_2024_158,10,,,,,,,,,,,,,,,,,,,,,,,19,,,,,,
l1_championship_player_2021_37_95633,2021,1,l1_championship_club_2021_37,,,,,,,,,,,,,,,,,,,,,,,,,,,,,,
l1_championship_player_2022_37_95633,2022,1,l1_championship_club_2022_37,,,,,,,,,,,,,,,,,,,,,,,,,,,,,,
l1_championship_player_2023_158_95633,2023,1,l1_championship_club_2023_158,32,26,,1968,,,,,,3,10,2,14,1736,6,105,37,32,23,18,7,,,49,5.090434782608695,79.39,,,0.09,0.27
l1_championship_player_2024_158_95633,2024,1,l1_championship_club_2024_158,34,10,3,323,1,,1,1,,,5,1,1,284,2,8,5,3,3,1,,,1,52,4.615,79.13,0.09,323,0.28,0.56
l1_championship_player_2024_158_95633,2024,6,l1_championship_club_2024_158,10,,,,,,,,,,,,,,,,,,,,,,,19,,,,,,
l1_championship_player_2023_158_90486,2023,1,l1_championship_club_2023_158,35,9,,126,,,,,,,,,1,142,1,8,1,2,8,,1,1,,53,7.78,202.86,,,,1.42
l1_championship_player_2024_158_90486,2024,1,l1_championship_club_2024_158,34,24,11,1148,,,,,,1,3,1,5,756,15,82,10,31,18,9,2,,1,52,4.868333333333333,59.27,0.32,,0.08,1.18
l1_championship_player_2024_158_90486,2024,6,l1_championship_club_2024_158,10,9,7,622,,,,,,1,2,1,3,384,3,21,9,4,14,3,1,,,19,4.81111111111111,55.56,0.7,,0.14,0.43
l1_championship_player_2024_158_90486,2024,10,l1_championship_club_2024_158,3,3,1,92,,,,,,,,,1,94,2,8,2,1,2,2,,,,3,3.92,91.96,0.33,,,1.96
l1_championship_player_2023_158_101344,2023,1,l1_championship_club_2023_158,35,27,,1368,2,1,1,,2,,12,6,17,756,40,60,3,8,16,29,6,,,53,10.666,99.91,,1328,0.81,5.43
l1_championship_player_2024_158_101344,2024,1,l1_championship_club_2024_158,34,25,21,1765,5,4,1,2,3,3,35,13,35,1210,84,92,8,16,19,27,3,,1,52,5.2648,61.7,0.62,353,0.66,4.28
l1_championship_player_2024_158_101344,2024,6,l1_championship_club_2024_158,10,6,3,304,2,1,1,,2,,7,3,5,222,16,25,1,1,2,9,,,,19,5.596666666666667,65.72,0.3,152,0.89,4.74
l1_championship_player_2024_158_101344,2024,10,l1_championship_club_2024_158,3,3,2,195,1,,1,,1,,9,4,3,116,6,4,1,,3,3,1,,,3,4.95,53.54,0.67,195,1.85,2.77
l1_championship_player_2021_13_93229,2021,1,l1_championship_club_2021_13,,,,,,,,,,,,,,,,,,,,,,,,,,,,,,
l1_championship_player_2024_158_93229,2024,1,l1_championship_club_2024_158,34,10,1,216,,,,,,,11,4,6,189,20,11,1,2,5,1,3,,,52,4.755,78.75,0.03,,1.67,8.33
l1_championship_player_2024_158_93229,2024,6,l1_championship_club_2024_158,10,2,1,78,,,,,,,2,,1,54,5,7,1,2,,1,,,,19,4.67,62.31,0.1,,,5.77
l1_championship_player_2024_158_93229,2024,10,l1_championship_club_2024_158,3,1,,27,,,,,,,2,,,18,3,,,,1,,,,,3,4.51,60,,,,10
l1_championship_player_2024_158_103513,2024,1,l1_championship_club_2024_158,34,22,14,1194,,,,,,1,11,2,12,820,16,71,15,18,19,15,4,,,52,4.943181818181818,61.81,0.41,,0.15,1.21
l1_championship_player_2024_158_103513,2024,6,l1_championship_club_2024_158,10,8,6,566,2,,2,,2,,5,3,3,334,7,20,4,3,3,2,2,,,19,5.26,53.11,0.6,283,0.48,1.11
l1_championship_player_2024_158_103513,2024,10,l1_championship_club_2024_158,3,3,3,250,,,,,,,1,,1,183,2,7,1,2,6,2,,,,3,4.9,65.88,1,,,0.72
l1_championship_player_2021_2_42500,2021,4,l1_championship_club_2021_2,,,,,,,,,,,,,,,,,,,,,,,,,,,,,,
l1_championship_player_2022_2_42500,2022,1,l1_championship_club_2022_2,1,1,1,65,,,,,,,1,,,28,,3,1,,1,1,,,,2,,38.77,1,,,
l1_championship_player_2023_2_42500,2023,4,l1_championship_club_2023_2,40,40,2,3163,7,4,3,2,4,11,78,32,79,2150,188,154,18,22,22,41,1,,,76,5.856285714285714,61.18,0.05,451.86,0.91,5.35
l1_championship_player_2024_2_42500,2024,1,l1_championship_club_2024_2,34,34,31,2704,10,5,5,5,5,10,59,26,73,1484,111,132,12,26,24,20,2,,5,48,5.705882352941176,49.39,0.91,270.4,0.87,3.69
l1_championship_player_2024_2_42500,2024,10,l1_championship_club_2024_2,1,1,1,90,,,,,,,3,1,1,70,5,7,,1,,2,,,,,4.53,70,1,,1,5
l1_championship_player_2025_2_42500,2025,1,l1_championship_club_2025_2,4,,,,,,,,,,,,,,,,,,,,,,,3,,,,,,
l1_championship_player_2025_2_42500,2025,1,l1_championship_club_2025_158,10,8,3,293,1,1,,,1,,6,3,9,206,16,17,2,6,6,1,1,,,15,4.948750000000001,63.28,0.3,293,0.92,4.91
l1_championship_player_2025_2_42500,2025,10,l1_championship_club_2025_158,2,,,,,,,,,,,,,,,,,,,,,,,2,,,,,,
l1_championship_player_2025_2_42500,2025,13,l1_championship_club_2025_158,4,3,3,185,,,,,,,2,2,1,106,7,7,,1,5,1,,,,2,4.13,51.57,0.75,,0.97,3.41
l1_championship_player_2024_158_103778,2024,1,l1_championship_club_2024_158,34,30,10,1284,3,2,1,2,1,4,23,9,29,878,73,60,7,9,8,12,1,,1,52,5.091666666666667,61.54,0.29,428,0.63,5.12
l1_championship_player_2024_158_103778,2024,6,l1_championship_club_2024_158,10,9,5,455,2,2,,1,1,1,6,3,5,284,32,28,4,2,3,9,,,,19,5.388888888888889,56.18,0.5,227.5,0.59,6.33
l1_championship_player_2024_158_103778,2024,10,l1_championship_club_2024_158,3,3,2,143,,,,,,,5,3,4,115,16,7,,,1,2,,,,3,5.07,72.38,0.67,,1.89,10.07
l1_championship_player_2021_16_84098,2021,4,l1_championship_club_2021_16,,,,,,,,,,,,,,,,,,,,,,,,,,,,,,
l1_championship_player_2023_16_84098,2023,1,l1_championship_club_2023_16,35,,,,,,,,,,,,,,,,,,,,,,,44,,,,,,
l1_championship_player_2024_16_84098,2024,1,l1_championship_club_2024_16,34,10,1,164,2,,2,1,1,,5,3,1,102,13,11,2,2,4,3,,1,,44,4.399,55.98,0.03,82,1.65,7.13
l1_championship_player_2024_16_84098,2024,10,l1_championship_club_2024_16,3,1,,13,,,,,,,1,,,9,1,1,,1,,,,,,2,4.2,62.31,,,,6.92
l1_championship_player_2025_16_84098,2025,1,l1_championship_club_2025_16,20,12,2,248,,,,,,,8,3,6,150,26,20,3,3,4,4,,,,31,4.581666666666666,54.44,0.1,,1.09,9.44
l1_championship_player_2025_16_84098,2025,1,l1_championship_club_2025_158,10,3,1,91,,,,,,,2,,1,55,3,10,,3,1,2,,,,15,4.453333333333333,54.4,0.1,,,2.97
l1_championship_player_2025_16_84098,2025,10,l1_championship_club_2025_16,2,1,1,71,,,,,,,4,1,1,30,10,4,,2,1,,,,,3,4.98,38.03,0.5,,1.27,12.68
l1_championship_player_2025_16_84098,2025,10,l1_championship_club_2025_158,2,,,,,,,,,,,,,,,,,,,,,,,2,,,,,,
l1_championship_player_2025_16_84098,2025,13,l1_championship_club_2025_158,4,2,,37,,,,,,,1,1,,33,2,4,2,,,1,,,,2,4.275,80.27,,,2.43,4.86
l1_championship_player_2024_158_90768,2024,1,l1_championship_club_2024_158,34,22,12,1064,4,2,2,,4,2,23,12,16,484,59,53,3,9,18,21,4,,,52,5.006818181818182,40.94,0.35,266,1.02,4.99
l1_championship_player_2024_158_90768,2024,6,l1_championship_club_2024_158,10,7,2,260,,,,,,1,3,1,4,120,14,20,,3,3,4,,,,19,4.875714285714286,41.54,0.2,,0.35,4.85
l1_championship_player_2024_158_90768,2024,10,l1_championship_club_2024_158,3,1,,11,,,,,,,1,,1,17,6,3,,1,1,,,,,3,,139.09,,,,49.09
l1_championship_player_2020_158_87402,2020,1,l1_championship_club_2020_158,,,,,,,,,,,,,,,,,,,,,,,,,,,,,,
l1_championship_player_2021_158_87402,2021,1,l1_championship_club_2021_158,,,,,,,,,,,,,,,,,,,,,,,,,,,,,,
l1_championship_player_2017_13_56648,2017,1,l1_championship_club_2017_13,,,,,,,,,,,,,,,,,,,,,,,,,,,,,,
l1_championship_player_2021_12_56648,2021,1,l1_championship_club_2021_12,,,,,,,,,,,,,,,,,,,,,,,,,,,,,,
l1_championship_player_2022_12_56648,2022,1,l1_championship_club_2022_12,,,,,,,,,,,,,,,,,,,,,,,,,,,,,,
l1_championship_player_2023_12_56648,2023,1,l1_championship_club_2023_12,35,6,,540,,,,,,,,,,261,,,,,,2,1,,,,10.976666666666667,87,,,,
l1_championship_player_2024_12_56648,2024,1,l1_championship_club_2024_159,34,1,1,90,,,,,,,,,,37,,,,,,,,,,,4.47,37,0.03,,,
l1_championship_player_2024_12_56648,2024,10,l1_championship_club_2024_159,2,1,1,90,,,,,,,,,,33,,,,,,,1,,,,5.29,33,0.5,,,
l1_championship_player_2024_12_56648,2024,13,l1_championship_club_2024_159,12,1,1,90,,,,,,,,,,51,,,,,,,,,,,5.17,51,0.08,,,
l1_championship_player_2024_159_56648,2024,1,l1_championship_club_2024_159,34,1,1,90,,,,,,,,,,37,,,,,,,,,,,4.47,37,0.03,,,
l1_championship_player_2024_159_56648,2024,10,l1_championship_club_2024_159,2,1,1,90,,,,,,,,,,33,,,,,,,1,,,,5.29,33,0.5,,,
l1_championship_player_2024_159_56648,2024,13,l1_championship_club_2024_159,12,1,1,90,,,,,,,,,,51,,,,,,,,,,,5.17,51,0.08,,,
l1_championship_player_2023_159_98716,2023,1,l1_championship_club_2023_159,,,,,,,,,,,,,,,,,,,,,,,,,,,,,,
l1_championship_player_2024_159_98716,2024,1,l1_championship_club_2024_159,34,,,,,,,,,,,,,,,,,,,,,,,,,,,,,
l1_championship_player_2024_159_98716,2024,13,l1_championship_club_2024_159,12,,,,,,,,,,,,,,,,,,,,,,,,,,,,,
l1_championship_player_2024_159_103734,2024,1,l1_championship_club_2024_159,34,19,12,1091,1,,1,1,,1,7,3,11,821,22,46,5,20,16,4,1,,,65,5.2888888888888905,67.73,0.35,1091,0.25,1.81
l1_championship_player_2024_159_103734,2024,10,l1_championship_club_2024_159,2,2,2,180,,,,,,,1,,,184,2,7,2,,3,2,,,,4,5.26,92,1,,,1
l1_championship_player_2024_159_103734,2024,13,l1_championship_club_2024_159,12,6,4,355,1,,1,1,,,2,1,4,305,5,19,4,8,8,,1,,,29,5.056666666666667,77.32,0.33,355,0.25,1.27
l1_championship_player_2024_14_103830,2024,1,l1_championship_club_2024_14,34,26,18,1680,,,,,,,8,,15,1340,17,89,29,16,20,10,3,,,51,5.065384615384615,71.79,0.53,,,0.91
l1_championship_player_2024_14_103830,2024,10,l1_championship_club_2024_14,2,2,2,180,,,,,,,,,,201,,7,4,2,1,1,1,,,4,6.7,100.5,1,,,
l1_championship_player_2025_14_103830,2025,1,l1_championship_club_2025_14,7,1,,21,,,,,,,,,,12,,1,,,2,,,,,9,2.38,51.43,,,,
l1_championship_player_2025_14_103830,2025,1,l1_championship_club_2025_159,23,14,8,697,,,,,,,6,1,1,487,9,22,8,9,8,3,,1,,36,4.7178571428571425,62.88,0.35,,0.13,1.16
l1_championship_player_2025_14_103830,2025,10,l1_championship_club_2025_159,4,3,2,190,,,,,,,2,,1,181,2,7,1,,,1,,,,9,5.513333333333333,85.74,0.5,,,0.95
l1_championship_player_2025_14_103830,2025,13,l1_championship_club_2025_159,8,,,,,,,,,,,,,,,,,,,,,,,16,,,,,,
l1_championship_player_2023_159_101569,2023,1,l1_championship_club_2023_159,35,23,,1432,1,1,,,1,4,18,6,18,1000,43,79,17,18,5,11,1,1,,50,10.46625,125.7,,2864,0.76,5.4
l1_championship_player_2024_159_101569,2024,1,l1_championship_club_2024_159,34,32,20,1978,1,1,,,1,4,22,7,27,1581,73,113,25,44,16,10,1,,,65,5.376129032258063,71.94,0.59,1978,0.32,3.32
l1_championship_player_2024_159_101569,2024,10,l1_championship_club_2024_159,2,1,1,65,,,,,,,1,,1,68,,4,1,,1,,1,,,4,,94.15,0.5,,,
l1_championship_player_2024_159_101569,2024,13,l1_championship_club_2024_159,12,11,10,958,,,,,,3,13,3,10,828,22,65,8,23,5,11,2,,,29,5.76,77.79,0.83,,0.28,2.07
l1_championship_player_2023_159_101530,2023,1,l1_championship_club_2023_159,35,29,,2243,,,,,,3,14,,14,1903,15,130,40,24,29,37,6,,,50,10.844000000000001,152.43,,,,1.21
l1_championship_player_2024_159_101530,2024,1,l1_championship_club_2024_159,34,29,27,2370,,,,,,4,5,,11,1956,15,110,46,29,27,34,5,,,65,5.625714285714284,74.28,0.79,,,0.57
l1_championship_player_2024_159_101530,2024,10,l1_championship_club_2024_159,2,2,1,115,,,,,,,,,,159,,8,,3,,2,,,,4,6.95,124.43,0.5,,,
l1_championship_player_2024_159_101530,2024,13,l1_championship_club_2024_159,12,9,9,793,,,,,,,1,,,608,,27,9,2,6,10,1,,,29,5.16875,69,0.75,,,
l1_championship_player_2017_8_57857,2017,1,l1_championship_club_2017_8,,,,,,,,,,,,,,,,,,,,,,,,,,,,,,
l1_championship_player_2024_159_57857,2024,1,l1_championship_club_2024_159,34,31,30,2725,,,,,,,2,1,7,2173,7,109,25,27,34,16,2,,1,65,5.551935483870968,71.77,0.88,,0.03,0.23
l1_championship_player_2024_159_57857,2024,10,l1_championship_club_2024_159,2,2,2,180,,,,,,,,,,152,,14,1,1,3,6,,,,4,6.95,76,1,,,
l1_championship_player_2024_159_57857,2024,13,l1_championship_club_2024_159,12,9,8,752,,,,,,,1,,3,610,7,35,8,3,7,3,2,,,29,5.276666666666667,73.01,0.67,,,0.84
l1_championship_player_2022_159_99162,2022,1,l1_championship_club_2022_159,1,1,1,90,,,,,,,,,2,58,2,2,1,,1,1,,,,1,,58,1,,,2
l1_championship_player_2023_159_99162,2023,1,l1_championship_club_2023_159,35,26,,2217,4,1,3,3,,1,16,7,18,1504,41,112,29,34,37,33,5,1,,50,10.8016,122.24000000000001,,1263.25,0.53,3.3099999999999996
l1_championship_player_2024_159_99162,2024,1,l1_championship_club_2024_159,34,24,22,1904,3,2,1,1,1,1,28,7,5,1637,50,110,36,37,41,27,7,,,65,5.8386956521739135,77.38,0.65,634.67,0.33,2.36
l1_championship_player_2024_159_99162,2024,13,l1_championship_club_2024_159,12,9,8,748,2,,2,,1,,7,4,8,574,21,57,11,12,12,21,5,,,29,5.84125,69.06,0.67,374,0.48,2.53
l1_championship_player_2021_159_92392,2021,1,l1_championship_club_2021_159,,,,,,,,,,,,,,,,,,,,,,,,,,,,,,
l1_championship_player_2024_159_104224,2024,1,l1_championship_club_2024_159,34,,,,,,,,,,,,,,,,,,,,,,,65,,,,,,
l1_championship_player_2023_159_102091,2023,1,l1_championship_club_2023_159,35,8,,397,2,1,1,,2,,5,2,7,241,8,17,5,3,11,4,,,,50,10.94,109.26,,397,0.9,3.62
l1_championship_player_2024_159_102091,2024,1,l1_championship_club_2024_159,2,1,1,68,,,,,,,1,,1,43,2,1,,,,,,,,,4.54,56.91,0.5,,,2.65
l1_championship_player_2024_159_102091,2024,13,l1_championship_club_2024_159,12,,,,,,,,,,,,,,,,,,,,,,,29,,,,,,
l1_championship_player_2024_159_91416,2024,1,l1_championship_club_2024_159,11,,,,,,,,,,,,,,,,,,,,,,,23,,,,,,
l1_championship_player_2024_159_104049,2024,1,l1_championship_club_2024_159,34,25,13,1229,1,,1,,1,,18,10,7,957,21,53,19,15,14,14,3,,,65,5.0748,70.08,0.38,1229,0.73,1.54
l1_championship_player_2024_159_104049,2024,10,l1_championship_club_2024_159,2,1,1,89,,,,,,,1,,,71,2,5,1,3,1,2,,,,4,6.58,71.8,0.5,,,2.02
l1_championship_player_2024_159_104049,2024,13,l1_championship_club_2024_159,12,9,6,521,,,,,,,4,2,7,371,4,28,5,7,4,6,1,,,29,4.937500000000001,64.09,0.5,,0.35,0.69
l1_championship_player_2022_159_38233,2022,1,l1_championship_club_2022_159,1,1,1,90,,,,,,1,,,1,101,,7,1,1,1,1,1,,,1,,101,1,,,
l1_championship_player_2023_159_38233,2023,1,l1_championship_club_2023_159,35,26,,1840,2,2,,1,1,1,44,16,29,1609,47,107,11,23,24,25,6,,,50,10.827619047619049,156.25,,1795,1.5,4.51
l1_championship_player_2024_159_38233,2024,1,l1_championship_club_2024_159,34,32,27,2333,7,4,3,,3,5,51,20,31,2019,90,172,22,25,44,50,4,,1,65,5.810967741935483,77.89,0.79,333.29,0.77,3.47
l1_championship_player_2024_159_38233,2024,10,l1_championship_club_2024_159,2,2,2,119,,,,,,,4,1,1,117,4,3,1,,1,,,,,4,4.37,88.49,1,,0.76,3.03
l1_championship_player_2024_159_38233,2024,13,l1_championship_club_2024_159,12,12,10,895,3,1,2,,2,2,25,13,11,858,39,70,11,10,20,24,3,1,,29,5.711818181818182,86.28,0.83,298.33,1.31,3.92
l1_championship_player_2023_159_102019,2023,1,l1_championship_club_2023_159,35,17,,549,3,1,2,2,1,,9,7,6,275,25,24,5,4,3,11,,,,50,9.795000000000002,90.16,,366,2.3,8.2
l1_championship_player_2024_159_102019,2024,1,l1_championship_club_2024_159,34,29,16,1586,5,2,3,2,3,3,31,15,25,904,102,84,8,11,13,36,2,,1,65,5.3675,51.3,0.47,317.2,0.85,5.79
l1_championship_player_2024_159_102019,2024,10,l1_championship_club_2024_159,2,2,2,179,,,,,,,7,3,4,121,19,10,1,2,2,3,,,,4,6.33,60.84,1,,1.51,9.55
l1_championship_player_2024_159_102019,2024,13,l1_championship_club_2024_159,12,10,5,513,6,1,5,4,2,1,12,9,9,294,49,34,2,6,7,13,1,,,29,6.152222222222222,51.58,0.42,85.5,1.58,8.6
l1_championship_player_2017_9_27689,2017,1,l1_championship_club_2017_9,,,,,,,,,,,,,,,,,,,,,,,,,,,,,,
l1_championship_player_2023_159_101722,2023,1,l1_championship_club_2023_159,35,29,,1849,3,2,1,2,,2,43,20,29,1103,117,123,8,14,50,34,4,,,50,10.40952380952381,107.38,,1232.66,1.94,11.38
l1_championship_player_2024_159_101722,2024,1,l1_championship_club_2024_159,34,23,13,1055,3,,3,3,,1,28,13,18,656,60,67,8,11,18,11,2,,2,65,4.8549999999999995,55.96,0.38,351.67,1.11,5.12
l1_championship_player_2024_159_101722,2024,10,l1_championship_club_2024_159,2,1,,14,,,,,,,,,,18,,2,,2,1,,,,,4,,115.71,,,,
l1_championship_player_2024_159_101722,2024,13,l1_championship_club_2024_159,12,9,7,537,3,3,,2,1,1,24,11,9,341,38,38,2,7,7,8,1,,,29,5.797499999999999,57.15,0.58,179,1.84,6.37
