player_id,season,short_lfp_id,short_opta_id,first_name,last_name,birth_date,country_name,country_code,preferred_foot,club_id,jersey_number,position,real_positions,face_picture_url
l1_championship_player_2025_1_103843,2025,103843,216272,Jeffrey,De Lange,1998-04-01,Netherlands,NLD,both,l1_championship_club_2025_1,12,1,goalkeeper,https://s3.eu-west-3.amazonaws.com/ligue1.image/players/2025/all/player_official_2025_144_216272-125x125.png
l1_championship_player_2025_1_89638,2025,89638,106921,Géronimo,Rulli,1992-05-20,Argentina,ARG,right,l1_championship_club_2025_1,1,1,goalkeeper,https://s3.eu-west-3.amazonaws.com/ligue1.image/players/2025/all/player_official_2025_144_106921-125x125.png
l1_championship_player_2025_1_66951,2025,66951,465057,Théo,Vermot,1997-01-27,France,FRA,right,l1_championship_club_2025_1,92,1,goalkeeper,https://s3.eu-west-3.amazonaws.com/ligue1.image/players/2025/all/player_official_2025_144_465057-125x125.png
l1_championship_player_2025_1_98694,2025,98694,551462,Jelle,Van Neck,2004-03-07,Belgium,BEL,right,l1_championship_club_2025_1,40,1,goalkeeper,https://s3.eu-west-1.amazonaws.com/image.mpg/2025-empt-144-125x125.png
l1_championship_player_2025_1_84688,2025,84688,210494,Nayef,Aguerd,1996-03-30,Morocco,MAR,left,l1_championship_club_2025_1,21,2,centralDefender,https://s3.eu-west-3.amazonaws.com/ligue1.image/players/2025/all/player_official_2025_144_210494-125x125.png
l1_championship_player_2025_1_91272,2025,91272,446682,Leonardo,Balerdi,1999-01-26,Argentina,ARG,right,l1_championship_club_2025_1,5,2,centralDefender,https://s3.eu-west-3.amazonaws.com/ligue1.image/players/2025/all/player_official_2025_144_446682-125x125.png
l1_championship_player_2025_1_504316,2025,504316,593160,Mathis,Clement,2006-01-23,France,FRA,right,l1_championship_club_2025_1,68,2,rightWingBack,https://s3.eu-west-1.amazonaws.com/image.mpg/2025-empt-144-125x125.png
l1_championship_player_2025_1_505974,2025,505974,633745,Anis,Doubal,2006-10-29,Tunisia,TUN,left,l1_championship_club_2025_1,70,2,centralDefender,https://s3.eu-west-1.amazonaws.com/image.mpg/2025-empt-144-125x125.png
l1_championship_player_2025_1_104679,2025,104679,432711,Conrad Jaden,Egan-Riley,2003-01-02,England,ENG,right,l1_championship_club_2025_1,4,2,centralDefender,https://s3.eu-west-3.amazonaws.com/ligue1.image/players/2025/all/player_official_2025_144_432711-125x125.png
l1_championship_player_2025_1_89782,2025,89782,593149,Hilan,Hamzaoui Slimani,2006-02-15,France,FRA,,l1_championship_club_2025_1,72,2,centralDefender,https://s3.eu-west-1.amazonaws.com/image.mpg/2025-empt-144-125x125.png
l1_championship_player_2025_1_91113,2025,91113,224868,Facundo,Medina,1999-05-28,Argentina,ARG,left,l1_championship_club_2025_1,32,2,leftWingBack,https://s3.eu-west-3.amazonaws.com/ligue1.image/players/2025/all/player_official_2025_144_224868-125x125.png
l1_championship_player_2025_1_98605,2025,98605,632595,Pladi,Nzinga Pambani,2007-03-17,France,FRA,,l1_championship_club_2025_1,,2,centralDefender,https://s3.eu-west-1.amazonaws.com/image.mpg/2025-empt-144-125x125.png
l1_championship_player_2025_1_504315,2025,504315,655886,Rayan,Ouro Bang Na,2007-03-18,France,FRA,right,l1_championship_club_2025_1,77,2,centralDefender,https://s3.eu-west-1.amazonaws.com/image.mpg/2025-empt-144-125x125.png
l1_championship_player_2025_1_94776,2025,94776,109533,Emerson,Palmieri ,1994-08-03,Italy,ITA,left,l1_championship_club_2025_1,33,2,leftWingBack,https://s3.eu-west-3.amazonaws.com/ligue1.image/players/2025/all/player_official_2025_144_109533-125x125.png
l1_championship_player_2025_1_17566,2025,17566,202675,Benjamin,Pavard,1996-03-28,France,FRA,right,l1_championship_club_2025_1,28,2,centralDefender,https://s3.eu-west-3.amazonaws.com/ligue1.image/players/2025/all/player_official_2025_144_202675-125x125.png
l1_championship_player_2025_1_69685,2025,69685,215473,Timothy,Weah,2000-02-22,USA,USA,right,l1_championship_club_2025_1,22,2,rightWinger,https://s3.eu-west-3.amazonaws.com/ligue1.image/players/2025/all/player_official_2025_144_215473-125x125.png
l1_championship_player_2025_1_62437,2025,62437,462609,Himad,Abdelli,1999-11-17,Algeria,DZA,left,l1_championship_club_2025_1,8,3,centralMidfielder,https://s3.eu-west-3.amazonaws.com/ligue1.image/players/2025/all/player_official_2025_144_462609-125x125.png
l1_championship_player_2025_1_103700,2025,103700,132015,Pierre-Emile,Højbjerg,1995-08-05,Denmark,DNK,right,l1_championship_club_2025_1,23,3,defensiveMidfielder,https://s3.eu-west-3.amazonaws.com/ligue1.image/players/2025/all/player_official_2025_144_132015-125x125.png
l1_championship_player_2025_1_101167,2025,101167,633075,Nouhoum,Kamissoko,2004-12-27,Mali,MLI,right,l1_championship_club_2025_1,71,3,centralMidfielder,https://s3.eu-west-1.amazonaws.com/image.mpg/2025-empt-144-125x125.png
l1_championship_player_2025_1_28673,2025,28673,88754,Geoffrey,Kondogbia,1993-02-15,Central African Republic,CAF,left,l1_championship_club_2025_1,19,3,centralMidfielder,https://s3.eu-west-3.amazonaws.com/ligue1.image/players/2025/all/player_official_2025_144_88754-125x125.png
l1_championship_player_2025_1_90528,2025,90528,653269,Tadjidine,Mmadi,2007-03-03,France,FRA,both,l1_championship_club_2025_1,76,3,attackingMidfielder,https://s3.eu-west-3.amazonaws.com/ligue1.image/players/2025/all/player_official_2025_144_653269-125x125.png
l1_championship_player_2025_1_84358,2025,84358,546178,Bilal,Nadir,2003-11-28,Morocco,MAR,left,l1_championship_club_2025_1,26,3,centralMidfielder,https://s3.eu-west-3.amazonaws.com/ligue1.image/players/2025/all/player_official_2025_144_546178-125x125.png
l1_championship_player_2025_1_506095,2025,506095,582399,Tochukwu,Nnadi,2003-06-30,Nigeria,NGA,right,l1_championship_club_2025_1,6,3,defensiveMidfielder,https://s3.eu-west-3.amazonaws.com/ligue1.image/players/2025/all/player_official_2025_144_582399-125x125.png
l1_championship_player_2025_1_500906,2025,500906,499175,Ethan,Nwaneri,2007-03-21,England,ENG,left,l1_championship_club_2025_1,11,3,attackingMidfielder,https://s3.eu-west-3.amazonaws.com/ligue1.image/players/2025/all/player_official_2025_144_499175-125x125.png
l1_championship_player_2025_1_92581,2025,92581,634420,Yanis,Sellami,2007-01-04,Algeria,DZA,right,l1_championship_club_2025_1,45,3,defensiveMidfielder,https://s3.eu-west-1.amazonaws.com/image.mpg/2025-empt-144-125x125.png
l1_championship_player_2025_1_500758,2025,500758,450063,Quinten,Timber,2001-06-17,Netherlands,NLD,right,l1_championship_club_2025_1,27,3,centralMidfielder,https://s3.eu-west-3.amazonaws.com/ligue1.image/players/2025/all/player_official_2025_144_450063-125x125.png
l1_championship_player_2025_1_105460,2025,105460,578612,Arthur,Vermeeren,2005-02-07,Belgium,BEL,right,l1_championship_club_2025_1,18,3,defensiveMidfielder,https://s3.eu-west-3.amazonaws.com/ligue1.image/players/2025/all/player_official_2025_144_578612-125x125.png
l1_championship_player_2025_1_27361,2025,27361,54694,Pierre-Emerick,Aubameyang,1989-06-18,Gabon,GAB,right,l1_championship_club_2025_1,17,4,striker,https://s3.eu-west-3.amazonaws.com/ligue1.image/players/2025/all/player_official_2025_144_54694-125x125.png
l1_championship_player_2025_1_507664,2025,507664,673085,Ugo,El Kadmiri,2007-07-25,Sweden,SWE,,l1_championship_club_2025_1,35,4,striker,https://s3.eu-west-1.amazonaws.com/image.mpg/2025-empt-144-125x125.png
l1_championship_player_2025_1_62575,2025,62575,247400,Amine,Gouiri,2000-02-16,Algeria,DZA,right,l1_championship_club_2025_1,9,4,striker,https://s3.eu-west-3.amazonaws.com/ligue1.image/players/2025/all/player_official_2025_144_247400-125x125.png
l1_championship_player_2025_1_103656,2025,103656,220688,Mason,Greenwood,2001-10-01,England,ENG,both,l1_championship_club_2025_1,10,4,rightWinger,https://s3.eu-west-3.amazonaws.com/ligue1.image/players/2025/all/player_official_2025_144_220688-125x125.png
l1_championship_player_2025_1_100680,2025,100680,633073,Ange,Lago,2004-12-27,Côte d'Ivoire,CIV,right,l1_championship_club_2025_1,78,4,striker,https://s3.eu-west-1.amazonaws.com/image.mpg/2025-empt-144-125x125.png
l1_championship_player_2025_1_105296,2025,105296,483320,Igor,Paixao,2000-06-28,Brazil,BRA,right,l1_championship_club_2025_1,14,4,leftWinger,https://s3.eu-west-3.amazonaws.com/ligue1.image/players/2025/all/player_official_2025_144_483320-125x125.png
l1_championship_player_2025_1_104050,2025,104050,424044,Hamed Junior,Traore,2000-02-16,Côte d'Ivoire,CIV,right,l1_championship_club_2025_1,20,4,attackingMidfielder,https://s3.eu-west-3.amazonaws.com/ligue1.image/players/2025/all/player_official_2025_144_424044-125x125.png
l1_championship_player_2025_1_99142,2025,99142,106539,Ruben,Blanco,1995-07-25,Spain,ESP,right,l1_championship_club_2025_1,36,1,goalkeeper,https://s3.eu-west-1.amazonaws.com/image.mpg/2025-empt-144-125x125.png
l1_championship_player_2025_1_102045,2025,102045,184943,Ulisses,Garcia,1996-01-11,Switzerland,CHE,left,l1_championship_club_2025_1,6,2,leftWingBack,https://s3.eu-west-3.amazonaws.com/ligue1.image/players/2025/all/player_official_2025_144_184943-125x125.png
l1_championship_player_2025_1_101741,2025,101741,204401,Amir,Murillo,1996-02-11,Panama,PAN,right,l1_championship_club_2025_1,62,2,rightWingBack,https://s3.eu-west-3.amazonaws.com/ligue1.image/players/2025/all/player_official_2025_144_204401-125x125.png
l1_championship_player_2025_1_92851,2025,92851,216791,Pol Mikel,Lirola Kosok,1997-08-13,Spain,ESP,right,l1_championship_club_2025_1,29,3,rightWingBack,https://s3.eu-west-1.amazonaws.com/image.mpg/2025-empt-144-125x125.png
l1_championship_player_2025_1_93674,2025,93674,634416,Darryl,Bakola,2007-11-30,France,FRA,right,l1_championship_club_2025_1,50,3,attackingMidfielder,https://s3.eu-west-3.amazonaws.com/ligue1.image/players/2025/all/player_official_2025_144_634416-125x125.png
l1_championship_player_2025_1_91446,2025,91446,209041,Angel,Gomes,2000-08-31,England,ENG,right,l1_championship_club_2025_1,8,4,attackingMidfielder,https://s3.eu-west-3.amazonaws.com/ligue1.image/players/2025/all/player_official_2025_144_209041-125x125.png
l1_championship_player_2025_1_105466,2025,105466,219249,Matt,O'riley,2000-11-21,Denmark,DNK,left,l1_championship_club_2025_1,17,3,centralMidfielder,https://s3.eu-west-3.amazonaws.com/ligue1.image/players/2025/all/player_official_2025_144_219249-125x125.png
l1_championship_player_2025_1_94779,2025,94779,634422,Keyliane,Abdallah,2006-04-05,France,FRA,left,l1_championship_club_2025_1,48,4,winger,https://s3.eu-west-3.amazonaws.com/ligue1.image/players/2025/all/player_official_2025_144_634422-125x125.png
l1_championship_player_2025_1_36098,2025,36098,115382,Neal,Maupay,1996-08-14,France,FRA,right,l1_championship_club_2025_1,7,4,striker,https://s3.eu-west-3.amazonaws.com/ligue1.image/players/2025/all/player_official_2025_144_115382-125x125.png
l1_championship_player_2025_1_98852,2025,98852,631000,Robinio,Vaz,2007-02-17,France,FRA,right,l1_championship_club_2025_1,34,4,striker,https://s3.eu-west-3.amazonaws.com/ligue1.image/players/2025/all/player_official_2025_144_631000-125x125.png
l1_championship_player_2025_2_77229,2025,77229,523673,Theo,De Percin,2001-02-02,France,FRA,right,l1_championship_club_2025_2,40,1,goalkeeper,https://s3.eu-west-3.amazonaws.com/ligue1.image/players/2025/all/player_official_2025_138_523673-125x125.png
l1_championship_player_2025_2_18307,2025,18307,103116,Donovan,Leon,1992-11-03,French Guiana,GUF,right,l1_championship_club_2025_2,16,1,goalkeeper,https://s3.eu-west-3.amazonaws.com/ligue1.image/players/2025/all/player_official_2025_138_103116-125x125.png
l1_championship_player_2025_2_103603,2025,103603,629313,Louis,Mezerette,2006-08-30,France,FRA,right,l1_championship_club_2025_2,37,1,goalkeeper,https://s3.eu-west-1.amazonaws.com/image.mpg/2025-empt-138-125x125.png
l1_championship_player_2025_2_87050,2025,87050,550868,Tom,Negrel,2003-04-13,France,FRA,right,l1_championship_club_2025_2,30,1,goalkeeper,https://s3.eu-west-3.amazonaws.com/ligue1.image/players/2025/all/player_official_2025_138_550868-125x125.png
l1_championship_player_2025_2_86892,2025,86892,584863,Clément,Akpa,2001-11-24,Côte d'Ivoire,CIV,left,l1_championship_club_2025_2,92,2,leftWingBack,https://s3.eu-west-3.amazonaws.com/ligue1.image/players/2025/all/player_official_2025_138_584863-125x125.png
l1_championship_player_2025_2_504336,2025,504336,721232,Evan,Diamalunda,2006-07-22,France,FRA,right,l1_championship_club_2025_2,43,2,rightWingBack,https://s3.eu-west-1.amazonaws.com/image.mpg/2025-empt-138-125x125.png
l1_championship_player_2025_2_89545,2025,89545,492975,Sinaly,Diomande,2001-04-09,Côte d'Ivoire,CIV,right,l1_championship_club_2025_2,20,2,centralDefender,https://s3.eu-west-3.amazonaws.com/ligue1.image/players/2025/all/player_official_2025_138_492975-125x125.png
l1_championship_player_2025_2_101309,2025,101309,697407,Elikya,Legros,2008-06-06,France,FRA,right,l1_championship_club_2025_2,35,2,centralDefender,https://s3.eu-west-1.amazonaws.com/image.mpg/2025-empt-138-125x125.png
l1_championship_player_2025_2_94516,2025,94516,229670,Gideon,Mensah,1998-07-18,Ghana,GHA,left,l1_championship_club_2025_2,14,2,leftWingBack,https://s3.eu-west-3.amazonaws.com/ligue1.image/players/2025/all/player_official_2025_138_229670-125x125.png
l1_championship_player_2025_2_502542,2025,502542,486430,Bryan,Okoh,2003-05-16,Switzerland,CHE,left,l1_championship_club_2025_2,24,2,centralDefender,https://s3.eu-west-3.amazonaws.com/ligue1.image/players/2025/all/player_official_2025_138_486430-125x125.png
l1_championship_player_2025_2_104421,2025,104421,464984,Fredrik,Oppegard,2002-08-07,Norway,NOR,left,l1_championship_club_2025_2,22,2,leftWingBack,https://s3.eu-west-3.amazonaws.com/ligue1.image/players/2025/all/player_official_2025_138_464984-125x125.png
l1_championship_player_2025_2_503228,2025,503228,710002,Alvin,Petit Dol,2006-11-07,France,FRA,,l1_championship_club_2025_2,38,2,centralDefender,https://s3.eu-west-1.amazonaws.com/image.mpg/2025-empt-138-125x125.png
l1_championship_player_2025_2_81386,2025,81386,519343,Marvin,Senaya,2001-01-28,Ghana,GHA,right,l1_championship_club_2025_2,29,2,rightWingBack,https://s3.eu-west-3.amazonaws.com/ligue1.image/players/2025/all/player_official_2025_138_519343-125x125.png
l1_championship_player_2025_2_104726,2025,104726,208973,Francisco,Sierralta,1997-05-06,Chile,CHL,right,l1_championship_club_2025_2,4,2,centralDefender,https://s3.eu-west-3.amazonaws.com/ligue1.image/players/2025/all/player_official_2025_138_208973-125x125.png
l1_championship_player_2025_2_100379,2025,100379,695285,Telli,Siwe,2004-12-14,France,FRA,right,l1_championship_club_2025_2,13,2,centralDefender,https://s3.eu-west-3.amazonaws.com/ligue1.image/players/2025/all/player_official_2025_138_695285-125x125.png
l1_championship_player_2025_2_81342,2025,81342,552015,Lamine,Sy,2002-08-10,France,FRA,right,l1_championship_club_2025_2,27,2,rightWingBack,https://s3.eu-west-3.amazonaws.com/ligue1.image/players/2025/all/player_official_2025_138_552015-125x125.png
l1_championship_player_2025_2_104062,2025,104062,466117,Naouirou,Ahamada,2002-03-29,France,FRA,right,l1_championship_club_2025_2,8,3,centralMidfielder,https://s3.eu-west-3.amazonaws.com/ligue1.image/players/2025/all/player_official_2025_138_466117-125x125.png
l1_championship_player_2025_2_83680,2025,83680,550866,Nathan,Buayi-Kiala,2004-02-29,France,FRA,right,l1_championship_club_2025_2,,3,defensiveMidfielder,https://s3.eu-west-3.amazonaws.com/ligue1.image/players/2025/all/player_official_2025_138_550866-125x125.png
l1_championship_player_2025_2_86432,2025,86432,545272,Kevin,Danois,2004-06-28,France,FRA,right,l1_championship_club_2025_2,5,3,attackingMidfielder,https://s3.eu-west-3.amazonaws.com/ligue1.image/players/2025/all/player_official_2025_138_545272-125x125.png
l1_championship_player_2025_2_98440,2025,98440,659392,Tidiane,Devernois,2007-10-18,France,FRA,right,l1_championship_club_2025_2,36,3,centralMidfielder,https://s3.eu-west-1.amazonaws.com/image.mpg/2025-empt-138-125x125.png
l1_championship_player_2025_2_505586,2025,505586,725053,Lamfia,Dioubaté,2007-07-20,France,FRA,,l1_championship_club_2025_2,,3,centralMidfielder,https://s3.eu-west-1.amazonaws.com/image.mpg/2025-empt-138-125x125.png
l1_championship_player_2025_2_82393,2025,82393,200958,Assane,Diousse,1997-09-20,Senegal,SEN,left,l1_championship_club_2025_2,18,3,defensiveMidfielder,https://s3.eu-west-3.amazonaws.com/ligue1.image/players/2025/all/player_official_2025_138_200958-125x125.png
l1_championship_player_2025_2_105203,2025,105203,543215,Oussama,El Azzouzi,2001-05-29,Morocco,MAR,right,l1_championship_club_2025_2,17,3,defensiveMidfielder,https://s3.eu-west-3.amazonaws.com/ligue1.image/players/2025/all/player_official_2025_138_543215-125x125.png
l1_championship_player_2025_2_63146,2025,63146,441240,Romain,Faivre,1998-07-14,France,FRA,left,l1_championship_club_2025_2,28,3,centralMidfielder,https://s3.eu-west-3.amazonaws.com/ligue1.image/players/2025/all/player_official_2025_138_441240-125x125.png
l1_championship_player_2025_2_48113,2025,48113,247389,Elisha,Owusu,1997-11-07,Ghana,GHA,right,l1_championship_club_2025_2,42,3,centralMidfielder,https://s3.eu-west-3.amazonaws.com/ligue1.image/players/2025/all/player_official_2025_138_247389-125x125.png
l1_championship_player_2025_2_79828,2025,79828,509284,Josue,Casimir,2001-09-24,Haiti,HTI,right,l1_championship_club_2025_2,7,4,rightWinger,https://s3.eu-west-3.amazonaws.com/ligue1.image/players/2025/all/player_official_2025_138_509284-125x125.png
l1_championship_player_2025_2_504857,2025,504857,723038,Mamoudou,Cissokho,2007-12-20,France,FRA,right,l1_championship_club_2025_2,44,4,winger,https://s3.eu-west-1.amazonaws.com/image.mpg/2025-empt-138-125x125.png
l1_championship_player_2025_2_103884,2025,103884,544908,Lasso,Coulibaly,2002-10-19,Côte d'Ivoire,CIV,right,l1_championship_club_2025_2,21,4,rightWinger,https://s3.eu-west-3.amazonaws.com/ligue1.image/players/2025/all/player_official_2025_138_544908-125x125.png
l1_championship_player_2025_2_66914,2025,66914,476888,Sekou,Mara,2002-07-30,France,FRA,right,l1_championship_club_2025_2,9,4,striker,https://s3.eu-west-3.amazonaws.com/ligue1.image/players/2025/all/player_official_2025_138_476888-125x125.png
l1_championship_player_2025_2_105418,2025,105418,209049,Danny,Namaso,2000-08-28,Cameroon,CMR,right,l1_championship_club_2025_2,19,4,striker,https://s3.eu-west-3.amazonaws.com/ligue1.image/players/2025/all/player_official_2025_138_209049-125x125.png
l1_championship_player_2025_2_87068,2025,87068,659396,Ryan,Rodin,2006-03-02,France,FRA,right,l1_championship_club_2025_2,31,4,striker,https://s3.eu-west-1.amazonaws.com/image.mpg/2025-empt-138-125x125.png
l1_championship_player_2025_2_83293,2025,83293,445970,Lassine,Sinayoko,1999-12-08,Mali,MLI,right,l1_championship_club_2025_2,10,4,rightWinger,https://s3.eu-west-3.amazonaws.com/ligue1.image/players/2025/all/player_official_2025_138_445970-125x125.png
l1_championship_player_2025_2_504285,2025,504285,718826,Yvan,Zaddy,2006-05-01,Côte d'Ivoire,CIV,,l1_championship_club_2025_2,41,4,striker,https://s3.eu-west-1.amazonaws.com/image.mpg/2025-empt-138-125x125.png
l1_championship_player_2025_5_87318,2025,87318,579921,Paul,Argney,2006-05-23,France,FRA,right,l1_championship_club_2025_5,50,1,goalkeeper,https://s3.eu-west-3.amazonaws.com/ligue1.image/players/2025/all/player_official_2025_141_579921-125x125.png
l1_championship_player_2025_5_18529,2025,18529,176357,Mory,Diaw,1993-06-22,Senegal,SEN,right,l1_championship_club_2025_5,99,1,goalkeeper,https://s3.eu-west-3.amazonaws.com/ligue1.image/players/2025/all/player_official_2025_141_176357-125x125.png
l1_championship_player_2025_5_6105,2025,6105,196111,Lionel,Mpasi,1994-08-01,Congo DR,COD,right,l1_championship_club_2025_5,77,1,goalkeeper,https://s3.eu-west-3.amazonaws.com/ligue1.image/players/2025/all/player_official_2025_141_196111-125x125.png
l1_championship_player_2025_5_90630,2025,90630,679184,Alex,Teixeira,2007-02-25,France,FRA,,l1_championship_club_2025_5,16,1,goalkeeper,https://s3.eu-west-1.amazonaws.com/image.mpg/2025-empt-141-125x125.png
l1_championship_player_2025_5_87310,2025,87310,512759,Fode,Doucoure,2001-02-03,Mali,MLI,right,l1_championship_club_2025_5,13,2,rightWingBack,https://s3.eu-west-3.amazonaws.com/ligue1.image/players/2025/all/player_official_2025_141_512759-125x125.png
l1_championship_player_2025_5_93647,2025,93647,704747,Georges,Gomis,2008-01-01,Senegal,SEN,,l1_championship_club_2025_5,,2,centralDefender,https://s3.eu-west-3.amazonaws.com/ligue1.image/players/2025/all/player_official_2025_141_704747-125x125.png
l1_championship_player_2025_5_47709,2025,47709,141109,Gautier,Lloris,1995-07-18,France,FRA,left,l1_championship_club_2025_5,4,2,centralDefender,https://s3.eu-west-3.amazonaws.com/ligue1.image/players/2025/all/player_official_2025_141_141109-125x125.png
l1_championship_player_2025_5_505592,2025,505592,689871,Yanis,Monkolot,2009-04-27,France,FRA,,l1_championship_club_2025_5,,2,centralDefender,https://s3.eu-west-1.amazonaws.com/image.mpg/2025-empt-141-125x125.png
l1_championship_player_2025_5_34992,2025,34992,73955,Loïc,Nego,1991-01-15,Hungary,HUN,right,l1_championship_club_2025_5,7,2,rightWingBack,https://s3.eu-west-3.amazonaws.com/ligue1.image/players/2025/all/player_official_2025_141_73955-125x125.png
l1_championship_player_2025_5_66261,2025,66261,465702,Timothée,Pembele,2002-09-09,France,FRA,right,l1_championship_club_2025_5,32,2,rightWingBack,https://s3.eu-west-3.amazonaws.com/ligue1.image/players/2025/all/player_official_2025_141_465702-125x125.png
l1_championship_player_2025_5_81328,2025,81328,509285,Arouna,Sangante,2002-04-12,Senegal,SEN,right,l1_championship_club_2025_5,93,2,centralDefender,https://s3.eu-west-3.amazonaws.com/ligue1.image/players/2025/all/player_official_2025_141_509285-125x125.png
l1_championship_player_2025_5_105158,2025,105158,219268,Ayumu,Seko,2000-06-07,Japan,JPN,right,l1_championship_club_2025_5,15,2,centralDefender,https://s3.eu-west-3.amazonaws.com/ligue1.image/players/2025/all/player_official_2025_141_219268-125x125.png
l1_championship_player_2025_5_80322,2025,80322,483867,Etienne,Youte,2002-01-14,France,FRA,right,l1_championship_club_2025_5,6,2,centralDefender,https://s3.eu-west-3.amazonaws.com/ligue1.image/players/2025/all/player_official_2025_141_483867-125x125.png
l1_championship_player_2025_5_98806,2025,98806,691225,Stephan,Zagadou,2008-10-24,France,FRA,,l1_championship_club_2025_5,29,2,centralDefender,https://s3.eu-west-3.amazonaws.com/ligue1.image/players/2025/all/player_official_2025_141_691225-125x125.png
l1_championship_player_2025_5_103617,2025,103617,628017,Yanis,Zouaoui,1998-04-28,France,FRA,left,l1_championship_club_2025_5,18,2,leftWingBack,https://s3.eu-west-3.amazonaws.com/ligue1.image/players/2025/all/player_official_2025_141_628017-125x125.png
l1_championship_player_2025_5_505651,2025,505651,725551,Thierno Madjou,Bah,2007-01-02,France,FRA,right,l1_championship_club_2025_5,38,3,centralMidfielder,https://s3.eu-west-1.amazonaws.com/image.mpg/2025-empt-141-125x125.png
l1_championship_player_2025_5_505593,2025,505593,682160,Adams,Diabaté,2005-10-20,France,FRA,,l1_championship_club_2025_5,39,3,centralMidfielder,https://s3.eu-west-1.amazonaws.com/image.mpg/2025-empt-141-125x125.png
l1_championship_player_2025_5_80671,2025,80671,587583,Simon,Ebonog,2004-08-16,France,FRA,right,l1_championship_club_2025_5,26,3,centralMidfielder,https://s3.eu-west-3.amazonaws.com/ligue1.image/players/2025/all/player_official_2025_141_587583-125x125.png
l1_championship_player_2025_5_72857,2025,72857,469266,Lucas,Gourna-Douath,2003-08-05,France,FRA,right,l1_championship_club_2025_5,19,3,defensiveMidfielder,https://s3.eu-west-3.amazonaws.com/ligue1.image/players/2025/all/player_official_2025_141_469266-125x125.png
l1_championship_player_2025_5_80954,2025,80954,482260,Yassine,Kechta,2002-02-25,Morocco,MAR,left,l1_championship_club_2025_5,8,3,centralMidfielder,https://s3.eu-west-3.amazonaws.com/ligue1.image/players/2025/all/player_official_2025_141_482260-125x125.png
l1_championship_player_2025_5_101486,2025,101486,465572,Réda,Khadra,2001-07-04,Germany,DEU,right,l1_championship_club_2025_5,30,3,attackingMidfielder,https://s3.eu-west-3.amazonaws.com/ligue1.image/players/2025/all/player_official_2025_141_465572-125x125.png
l1_championship_player_2025_5_104982,2025,104982,449784,Félix,Mambimbi,2001-01-18,Switzerland,CHE,right,l1_championship_club_2025_5,10,3,leftWinger,https://s3.eu-west-3.amazonaws.com/ligue1.image/players/2025/all/player_official_2025_141_449784-125x125.png
l1_championship_player_2025_5_86624,2025,86624,664882,Daren,Mosengo,2006-08-11,France,FRA,right,l1_championship_club_2025_5,78,3,centralMidfielder,https://s3.eu-west-3.amazonaws.com/ligue1.image/players/2025/all/player_official_2025_141_664882-125x125.png
l1_championship_player_2025_5_78389,2025,78389,490330,Rassoul,Ndiaye,2001-12-11,Senegal,SEN,right,l1_championship_club_2025_5,14,3,centralMidfielder,https://s3.eu-west-3.amazonaws.com/ligue1.image/players/2025/all/player_official_2025_141_490330-125x125.png
l1_championship_player_2025_5_505650,2025,505650,725552,Thomas,Rousseau,2008-01-11,France,FRA,,l1_championship_club_2025_5,37,3,centralMidfielder,https://s3.eu-west-1.amazonaws.com/image.mpg/2025-empt-141-125x125.png
l1_championship_player_2025_5_29510,2025,29510,158496,Abdoulaye,Toure,1994-03-03,Guinea,GIN,right,l1_championship_club_2025_5,94,3,defensiveMidfielder,https://s3.eu-west-3.amazonaws.com/ligue1.image/players/2025/all/player_official_2025_141_158496-125x125.png
l1_championship_player_2025_5_90468,2025,90468,664883,Guy-Noël,Zohouri,2007-02-01,Côte d'Ivoire,CIV,right,l1_championship_club_2025_5,24,3,centralMidfielder,https://s3.eu-west-3.amazonaws.com/ligue1.image/players/2025/all/player_official_2025_141_664883-125x125.png
l1_championship_player_2025_5_505652,2025,505652,725550,Yanis,Beau Djellel,2005-01-14,France,FRA,,l1_championship_club_2025_5,34,4,striker,https://s3.eu-west-1.amazonaws.com/image.mpg/2025-empt-141-125x125.png
l1_championship_player_2025_5_51620,2025,51620,128198,Sofiane,Boufal,1993-09-17,Morocco,MAR,right,l1_championship_club_2025_5,17,4,attackingMidfielder,https://s3.eu-west-3.amazonaws.com/ligue1.image/players/2025/all/player_official_2025_141_128198-125x125.png
l1_championship_player_2025_5_86896,2025,86896,711491,Enzo,Koffi,2006-03-04,France,FRA,right,l1_championship_club_2025_5,27,4,winger,https://s3.eu-west-3.amazonaws.com/ligue1.image/players/2025/all/player_official_2025_141_711491-125x125.png
l1_championship_player_2025_5_74429,2025,74429,476791,Godson,Kyeremeh,2000-06-14,France,FRA,right,l1_championship_club_2025_5,11,4,winger,https://s3.eu-west-3.amazonaws.com/ligue1.image/players/2025/all/player_official_2025_141_476791-125x125.png
l1_championship_player_2025_5_504858,2025,504858,579919,Noam,Obougou,2006-03-15,France,FRA,right,l1_championship_club_2025_5,20,4,striker,https://s3.eu-west-1.amazonaws.com/image.mpg/2025-empt-141-125x125.png
l1_championship_player_2025_5_504886,2025,504886,579916,Kenny,Quetant,2006-07-17,France,FRA,,l1_championship_club_2025_5,33,4,striker,https://s3.eu-west-3.amazonaws.com/ligue1.image/players/2025/all/player_official_2025_141_579916-125x125.png
l1_championship_player_2025_5_94915,2025,94915,217487,Ally,Samatta,1992-12-23,Tanzania,TZA,right,l1_championship_club_2025_5,25,4,striker,https://s3.eu-west-3.amazonaws.com/ligue1.image/players/2025/all/player_official_2025_141_217487-125x125.png
l1_championship_player_2025_5_89760,2025,89760,495382,Issa,Soumare,2000-10-10,Senegal,SEN,right,l1_championship_club_2025_5,45,4,leftWinger,https://s3.eu-west-3.amazonaws.com/ligue1.image/players/2025/all/player_official_2025_141_495382-125x125.png
l1_championship_player_2025_6_93308,2025,93308,634349,Adam,Delplace,2006-09-03,France,FRA,right,l1_championship_club_2025_6,30,1,goalkeeper,https://s3.eu-west-3.amazonaws.com/ligue1.image/players/2025/all/player_official_2025_142_634349-125x125.png
l1_championship_player_2025_6_36584,2025,36584,59956,Mathieu,Gorgelin,1990-08-05,France,FRA,left,l1_championship_club_2025_6,16,1,goalkeeper,https://s3.eu-west-3.amazonaws.com/ligue1.image/players/2025/all/player_official_2025_142_59956-125x125.png
l1_championship_player_2025_6_19005,2025,19005,42766,Régis,Gurtner,1986-12-08,France,FRA,right,l1_championship_club_2025_6,1,1,goalkeeper,https://s3.eu-west-3.amazonaws.com/ligue1.image/players/2025/all/player_official_2025_142_42766-125x125.png
l1_championship_player_2025_6_100821,2025,100821,632591,Ilan,Jourdren,2008-07-17,France,FRA,,l1_championship_club_2025_6,60,1,goalkeeper,https://s3.eu-west-3.amazonaws.com/ligue1.image/players/2025/all/player_official_2025_142_632591-125x125.png
l1_championship_player_2025_6_506488,2025,506488,713886,Daïvy,Lefranc-Yeboah,2007-08-31,France,FRA,,l1_championship_club_2025_6,,1,goalkeeper,https://s3.eu-west-1.amazonaws.com/image.mpg/2025-empt-142-125x125.png
l1_championship_player_2025_6_86608,2025,86608,584845,Robin,Risser,2004-12-02,France,FRA,right,l1_championship_club_2025_6,40,1,goalkeeper,https://s3.eu-west-3.amazonaws.com/ligue1.image/players/2025/all/player_official_2025_142_584845-125x125.png
l1_championship_player_2025_6_105309,2025,105309,468266,Saud,Abdulhamid,1999-07-18,Saudi Arabia,SAU,right,l1_championship_club_2025_6,23,2,rightWingBack,https://s3.eu-west-3.amazonaws.com/ligue1.image/players/2025/all/player_official_2025_142_468266-125x125.png
l1_championship_player_2025_6_28718,2025,28718,115327,Ruben,Aguilar,1993-04-26,France,FRA,right,l1_championship_club_2025_6,2,2,rightWingBack,https://s3.eu-west-3.amazonaws.com/ligue1.image/players/2025/all/player_official_2025_142_115327-125x125.png
l1_championship_player_2025_6_93202,2025,93202,634871,Kyllian,Antonio,2008-01-04,France,FRA,right,l1_championship_club_2025_6,32,2,centralDefender,https://s3.eu-west-3.amazonaws.com/ligue1.image/players/2025/all/player_official_2025_142_634871-125x125.png
l1_championship_player_2025_6_104992,2025,104992,503543,Samson,Baidoo,2004-03-31,Austria,AUT,right,l1_championship_club_2025_6,6,2,centralDefender,https://s3.eu-west-3.amazonaws.com/ligue1.image/players/2025/all/player_official_2025_142_503543-125x125.png
l1_championship_player_2025_6_104449,2025,104449,634897,Nidal,Celik,2006-07-17,Bosnia and Herzegovina,BIH,right,l1_championship_club_2025_6,4,2,centralDefender,https://s3.eu-west-3.amazonaws.com/ligue1.image/players/2025/all/player_official_2025_142_634897-125x125.png
l1_championship_player_2025_6_87458,2025,87458,596121,Ismaëlo,Ganiou,2005-03-14,France,FRA,right,l1_championship_club_2025_6,25,2,centralDefender,https://s3.eu-west-3.amazonaws.com/ligue1.image/players/2025/all/player_official_2025_142_596121-125x125.png
l1_championship_player_2025_6_26455,2025,26455,176501,Jonathan,Gradit,1992-11-24,France,FRA,right,l1_championship_club_2025_6,24,2,centralDefender,https://s3.eu-west-3.amazonaws.com/ligue1.image/players/2025/all/player_official_2025_142_176501-125x125.png
l1_championship_player_2025_6_93335,2025,93335,634372,Oscar,Lenne,2006-09-09,France,FRA,left,l1_championship_club_2025_6,39,2,centralDefender,https://s3.eu-west-1.amazonaws.com/image.mpg/2025-empt-142-125x125.png
l1_championship_player_2025_6_35628,2025,35628,105717,Arthur,Masuaku,1993-11-07,Congo DR,COD,left,l1_championship_club_2025_6,27,2,leftWingBack,https://s3.eu-west-3.amazonaws.com/ligue1.image/players/2025/all/player_official_2025_142_105717-125x125.png
l1_championship_player_2025_6_62498,2025,62498,204727,Malang,Sarr,1999-01-23,France,FRA,left,l1_championship_club_2025_6,20,2,centralDefender,https://s3.eu-west-3.amazonaws.com/ligue1.image/players/2025/all/player_official_2025_142_204727-125x125.png
l1_championship_player_2025_6_41943,2025,41943,221987,Matthieu,Udol,1996-03-20,France,FRA,left,l1_championship_club_2025_6,14,2,leftWingBack,https://s3.eu-west-3.amazonaws.com/ligue1.image/players/2025/all/player_official_2025_142_221987-125x125.png
l1_championship_player_2025_6_91200,2025,91200,634346,Anthony,Bermont,2005-02-10,France,FRA,right,l1_championship_club_2025_6,26,3,leftWinger,https://s3.eu-west-3.amazonaws.com/ligue1.image/players/2025/all/player_official_2025_142_634346-125x125.png
l1_championship_player_2025_6_104468,2025,104468,622024,Andrija,Bulatovic,2006-12-27,Montenegro,MNE,,l1_championship_club_2025_6,5,3,centralMidfielder,https://s3.eu-west-3.amazonaws.com/ligue1.image/players/2025/all/player_official_2025_142_622024-125x125.png
l1_championship_player_2025_6_86987,2025,86987,645319,Alpha,Diallo,2006-02-25,France,FRA,right,l1_championship_club_2025_6,31,3,attackingMidfielder,https://s3.eu-west-1.amazonaws.com/image.mpg/2025-empt-142-125x125.png
l1_championship_player_2025_6_93960,2025,93960,654497,Erawan,Garnier,2006-01-05,Thailand,THA,right,l1_championship_club_2025_6,34,3,winger,https://s3.eu-west-3.amazonaws.com/ligue1.image/players/2025/all/player_official_2025_142_654497-125x125.png
l1_championship_player_2025_6_505617,2025,505617,218244,Amadou,Haidara,1998-01-31,Mali,MLI,right,l1_championship_club_2025_6,21,3,defensiveMidfielder,https://s3.eu-west-3.amazonaws.com/ligue1.image/players/2025/all/player_official_2025_142_218244-125x125.png
l1_championship_player_2025_6_105409,2025,105409,513545,Mamadou,Sangare,2002-06-26,Mali,MLI,left,l1_championship_club_2025_6,8,3,centralMidfielder,https://s3.eu-west-3.amazonaws.com/ligue1.image/players/2025/all/player_official_2025_142_513545-125x125.png
l1_championship_player_2025_6_92140,2025,92140,560250,Fodé,Sylla,2006-04-16,France,FRA,right,l1_championship_club_2025_6,18,3,defensiveMidfielder,https://s3.eu-west-3.amazonaws.com/ligue1.image/players/2025/all/player_official_2025_142_560250-125x125.png
l1_championship_player_2025_6_47824,2025,47824,115961,Adrien,Thomasson,1993-12-10,France,FRA,right,l1_championship_club_2025_6,28,3,attackingMidfielder,https://s3.eu-west-3.amazonaws.com/ligue1.image/players/2025/all/player_official_2025_142_115961-125x125.png
l1_championship_player_2025_6_41166,2025,41166,199670,Odsonne,Edouard,1998-01-16,France,FRA,right,l1_championship_club_2025_6,11,4,striker,https://s3.eu-west-3.amazonaws.com/ligue1.image/players/2025/all/player_official_2025_142_199670-125x125.png
l1_championship_player_2025_6_86482,2025,86482,634376,Rayan,Fofana,2006-02-12,France,FRA,right,l1_championship_club_2025_6,38,4,striker,https://s3.eu-west-3.amazonaws.com/ligue1.image/players/2025/all/player_official_2025_142_634376-125x125.png
l1_championship_player_2025_6_36641,2025,36641,161034,Wesley,Said,1995-04-19,France,FRA,right,l1_championship_club_2025_6,22,4,winger,https://s3.eu-west-3.amazonaws.com/ligue1.image/players/2025/all/player_official_2025_142_161034-125x125.png
l1_championship_player_2025_6_44581,2025,44581,170137,Allan,Saint-Maximin,1997-03-12,France,FRA,right,l1_championship_club_2025_6,9,4,winger,https://s3.eu-west-3.amazonaws.com/ligue1.image/players/2025/all/player_official_2025_142_170137-125x125.png
l1_championship_player_2025_6_98732,2025,98732,516211,Abdallah,Sima,2001-06-17,Senegal,SEN,right,l1_championship_club_2025_6,19,4,rightWinger,https://s3.eu-west-3.amazonaws.com/ligue1.image/players/2025/all/player_official_2025_142_516211-125x125.png
l1_championship_player_2025_6_66024,2025,66024,204188,Florian,Sotoca,1990-10-25,France,FRA,right,l1_championship_club_2025_6,7,4,striker,https://s3.eu-west-3.amazonaws.com/ligue1.image/players/2025/all/player_official_2025_142_204188-125x125.png
l1_championship_player_2025_6_27080,2025,27080,95434,Florian,Thauvin,1993-01-26,France,FRA,left,l1_championship_club_2025_6,10,4,rightWinger,https://s3.eu-west-3.amazonaws.com/ligue1.image/players/2025/all/player_official_2025_142_95434-125x125.png
l1_championship_player_2025_7_50284,2025,50284,194188,Bingourou,Kamara,1996-10-21,Senegal,SEN,right,l1_championship_club_2025_7,21,1,goalkeeper,https://s3.eu-west-3.amazonaws.com/ligue1.image/players/2025/all/player_official_2025_694_194188-125x125.png
l1_championship_player_2025_7_16695,2025,16695,75987,Benjamin,Leroy,1989-04-07,France,FRA,right,l1_championship_club_2025_7,1,1,goalkeeper,https://s3.eu-west-3.amazonaws.com/ligue1.image/players/2025/all/player_official_2025_694_75987-125x125.png
l1_championship_player_2025_7_99141,2025,99141,100952,Yvon,Mvogo,1994-06-06,Switzerland,CHE,right,l1_championship_club_2025_7,38,1,goalkeeper,https://s3.eu-west-3.amazonaws.com/ligue1.image/players/2025/all/player_official_2025_694_100952-125x125.png
l1_championship_player_2025_7_102065,2025,102065,476391,Nathaniel,Adjei,2002-08-21,Ghana,GHA,right,l1_championship_club_2025_7,32,2,centralDefender,https://s3.eu-west-3.amazonaws.com/ligue1.image/players/2025/all/player_official_2025_694_476391-125x125.png
l1_championship_player_2025_7_98414,2025,98414,665180,Izak,Akakpo,2004-02-28,France,FRA,right,l1_championship_club_2025_7,,2,centralDefender,https://s3.eu-west-1.amazonaws.com/image.mpg/2025-empt-694-125x125.png
l1_championship_player_2025_7_105204,2025,105204,631935,Abdoulaye,Faye,2004-09-22,Senegal,SEN,,l1_championship_club_2025_7,25,2,centralDefender,https://s3.eu-west-3.amazonaws.com/ligue1.image/players/2025/all/player_official_2025_694_631935-125x125.png
l1_championship_player_2025_7_102060,2025,102060,624764,Panos,Katseris,2001-07-05,Greece,GRC,right,l1_championship_club_2025_7,77,2,centralDefender,https://s3.eu-west-3.amazonaws.com/ligue1.image/players/2025/all/player_official_2025_694_624764-125x125.png
l1_championship_player_2025_7_95754,2025,95754,651819,Arsène,Kouassi,2004-01-02,Burkina Faso,BFA,left,l1_championship_club_2025_7,43,2,leftWingBack,https://s3.eu-west-3.amazonaws.com/ligue1.image/players/2025/all/player_official_2025_694_651819-125x125.png
l1_championship_player_2025_7_505692,2025,505692,726381,Noah,Le Gal,2007-04-23,France,FRA,right,l1_championship_club_2025_7,,2,rightWingBack,https://s3.eu-west-1.amazonaws.com/image.mpg/2025-empt-694-125x125.png
l1_championship_player_2025_7_105347,2025,105347,704821,Lucas,Leaudais,2004-09-26,France,FRA,right,l1_championship_club_2025_7,,2,centralDefender,https://s3.eu-west-1.amazonaws.com/image.mpg/2025-empt-694-125x125.png
l1_championship_player_2025_7_94715,2025,94715,544099,Bamo,Meite,2001-12-03,Côte d'Ivoire,CIV,right,l1_championship_club_2025_7,5,2,centralDefender,https://s3.eu-west-3.amazonaws.com/ligue1.image/players/2025/all/player_official_2025_694_544099-125x125.png
l1_championship_player_2025_7_503294,2025,503294,711497,Isaac,Monnier,2006-09-09,France,FRA,,l1_championship_club_2025_7,19,2,centralDefender,https://s3.eu-west-1.amazonaws.com/image.mpg/2025-empt-694-125x125.png
l1_championship_player_2025_7_506504,2025,506504,559643,Jai Erlom,Semenyo,2003-07-13,Ghana,GHA,right,l1_championship_club_2025_7,,2,centralDefender,https://s3.eu-west-1.amazonaws.com/image.mpg/2025-empt-694-125x125.png
l1_championship_player_2025_7_98407,2025,98407,704820,Stevan,Siba,2006-12-31,France,FRA,right,l1_championship_club_2025_7,97,2,rightWingBack,https://s3.eu-west-1.amazonaws.com/image.mpg/2025-empt-694-125x125.png
l1_championship_player_2025_7_94206,2025,94206,177020,Igor,Silva,1996-08-21,Brazil,BRA,right,l1_championship_club_2025_7,2,2,rightWingBack,https://s3.eu-west-3.amazonaws.com/ligue1.image/players/2025/all/player_official_2025_694_177020-125x125.png
l1_championship_player_2025_7_99053,2025,99053,422480,Montassar,Talbi,1998-05-06,Tunisia,TUN,right,l1_championship_club_2025_7,3,2,centralDefender,https://s3.eu-west-3.amazonaws.com/ligue1.image/players/2025/all/player_official_2025_694_422480-125x125.png
l1_championship_player_2025_7_83687,2025,83687,512745,Isaak,Toure,2003-03-28,France,FRA,right,l1_championship_club_2025_7,95,2,centralDefender,https://s3.eu-west-3.amazonaws.com/ligue1.image/players/2025/all/player_official_2025_694_512745-125x125.png
l1_championship_player_2025_7_86590,2025,86590,493900,Darlin,Yongwa,2000-09-22,Cameroon,CMR,left,l1_championship_club_2025_7,44,2,leftWingBack,https://s3.eu-west-3.amazonaws.com/ligue1.image/players/2025/all/player_official_2025_694_493900-125x125.png
l1_championship_player_2025_7_18329,2025,18329,107258,Laurent,Abergel,1993-02-01,France,FRA,right,l1_championship_club_2025_7,6,3,defensiveMidfielder,https://s3.eu-west-3.amazonaws.com/ligue1.image/players/2025/all/player_official_2025_694_107258-125x125.png
l1_championship_player_2025_7_101714,2025,101714,606371,Arthur,Avom,2004-12-15,Cameroon,CMR,right,l1_championship_club_2025_7,62,3,centralMidfielder,https://s3.eu-west-3.amazonaws.com/ligue1.image/players/2025/all/player_official_2025_694_606371-125x125.png
l1_championship_player_2025_7_105423,2025,105423,709797,Martin,Bley,2006-01-23,Burkina Faso,BFA,,l1_championship_club_2025_7,34,3,centralMidfielder,https://s3.eu-west-1.amazonaws.com/image.mpg/2025-empt-694-125x125.png
l1_championship_player_2025_7_93800,2025,93800,533146,Noah,Cadiou,1998-10-26,Guadeloupe,GLP,right,l1_championship_club_2025_7,8,3,centralMidfielder,https://s3.eu-west-3.amazonaws.com/ligue1.image/players/2025/all/player_official_2025_694_533146-125x125.png
l1_championship_player_2025_7_505666,2025,505666,725822,,Daniel Semedo,2003-10-25,Portugal,PRT,,l1_championship_club_2025_7,35,3,attackingMidfielder,https://s3.eu-west-1.amazonaws.com/image.mpg/2025-empt-694-125x125.png
l1_championship_player_2025_7_62487,2025,62487,465681,Bandiougou,Fadiga,2001-01-15,France,FRA,,l1_championship_club_2025_7,7,3,centralMidfielder,https://s3.eu-west-3.amazonaws.com/ligue1.image/players/2025/all/player_official_2025_694_465681-125x125.png
l1_championship_player_2025_7_105331,2025,105331,544821,Dermane,Karim,2003-12-26,Togo,TGO,,l1_championship_club_2025_7,29,3,defensiveMidfielder,https://s3.eu-west-3.amazonaws.com/ligue1.image/players/2025/all/player_official_2025_694_544821-125x125.png
l1_championship_player_2025_7_70987,2025,70987,549737,Théo,Le Bris,2002-10-01,France,FRA,right,l1_championship_club_2025_7,11,3,centralMidfielder,https://s3.eu-west-3.amazonaws.com/ligue1.image/players/2025/all/player_official_2025_694_549737-125x125.png
l1_championship_player_2025_7_40461,2025,40461,199666,Jean-Victor,Makengo,1998-06-12,France,FRA,left,l1_championship_club_2025_7,17,3,centralMidfielder,https://s3.eu-west-3.amazonaws.com/ligue1.image/players/2025/all/player_official_2025_694_199666-125x125.png
l1_championship_player_2025_7_102066,2025,102066,626970,Mohamed,Bamba,2001-12-10,Côte d'Ivoire,CIV,right,l1_championship_club_2025_7,9,4,striker,https://s3.eu-west-3.amazonaws.com/ligue1.image/players/2025/all/player_official_2025_694_626970-125x125.png
l1_championship_player_2025_7_92486,2025,92486,531004,Bamba,Dieng,2000-03-23,Senegal,SEN,right,l1_championship_club_2025_7,12,4,striker,https://s3.eu-west-3.amazonaws.com/ligue1.image/players/2025/all/player_official_2025_694_531004-125x125.png
l1_championship_player_2025_7_105495,2025,105495,724962,Mamadou,Kone,2006-11-20,Côte d'Ivoire,CIV,,l1_championship_club_2025_7,33,4,striker,https://s3.eu-west-1.amazonaws.com/image.mpg/2025-empt-694-125x125.png
l1_championship_player_2025_7_84609,2025,84609,551976,Pablo,Pagis,2002-12-29,France,FRA,both,l1_championship_club_2025_7,10,4,striker,https://s3.eu-west-3.amazonaws.com/ligue1.image/players/2025/all/player_official_2025_694_551976-125x125.png
l1_championship_player_2025_7_105483,2025,105483,577726,Trevan,Sanusi,2007-04-25,England,ENG,right,l1_championship_club_2025_7,14,4,leftWinger,https://s3.eu-west-3.amazonaws.com/ligue1.image/players/2025/all/player_official_2025_694_577726-125x125.png
l1_championship_player_2025_7_94102,2025,94102,532104,Sambou,Soumano,2001-01-03,Senegal,SEN,right,l1_championship_club_2025_7,28,4,striker,https://s3.eu-west-3.amazonaws.com/ligue1.image/players/2025/all/player_official_2025_694_532104-125x125.png
l1_championship_player_2025_7_101363,2025,101363,250182,Aiyegun,Tosin,1998-06-26,Benin,BEN,right,l1_championship_club_2025_7,15,4,striker,https://s3.eu-west-3.amazonaws.com/ligue1.image/players/2025/all/player_official_2025_694_250182-125x125.png
l1_championship_player_2025_8_91173,2025,91173,482394,Ousmane,Ba,2002-06-06,Senegal,SEN,right,l1_championship_club_2025_8,40,1,goalkeeper,https://s3.eu-west-1.amazonaws.com/image.mpg/2025-empt-145-125x125.png
l1_championship_player_2025_8_105143,2025,105143,552285,Jonathan,Fischer,2001-11-09,Denmark,DNK,left,l1_championship_club_2025_8,1,1,goalkeeper,https://s3.eu-west-3.amazonaws.com/ligue1.image/players/2025/all/player_official_2025_145_552285-125x125.png
l1_championship_player_2025_8_504283,2025,504283,560245,Romain,Jean-Baptiste,2006-02-21,France,FRA,,l1_championship_club_2025_8,16,1,goalkeeper,https://s3.eu-west-1.amazonaws.com/image.mpg/2025-empt-145-125x125.png
l1_championship_player_2025_8_103746,2025,103746,607132,Pape,Sy,1997-05-02,Senegal,SEN,right,l1_championship_club_2025_8,61,1,goalkeeper,https://s3.eu-west-3.amazonaws.com/ligue1.image/players/2025/all/player_official_2025_145_607132-125x125.png
l1_championship_player_2025_8_36407,2025,36407,225897,Fodé,Ballo-Toure,1997-01-03,Senegal,SEN,left,l1_championship_club_2025_8,97,2,leftWingBack,https://s3.eu-west-3.amazonaws.com/ligue1.image/players/2025/all/player_official_2025_145_225897-125x125.png
l1_championship_player_2025_8_37043,2025,37043,86132,Maxime,Colin,1991-11-15,France,FRA,right,l1_championship_club_2025_8,2,2,rightWingBack,https://s3.eu-west-3.amazonaws.com/ligue1.image/players/2025/all/player_official_2025_145_86132-125x125.png
l1_championship_player_2025_8_105510,2025,105510,718802,Moustapha,Diop,2006-06-15,Senegal,SEN,,l1_championship_club_2025_8,3,2,centralDefender,https://s3.eu-west-1.amazonaws.com/image.mpg/2025-empt-145-125x125.png
l1_championship_player_2025_8_104502,2025,104502,648307,Yannis,Lawson,2004-11-22,Belgium,BEL,right,l1_championship_club_2025_8,27,2,leftWingBack,https://s3.eu-west-3.amazonaws.com/ligue1.image/players/2025/all/player_official_2025_145_648307-125x125.png
l1_championship_player_2025_8_104434,2025,104434,587710,Urie-Michel,Mboula,2003-04-30,Gabon,GAB,left,l1_championship_club_2025_8,4,2,centralDefender,https://s3.eu-west-3.amazonaws.com/ligue1.image/players/2025/all/player_official_2025_145_587710-125x125.png
l1_championship_player_2025_8_91395,2025,91395,704012,Cléo,Melieres,2005-04-13,France,FRA,right,l1_championship_club_2025_8,25,2,rightWingBack,https://s3.eu-west-1.amazonaws.com/image.mpg/2025-empt-145-125x125.png
l1_championship_player_2025_8_101409,2025,101409,612589,Sadibou,Sane,2004-06-10,Senegal,SEN,right,l1_championship_club_2025_8,38,2,centralDefender,https://s3.eu-west-3.amazonaws.com/ligue1.image/players/2025/all/player_official_2025_145_612589-125x125.png
l1_championship_player_2025_8_506096,2025,506096,102760,Bouna,Sarr,1992-01-31,Senegal,SEN,right,l1_championship_club_2025_8,70,2,wingBack,https://s3.eu-west-3.amazonaws.com/ligue1.image/players/2025/all/player_official_2025_145_102760-125x125.png
l1_championship_player_2025_8_105458,2025,105458,580671,Terry,Yegbe,2001-01-25,Ghana,GHA,left,l1_championship_club_2025_8,15,2,centralDefender,https://s3.eu-west-3.amazonaws.com/ligue1.image/players/2025/all/player_official_2025_145_580671-125x125.png
l1_championship_player_2025_8_505562,2025,505562,724954,Tahirys,dos Santos,2006-06-30,France,FRA,,l1_championship_club_2025_8,,2,leftWingBack,https://s3.eu-west-1.amazonaws.com/image.mpg/2025-empt-145-125x125.png
l1_championship_player_2025_8_52840,2025,52840,436658,Jessy,Deminguet,1998-01-07,France,FRA,left,l1_championship_club_2025_8,20,3,centralMidfielder,https://s3.eu-west-3.amazonaws.com/ligue1.image/players/2025/all/player_official_2025_145_436658-125x125.png
l1_championship_player_2025_8_36604,2025,36604,160987,Jean-Philippe,Gbamin,1995-09-25,Côte d'Ivoire,CIV,right,l1_championship_club_2025_8,5,3,defensiveMidfielder,https://s3.eu-west-3.amazonaws.com/ligue1.image/players/2025/all/player_official_2025_145_160987-125x125.png
l1_championship_player_2025_8_88814,2025,88814,696920,Ismaël,Guerti,2004-07-30,Morocco,MAR,right,l1_championship_club_2025_8,29,3,attackingMidfielder,https://s3.eu-west-3.amazonaws.com/ligue1.image/players/2025/all/player_official_2025_145_696920-125x125.png
l1_championship_player_2025_8_41517,2025,41517,232182,Gauthier,Hein,1996-08-07,France,FRA,left,l1_championship_club_2025_8,10,3,winger,https://s3.eu-west-3.amazonaws.com/ligue1.image/players/2025/all/player_official_2025_145_232182-125x125.png
l1_championship_player_2025_8_99286,2025,99286,424032,Koffi,Kouao,1998-05-20,Côte d'Ivoire,CIV,right,l1_championship_club_2025_8,39,3,rightWingBack,https://s3.eu-west-3.amazonaws.com/ligue1.image/players/2025/all/player_official_2025_145_424032-125x125.png
l1_championship_player_2025_8_504267,2025,504267,672275,Believe,Munongo,2009-11-23,France,FRA,,l1_championship_club_2025_8,33,3,centralMidfielder,https://s3.eu-west-3.amazonaws.com/ligue1.image/players/2025/all/player_official_2025_145_672275-125x125.png
l1_championship_player_2025_8_17172,2025,17172,80710,Benjamin,Stambouli,1990-08-13,France,FRA,right,l1_championship_club_2025_8,21,3,defensiveMidfielder,https://s3.eu-west-3.amazonaws.com/ligue1.image/players/2025/all/player_official_2025_145_80710-125x125.png
l1_championship_player_2025_8_103210,2025,103210,641216,Alpha,Toure,2006-01-25,Senegal,SEN,left,l1_championship_club_2025_8,12,3,defensiveMidfielder,https://s3.eu-west-3.amazonaws.com/ligue1.image/players/2025/all/player_official_2025_145_641216-125x125.png
l1_championship_player_2025_8_87118,2025,87118,476502,Boubacar,Traore,2001-08-20,Mali,MLI,right,l1_championship_club_2025_8,8,3,defensiveMidfielder,https://s3.eu-west-3.amazonaws.com/ligue1.image/players/2025/all/player_official_2025_145_476502-125x125.png
l1_championship_player_2025_8_105181,2025,105181,486858,Giorgi,Abuashvili,2003-02-08,Georgia,GEO,right,l1_championship_club_2025_8,9,4,leftWinger,https://s3.eu-west-3.amazonaws.com/ligue1.image/players/2025/all/player_official_2025_145_486858-125x125.png
l1_championship_player_2025_8_56360,2025,56360,214254,Habib,Diallo,1995-06-18,Senegal,SEN,right,l1_championship_club_2025_8,30,4,striker,https://s3.eu-west-3.amazonaws.com/ligue1.image/players/2025/all/player_official_2025_145_214254-125x125.png
l1_championship_player_2025_8_506094,2025,506094,175794,Giorgi,Kvilitaia,1993-10-01,Georgia,GEO,right,l1_championship_club_2025_8,11,4,striker,https://s3.eu-west-3.amazonaws.com/ligue1.image/players/2025/all/player_official_2025_145_175794-125x125.png
l1_championship_player_2025_8_98357,2025,98357,681300,Joseph,Mangondo,2005-08-06,France,FRA,left,l1_championship_club_2025_8,17,4,striker,https://s3.eu-west-3.amazonaws.com/ligue1.image/players/2025/all/player_official_2025_145_681300-125x125.png
l1_championship_player_2025_8_505563,2025,505563,724956,Nathan,Mbala,2008-02-19,Congo DR,COD,,l1_championship_club_2025_8,34,4,striker,https://s3.eu-west-1.amazonaws.com/image.mpg/2025-empt-145-125x125.png
l1_championship_player_2025_8_84398,2025,84398,607473,Lucas,Michal,2005-06-22,France,FRA,right,l1_championship_club_2025_8,19,4,winger,https://s3.eu-west-3.amazonaws.com/ligue1.image/players/2025/all/player_official_2025_145_607473-125x125.png
l1_championship_player_2025_8_507594,2025,507594,734918,Jahyann,Pandore,2007-11-25,France,FRA,right,l1_championship_club_2025_8,35,4,striker,https://s3.eu-west-1.amazonaws.com/image.mpg/2025-empt-145-125x125.png
l1_championship_player_2025_8_105176,2025,105176,451017,Giorgi,Tsitaishvili,2000-11-18,Georgia,GEO,left,l1_championship_club_2025_8,7,4,rightWinger,https://s3.eu-west-3.amazonaws.com/ligue1.image/players/2025/all/player_official_2025_145_451017-125x125.png
l1_championship_player_2025_9_503288,2025,503288,603937,Yanis,Benchaouch,2006-04-10,Morocco,MAR,right,l1_championship_club_2025_9,60,1,goalkeeper,https://s3.eu-west-1.amazonaws.com/image.mpg/2025-empt-146-125x125.png
l1_championship_player_2025_9_105304,2025,105304,68675,Lukas,Hradecky,1989-11-24,Finland,FIN,right,l1_championship_club_2025_9,1,1,goalkeeper,https://s3.eu-west-3.amazonaws.com/ligue1.image/players/2025/all/player_official_2025_146_68675-125x125.png
l1_championship_player_2025_9_101297,2025,101297,428266,Philipp,Köhn,1998-04-02,Switzerland,CHE,right,l1_championship_club_2025_9,16,1,goalkeeper,https://s3.eu-west-3.amazonaws.com/ligue1.image/players/2025/all/player_official_2025_146_428266-125x125.png
l1_championship_player_2025_9_86613,2025,86613,549321,Yann,Lienard,2003-03-16,France,FRA,right,l1_championship_club_2025_9,50,1,goalkeeper,https://s3.eu-west-3.amazonaws.com/ligue1.image/players/2025/all/player_official_2025_146_549321-125x125.png
l1_championship_player_2025_9_90029,2025,90029,652156,Jules,Stawiecki,2007-04-10,France,FRA,left,l1_championship_club_2025_9,40,1,goalkeeper,https://s3.eu-west-1.amazonaws.com/image.mpg/2025-empt-146-125x125.png
l1_championship_player_2025_9_104830,2025,104830,93264,Eric,Dier,1994-01-15,England,ENG,right,l1_championship_club_2025_9,3,2,centralDefender,https://s3.eu-west-3.amazonaws.com/ligue1.image/players/2025/all/player_official_2025_146_93264-125x125.png
l1_championship_player_2025_9_90543,2025,90543,218218,Wout,Faes,1998-04-03,Belgium,BEL,right,l1_championship_club_2025_9,25,2,centralDefender,https://s3.eu-west-3.amazonaws.com/ligue1.image/players/2025/all/player_official_2025_146_218218-125x125.png
l1_championship_player_2025_9_91927,2025,91927,230971,Caio,Henrique ,1997-07-31,Brazil,BRA,left,l1_championship_club_2025_9,12,2,leftWingBack,https://s3.eu-west-3.amazonaws.com/ligue1.image/players/2025/all/player_official_2025_146_230971-125x125.png
l1_championship_player_2025_9_85836,2025,85836,201057,Thilo,Kehrer,1996-09-21,Germany,DEU,right,l1_championship_club_2025_9,5,2,centralDefender,https://s3.eu-west-3.amazonaws.com/ligue1.image/players/2025/all/player_official_2025_146_201057-125x125.png
l1_championship_player_2025_9_92548,2025,92548,643297,Bradel,Kiwa,2006-02-05,France,FRA,left,l1_championship_club_2025_9,43,2,centralDefender,https://s3.eu-west-1.amazonaws.com/image.mpg/2025-empt-146-125x125.png
l1_championship_player_2025_9_87320,2025,87320,578500,Christian,Mawissa,2005-04-18,France,FRA,left,l1_championship_club_2025_9,13,2,centralDefender,https://s3.eu-west-3.amazonaws.com/ligue1.image/players/2025/all/player_official_2025_146_578500-125x125.png
l1_championship_player_2025_9_101650,2025,101650,617480,Samuel,Nibombe,2007-08-15,Belgium,BEL,right,l1_championship_club_2025_9,44,2,defensiveMidfielder,https://s3.eu-west-1.amazonaws.com/image.mpg/2025-empt-146-125x125.png
l1_championship_player_2025_9_90829,2025,90829,585496,Kassoum,Ouattara,2004-10-14,France,FRA,left,l1_championship_club_2025_9,20,2,leftWingBack,https://s3.eu-west-3.amazonaws.com/ligue1.image/players/2025/all/player_official_2025_146_585496-125x125.png
l1_championship_player_2025_9_101564,2025,101564,450527,Mohammed,Salisu,1999-04-17,Ghana,GHA,left,l1_championship_club_2025_9,22,2,centralDefender,https://s3.eu-west-3.amazonaws.com/ligue1.image/players/2025/all/player_official_2025_146_450527-125x125.png
l1_championship_player_2025_9_103943,2025,103943,222695,Jordan,Teze,1999-09-30,Netherlands,NLD,right,l1_championship_club_2025_9,4,2,rightWingBack,https://s3.eu-west-3.amazonaws.com/ligue1.image/players/2025/all/player_official_2025_146_222695-125x125.png
l1_championship_player_2025_9_88939,2025,88939,633698,Ilane,Toure,2006-08-04,France,FRA,right,l1_championship_club_2025_9,49,2,centralMidfielder,https://s3.eu-west-1.amazonaws.com/image.mpg/2025-empt-146-125x125.png
l1_championship_player_2025_9_95629,2025,95629,520403,Vanderson,De Oliveira Campos,2001-06-21,Brazil,BRA,right,l1_championship_club_2025_9,2,2,rightWingBack,https://s3.eu-west-3.amazonaws.com/ligue1.image/players/2025/all/player_official_2025_146_520403-125x125.png
l1_championship_player_2025_9_69307,2025,69307,555894,Maghnes,Akliouche,2002-02-25,France,FRA,left,l1_championship_club_2025_9,11,3,attackingMidfielder,https://s3.eu-west-3.amazonaws.com/ligue1.image/players/2025/all/player_official_2025_146_555894-125x125.png
l1_championship_player_2025_9_88835,2025,88835,632794,Aladji,Bamba,2006-07-14,France,FRA,right,l1_championship_club_2025_9,23,3,defensiveMidfielder,https://s3.eu-west-3.amazonaws.com/ligue1.image/players/2025/all/player_official_2025_146_632794-125x125.png
l1_championship_player_2025_9_91448,2025,91448,633711,Pape,Cabral,2007-01-20,France,FRA,right,l1_championship_club_2025_9,41,3,centralMidfielder,https://s3.eu-west-1.amazonaws.com/image.mpg/2025-empt-146-125x125.png
l1_championship_player_2025_9_100765,2025,100765,585597,Lamine,Camara,2004-01-01,Senegal,SEN,right,l1_championship_club_2025_9,15,3,centralMidfielder,https://s3.eu-west-3.amazonaws.com/ligue1.image/players/2025/all/player_official_2025_146_585597-125x125.png
l1_championship_player_2025_9_81928,2025,81928,604124,Mamadou,Coulibaly,2004-04-21,France,FRA,left,l1_championship_club_2025_9,28,3,centralMidfielder,https://s3.eu-west-3.amazonaws.com/ligue1.image/players/2025/all/player_official_2025_146_604124-125x125.png
l1_championship_player_2025_9_92856,2025,92856,249956,Krépin,Diatta,1999-02-25,Senegal,SEN,right,l1_championship_club_2025_9,27,3,rightWinger,https://s3.eu-west-3.amazonaws.com/ligue1.image/players/2025/all/player_official_2025_146_249956-125x125.png
l1_championship_player_2025_9_85395,2025,85395,161950,Aleksandr,Golovin,1996-05-30,Russia,RUS,right,l1_championship_club_2025_9,10,3,centralMidfielder,https://s3.eu-west-3.amazonaws.com/ligue1.image/players/2025/all/player_official_2025_146_161950-125x125.png
l1_championship_player_2025_9_28553,2025,28553,74208,Paul,Pogba,1993-03-15,France,FRA,both,l1_championship_club_2025_9,8,3,centralMidfielder,https://s3.eu-west-3.amazonaws.com/ligue1.image/players/2025/all/player_official_2025_146_74208-125x125.png
l1_championship_player_2025_9_105481,2025,105481,651258,Matthias,Wamu-Oyatambwe,2008-10-22,Belgium,BEL,,l1_championship_club_2025_9,47,3,defensiveMidfielder,https://s3.eu-west-1.amazonaws.com/image.mpg/2025-empt-146-125x125.png
l1_championship_player_2025_9_101596,2025,101596,212701,Denis,Zakaria,1996-11-20,Switzerland,CHE,right,l1_championship_club_2025_9,6,3,defensiveMidfielder,https://s3.eu-west-3.amazonaws.com/ligue1.image/players/2025/all/player_official_2025_146_212701-125x125.png
l1_championship_player_2025_9_506097,2025,506097,535818,Simon,Adingra,2002-01-01,Côte d'Ivoire,CIV,right,l1_championship_club_2025_9,24,4,leftWinger,https://s3.eu-west-3.amazonaws.com/ligue1.image/players/2025/all/player_official_2025_146_535818-125x125.png
l1_championship_player_2025_9_99215,2025,99215,232223,Folarin,Balogun,2001-07-03,USA,USA,right,l1_championship_club_2025_9,9,4,striker,https://s3.eu-west-3.amazonaws.com/ligue1.image/players/2025/all/player_official_2025_146_232223-125x125.png
l1_championship_player_2025_9_104370,2025,104370,444880,Mika,Biereth,2003-02-08,Denmark,DNK,right,l1_championship_club_2025_9,14,4,striker,https://s3.eu-west-3.amazonaws.com/ligue1.image/players/2025/all/player_official_2025_146_444880-125x125.png
l1_championship_player_2025_9_103894,2025,103894,569020,Paris,Brunner,2006-02-15,Germany,DEU,right,l1_championship_club_2025_9,29,4,striker,https://s3.eu-west-3.amazonaws.com/ligue1.image/players/2025/all/player_official_2025_146_569020-125x125.png
l1_championship_player_2025_9_104735,2025,104735,465607,Ansu,Fati,2002-10-31,Spain,ESP,right,l1_championship_club_2025_9,31,4,winger,https://s3.eu-west-3.amazonaws.com/ligue1.image/players/2025/all/player_official_2025_146_465607-125x125.png
l1_championship_player_2025_9_105468,2025,105468,549946,Stanis,Idumbo,2005-06-29,Belgium,BEL,right,l1_championship_club_2025_9,17,4,attackingMidfielder,https://s3.eu-west-3.amazonaws.com/ligue1.image/players/2025/all/player_official_2025_146_549946-125x125.png
l1_championship_player_2025_9_98502,2025,98502,157882,Takumi,Minamino,1995-01-16,Japan,JPN,right,l1_championship_club_2025_9,18,4,attackingMidfielder,https://s3.eu-west-3.amazonaws.com/ligue1.image/players/2025/all/player_official_2025_146_157882-125x125.png
l1_championship_player_2025_12_104089,2025,104089,167040,Patrik,Carlgren,1992-01-08,Sweden,SWE,right,l1_championship_club_2025_12,30,1,goalkeeper,https://s3.eu-west-3.amazonaws.com/ligue1.image/players/2025/all/player_official_2025_430_167040-125x125.png
l1_championship_player_2025_12_18357,2025,18357,59957,Anthony,Lopes,1990-10-01,Portugal,PRT,left,l1_championship_club_2025_12,1,1,goalkeeper,https://s3.eu-west-3.amazonaws.com/ligue1.image/players/2025/all/player_official_2025_430_59957-125x125.png
l1_championship_player_2025_12_90785,2025,90785,592694,Alexis,Mirbach,2005-03-04,France,FRA,right,l1_championship_club_2025_12,50,1,goalkeeper,https://s3.eu-west-3.amazonaws.com/ligue1.image/players/2025/all/player_official_2025_430_592694-125x125.png
l1_championship_player_2025_12_81781,2025,81781,611078,Mathieu,Acapandie,2004-12-14,Madagascar,MDG,right,l1_championship_club_2025_12,22,2,rightWingBack,https://s3.eu-west-3.amazonaws.com/ligue1.image/players/2025/all/player_official_2025_430_611078-125x125.png
l1_championship_player_2025_12_56530,2025,56530,217596,Kelvin,Amian,1998-02-08,France,FRA,right,l1_championship_club_2025_12,98,2,rightWingBack,https://s3.eu-west-3.amazonaws.com/ligue1.image/players/2025/all/player_official_2025_430_217596-125x125.png
l1_championship_player_2025_12_105070,2025,105070,222874,Chidozie,Awaziem,1997-01-01,Nigeria,NGA,right,l1_championship_club_2025_12,6,2,centralDefender,https://s3.eu-west-3.amazonaws.com/ligue1.image/players/2025/all/player_official_2025_430_222874-125x125.png
l1_championship_player_2025_12_84347,2025,84347,545260,Moutanabi,Bodiang,2003-03-14,France,FRA,,l1_championship_club_2025_12,42,2,centralDefender,https://s3.eu-west-3.amazonaws.com/ligue1.image/players/2025/all/player_official_2025_430_545260-125x125.png
l1_championship_player_2025_12_59420,2025,59420,214245,Fabien,Centonze,1996-01-16,France,FRA,right,l1_championship_club_2025_12,18,2,rightWingBack,https://s3.eu-west-3.amazonaws.com/ligue1.image/players/2025/all/player_official_2025_430_214245-125x125.png
l1_championship_player_2025_12_62568,2025,62568,428989,Nicolas,Cozza,1999-01-08,France,FRA,left,l1_championship_club_2025_12,3,2,leftWingBack,https://s3.eu-west-3.amazonaws.com/ligue1.image/players/2025/all/player_official_2025_430_428989-125x125.png
l1_championship_player_2025_12_86548,2025,86548,550837,Sékou,Doucoure,2005-04-26,France,FRA,right,l1_championship_club_2025_12,72,2,centralDefender,https://s3.eu-west-3.amazonaws.com/ligue1.image/players/2025/all/player_official_2025_430_550837-125x125.png
l1_championship_player_2025_12_26393,2025,26393,203368,Frédéric,Guilbert ,1994-12-24,France,FRA,right,l1_championship_club_2025_12,24,2,rightWingBack,https://s3.eu-west-3.amazonaws.com/ligue1.image/players/2025/all/player_official_2025_430_203368-125x125.png
l1_championship_player_2025_12_91746,2025,91746,174317,Deiver,Machado,1993-09-02,Colombia,COL,left,l1_championship_club_2025_12,27,2,leftWingBack,https://s3.eu-west-3.amazonaws.com/ligue1.image/players/2025/all/player_official_2025_430_174317-125x125.png
l1_championship_player_2025_12_104835,2025,104835,130016,Uros,Radakovic,1994-03-31,Serbia,SRB,right,l1_championship_club_2025_12,26,2,centralDefender,https://s3.eu-west-3.amazonaws.com/ligue1.image/players/2025/all/player_official_2025_430_130016-125x125.png
l1_championship_player_2025_12_101469,2025,101469,577640,Abakar,Sylla,2002-12-25,Côte d'Ivoire,CIV,left,l1_championship_club_2025_12,4,2,centralDefender,https://s3.eu-west-3.amazonaws.com/ligue1.image/players/2025/all/player_official_2025_430_577640-125x125.png
l1_championship_player_2025_12_93006,2025,93006,703929,Tylel,Tati,2008-01-19,France,FRA,left,l1_championship_club_2025_12,78,2,centralDefender,https://s3.eu-west-1.amazonaws.com/image.mpg/2025-empt-430-125x125.png
l1_championship_player_2025_12_505958,2025,505958,534074,Ali,Yousuf,2001-07-09,Libya,LBY,right,l1_championship_club_2025_12,2,2,centralDefender,https://s3.eu-west-3.amazonaws.com/ligue1.image/players/2025/all/player_official_2025_430_534074-125x125.png
l1_championship_player_2025_12_15792,2025,15792,66957,Rémy,Cabella,1990-03-08,France,FRA,right,l1_championship_club_2025_12,20,3,attackingMidfielder,https://s3.eu-west-3.amazonaws.com/ligue1.image/players/2025/all/player_official_2025_430_66957-125x125.png
l1_championship_player_2025_12_36931,2025,36931,56864,Francis,Coquelin,1991-05-13,France,FRA,right,l1_championship_club_2025_12,13,3,defensiveMidfielder,https://s3.eu-west-3.amazonaws.com/ligue1.image/players/2025/all/player_official_2025_430_56864-125x125.png
l1_championship_player_2025_12_93632,2025,93632,647907,Bahmed,Deuff,2006-03-13,France,FRA,right,l1_championship_club_2025_12,52,3,centralMidfielder,https://s3.eu-west-1.amazonaws.com/image.mpg/2025-empt-430-125x125.png
l1_championship_player_2025_12_90092,2025,90092,545711,Mohamed,Kaba,2001-10-27,France,FRA,right,l1_championship_club_2025_12,21,3,centralMidfielder,https://s3.eu-west-3.amazonaws.com/ligue1.image/players/2025/all/player_official_2025_430_545711-125x125.png
l1_championship_player_2025_12_78753,2025,78753,476894,Johann,Lepenant,2002-10-22,France,FRA,right,l1_championship_club_2025_12,8,3,defensiveMidfielder,https://s3.eu-west-3.amazonaws.com/ligue1.image/players/2025/all/player_official_2025_430_476894-125x125.png
l1_championship_player_2025_12_93631,2025,93631,647916,Louis,Leroux,2006-01-23,France,FRA,left,l1_championship_club_2025_12,66,3,centralMidfielder,https://s3.eu-west-3.amazonaws.com/ligue1.image/players/2025/all/player_official_2025_430_647916-125x125.png
l1_championship_player_2025_12_66094,2025,66094,226451,Ibrahima,Sissoko,1997-10-27,Mali,MLI,right,l1_championship_club_2025_12,28,3,defensiveMidfielder,https://s3.eu-west-1.amazonaws.com/image.mpg/2025-empt-430-125x125.png
l1_championship_player_2025_12_83801,2025,83801,622368,Dehmaine,Tabibou,2005-04-17,France,FRA,left,l1_championship_club_2025_12,17,3,centralMidfielder,https://s3.eu-west-3.amazonaws.com/ligue1.image/players/2025/all/player_official_2025_430_622368-125x125.png
l1_championship_player_2025_12_85106,2025,85106,713165,Sacha,Ziani,2003-08-07,France,FRA,,l1_championship_club_2025_12,69,3,defensiveMidfielder,https://s3.eu-west-1.amazonaws.com/image.mpg/2025-empt-430-125x125.png
l1_championship_player_2025_12_78356,2025,78356,503726,Matthis,Abline,2003-03-28,France,FRA,right,l1_championship_club_2025_12,10,4,striker,https://s3.eu-west-3.amazonaws.com/ligue1.image/players/2025/all/player_official_2025_430_503726-125x125.png
l1_championship_player_2025_12_105344,2025,105344,626881,Amady,Camara,2005-05-28,Mali,MLI,left,l1_championship_club_2025_12,14,4,striker,https://s3.eu-west-3.amazonaws.com/ligue1.image/players/2025/all/player_official_2025_430_626881-125x125.png
l1_championship_player_2025_12_19323,2025,19323,58926,Youssef,El Arabi,1987-02-03,Morocco,MAR,right,l1_championship_club_2025_12,19,4,striker,https://s3.eu-west-3.amazonaws.com/ligue1.image/players/2025/all/player_official_2025_430_58926-125x125.png
l1_championship_player_2025_12_81490,2025,81490,433771,Ignatius,Ganago,1999-02-16,Cameroon,CMR,right,l1_championship_club_2025_12,37,4,striker,https://s3.eu-west-3.amazonaws.com/ligue1.image/players/2025/all/player_official_2025_430_433771-125x125.png
l1_championship_player_2025_12_93628,2025,93628,647908,Bahereba,Guirassy,2006-08-29,France,FRA,left,l1_championship_club_2025_12,11,4,striker,https://s3.eu-west-3.amazonaws.com/ligue1.image/players/2025/all/player_official_2025_430_647908-125x125.png
l1_championship_player_2025_12_505649,2025,505649,715803,Doumbia,Koné,2007-03-11,France,FRA,,l1_championship_club_2025_12,49,4,striker,https://s3.eu-west-1.amazonaws.com/image.mpg/2025-empt-430-125x125.png
l1_championship_player_2025_12_94926,2025,94926,431245,Mostafa,Mohamed,1997-11-28,Egypt,EGY,right,l1_championship_club_2025_12,31,4,striker,https://s3.eu-west-3.amazonaws.com/ligue1.image/players/2025/all/player_official_2025_430_431245-125x125.png
l1_championship_player_2025_13_77349,2025,77349,485335,Lucas,Chevalier,2001-11-06,France,FRA,right,l1_championship_club_2025_13,30,1,goalkeeper,https://s3.eu-west-3.amazonaws.com/ligue1.image/players/2025/all/player_official_2025_149_485335-125x125.png
l1_championship_player_2025_13_504350,2025,504350,672087,Martin,James,2008-02-14,France,FRA,,l1_championship_club_2025_13,60,1,goalkeeper,https://s3.eu-west-1.amazonaws.com/image.mpg/2025-empt-149-125x125.png
l1_championship_player_2025_13_104436,2025,104436,633269,Renato,Marin,2006-07-10,Italy,ITA,left,l1_championship_club_2025_13,89,1,goalkeeper,https://s3.eu-west-3.amazonaws.com/ligue1.image/players/2025/all/player_official_2025_149_633269-125x125.png
l1_championship_player_2025_13_103328,2025,103328,242194,Matvey,Safonov,1999-02-25,Russia,RUS,right,l1_championship_club_2025_13,39,1,goalkeeper,https://s3.eu-west-3.amazonaws.com/ligue1.image/players/2025/all/player_official_2025_149_242194-125x125.png
l1_championship_player_2025_13_505653,2025,505653,669611,Arthur,Vignaud,2008-01-21,France,FRA,,l1_championship_club_2025_13,70,1,goalkeeper,https://s3.eu-west-1.amazonaws.com/image.mpg/2025-empt-149-125x125.png
l1_championship_player_2025_13_101997,2025,101997,534317,Lucas,Beraldo,2003-11-24,Brazil,BRA,left,l1_championship_club_2025_13,4,2,centralDefender,https://s3.eu-west-3.amazonaws.com/ligue1.image/players/2025/all/player_official_2025_149_534317-125x125.png
l1_championship_player_2025_13_504330,2025,504330,669615,David,Boly,2009-01-22,France,FRA,,l1_championship_club_2025_13,42,2,rightWingBack,https://s3.eu-west-1.amazonaws.com/image.mpg/2025-empt-149-125x125.png
l1_championship_player_2025_13_93940,2025,93940,223760,Achraf,Hakimi,1998-11-04,Morocco,MAR,right,l1_championship_club_2025_13,2,2,rightWingBack,https://s3.eu-west-3.amazonaws.com/ligue1.image/players/2025/all/player_official_2025_149_223760-125x125.png
l1_championship_player_2025_13_101121,2025,101121,174888,Lucas,Hernandez,1996-02-14,France,FRA,left,l1_championship_club_2025_13,21,2,centralDefender,https://s3.eu-west-3.amazonaws.com/ligue1.image/players/2025/all/player_official_2025_149_174888-125x125.png
l1_championship_player_2025_13_57282,2025,57282,116406,Marcos,Aoas Correa,1994-05-14,Brazil,BRA,right,l1_championship_club_2025_13,5,2,centralDefender,https://s3.eu-west-3.amazonaws.com/ligue1.image/players/2025/all/player_official_2025_149_116406-125x125.png
l1_championship_player_2025_13_94930,2025,94930,465206,Nuno,Mendes,2002-06-19,Portugal,PRT,left,l1_championship_club_2025_13,25,2,leftWingBack,https://s3.eu-west-3.amazonaws.com/ligue1.image/players/2025/all/player_official_2025_149_465206-125x125.png
l1_championship_player_2025_13_103891,2025,103891,448102,Willian,Pacho,2001-10-16,Ecuador,ECU,left,l1_championship_club_2025_13,51,2,centralDefender,https://s3.eu-west-3.amazonaws.com/ligue1.image/players/2025/all/player_official_2025_149_448102-125x125.png
l1_championship_player_2025_13_105341,2025,105341,477580,Illia,Zabarnyi,2002-09-01,Ukraine,UKR,right,l1_championship_club_2025_13,6,2,centralDefender,https://s3.eu-west-3.amazonaws.com/ligue1.image/players/2025/all/player_official_2025_149_477580-125x125.png
l1_championship_player_2025_13_83697,2025,83697,570810,Désiré,Doue,2005-06-03,France,FRA,right,l1_championship_club_2025_13,14,3,winger,https://s3.eu-west-3.amazonaws.com/ligue1.image/players/2025/all/player_official_2025_149_570810-125x125.png
l1_championship_player_2025_13_500470,2025,500470,619825,Dro,Fernandez,2008-01-12,Spain,ESP,right,l1_championship_club_2025_13,27,3,attackingMidfielder,https://s3.eu-west-3.amazonaws.com/ligue1.image/players/2025/all/player_official_2025_149_619825-125x125.png
l1_championship_player_2025_13_98392,2025,98392,640620,Mathis,Jangéal,2008-06-24,France,FRA,,l1_championship_club_2025_13,41,3,centralMidfielder,https://s3.eu-west-1.amazonaws.com/image.mpg/2025-empt-149-125x125.png
l1_championship_player_2025_13_101421,2025,101421,451358,Lee,Kang-In,2001-02-19,Korea Republic,KOR,left,l1_championship_club_2025_13,19,3,attackingMidfielder,https://s3.eu-west-3.amazonaws.com/ligue1.image/players/2025/all/player_official_2025_149_451358-125x125.png
l1_championship_player_2025_13_503333,2025,503333,608244,Yanis,Khafi,2006-04-23,France,FRA,right,l1_championship_club_2025_13,46,3,centralMidfielder,https://s3.eu-west-1.amazonaws.com/image.mpg/2025-empt-149-125x125.png
l1_championship_player_2025_13_86814,2025,86814,499448,Senny,Mayulu,2006-05-17,France,FRA,both,l1_championship_club_2025_13,24,3,attackingMidfielder,https://s3.eu-west-3.amazonaws.com/ligue1.image/players/2025/all/player_official_2025_149_499448-125x125.png
l1_championship_player_2025_13_103829,2025,103829,551150,Joao,Neves,2004-09-27,Portugal,PRT,right,l1_championship_club_2025_13,87,3,centralMidfielder,https://s3.eu-west-3.amazonaws.com/ligue1.image/players/2025/all/player_official_2025_149_551150-125x125.png
l1_championship_player_2025_13_505582,2025,505582,669586,Noah,Nsoki,2007-02-20,France,FRA,,l1_championship_club_2025_13,45,3,centralMidfielder,https://s3.eu-west-1.amazonaws.com/image.mpg/2025-empt-149-125x125.png
l1_championship_player_2025_13_100334,2025,100334,201379,Fabian,Ruiz,1996-04-03,Spain,ESP,left,l1_championship_club_2025_13,8,3,attackingMidfielder,https://s3.eu-west-3.amazonaws.com/ligue1.image/players/2025/all/player_official_2025_149_201379-125x125.png
l1_championship_player_2025_13_93223,2025,93223,669617,Wassim,Slama,2008-09-26,Tunisia,TUN,,l1_championship_club_2025_13,48,3,centralMidfielder,https://s3.eu-west-1.amazonaws.com/image.mpg/2025-empt-149-125x125.png
l1_championship_player_2025_13_98896,2025,98896,437858,Vitor,Machado Ferreira,2000-02-13,Portugal,PRT,right,l1_championship_club_2025_13,17,3,attackingMidfielder,https://s3.eu-west-3.amazonaws.com/ligue1.image/players/2025/all/player_official_2025_149_437858-125x125.png
l1_championship_player_2025_13_86879,2025,86879,550840,Warren,Zaïre-Emery,2006-03-08,France,FRA,right,l1_championship_club_2025_13,33,3,centralMidfielder,https://s3.eu-west-3.amazonaws.com/ligue1.image/players/2025/all/player_official_2025_149_550840-125x125.png
l1_championship_player_2025_13_81445,2025,81445,482616,Bradley,Barcola,2002-09-02,France,FRA,right,l1_championship_club_2025_13,29,4,winger,https://s3.eu-west-3.amazonaws.com/ligue1.image/players/2025/all/player_official_2025_149_482616-125x125.png
l1_championship_player_2025_13_36082,2025,36082,219438,Ousmane,Dembele,1997-05-15,France,FRA,both,l1_championship_club_2025_13,10,4,rightWinger,https://s3.eu-west-3.amazonaws.com/ligue1.image/players/2025/all/player_official_2025_149_219438-125x125.png
l1_championship_player_2025_13_104402,2025,104402,440668,Khvicha,Kvaratskhelia,2001-02-12,Georgia,GEO,both,l1_championship_club_2025_13,7,4,leftWinger,https://s3.eu-west-3.amazonaws.com/ligue1.image/players/2025/all/player_official_2025_149_440668-125x125.png
l1_championship_player_2025_13_100727,2025,100727,638987,Ibrahim,Mbaye,2008-01-24,Senegal,SEN,right,l1_championship_club_2025_13,49,4,rightWinger,https://s3.eu-west-3.amazonaws.com/ligue1.image/players/2025/all/player_official_2025_149_638987-125x125.png
l1_championship_player_2025_13_90314,2025,90314,592883,Quentin,Ndjantou,2007-07-23,France,FRA,right,l1_championship_club_2025_13,47,4,striker,https://s3.eu-west-1.amazonaws.com/image.mpg/2025-empt-149-125x125.png
l1_championship_player_2025_13_101567,2025,101567,449980,Gonçalo,Ramos,2001-06-20,Portugal,PRT,right,l1_championship_club_2025_13,9,4,striker,https://s3.eu-west-3.amazonaws.com/ligue1.image/players/2025/all/player_official_2025_149_449980-125x125.png
l1_championship_player_2025_13_103305,2025,103305,669580,Noham,Kamara,2007-01-22,France,FRA,right,l1_championship_club_2025_13,43,2,centralDefender,https://s3.eu-west-3.amazonaws.com/ligue1.image/players/2025/all/player_official_2025_149_669580-125x125.png
l1_championship_player_2025_14_90416,2025,90416,632999,Ayoube,Akabou,2007-05-25,France,FRA,right,l1_championship_club_2025_14,80,1,goalkeeper,https://s3.eu-west-3.amazonaws.com/ligue1.image/players/2025/all/player_official_2025_150_632999-125x125.png
l1_championship_player_2025_14_86562,2025,86562,718828,Kilian,Belazzoug,2006-07-18,Algeria,DZA,right,l1_championship_club_2025_14,60,1,goalkeeper,https://s3.eu-west-3.amazonaws.com/ligue1.image/players/2025/all/player_official_2025_150_718828-125x125.png
l1_championship_player_2025_14_36344,2025,36344,102836,Brice,Samba,1994-04-25,France,FRA,left,l1_championship_club_2025_14,30,1,goalkeeper,https://s3.eu-west-3.amazonaws.com/ligue1.image/players/2025/all/player_official_2025_150_102836-125x125.png
l1_championship_player_2025_14_83691,2025,83691,705930,Mathys,Silistrie,2005-09-16,France,FRA,,l1_championship_club_2025_14,50,1,goalkeeper,https://s3.eu-west-1.amazonaws.com/image.mpg/2025-empt-150-125x125.png
l1_championship_player_2025_14_103452,2025,103452,619501,Abdelhamid,Ait Boudlal,2006-04-16,Morocco,MAR,right,l1_championship_club_2025_14,48,2,centralDefender,https://s3.eu-west-3.amazonaws.com/ligue1.image/players/2025/all/player_official_2025_150_619501-125x125.png
l1_championship_player_2025_14_506465,2025,506465,692206,Junior,Ake,2007-03-15,France,FRA,left,l1_championship_club_2025_14,75,2,centralDefender,https://s3.eu-west-1.amazonaws.com/image.mpg/2025-empt-150-125x125.png
l1_championship_player_2025_14_47707,2025,47707,447547,Lilian,Brassier,1999-11-02,France,FRA,left,l1_championship_club_2025_14,3,2,centralDefender,https://s3.eu-west-3.amazonaws.com/ligue1.image/players/2025/all/player_official_2025_150_447547-125x125.png
l1_championship_player_2025_14_94583,2025,94583,140040,Przemyslaw,Frankowski,1995-04-12,Poland,POL,right,l1_championship_club_2025_14,95,2,rightWingBack,https://s3.eu-west-3.amazonaws.com/ligue1.image/players/2025/all/player_official_2025_150_140040-125x125.png
l1_championship_player_2025_14_83692,2025,83692,606702,Jérémy,Jacquet,2005-07-13,France,FRA,right,l1_championship_club_2025_14,97,2,centralDefender,https://s3.eu-west-3.amazonaws.com/ligue1.image/players/2025/all/player_official_2025_150_606702-125x125.png
l1_championship_player_2025_14_101633,2025,101633,634263,Mahamadou,Nagida,2005-06-28,Cameroon,CMR,left,l1_championship_club_2025_14,18,2,leftWingBack,https://s3.eu-west-3.amazonaws.com/ligue1.image/players/2025/all/player_official_2025_150_634263-125x125.png
l1_championship_player_2025_14_78166,2025,78166,489887,Anthony,Rouault,2001-05-29,France,FRA,right,l1_championship_club_2025_14,24,2,centralDefender,https://s3.eu-west-3.amazonaws.com/ligue1.image/players/2025/all/player_official_2025_150_489887-125x125.png
l1_championship_player_2025_14_89884,2025,89884,511344,Alidu,Seidu,2000-06-04,Ghana,GHA,right,l1_championship_club_2025_14,36,2,centralDefender,https://s3.eu-west-3.amazonaws.com/ligue1.image/players/2025/all/player_official_2025_150_511344-125x125.png
l1_championship_player_2025_14_507638,2025,507638,698935,Isiaka,Soukouna,2006-02-27,Mali,MLI,right,l1_championship_club_2025_14,67,2,centralDefender,https://s3.eu-west-1.amazonaws.com/image.mpg/2025-empt-150-125x125.png
l1_championship_player_2025_14_52480,2025,52480,213940,Ludovic,Blas,1997-12-31,France,FRA,left,l1_championship_club_2025_14,10,3,leftWinger,https://s3.eu-west-3.amazonaws.com/ligue1.image/players/2025/all/player_official_2025_150_213940-125x125.png
l1_championship_player_2025_14_40204,2025,40204,442264,Mahdi,Camara,1998-06-30,France,FRA,right,l1_championship_club_2025_14,45,3,centralMidfielder,https://s3.eu-west-3.amazonaws.com/ligue1.image/players/2025/all/player_official_2025_150_442264-125x125.png
l1_championship_player_2025_14_80554,2025,80554,606701,Djaoui,Cisse,2004-01-31,France,FRA,right,l1_championship_club_2025_14,6,3,centralMidfielder,https://s3.eu-west-3.amazonaws.com/ligue1.image/players/2025/all/player_official_2025_150_606701-125x125.png
l1_championship_player_2025_14_103607,2025,103607,153134,Glen,Kamara,1995-10-28,Finland,FIN,right,l1_championship_club_2025_14,4,3,defensiveMidfielder,https://s3.eu-west-3.amazonaws.com/ligue1.image/players/2025/all/player_official_2025_150_153134-125x125.png
l1_championship_player_2025_14_84357,2025,84357,725071,Paolo,Limon,2005-12-05,France,FRA,left,l1_championship_club_2025_14,74,3,defensiveMidfielder,https://s3.eu-west-3.amazonaws.com/ligue1.image/players/2025/all/player_official_2025_150_725071-125x125.png
l1_championship_player_2025_14_83140,2025,83140,531003,Quentin,Merlin,2002-05-16,France,FRA,left,l1_championship_club_2025_14,26,3,leftWingBack,https://s3.eu-west-3.amazonaws.com/ligue1.image/players/2025/all/player_official_2025_150_531003-125x125.png
l1_championship_player_2025_14_86564,2025,86564,705932,Nordan,Mukiele,2006-02-12,France,FRA,right,l1_championship_club_2025_14,65,3,leftWinger,https://s3.eu-west-1.amazonaws.com/image.mpg/2025-empt-150-125x125.png
l1_championship_player_2025_14_38582,2025,38582,193539,Valentin,Rongier,1994-12-07,France,FRA,right,l1_championship_club_2025_14,21,3,defensiveMidfielder,https://s3.eu-west-3.amazonaws.com/ligue1.image/players/2025/all/player_official_2025_150_193539-125x125.png
l1_championship_player_2025_14_501655,2025,501655,234516,Sebastian,Szymanski,1999-05-10,Poland,POL,left,l1_championship_club_2025_14,17,3,attackingMidfielder,https://s3.eu-west-3.amazonaws.com/ligue1.image/players/2025/all/player_official_2025_150_234516-125x125.png
l1_championship_player_2025_14_506446,2025,506446,640609,Chibuike,Ugochukwu,2008-07-27,France,FRA,,l1_championship_club_2025_14,79,3,defensiveMidfielder,https://s3.eu-west-1.amazonaws.com/image.mpg/2025-empt-150-125x125.png
l1_championship_player_2025_14_101002,2025,101002,426342,Mousa,Al-Tamari,1997-06-10,Jordan,JOR,left,l1_championship_club_2025_14,11,4,leftWinger,https://s3.eu-west-3.amazonaws.com/ligue1.image/players/2025/all/player_official_2025_150_426342-125x125.png
l1_championship_player_2025_14_86774,2025,86774,684058,Henrick,Do Marcolino,2006-03-21,France,FRA,right,l1_championship_club_2025_14,20,4,striker,https://s3.eu-west-1.amazonaws.com/image.mpg/2025-empt-150-125x125.png
l1_championship_player_2025_14_99014,2025,99014,181007,Breel,Embolo,1997-02-14,Switzerland,CHE,right,l1_championship_club_2025_14,7,4,striker,https://s3.eu-west-3.amazonaws.com/ligue1.image/players/2025/all/player_official_2025_150_181007-125x125.png
l1_championship_player_2025_14_504364,2025,504364,692877,Elías,Legendre,2008-04-22,Ecuador,ECU,,l1_championship_club_2025_14,35,4,rightWinger,https://s3.eu-west-1.amazonaws.com/image.mpg/2025-empt-150-125x125.png
l1_championship_player_2025_14_67548,2025,67548,468658,Estéban,Lepaul,2000-04-18,France,FRA,right,l1_championship_club_2025_14,9,4,striker,https://s3.eu-west-3.amazonaws.com/ligue1.image/players/2025/all/player_official_2025_150_468658-125x125.png
l1_championship_player_2025_14_51819,2025,51819,235050,Arnaud,Nordin,1998-06-17,France,FRA,left,l1_championship_club_2025_14,70,4,rightWinger,https://s3.eu-west-3.amazonaws.com/ligue1.image/players/2025/all/player_official_2025_150_235050-125x125.png
l1_championship_player_2025_14_90613,2025,90613,668892,Lucas,Rosier,2007-03-12,France,FRA,left,l1_championship_club_2025_14,71,4,leftWinger,https://s3.eu-west-3.amazonaws.com/ligue1.image/players/2025/all/player_official_2025_150_668892-125x125.png
l1_championship_player_2025_14_506098,2025,506098,652987,Yassir,Zabiri,2005-02-23,Morocco,MAR,right,l1_championship_club_2025_14,77,4,striker,https://s3.eu-west-3.amazonaws.com/ligue1.image/players/2025/all/player_official_2025_150_652987-125x125.png
l1_championship_player_2025_15_76869,2025,76869,242878,Stéfan,Bajic,2001-12-23,France,FRA,right,l1_championship_club_2025_15,50,1,goalkeeper,https://s3.eu-west-3.amazonaws.com/ligue1.image/players/2025/all/player_official_2025_153_242878-125x125.png
l1_championship_player_2025_15_78369,2025,78369,61741,Karl-Johan,Johnsson,1990-01-28,Sweden,SWE,right,l1_championship_club_2025_15,1,1,goalkeeper,https://s3.eu-west-3.amazonaws.com/ligue1.image/players/2025/all/player_official_2025_153_61741-125x125.png
l1_championship_player_2025_15_500447,2025,500447,702078,Gabriel,Kerckaert,2007-10-21,France,FRA,right,l1_championship_club_2025_15,60,1,goalkeeper,https://s3.eu-west-1.amazonaws.com/image.mpg/2025-empt-153-125x125.png
l1_championship_player_2025_15_105144,2025,105144,549939,Mike,Penders,2005-07-21,Belgium,BEL,left,l1_championship_club_2025_15,39,1,goalkeeper,https://s3.eu-west-3.amazonaws.com/ligue1.image/players/2025/all/player_official_2025_153_549939-125x125.png
l1_championship_player_2025_15_501078,2025,501078,622758,Aaron,Anselmino,2005-04-29,Argentina,ARG,right,l1_championship_club_2025_15,5,2,centralDefender,https://s3.eu-west-3.amazonaws.com/ligue1.image/players/2025/all/player_official_2025_153_622758-125x125.png
l1_championship_player_2025_15_506455,2025,506455,689870,Yoann,Becker,2009-01-12,France,FRA,,l1_championship_club_2025_15,43,2,centralDefender,https://s3.eu-west-1.amazonaws.com/image.mpg/2025-empt-153-125x125.png
l1_championship_player_2025_15_105503,2025,105503,172850,Ben,Chilwell,1996-12-21,England,ENG,left,l1_championship_club_2025_15,3,2,leftWingBack,https://s3.eu-west-3.amazonaws.com/ligue1.image/players/2025/all/player_official_2025_153_172850-125x125.png
l1_championship_player_2025_15_90432,2025,90432,680675,Amadou,Cisse,2006-02-27,Guinea,GIN,right,l1_championship_club_2025_15,33,2,centralDefender,https://s3.eu-west-1.amazonaws.com/image.mpg/2025-empt-153-125x125.png
l1_championship_player_2025_15_81244,2025,81244,503720,Guéla,Doue,2002-10-17,Côte d'Ivoire,CIV,right,l1_championship_club_2025_15,22,2,rightWingBack,https://s3.eu-west-3.amazonaws.com/ligue1.image/players/2025/all/player_official_2025_153_503720-125x125.png
l1_championship_player_2025_15_84409,2025,84409,511975,Ismaël,Doukoure,2003-07-24,France,FRA,right,l1_championship_club_2025_15,6,2,centralDefender,https://s3.eu-west-3.amazonaws.com/ligue1.image/players/2025/all/player_official_2025_153_511975-125x125.png
l1_championship_player_2025_15_105280,2025,105280,614167,Lucas,Hogsberg,2006-06-23,Denmark,DNK,right,l1_championship_club_2025_15,24,2,centralDefender,https://s3.eu-west-1.amazonaws.com/image.mpg/2025-empt-153-125x125.png
l1_championship_player_2025_15_100631,2025,100631,690535,Sacha,Lung,2008-05-10,France,FRA,,l1_championship_club_2025_15,35,2,centralDefender,https://s3.eu-west-1.amazonaws.com/image.mpg/2025-empt-153-125x125.png
l1_championship_player_2025_15_104405,2025,104405,466404,Andrew,Omobamidele,2002-06-23,Republic of Ireland,IRL,right,l1_championship_club_2025_15,2,2,centralDefender,https://s3.eu-west-3.amazonaws.com/ligue1.image/players/2025/all/player_official_2025_153_466404-125x125.png
l1_championship_player_2025_15_86651,2025,86651,609640,Mathis,Amougou,2006-01-18,France,FRA,right,l1_championship_club_2025_15,17,3,centralMidfielder,https://s3.eu-west-3.amazonaws.com/ligue1.image/players/2025/all/player_official_2025_153_609640-125x125.png
l1_championship_player_2025_15_104435,2025,104435,543158,Valentin,Barco,2004-07-23,Argentina,ARG,left,l1_championship_club_2025_15,32,3,centralMidfielder,https://s3.eu-west-3.amazonaws.com/ligue1.image/players/2025/all/player_official_2025_153_543158-125x125.png
l1_championship_player_2025_15_100380,2025,100380,643307,Samir,El Mourabet,2005-10-06,Morocco,MAR,left,l1_championship_club_2025_15,29,3,centralMidfielder,https://s3.eu-west-3.amazonaws.com/ligue1.image/players/2025/all/player_official_2025_153_643307-125x125.png
l1_championship_player_2025_15_105478,2025,105478,474120,Julio,Enciso,2004-01-23,Paraguay,PRY,right,l1_championship_club_2025_15,19,3,attackingMidfielder,https://s3.eu-west-3.amazonaws.com/ligue1.image/players/2025/all/player_official_2025_153_474120-125x125.png
l1_championship_player_2025_15_92549,2025,92549,691255,Ghianny,Kodia,2007-09-03,France,FRA,right,l1_championship_club_2025_15,37,3,rightWinger,https://s3.eu-west-1.amazonaws.com/image.mpg/2025-empt-153-125x125.png
l1_championship_player_2025_15_105383,2025,105383,550245,Rafael,Luis,2005-02-18,Portugal,PRT,left,l1_championship_club_2025_15,83,3,defensiveMidfielder,https://s3.eu-west-3.amazonaws.com/ligue1.image/players/2025/all/player_official_2025_153_550245-125x125.png
l1_championship_player_2025_15_500449,2025,500449,702079,Max,Maréchal,2007-05-11,France,FRA,right,l1_championship_club_2025_15,46,3,defensiveMidfielder,https://s3.eu-west-1.amazonaws.com/image.mpg/2025-empt-153-125x125.png
l1_championship_player_2025_15_101736,2025,101736,491011,Diego,Moreira,2004-08-06,Belgium,BEL,left,l1_championship_club_2025_15,7,3,winger,https://s3.eu-west-3.amazonaws.com/ligue1.image/players/2025/all/player_official_2025_153_491011-125x125.png
l1_championship_player_2025_15_88871,2025,88871,578052,Junior,Mwanga,2003-05-11,France,FRA,both,l1_championship_club_2025_15,18,3,defensiveMidfielder,https://s3.eu-west-3.amazonaws.com/ligue1.image/players/2025/all/player_official_2025_153_578052-125x125.png
l1_championship_player_2025_15_105404,2025,105404,631877,Tyrese,Noubissie,2009-05-13,France,FRA,left,l1_championship_club_2025_15,28,3,centralMidfielder,https://s3.eu-west-1.amazonaws.com/image.mpg/2025-empt-153-125x125.png
l1_championship_player_2025_15_86909,2025,86909,572584,Abdoul,Ouattara,2005-10-22,Côte d'Ivoire,CIV,right,l1_championship_club_2025_15,42,3,attackingMidfielder,https://s3.eu-west-3.amazonaws.com/ligue1.image/players/2025/all/player_official_2025_153_572584-125x125.png
l1_championship_player_2025_15_104989,2025,104989,531375,Maxi,Oyedele,2004-11-07,Poland,POL,right,l1_championship_club_2025_15,8,3,defensiveMidfielder,https://s3.eu-west-3.amazonaws.com/ligue1.image/players/2025/all/player_official_2025_153_531375-125x125.png
l1_championship_player_2025_15_102031,2025,102031,645598,Gessime,Yassine,2005-11-22,Morocco,MAR,left,l1_championship_club_2025_15,80,3,winger,https://s3.eu-west-3.amazonaws.com/ligue1.image/players/2025/all/player_official_2025_153_645598-125x125.png
l1_championship_player_2025_15_104444,2025,104444,499724,Samuel,Amo-Ameyaw,2006-07-18,England,ENG,left,l1_championship_club_2025_15,27,4,winger,https://s3.eu-west-3.amazonaws.com/ligue1.image/players/2025/all/player_official_2025_153_499724-125x125.png
l1_championship_player_2025_15_505283,2025,505283,724703,Jean-Baptiste,Bosey,2008-02-15,France,FRA,right,l1_championship_club_2025_15,38,4,striker,https://s3.eu-west-1.amazonaws.com/image.mpg/2025-empt-153-125x125.png
l1_championship_player_2025_15_101362,2025,101362,503037,Emmanuel,Emegha,2003-02-03,Netherlands,NLD,both,l1_championship_club_2025_15,10,4,striker,https://s3.eu-west-3.amazonaws.com/ligue1.image/players/2025/all/player_official_2025_153_503037-125x125.png
l1_championship_player_2025_15_503566,2025,503566,520295,David Datro,Fofana,2002-12-22,Côte d'Ivoire,CIV,right,l1_championship_club_2025_15,15,4,striker,https://s3.eu-west-3.amazonaws.com/ligue1.image/players/2025/all/player_official_2025_153_520295-125x125.png
l1_championship_player_2025_15_105477,2025,105477,573062,Martial,Godo,2003-03-14,Côte d'Ivoire,CIV,right,l1_championship_club_2025_15,20,4,winger,https://s3.eu-west-3.amazonaws.com/ligue1.image/players/2025/all/player_official_2025_153_573062-125x125.png
l1_championship_player_2025_15_103999,2025,103999,484405,Sebastian,Nanasi,2002-05-16,Sweden,SWE,right,l1_championship_club_2025_15,11,4,centralMidfielder,https://s3.eu-west-3.amazonaws.com/ligue1.image/players/2025/all/player_official_2025_153_484405-125x125.png
l1_championship_player_2025_15_105245,2025,105245,596761,Joaquin,Panichelli,2002-10-07,Argentina,ARG,,l1_championship_club_2025_15,9,4,striker,https://s3.eu-west-3.amazonaws.com/ligue1.image/players/2025/all/player_official_2025_153_596761-125x125.png
l1_championship_player_2025_15_98456,2025,98456,692203,Idrissa,Sabaly,2007-11-23,France,FRA,,l1_championship_club_2025_15,34,4,defensiveMidfielder,https://s3.eu-west-1.amazonaws.com/image.mpg/2025-empt-153-125x125.png
l1_championship_player_2025_16_101394,2025,101394,439750,Alex,Dominguez,1998-07-30,Spain,ESP,left,l1_championship_club_2025_16,30,1,goalkeeper,https://s3.eu-west-3.amazonaws.com/ligue1.image/players/2025/all/player_official_2025_427_439750-125x125.png
l1_championship_player_2025_16_98512,2025,98512,198242,Kjetil,Haug,1998-06-12,Norway,NOR,right,l1_championship_club_2025_16,16,1,goalkeeper,https://s3.eu-west-3.amazonaws.com/ligue1.image/players/2025/all/player_official_2025_427_198242-125x125.png
l1_championship_player_2025_16_84101,2025,84101,546172,Guillaume,Restes,2005-03-11,France,FRA,left,l1_championship_club_2025_16,1,1,goalkeeper,https://s3.eu-west-3.amazonaws.com/ligue1.image/players/2025/all/player_official_2025_427_546172-125x125.png
l1_championship_player_2025_16_85901,2025,85901,638407,Naime,Said Mchindra,2005-05-28,Comoros Islands,COM,right,l1_championship_club_2025_16,40,1,goalkeeper,https://s3.eu-west-3.amazonaws.com/ligue1.image/players/2025/all/player_official_2025_427_638407-125x125.png
l1_championship_player_2025_16_86308,2025,86308,702540,Gaëtan,Bakhouche,2005-02-14,France,FRA,left,l1_championship_club_2025_16,44,2,centralDefender,https://s3.eu-west-1.amazonaws.com/image.mpg/2025-empt-427-125x125.png
l1_championship_player_2025_16_103736,2025,103736,492373,Charlie,Cresswell,2002-08-17,England,ENG,right,l1_championship_club_2025_16,4,2,centralDefender,https://s3.eu-west-3.amazonaws.com/ligue1.image/players/2025/all/player_official_2025_427_492373-125x125.png
l1_championship_player_2025_16_86605,2025,86605,638409,Thibaud-Dorian,Garondo,2006-01-12,France,FRA,right,l1_championship_club_2025_16,42,2,rightWingBack,https://s3.eu-west-1.amazonaws.com/image.mpg/2025-empt-427-125x125.png
l1_championship_player_2025_16_100547,2025,100547,490971,Warren,Kamanzi,2000-11-11,Norway,NOR,right,l1_championship_club_2025_16,12,2,rightWingBack,https://s3.eu-west-3.amazonaws.com/ligue1.image/players/2025/all/player_official_2025_427_490971-125x125.png
l1_championship_player_2025_16_95531,2025,95531,632582,Sény,Koumbassa,2007-06-20,France,FRA,right,l1_championship_club_2025_16,35,2,centralDefender,https://s3.eu-west-1.amazonaws.com/image.mpg/2025-empt-427-125x125.png
l1_championship_player_2025_16_103900,2025,103900,201401,Mark,Mckenzie,1999-02-25,USA,USA,right,l1_championship_club_2025_16,3,2,centralDefender,https://s3.eu-west-3.amazonaws.com/ligue1.image/players/2025/all/player_official_2025_427_201401-125x125.png
l1_championship_player_2025_16_93199,2025,93199,638411,Dayann,Methalie,2006-02-15,France,FRA,left,l1_championship_club_2025_16,24,2,leftWingBack,https://s3.eu-west-3.amazonaws.com/ligue1.image/players/2025/all/player_official_2025_427_638411-125x125.png
l1_championship_player_2025_16_94783,2025,94783,228955,Rasmus,Nicolaisen,1997-03-16,Denmark,DNK,left,l1_championship_club_2025_16,2,2,centralDefender,https://s3.eu-west-3.amazonaws.com/ligue1.image/players/2025/all/player_official_2025_427_228955-125x125.png
l1_championship_player_2025_16_505688,2025,505688,616307,Louis,Reynaud,2008-04-12,France,FRA,,l1_championship_club_2025_16,,2,centralDefender,https://s3.eu-west-1.amazonaws.com/image.mpg/2025-empt-427-125x125.png
l1_championship_player_2025_16_26588,2025,26588,102747,Djibril,Sidibe,1992-07-29,France,FRA,right,l1_championship_club_2025_16,19,2,rightWingBack,https://s3.eu-west-3.amazonaws.com/ligue1.image/players/2025/all/player_official_2025_427_102747-125x125.png
l1_championship_player_2025_16_84646,2025,84646,584865,Nicolas,Wasbauer,2004-07-04,France,FRA,right,l1_championship_club_2025_16,27,2,centralDefender,https://s3.eu-west-1.amazonaws.com/image.mpg/2025-empt-427-125x125.png
l1_championship_player_2025_16_101540,2025,101540,446090,Cristian,Casseres Jr,2000-01-20,Venezuela,VEN,right,l1_championship_club_2025_16,23,3,centralMidfielder,https://s3.eu-west-3.amazonaws.com/ligue1.image/players/2025/all/player_official_2025_427_446090-125x125.png
l1_championship_player_2025_16_105335,2025,105335,601946,Pape Demba,Diop,2003-09-04,Senegal,SEN,,l1_championship_club_2025_16,18,3,centralMidfielder,https://s3.eu-west-3.amazonaws.com/ligue1.image/players/2025/all/player_official_2025_427_601946-125x125.png
l1_championship_player_2025_16_83977,2025,83977,696098,Frédéric,Efuele,2005-02-20,Congo DR,COD,right,l1_championship_club_2025_16,25,3,centralDefender,https://s3.eu-west-1.amazonaws.com/image.mpg/2025-empt-427-125x125.png
l1_championship_player_2025_16_507595,2025,507595,734919,Adam,El Ouali,2006-10-14,France,FRA,right,l1_championship_club_2025_16,33,3,centralMidfielder,https://s3.eu-west-1.amazonaws.com/image.mpg/2025-empt-427-125x125.png
l1_championship_player_2025_16_105239,2025,105239,487441,Abu,Francis,2001-04-27,Ghana,GHA,right,l1_championship_club_2025_16,17,3,centralMidfielder,https://s3.eu-west-3.amazonaws.com/ligue1.image/players/2025/all/player_official_2025_427_487441-125x125.png
l1_championship_player_2025_16_62357,2025,62357,242893,Yann,Gboho,2001-01-14,France,FRA,right,l1_championship_club_2025_16,10,3,attackingMidfielder,https://s3.eu-west-3.amazonaws.com/ligue1.image/players/2025/all/player_official_2025_427_242893-125x125.png
l1_championship_player_2025_16_84000,2025,84000,606700,Noah,Lahmadi,2005-01-05,France,FRA,right,l1_championship_club_2025_16,34,3,centralMidfielder,https://s3.eu-west-1.amazonaws.com/image.mpg/2025-empt-427-125x125.png
l1_championship_player_2025_16_80032,2025,80032,656314,Rafik,Messali,2003-04-28,Algeria,DZA,right,l1_championship_club_2025_16,22,3,centralMidfielder,https://s3.eu-west-3.amazonaws.com/ligue1.image/players/2025/all/player_official_2025_427_656314-125x125.png
l1_championship_player_2025_16_104681,2025,104681,539135,Mario,Sauer,2004-05-15,Slovakia,SVK,right,l1_championship_club_2025_16,77,3,attackingMidfielder,https://s3.eu-west-3.amazonaws.com/ligue1.image/players/2025/all/player_official_2025_427_539135-125x125.png
l1_championship_player_2025_16_98651,2025,98651,616227,Alexis,Vossah,2008-03-11,France,FRA,,l1_championship_club_2025_16,45,3,centralMidfielder,https://s3.eu-west-3.amazonaws.com/ligue1.image/players/2025/all/player_official_2025_427_616227-125x125.png
l1_championship_player_2025_16_95630,2025,95630,616245,Ilyas,Azizi,2008-04-13,France,FRA,right,l1_championship_club_2025_16,37,4,leftWinger,https://s3.eu-west-3.amazonaws.com/ligue1.image/players/2025/all/player_official_2025_427_616245-125x125.png
l1_championship_player_2025_16_105462,2025,105462,543968,Emersonn,Correia Da Silva,2004-07-16,Brazil,BRA,right,l1_championship_club_2025_16,20,4,striker,https://s3.eu-west-3.amazonaws.com/ligue1.image/players/2025/all/player_official_2025_427_543968-125x125.png
l1_championship_player_2025_16_101719,2025,101719,247417,Aron,Donnum,1998-04-20,Norway,NOR,left,l1_championship_club_2025_16,15,4,centralMidfielder,https://s3.eu-west-3.amazonaws.com/ligue1.image/players/2025/all/player_official_2025_427_247417-125x125.png
l1_championship_player_2025_16_97007,2025,97007,632586,Enzo,Faty,2007-03-09,France,FRA,right,l1_championship_club_2025_16,21,4,striker,https://s3.eu-west-1.amazonaws.com/image.mpg/2025-empt-427-125x125.png
l1_championship_player_2025_16_105212,2025,105212,575453,Santiago,Hidalgo,2005-02-17,Argentina,ARG,left,l1_championship_club_2025_16,11,4,striker,https://s3.eu-west-3.amazonaws.com/ligue1.image/players/2025/all/player_official_2025_427_575453-125x125.png
l1_championship_player_2025_16_79939,2025,79939,564579,Frank,Magri,1999-09-04,Cameroon,CMR,right,l1_championship_club_2025_16,9,4,striker,https://s3.eu-west-3.amazonaws.com/ligue1.image/players/2025/all/player_official_2025_427_564579-125x125.png
l1_championship_player_2025_16_506093,2025,506093,448010,Jacen,Russel-Rowe,2002-09-13,Canada,CAN,both,l1_championship_club_2025_16,13,4,striker,https://s3.eu-west-3.amazonaws.com/ligue1.image/players/2025/all/player_official_2025_427_448010-125x125.png
l1_championship_player_2025_16_105405,2025,105405,648413,Julian,Vignolo,2006-12-07,Argentina,ARG,right,l1_championship_club_2025_16,7,4,striker,https://s3.eu-west-3.amazonaws.com/ligue1.image/players/2025/all/player_official_2025_427_648413-125x125.png
l1_championship_player_2025_16_98449,2025,98449,632584,Darris,Zema,2007-05-20,France,FRA,,l1_championship_club_2025_16,28,4,centralMidfielder,https://s3.eu-west-1.amazonaws.com/image.mpg/2025-empt-427-125x125.png
l1_championship_player_2025_30_500568,2025,500568,632694,Théo,Bruyère,2006-08-17,France,FRA,,l1_championship_club_2025_30,50,1,goalkeeper,https://s3.eu-west-1.amazonaws.com/image.mpg/2025-empt-1395-125x125.png
l1_championship_player_2025_30_52965,2025,52965,231875,Yehvann,Diouf,1999-11-16,Senegal,SEN,right,l1_championship_club_2025_30,80,1,goalkeeper,https://s3.eu-west-3.amazonaws.com/ligue1.image/players/2025/all/player_official_2025_1395_231875-125x125.png
l1_championship_player_2025_30_29031,2025,29031,97288,Maxime,Dupe,1993-03-04,France,FRA,right,l1_championship_club_2025_30,31,1,goalkeeper,https://s3.eu-west-3.amazonaws.com/ligue1.image/players/2025/all/player_official_2025_1395_97288-125x125.png
l1_championship_player_2025_30_505993,2025,505993,728032,Matys,Youst,2008-01-14,France,FRA,,l1_championship_club_2025_30,70,1,goalkeeper,https://s3.eu-west-1.amazonaws.com/image.mpg/2025-empt-1395-125x125.png
l1_championship_player_2025_30_95645,2025,95645,629808,Bartosz,Zelazowski,2005-04-25,Poland,POL,right,l1_championship_club_2025_30,30,1,goalkeeper,https://s3.eu-west-3.amazonaws.com/ligue1.image/players/2025/all/player_official_2025_1395_629808-125x125.png
l1_championship_player_2025_30_104039,2025,104039,510136,Mohamed,Abdelmonem,1999-02-01,Egypt,EGY,right,l1_championship_club_2025_30,5,2,centralDefender,https://s3.eu-west-3.amazonaws.com/ligue1.image/players/2025/all/player_official_2025_1395_510136-125x125.png
l1_championship_player_2025_30_88734,2025,88734,245485,Ali,Abdi,1993-12-20,Tunisia,TUN,left,l1_championship_club_2025_30,2,2,leftWingBack,https://s3.eu-west-3.amazonaws.com/ligue1.image/players/2025/all/player_official_2025_1395_245485-125x125.png
l1_championship_player_2025_30_505699,2025,505699,636187,Kayyum,Alabi,2007-09-17,France,FRA,,l1_championship_club_2025_30,,2,centralDefender,https://s3.eu-west-1.amazonaws.com/image.mpg/2025-empt-1395-125x125.png
l1_championship_player_2025_30_104420,2025,104420,632880,Juma,Bah,2006-04-11,Sierra Leone,SLE,right,l1_championship_club_2025_30,28,2,centralDefender,https://s3.eu-west-3.amazonaws.com/ligue1.image/players/2025/all/player_official_2025_1395_632880-125x125.png
l1_championship_player_2025_30_78302,2025,78302,437497,Melvin,Bard,2000-11-06,France,FRA,left,l1_championship_club_2025_30,26,2,leftWingBack,https://s3.eu-west-3.amazonaws.com/ligue1.image/players/2025/all/player_official_2025_1395_437497-125x125.png
l1_championship_player_2025_30_103944,2025,103944,611560,Moïse,Bombito,2000-03-30,Canada,CAN,right,l1_championship_club_2025_30,64,2,centralDefender,https://s3.eu-west-3.amazonaws.com/ligue1.image/players/2025/all/player_official_2025_1395_611560-125x125.png
l1_championship_player_2025_30_18101,2025,18101,221095,Jonathan,Clauss,1992-09-25,France,FRA,right,l1_championship_club_2025_30,92,2,rightWingBack,https://s3.eu-west-3.amazonaws.com/ligue1.image/players/2025/all/player_official_2025_1395_221095-125x125.png
l1_championship_player_2025_30_4050,2025,4050,26894,Dante,Costa Santos,1983-10-18,Brazil,BRA,left,l1_championship_club_2025_30,4,2,centralDefender,https://s3.eu-west-3.amazonaws.com/ligue1.image/players/2025/all/player_official_2025_1395_26894-125x125.png
l1_championship_player_2025_30_504302,2025,504302,619372,Brad-Hamilton,Mantsounga,2007-09-06,Congo,COG,,l1_championship_club_2025_30,36,2,centralDefender,https://s3.eu-west-1.amazonaws.com/image.mpg/2025-empt-1395-125x125.png
l1_championship_player_2025_30_80642,2025,80642,538452,Antoine,Mendy,2004-05-27,Senegal,SEN,right,l1_championship_club_2025_30,33,2,rightWingBack,https://s3.eu-west-3.amazonaws.com/ligue1.image/players/2025/all/player_official_2025_1395_538452-125x125.png
l1_championship_player_2025_30_87542,2025,87542,636196,Laurenzo,Monteiro,2004-05-28,France,FRA,right,l1_championship_club_2025_30,48,2,centralDefender,https://s3.eu-west-3.amazonaws.com/ligue1.image/players/2025/all/player_official_2025_1395_636196-125x125.png
l1_championship_player_2025_30_100603,2025,100603,420566,Youssouf,Ndayishimiye,1998-10-27,Burundi,BDI,right,l1_championship_club_2025_30,55,2,centralMidfielder,https://s3.eu-west-3.amazonaws.com/ligue1.image/players/2025/all/player_official_2025_1395_420566-125x125.png
l1_championship_player_2025_30_105177,2025,105177,608237,Kojo,Peprah Oppong,2004-06-04,Ghana,GHA,,l1_championship_club_2025_30,37,2,centralDefender,https://s3.eu-west-3.amazonaws.com/ligue1.image/players/2025/all/player_official_2025_1395_608237-125x125.png
l1_championship_player_2025_30_506058,2025,506058,635137,Yanis,Sofikitis,2007-02-03,France,FRA,,l1_championship_club_2025_30,53,2,rightWingBack,https://s3.eu-west-1.amazonaws.com/image.mpg/2025-empt-1395-125x125.png
l1_championship_player_2025_30_504214,2025,504214,637671,Mousslim,Youssouf,2006-01-09,France,FRA,left,l1_championship_club_2025_30,43,2,centralDefender,https://s3.eu-west-3.amazonaws.com/ligue1.image/players/2025/all/player_official_2025_1395_637671-125x125.png
l1_championship_player_2025_30_88969,2025,88969,488284,Salis,Abdul Samed,2000-03-26,Ghana,GHA,right,l1_championship_club_2025_30,99,3,centralMidfielder,https://s3.eu-west-3.amazonaws.com/ligue1.image/players/2025/all/player_official_2025_1395_488284-125x125.png
l1_championship_player_2025_30_105345,2025,105345,665234,Gabin,Bernardeau,2006-01-24,France,FRA,left,l1_championship_club_2025_30,23,3,centralMidfielder,https://s3.eu-west-3.amazonaws.com/ligue1.image/players/2025/all/player_official_2025_1395_665234-125x125.png
l1_championship_player_2025_30_89873,2025,89873,480779,Hicham,Boudaoui,1999-09-23,Algeria,DZA,right,l1_championship_club_2025_30,6,3,centralMidfielder,https://s3.eu-west-3.amazonaws.com/ligue1.image/players/2025/all/player_official_2025_1395_480779-125x125.png
l1_championship_player_2025_30_505587,2025,505587,632705,Millan,Brignone,2007-03-24,France,FRA,,l1_championship_club_2025_30,45,3,centralMidfielder,https://s3.eu-west-1.amazonaws.com/image.mpg/2025-empt-1395-125x125.png
l1_championship_player_2025_30_100768,2025,100768,658332,Djibril,Coulibaly,2008-11-18,France,FRA,right,l1_championship_club_2025_30,39,3,centralMidfielder,https://s3.eu-west-3.amazonaws.com/ligue1.image/players/2025/all/player_official_2025_1395_658332-125x125.png
l1_championship_player_2025_30_56749,2025,56749,460267,Sofiane,Diop,2000-06-09,Morocco,MAR,right,l1_championship_club_2025_30,10,3,centralMidfielder,https://s3.eu-west-3.amazonaws.com/ligue1.image/players/2025/all/player_official_2025_1395_460267-125x125.png
l1_championship_player_2025_30_87554,2025,87554,618259,Tom,Louchet,2003-05-04,France,FRA,both,l1_championship_club_2025_30,20,3,centralMidfielder,https://s3.eu-west-3.amazonaws.com/ligue1.image/players/2025/all/player_official_2025_1395_618259-125x125.png
l1_championship_player_2025_30_45022,2025,45022,231372,Tanguy,Ndombele,1996-12-28,France,FRA,right,l1_championship_club_2025_30,22,3,centralMidfielder,https://s3.eu-west-3.amazonaws.com/ligue1.image/players/2025/all/player_official_2025_1395_231372-125x125.png
l1_championship_player_2025_30_100368,2025,100368,632699,Everton,Pereira,2007-04-12,France,FRA,right,l1_championship_club_2025_30,41,3,centralMidfielder,https://s3.eu-west-1.amazonaws.com/image.mpg/2025-empt-1395-125x125.png
l1_championship_player_2025_30_34429,2025,34429,122775,Morgan,Sanson,1994-08-18,France,FRA,right,l1_championship_club_2025_30,8,3,attackingMidfielder,https://s3.eu-west-3.amazonaws.com/ligue1.image/players/2025/all/player_official_2025_1395_122775-125x125.png
l1_championship_player_2025_30_105461,2025,105461,453106,Charles,Vanhoutte,1998-09-16,Belgium,BEL,right,l1_championship_club_2025_30,24,3,defensiveMidfielder,https://s3.eu-west-3.amazonaws.com/ligue1.image/players/2025/all/player_official_2025_1395_453106-125x125.png
l1_championship_player_2025_30_506059,2025,506059,639048,Kéfren,Ali,2007-03-22,France,FRA,,l1_championship_club_2025_30,52,4,striker,https://s3.eu-west-1.amazonaws.com/image.mpg/2025-empt-1395-125x125.png
l1_championship_player_2025_30_504303,2025,504303,632704,Enguerrand,Bouard,2007-03-09,France,FRA,,l1_championship_club_2025_30,38,4,striker,https://s3.eu-west-1.amazonaws.com/image.mpg/2025-empt-1395-125x125.png
l1_championship_player_2025_30_505700,2025,505700,632700,Kail,Boudache,2006-06-15,France,FRA,left,l1_championship_club_2025_30,32,4,rightWinger,https://s3.eu-west-1.amazonaws.com/image.mpg/2025-empt-1395-125x125.png
l1_championship_player_2025_30_105384,2025,105384,509201,Kevin,Carlos,2001-04-10,Spain,ESP,,l1_championship_club_2025_30,90,4,striker,https://s3.eu-west-3.amazonaws.com/ligue1.image/players/2025/all/player_official_2025_1395_509201-125x125.png
l1_championship_player_2025_30_90481,2025,90481,490884,Mohamed-Ali,Cho,2004-01-19,France,FRA,left,l1_championship_club_2025_30,25,4,striker,https://s3.eu-west-3.amazonaws.com/ligue1.image/players/2025/all/player_official_2025_1395_490884-125x125.png
l1_championship_player_2025_30_90936,2025,90936,578498,Zoumana,Diallo,2005-02-02,France,FRA,right,l1_championship_club_2025_30,44,4,striker,https://s3.eu-west-1.amazonaws.com/image.mpg/2025-empt-1395-125x125.png
l1_championship_player_2025_30_105459,2025,105459,449986,Tiago,Gouveia,2001-06-18,Portugal,PRT,right,l1_championship_club_2025_30,47,4,rightWinger,https://s3.eu-west-3.amazonaws.com/ligue1.image/players/2025/all/player_official_2025_1395_449986-125x125.png
l1_championship_player_2025_30_105161,2025,105161,469169,Isak,Jansson,2002-01-31,Sweden,SWE,,l1_championship_club_2025_30,21,4,leftWinger,https://s3.eu-west-3.amazonaws.com/ligue1.image/players/2025/all/player_official_2025_1395_469169-125x125.png
l1_championship_player_2025_30_505995,2025,505995,639050,Jah-Mason,Telusson,2008-05-20,France,FRA,,l1_championship_club_2025_30,42,4,striker,https://s3.eu-west-1.amazonaws.com/image.mpg/2025-empt-1395-125x125.png
l1_championship_player_2025_30_83638,2025,83638,477724,Elye,Wahi,2003-01-02,Côte d'Ivoire,CIV,right,l1_championship_club_2025_30,11,4,striker,https://s3.eu-west-3.amazonaws.com/ligue1.image/players/2025/all/player_official_2025_1395_477724-125x125.png
l1_championship_player_2025_37_81428,2025,81428,228345,Hervé,Koffi,1996-10-16,Burkina Faso,BFA,right,l1_championship_club_2025_37,12,1,goalkeeper,https://s3.eu-west-3.amazonaws.com/ligue1.image/players/2025/all/player_official_2025_2128_228345-125x125.png
l1_championship_player_2025_37_507606,2025,507606,677400,Yann,Llahona,2007-03-09,France,FRA,right,l1_championship_club_2025_37,50,1,goalkeeper,https://s3.eu-west-1.amazonaws.com/image.mpg/2025-empt-2128-125x125.png
l1_championship_player_2025_37_93646,2025,93646,645307,Oumar,Pona,2006-06-21,Mali,MLI,right,l1_championship_club_2025_37,40,1,goalkeeper,https://s3.eu-west-3.amazonaws.com/ligue1.image/players/2025/all/player_official_2025_2128_645307-125x125.png
l1_championship_player_2025_37_80763,2025,80763,476882,Melvin,Zinga,2002-03-16,Congo,COG,left,l1_championship_club_2025_37,16,1,goalkeeper,https://s3.eu-west-3.amazonaws.com/ligue1.image/players/2025/all/player_official_2025_2128_476882-125x125.png
l1_championship_player_2025_37_66080,2025,66080,209171,Carlens,Arcus,1996-06-28,Haiti,HTI,right,l1_championship_club_2025_37,2,2,rightWingBack,https://s3.eu-west-3.amazonaws.com/ligue1.image/players/2025/all/player_official_2025_2128_209171-125x125.png
l1_championship_player_2025_37_35684,2025,35684,57266,Abdoulaye,Bamba,1990-04-25,Côte d'Ivoire,CIV,right,l1_championship_club_2025_37,25,2,rightWingBack,https://s3.eu-west-3.amazonaws.com/ligue1.image/players/2025/all/player_official_2025_2128_57266-125x125.png
l1_championship_player_2025_37_91705,2025,91705,606929,Emmanuel,Biumla,2005-05-08,France,FRA,right,l1_championship_club_2025_37,24,2,defensiveMidfielder,https://s3.eu-west-3.amazonaws.com/ligue1.image/players/2025/all/player_official_2025_2128_606929-125x125.png
l1_championship_player_2025_37_84687,2025,84687,512126,Ousmane,Camara,2003-03-06,Mali,MLI,left,l1_championship_club_2025_37,4,2,centralDefender,https://s3.eu-west-3.amazonaws.com/ligue1.image/players/2025/all/player_official_2025_2128_512126-125x125.png
l1_championship_player_2025_37_92528,2025,92528,564920,Jacques,Ekomié,2003-08-19,Gabon,GAB,right,l1_championship_club_2025_37,3,2,leftWingBack,https://s3.eu-west-3.amazonaws.com/ligue1.image/players/2025/all/player_official_2025_2128_564920-125x125.png
l1_championship_player_2025_37_505551,2025,505551,672283,Maël,Gernigon,2009-10-01,France,FRA,,l1_championship_club_2025_37,42,2,centralDefender,https://s3.eu-west-1.amazonaws.com/image.mpg/2025-empt-2128-125x125.png
l1_championship_player_2025_37_17091,2025,17091,68166,Florent,Hanin,1990-02-04,France,FRA,left,l1_championship_club_2025_37,26,2,centralDefender,https://s3.eu-west-3.amazonaws.com/ligue1.image/players/2025/all/player_official_2025_2128_68166-125x125.png
l1_championship_player_2025_37_37008,2025,37008,228289,Jordan,Lefort,1993-08-09,Mauritania,MRT,left,l1_championship_club_2025_37,21,2,centralDefender,https://s3.eu-west-3.amazonaws.com/ligue1.image/players/2025/all/player_official_2025_2128_228289-125x125.png
l1_championship_player_2025_37_99086,2025,99086,658062,Marius,Louër,2007-03-11,France,FRA,right,l1_championship_club_2025_37,20,2,rightWingBack,https://s3.eu-west-3.amazonaws.com/ligue1.image/players/2025/all/player_official_2025_2128_658062-125x125.png
l1_championship_player_2025_37_81801,2025,81801,608246,Lilian,Raolisoa,2000-06-16,France,FRA,right,l1_championship_club_2025_37,27,2,rightWingBack,https://s3.eu-west-3.amazonaws.com/ligue1.image/players/2025/all/player_official_2025_2128_608246-125x125.png
l1_championship_player_2025_37_86655,2025,86655,560259,Dan,Sinate,2006-06-09,Mali,MLI,left,l1_championship_club_2025_37,23,2,centralMidfielder,https://s3.eu-west-1.amazonaws.com/image.mpg/2025-empt-2128-125x125.png
l1_championship_player_2025_37_505552,2025,505552,724928,Nattio,Sonnerat,2008-08-31,France,FRA,,l1_championship_club_2025_37,,2,centralDefender,https://s3.eu-west-1.amazonaws.com/image.mpg/2025-empt-2128-125x125.png
l1_championship_player_2025_37_44183,2025,44183,193411,Haris,Belkebla,1994-01-28,Algeria,DZA,right,l1_championship_club_2025_37,93,3,centralMidfielder,https://s3.eu-west-3.amazonaws.com/ligue1.image/players/2025/all/player_official_2025_2128_193411-125x125.png
l1_championship_player_2025_37_90790,2025,90790,574193,Yassin,Belkhdim,2002-02-14,Morocco,MAR,right,l1_championship_club_2025_37,14,3,centralMidfielder,https://s3.eu-west-3.amazonaws.com/ligue1.image/players/2025/all/player_official_2025_2128_574193-125x125.png
l1_championship_player_2025_37_41919,2025,41919,112580,Pierrick,Capelle,1987-04-15,France,FRA,left,l1_championship_club_2025_37,15,3,attackingMidfielder,https://s3.eu-west-3.amazonaws.com/ligue1.image/players/2025/all/player_official_2025_2128_112580-125x125.png
l1_championship_player_2025_37_93640,2025,93640,624772,Marius,Courcoul,2007-01-01,France,FRA,right,l1_championship_club_2025_37,5,3,centralDefender,https://s3.eu-west-3.amazonaws.com/ligue1.image/players/2025/all/player_official_2025_2128_624772-125x125.png
l1_championship_player_2025_37_507655,2025,507655,737638,Bané,Diatta,2008-06-27,France,FRA,,l1_championship_club_2025_37,46,3,defensiveMidfielder,https://s3.eu-west-1.amazonaws.com/image.mpg/2025-empt-2128-125x125.png
l1_championship_player_2025_37_500571,2025,500571,704632,Ilann,Garin,2006-03-01,France,FRA,,l1_championship_club_2025_37,38,3,centralMidfielder,https://s3.eu-west-1.amazonaws.com/image.mpg/2025-empt-2128-125x125.png
l1_championship_player_2025_37_81139,2025,81139,565877,Louis,Mouton,2002-06-03,France,FRA,right,l1_championship_club_2025_37,6,3,centralMidfielder,https://s3.eu-west-3.amazonaws.com/ligue1.image/players/2025/all/player_official_2025_2128_565877-125x125.png
l1_championship_player_2025_37_91473,2025,91473,174969,Branco,Van Den Boomen,1995-07-21,Netherlands,NLD,right,l1_championship_club_2025_37,8,3,centralMidfielder,https://s3.eu-west-1.amazonaws.com/image.mpg/2025-empt-2128-125x125.png
l1_championship_player_2025_37_105467,2025,105467,619025,Harouna,Djibirin,2006-11-05,Cameroon,CMR,,l1_championship_club_2025_37,31,4,rightWinger,https://s3.eu-west-1.amazonaws.com/image.mpg/2025-empt-2128-125x125.png
l1_championship_player_2025_37_506456,2025,506456,730420,Yahia,Jlidi,2009-01-06,France,FRA,,l1_championship_club_2025_37,44,4,leftWinger,https://s3.eu-west-1.amazonaws.com/image.mpg/2025-empt-2128-125x125.png
l1_championship_player_2025_37_59371,2025,59371,431422,Goduine,Koyalipou,2000-02-15,Central African Republic,CAF,right,l1_championship_club_2025_37,9,4,striker,https://s3.eu-west-1.amazonaws.com/image.mpg/2025-empt-2128-125x125.png
l1_championship_player_2025_37_90955,2025,90955,696404,Lanroy,Machine,2005-10-13,France,FRA,,l1_championship_club_2025_37,36,4,striker,https://s3.eu-west-3.amazonaws.com/ligue1.image/players/2025/all/player_official_2025_2128_696404-125x125.png
l1_championship_player_2025_37_101195,2025,101195,674605,Amine,Moussaoui,2006-12-28,France,FRA,right,l1_championship_club_2025_37,34,4,striker,https://s3.eu-west-3.amazonaws.com/ligue1.image/players/2025/all/player_official_2025_2128_674605-125x125.png
l1_championship_player_2025_37_99066,2025,99066,695695,Prosper,Peter,2007-08-09,France,FRA,,l1_championship_club_2025_37,35,4,striker,https://s3.eu-west-3.amazonaws.com/ligue1.image/players/2025/all/player_official_2025_2128_695695-125x125.png
l1_championship_player_2025_37_98700,2025,98700,532112,Amine,Sbaï,2000-11-05,Morocco,MAR,right,l1_championship_club_2025_37,7,4,leftWinger,https://s3.eu-west-1.amazonaws.com/image.mpg/2025-empt-2128-125x125.png
l1_championship_player_2025_44_63157,2025,63157,431426,Grégoire,Coudert,1999-04-03,France,FRA,left,l1_championship_club_2025_44,30,1,goalkeeper,https://s3.eu-west-3.amazonaws.com/ligue1.image/players/2025/all/player_official_2025_862_431426-125x125.png
l1_championship_player_2025_44_91316,2025,91316,664943,Noah,Jauny,2004-08-26,Republic of Ireland,IRL,right,l1_championship_club_2025_44,50,1,goalkeeper,https://s3.eu-west-3.amazonaws.com/ligue1.image/players/2025/all/player_official_2025_862_664943-125x125.png
l1_championship_player_2025_44_90521,2025,90521,228539,Radoslaw,Majecki,1999-11-16,Poland,POL,right,l1_championship_club_2025_44,1,1,goalkeeper,https://s3.eu-west-3.amazonaws.com/ligue1.image/players/2025/all/player_official_2025_862_228539-125x125.png
l1_championship_player_2025_44_52212,2025,52212,162316,Brendan,Chardonnet,1994-12-22,France,FRA,right,l1_championship_club_2025_44,5,2,centralDefender,https://s3.eu-west-3.amazonaws.com/ligue1.image/players/2025/all/player_official_2025_862_162316-125x125.png
l1_championship_player_2025_44_76703,2025,76703,493357,Soumaïla,Coulibaly,2003-10-14,France,FRA,left,l1_championship_club_2025_44,44,2,centralDefender,https://s3.eu-west-1.amazonaws.com/image.mpg/2025-empt-862-125x125.png
l1_championship_player_2025_44_85103,2025,85103,592507,Junior,Diaz,2003-07-23,Côte d'Ivoire,CIV,right,l1_championship_club_2025_44,4,2,centralDefender,https://s3.eu-west-3.amazonaws.com/ligue1.image/players/2025/all/player_official_2025_862_592507-125x125.png
l1_championship_player_2025_44_105443,2025,105443,524038,Daouda,Guindo,2002-10-14,Mali,MLI,left,l1_championship_club_2025_44,27,2,leftWingBack,https://s3.eu-west-3.amazonaws.com/ligue1.image/players/2025/all/player_official_2025_862_524038-125x125.png
l1_championship_player_2025_44_41971,2025,41971,92527,Kenny,Lala,1991-10-03,France,FRA,right,l1_championship_club_2025_44,77,2,rightWingBack,https://s3.eu-west-3.amazonaws.com/ligue1.image/players/2025/all/player_official_2025_862_92527-125x125.png
l1_championship_player_2025_44_100340,2025,100340,678291,Raphaël,Le Guen,2006-09-01,France,FRA,right,l1_championship_club_2025_44,71,2,centralDefender,https://s3.eu-west-3.amazonaws.com/ligue1.image/players/2025/all/player_official_2025_862_678291-125x125.png
l1_championship_player_2025_44_86468,2025,86468,546635,Bradley,Locko,2002-05-06,France,FRA,left,l1_championship_club_2025_44,2,2,leftWingBack,https://s3.eu-west-3.amazonaws.com/ligue1.image/players/2025/all/player_official_2025_862_546635-125x125.png
l1_championship_player_2025_44_101882,2025,101882,622398,Luck,Zogbe,2005-03-24,Côte d'Ivoire,CIV,right,l1_championship_club_2025_44,12,2,centralDefender,https://s3.eu-west-3.amazonaws.com/ligue1.image/players/2025/all/player_official_2025_862_622398-125x125.png
l1_championship_player_2025_44_78140,2025,78140,477711,Joris,Chotard,2001-09-24,France,FRA,right,l1_championship_club_2025_44,13,3,defensiveMidfielder,https://s3.eu-west-3.amazonaws.com/ligue1.image/players/2025/all/player_official_2025_862_477711-125x125.png
l1_championship_player_2025_44_62484,2025,62484,438309,Junior,Dina Ebimbe,2000-11-21,Cameroon,CMR,right,l1_championship_club_2025_44,7,3,attackingMidfielder,https://s3.eu-west-3.amazonaws.com/ligue1.image/players/2025/all/player_official_2025_862_438309-125x125.png
l1_championship_player_2025_44_93599,2025,93599,559827,Kamory,Doumbia,2003-02-18,Mali,MLI,right,l1_championship_club_2025_44,23,3,attackingMidfielder,https://s3.eu-west-3.amazonaws.com/ligue1.image/players/2025/all/player_official_2025_862_559827-125x125.png
l1_championship_player_2025_44_504212,2025,504212,670266,Noan,Geraux,2006-03-29,France,FRA,,l1_championship_club_2025_44,,3,centralMidfielder,https://s3.eu-west-1.amazonaws.com/image.mpg/2025-empt-862-125x125.png
l1_championship_player_2025_44_505553,2025,505553,669911,Mathis,Lainé,2007-03-30,France,FRA,,l1_championship_club_2025_44,,3,centralMidfielder,https://s3.eu-west-1.amazonaws.com/image.mpg/2025-empt-862-125x125.png
l1_championship_player_2025_44_506447,2025,506447,730338,Axel,Lassus,2008-07-07,France,FRA,,l1_championship_club_2025_44,39,3,centralMidfielder,https://s3.eu-west-1.amazonaws.com/image.mpg/2025-empt-862-125x125.png
l1_championship_player_2025_44_64091,2025,64091,243741,Hugo,Magnetti,1998-05-30,France,FRA,right,l1_championship_club_2025_44,8,3,centralMidfielder,https://s3.eu-west-3.amazonaws.com/ligue1.image/players/2025/all/player_official_2025_862_243741-125x125.png
l1_championship_player_2025_44_104507,2025,104507,641036,Hamidou,Makalou,2006-07-15,Mali,MLI,right,l1_championship_club_2025_44,33,3,defensiveMidfielder,https://s3.eu-west-3.amazonaws.com/ligue1.image/players/2025/all/player_official_2025_862_641036-125x125.png
l1_championship_player_2025_44_57458,2025,57458,203349,Lucas,Tousart,1997-04-29,France,FRA,right,l1_championship_club_2025_44,24,3,centralMidfielder,https://s3.eu-west-3.amazonaws.com/ligue1.image/players/2025/all/player_official_2025_862_203349-125x125.png
l1_championship_player_2025_44_56118,2025,56118,168539,Ludovic,Ajorque,1994-02-25,France,FRA,left,l1_championship_club_2025_44,19,4,striker,https://s3.eu-west-3.amazonaws.com/ligue1.image/players/2025/all/player_official_2025_862_168539-125x125.png
l1_championship_player_2025_44_88827,2025,88827,430510,Mama,Baldé,1995-11-06,Guinea-Bissau,GNB,right,l1_championship_club_2025_44,17,4,striker,https://s3.eu-west-3.amazonaws.com/ligue1.image/players/2025/all/player_official_2025_862_430510-125x125.png
l1_championship_player_2025_44_48039,2025,48039,219873,Romain,Del Castillo,1996-03-29,France,FRA,left,l1_championship_club_2025_44,10,4,winger,https://s3.eu-west-3.amazonaws.com/ligue1.image/players/2025/all/player_official_2025_862_219873-125x125.png
l1_championship_player_2025_44_102141,2025,102141,666764,Saliou,Diop,2005-05-12,Senegal,SEN,right,l1_championship_club_2025_44,29,4,striker,https://s3.eu-west-1.amazonaws.com/image.mpg/2025-empt-862-125x125.png
l1_championship_player_2025_44_90803,2025,90803,652158,Ibrahim,Kante,2007-03-18,France,FRA,right,l1_championship_club_2025_44,21,4,rightWinger,https://s3.eu-west-1.amazonaws.com/image.mpg/2025-empt-862-125x125.png
l1_championship_player_2025_44_72579,2025,72579,592515,Rémy,Labeau Lascary,2003-03-03,France,FRA,right,l1_championship_club_2025_44,14,4,striker,https://s3.eu-west-3.amazonaws.com/ligue1.image/players/2025/all/player_official_2025_862_592515-125x125.png
l1_championship_player_2025_44_100455,2025,100455,586343,Pathé,Mboup,2003-10-19,Senegal,SEN,right,l1_championship_club_2025_44,99,4,winger,https://s3.eu-west-3.amazonaws.com/ligue1.image/players/2025/all/player_official_2025_862_586343-125x125.png
l1_championship_player_2025_90_88741,2025,88741,502436,Obed,Nkambadio,2003-02-07,France,FRA,right,l1_championship_club_2025_90,16,1,goalkeeper,https://s3.eu-west-3.amazonaws.com/ligue1.image/players/2025/all/player_official_2025_2338_502436-125x125.png
l1_championship_player_2025_90_19175,2025,19175,37838,Rémy,Riou,1987-08-06,France,FRA,right,l1_championship_club_2025_90,1,1,goalkeeper,https://s3.eu-west-3.amazonaws.com/ligue1.image/players/2025/all/player_official_2025_2338_37838-125x125.png
l1_championship_player_2025_90_67904,2025,67904,52482,Kevin,Trapp,1990-07-08,Germany,DEU,right,l1_championship_club_2025_90,35,1,goalkeeper,https://s3.eu-west-3.amazonaws.com/ligue1.image/players/2025/all/player_official_2025_2338_52482-125x125.png
l1_championship_player_2025_90_60726,2025,60726,225997,Sofiane,Alakouch,1998-07-29,Morocco,MAR,right,l1_championship_club_2025_90,22,2,rightWingBack,https://s3.eu-west-3.amazonaws.com/ligue1.image/players/2025/all/player_official_2025_2338_225997-125x125.png
l1_championship_player_2025_90_62315,2025,62315,482380,Samir,Chergui,1999-02-06,Algeria,DZA,right,l1_championship_club_2025_90,31,2,centralDefender,https://s3.eu-west-3.amazonaws.com/ligue1.image/players/2025/all/player_official_2025_2338_482380-125x125.png
l1_championship_player_2025_90_506047,2025,506047,550090,Diego,Coppola,2003-12-28,Italy,ITA,right,l1_championship_club_2025_90,42,2,centralDefender,https://s3.eu-west-3.amazonaws.com/ligue1.image/players/2025/all/player_official_2025_2338_550090-125x125.png
l1_championship_player_2025_90_90544,2025,90544,241059,Thibault,De Smet,1998-06-05,Belgium,BEL,left,l1_championship_club_2025_90,28,2,leftWingBack,https://s3.eu-west-3.amazonaws.com/ligue1.image/players/2025/all/player_official_2025_2338_241059-125x125.png
l1_championship_player_2025_90_86894,2025,86894,724979,Anis,Fatahine,2005-06-17,Algeria,DZA,left,l1_championship_club_2025_90,,2,leftWingBack,https://s3.eu-west-1.amazonaws.com/image.mpg/2025-empt-2338-2-125x125.png
l1_championship_player_2025_90_18719,2025,18719,57136,Timothée,Kolodziejczak,1991-10-01,France,FRA,left,l1_championship_club_2025_90,15,2,centralDefender,https://s3.eu-west-3.amazonaws.com/ligue1.image/players/2025/all/player_official_2025_2338_57136-125x125.png
l1_championship_player_2025_90_86437,2025,86437,476404,Moustapha,Mbow,2000-03-08,Senegal,SEN,right,l1_championship_club_2025_90,5,2,centralDefender,https://s3.eu-west-3.amazonaws.com/ligue1.image/players/2025/all/player_official_2025_2338_476404-125x125.png
l1_championship_player_2025_90_102076,2025,102076,530635,Tuomas,Ollila,2000-04-25,Finland,FIN,left,l1_championship_club_2025_90,2,2,leftWingBack,https://s3.eu-west-3.amazonaws.com/ligue1.image/players/2025/all/player_official_2025_2338_530635-125x125.png
l1_championship_player_2025_90_105187,2025,105187,448093,Otavio,Ataide Da Silva,2002-04-21,Brazil,BRA,left,l1_championship_club_2025_90,6,2,centralDefender,https://s3.eu-west-3.amazonaws.com/ligue1.image/players/2025/all/player_official_2025_2338_448093-125x125.png
l1_championship_player_2025_90_91151,2025,91151,643101,Killian,Prouchet,2005-01-23,France,FRA,,l1_championship_club_2025_90,,2,centralDefender,https://s3.eu-west-1.amazonaws.com/image.mpg/2025-empt-2338-2-125x125.png
l1_championship_player_2025_90_92662,2025,92662,560247,Nhoa,Sangui,2006-02-27,France,FRA,left,l1_championship_club_2025_90,19,2,leftWingBack,https://s3.eu-west-3.amazonaws.com/ligue1.image/players/2025/all/player_official_2025_2338_560247-125x125.png
l1_championship_player_2025_90_67860,2025,67860,174528,Hamari,Traore,1992-01-27,Mali,MLI,right,l1_championship_club_2025_90,14,2,rightWingBack,https://s3.eu-west-3.amazonaws.com/ligue1.image/players/2025/all/player_official_2025_2338_174528-125x125.png
l1_championship_player_2025_90_101093,2025,101093,624926,Adama,Camara,1996-10-18,France,FRA,right,l1_championship_club_2025_90,17,3,defensiveMidfielder,https://s3.eu-west-3.amazonaws.com/ligue1.image/players/2025/all/player_official_2025_2338_624926-125x125.png
l1_championship_player_2025_90_79500,2025,79500,511182,Ilan,Kebbal,1998-07-10,Algeria,DZA,left,l1_championship_club_2025_90,10,3,attackingMidfielder,https://s3.eu-west-3.amazonaws.com/ligue1.image/players/2025/all/player_official_2025_2338_511182-125x125.png
l1_championship_player_2025_90_93421,2025,93421,726518,Zakarya,Khaldi,2005-02-08,France,FRA,right,l1_championship_club_2025_90,38,3,striker,https://s3.eu-west-1.amazonaws.com/image.mpg/2025-empt-2338-2-125x125.png
l1_championship_player_2025_90_28858,2025,28858,212325,Pierre,Lees-Melou,1993-05-25,France,FRA,right,l1_championship_club_2025_90,33,3,centralMidfielder,https://s3.eu-west-3.amazonaws.com/ligue1.image/players/2025/all/player_official_2025_2338_212325-125x125.png
l1_championship_player_2025_90_48671,2025,48671,213965,Maxime,Lopez,1997-12-04,France,FRA,right,l1_championship_club_2025_90,21,3,defensiveMidfielder,https://s3.eu-west-3.amazonaws.com/ligue1.image/players/2025/all/player_official_2025_2338_213965-125x125.png
l1_championship_player_2025_90_17313,2025,17313,119582,Julien,Lopez,1992-03-01,Algeria,DZA,right,l1_championship_club_2025_90,20,3,winger,https://s3.eu-west-3.amazonaws.com/ligue1.image/players/2025/all/player_official_2025_2338_119582-125x125.png
l1_championship_player_2025_90_59698,2025,59698,209874,Vincent,Marchetti,1997-07-04,France,FRA,left,l1_championship_club_2025_90,4,3,centralMidfielder,https://s3.eu-west-3.amazonaws.com/ligue1.image/players/2025/all/player_official_2025_2338_209874-125x125.png
l1_championship_player_2025_90_101110,2025,101110,694358,Rudy,Matondo,2008-03-13,France,FRA,left,l1_championship_club_2025_90,23,3,defensiveMidfielder,https://s3.eu-west-3.amazonaws.com/ligue1.image/players/2025/all/player_official_2025_2338_694358-125x125.png
l1_championship_player_2025_90_88576,2025,88576,433312,Marshall,Munetsi,1996-06-22,Zimbabwe,ZWE,right,l1_championship_club_2025_90,18,3,centralMidfielder,https://s3.eu-west-3.amazonaws.com/ligue1.image/players/2025/all/player_official_2025_2338_433312-125x125.png
l1_championship_player_2025_90_98542,2025,98542,651877,Mohamed,Benoit-Dao,2007-02-02,France,FRA,,l1_championship_club_2025_90,37,4,striker,https://s3.eu-west-1.amazonaws.com/image.mpg/2025-empt-2338-2-125x125.png
l1_championship_player_2025_90_39732,2025,39732,217597,Mathieu,Cafaro,1997-03-25,France,FRA,right,l1_championship_club_2025_90,13,4,rightWinger,https://s3.eu-west-3.amazonaws.com/ligue1.image/players/2025/all/player_official_2025_2338_217597-125x125.png
l1_championship_player_2025_90_77378,2025,77378,242894,Willem,Geubbels,2001-08-16,France,FRA,right,l1_championship_club_2025_90,9,4,striker,https://s3.eu-west-3.amazonaws.com/ligue1.image/players/2025/all/player_official_2025_2338_242894-125x125.png
l1_championship_player_2025_90_57025,2025,57025,229225,Alimami,Gory,1996-08-30,France,FRA,right,l1_championship_club_2025_90,7,4,leftWinger,https://s3.eu-west-3.amazonaws.com/ligue1.image/players/2025/all/player_official_2025_2338_229225-125x125.png
l1_championship_player_2025_90_84629,2025,84629,501334,Lamine,Gueye,1998-03-13,Senegal,SEN,right,l1_championship_club_2025_90,26,4,rightWinger,https://s3.eu-west-3.amazonaws.com/ligue1.image/players/2025/all/player_official_2025_2338_501334-125x125.png
l1_championship_player_2025_90_26832,2025,26832,242167,Pierre-Yves,Hamel,1994-02-03,France,FRA,right,l1_championship_club_2025_90,29,4,striker,https://s3.eu-west-3.amazonaws.com/ligue1.image/players/2025/all/player_official_2025_2338_242167-125x125.png
l1_championship_player_2025_90_55821,2025,55821,199672,Jonathan,Ikone,1998-05-02,France,FRA,left,l1_championship_club_2025_90,93,4,rightWinger,https://s3.eu-west-3.amazonaws.com/ligue1.image/players/2025/all/player_official_2025_2338_199672-125x125.png
l1_championship_player_2025_90_500667,2025,500667,59046,Ciro,Immobile,1990-02-20,Italy,ITA,right,l1_championship_club_2025_90,36,4,striker,https://s3.eu-west-3.amazonaws.com/ligue1.image/players/2025/all/player_official_2025_2338_59046-125x125.png
l1_championship_player_2025_90_505684,2025,505684,487702,Luca,Koleosho,2004-09-15,Italy,ITA,right,l1_championship_club_2025_90,24,4,rightWinger,https://s3.eu-west-3.amazonaws.com/ligue1.image/players/2025/all/player_official_2025_2338_487702-125x125.png
l1_championship_player_2025_90_45928,2025,45928,424920,Jean-Philippe,Krasso,1997-07-17,Côte d'Ivoire,CIV,left,l1_championship_club_2025_90,11,4,striker,https://s3.eu-west-3.amazonaws.com/ligue1.image/players/2025/all/player_official_2025_2338_424920-125x125.png
l1_championship_player_2025_90_89637,2025,89637,181441,Moses,Simon,1995-07-12,Nigeria,NGA,right,l1_championship_club_2025_90,27,4,winger,https://s3.eu-west-3.amazonaws.com/ligue1.image/players/2025/all/player_official_2025_2338_181441-125x125.png
l1_championship_player_2025_158_104360,2025,104360,422215,Arnaud,Bodart,1998-03-11,Belgium,BEL,right,l1_championship_club_2025_158,16,1,goalkeeper,https://s3.eu-west-3.amazonaws.com/ligue1.image/players/2025/all/player_official_2025_429_422215-125x125.png
l1_championship_player_2025_158_36573,2025,36573,107925,Marc-Aurèle,Caillard,1994-05-12,France,FRA,right,l1_championship_club_2025_158,30,1,goalkeeper,https://s3.eu-west-3.amazonaws.com/ligue1.image/players/2025/all/player_official_2025_429_107925-125x125.png
l1_championship_player_2025_158_504846,2025,504846,722881,Zadig,Lanssade,2008-03-03,France,FRA,,l1_championship_club_2025_158,60,1,goalkeeper,https://s3.eu-west-1.amazonaws.com/image.mpg/2025-empt-429-125x125.png
l1_championship_player_2025_158_503325,2025,503325,669384,Samy,Merzouk,2006-09-28,Algeria,DZA,,l1_championship_club_2025_158,50,1,goalkeeper,https://s3.eu-west-1.amazonaws.com/image.mpg/2025-empt-429-125x125.png
l1_championship_player_2025_158_500457,2025,500457,635774,Thomas,Sajous,2008-05-15,France,FRA,,l1_championship_club_2025_158,40,1,goalkeeper,https://s3.eu-west-1.amazonaws.com/image.mpg/2025-empt-429-125x125.png
l1_championship_player_2025_158_105338,2025,105338,424992,Berke,Özer,2000-05-25,Türkiye,TUR,right,l1_championship_club_2025_158,1,1,goalkeeper,https://s3.eu-west-3.amazonaws.com/ligue1.image/players/2025/all/player_official_2025_429_424992-125x125.png
l1_championship_player_2025_158_98501,2025,98501,512253,Alexsandro-Victor,De Souza Ribeiro,1999-08-09,Brazil,BRA,left,l1_championship_club_2025_158,4,2,centralDefender,https://s3.eu-west-3.amazonaws.com/ligue1.image/players/2025/all/player_official_2025_429_512253-125x125.png
l1_championship_player_2025_158_90972,2025,90972,675342,Morgan,Costarelli,2005-04-28,France,FRA,right,l1_championship_club_2025_158,37,2,rightWingBack,https://s3.eu-west-1.amazonaws.com/image.mpg/2025-empt-429-125x125.png
l1_championship_player_2025_158_100831,2025,100831,669414,Maxima,Goffi,2008-01-23,France,FRA,,l1_championship_club_2025_158,38,2,centralDefender,https://s3.eu-west-3.amazonaws.com/ligue1.image/players/2025/all/player_official_2025_429_669414-125x125.png
l1_championship_player_2025_158_34834,2025,34834,86813,Aissa,Mandi,1991-10-22,Algeria,DZA,right,l1_championship_club_2025_158,23,2,centralDefender,https://s3.eu-west-3.amazonaws.com/ligue1.image/players/2025/all/player_official_2025_429_86813-125x125.png
l1_championship_player_2025_158_99199,2025,99199,149736,Chancel,Mbemba,1994-08-08,Congo DR,COD,right,l1_championship_club_2025_158,18,2,centralDefender,https://s3.eu-west-3.amazonaws.com/ligue1.image/players/2025/all/player_official_2025_429_149736-125x125.png
l1_championship_player_2025_158_78371,2025,78371,93605,Thomas,Meunier,1991-09-12,Belgium,BEL,right,l1_championship_club_2025_158,12,2,centralDefender,https://s3.eu-west-3.amazonaws.com/ligue1.image/players/2025/all/player_official_2025_429_93605-125x125.png
l1_championship_player_2025_158_105084,2025,105084,538078,Nathan,Ngoy,2003-06-10,Belgium,BEL,right,l1_championship_club_2025_158,3,2,centralDefender,https://s3.eu-west-3.amazonaws.com/ligue1.image/players/2025/all/player_official_2025_429_538078-125x125.png
l1_championship_player_2025_158_104513,2025,104513,619040,Stéphane Aris,Noumbissie,2006-12-25,Cameroon,CMR,,l1_championship_club_2025_158,,2,centralDefender,https://s3.eu-west-1.amazonaws.com/image.mpg/2025-empt-429-125x125.png
l1_championship_player_2025_158_62366,2025,62366,244560,Romain,Perraud,1997-09-22,France,FRA,left,l1_championship_club_2025_158,15,2,leftWingBack,https://s3.eu-west-3.amazonaws.com/ligue1.image/players/2025/all/player_official_2025_429_244560-125x125.png
l1_championship_player_2025_158_101141,2025,101141,588181,Tiago,Santos,2002-07-23,Portugal,PRT,right,l1_championship_club_2025_158,22,2,centralDefender,https://s3.eu-west-3.amazonaws.com/ligue1.image/players/2025/all/player_official_2025_429_588181-125x125.png
l1_championship_player_2025_158_87404,2025,87404,550867,Ousmane,Touré,2005-02-18,France,FRA,right,l1_championship_club_2025_158,36,2,centralDefender,https://s3.eu-west-3.amazonaws.com/ligue1.image/players/2025/all/player_official_2025_429_550867-125x125.png
l1_championship_player_2025_158_105464,2025,105464,180182,Calvin,Verdonk,1997-04-26,Indonesia,IDN,left,l1_championship_club_2025_158,24,2,leftWingBack,https://s3.eu-west-3.amazonaws.com/ligue1.image/players/2025/all/player_official_2025_429_180182-125x125.png
l1_championship_player_2025_158_701,2025,701,55948,Benjamin,Andre,1990-08-03,France,FRA,right,l1_championship_club_2025_158,21,3,attackingMidfielder,https://s3.eu-west-3.amazonaws.com/ligue1.image/players/2025/all/player_official_2025_429_55948-125x125.png
l1_championship_player_2025_158_91059,2025,91059,639171,Lilian,Baret,2006-05-25,France,FRA,right,l1_championship_club_2025_158,33,3,centralMidfielder,https://s3.eu-west-1.amazonaws.com/image.mpg/2025-empt-429-125x125.png
l1_championship_player_2025_158_95633,2025,95633,126407,Nabil,Bentaleb,1994-11-24,Algeria,DZA,left,l1_championship_club_2025_158,6,3,centralMidfielder,https://s3.eu-west-3.amazonaws.com/ligue1.image/players/2025/all/player_official_2025_429_126407-125x125.png
l1_championship_player_2025_158_90486,2025,90486,637238,Ayyoub,Bouaddi,2007-10-02,France,FRA,right,l1_championship_club_2025_158,32,3,centralMidfielder,https://s3.eu-west-3.amazonaws.com/ligue1.image/players/2025/all/player_official_2025_429_637238-125x125.png
l1_championship_player_2025_158_505639,2025,505639,669415,Saad,Boussadia,2008-03-18,France,FRA,,l1_championship_club_2025_158,42,3,attackingMidfielder,https://s3.eu-west-1.amazonaws.com/image.mpg/2025-empt-429-125x125.png
l1_championship_player_2025_158_104671,2025,104671,544947,Marius,Broholm,2004-12-26,Norway,NOR,,l1_championship_club_2025_158,14,3,rightWinger,https://s3.eu-west-3.amazonaws.com/ligue1.image/players/2025/all/player_official_2025_429_544947-125x125.png
l1_championship_player_2025_158_104997,2025,104997,449991,Félix,Correia,2001-01-22,Portugal,PRT,right,l1_championship_club_2025_158,27,3,leftWinger,https://s3.eu-west-3.amazonaws.com/ligue1.image/players/2025/all/player_official_2025_429_449991-125x125.png
l1_championship_player_2025_158_101344,2025,101344,484842,Hákon,Haraldsson,2003-04-10,Iceland,ISL,right,l1_championship_club_2025_158,10,3,attackingMidfielder,https://s3.eu-west-3.amazonaws.com/ligue1.image/players/2025/all/player_official_2025_429_484842-125x125.png
l1_championship_player_2025_158_93229,2025,93229,499450,Ethan,Mbappe,2006-12-29,France,FRA,left,l1_championship_club_2025_158,8,3,centralMidfielder,https://s3.eu-west-3.amazonaws.com/ligue1.image/players/2025/all/player_official_2025_429_499450-125x125.png
l1_championship_player_2025_158_103513,2025,103513,586855,Ngal'ayel,Mukau,2004-11-03,Congo DR,COD,left,l1_championship_club_2025_158,17,3,defensiveMidfielder,https://s3.eu-west-3.amazonaws.com/ligue1.image/players/2025/all/player_official_2025_429_586855-125x125.png
l1_championship_player_2025_158_42500,2025,42500,220560,Gaëtan,Perrin,1996-06-07,France,FRA,right,l1_championship_club_2025_158,28,3,winger,https://s3.eu-west-3.amazonaws.com/ligue1.image/players/2025/all/player_official_2025_429_220560-125x125.png
l1_championship_player_2025_158_103778,2025,103778,471203,Osame,Sahraoui,2001-06-11,Morocco,MAR,right,l1_championship_club_2025_158,11,3,leftWinger,https://s3.eu-west-3.amazonaws.com/ligue1.image/players/2025/all/player_official_2025_429_471203-125x125.png
l1_championship_player_2025_158_91065,2025,91065,669409,Soriba,Diaoune,2007-08-14,France,FRA,right,l1_championship_club_2025_158,35,4,winger,https://s3.eu-west-3.amazonaws.com/ligue1.image/players/2025/all/player_official_2025_429_669409-125x125.png
l1_championship_player_2025_158_84098,2025,84098,628698,Noah,Edjouma,2005-10-04,France,FRA,right,l1_championship_club_2025_158,20,4,winger,https://s3.eu-west-3.amazonaws.com/ligue1.image/players/2025/all/player_official_2025_429_628698-125x125.png
l1_championship_player_2025_158_90768,2025,90768,613221,Matias,Fernandez Pardo,2005-02-03,Spain,ESP,right,l1_championship_club_2025_158,7,4,leftWinger,https://s3.eu-west-3.amazonaws.com/ligue1.image/players/2025/all/player_official_2025_429_613221-125x125.png
l1_championship_player_2025_158_14932,2025,14932,44346,Olivier,Giroud,1986-09-30,France,FRA,left,l1_championship_club_2025_158,9,4,striker,https://s3.eu-west-3.amazonaws.com/ligue1.image/players/2025/all/player_official_2025_429_44346-125x125.png
l1_championship_player_2025_158_105456,2025,105456,531092,Hamza,Igamane,2002-11-02,Morocco,MAR,both,l1_championship_club_2025_158,29,4,striker,https://s3.eu-west-3.amazonaws.com/ligue1.image/players/2025/all/player_official_2025_429_531092-125x125.png
l1_championship_player_2025_158_87402,2025,87402,669996,Younes,Lachaab,2005-01-06,France,FRA,right,l1_championship_club_2025_158,43,4,striker,https://s3.eu-west-1.amazonaws.com/image.mpg/2025-empt-429-125x125.png
l1_championship_player_2025_158_505640,2025,505640,619036,Matah,Yondjio,2007-02-10,Cameroon,CMR,,l1_championship_club_2025_158,41,4,striker,https://s3.eu-west-1.amazonaws.com/image.mpg/2025-empt-429-125x125.png
l1_championship_player_2025_159_98562,2025,98562,677405,Matthias,Da Silva,2007-12-01,Portugal,PRT,right,l1_championship_club_2025_159,35,1,goalkeeper,https://s3.eu-west-1.amazonaws.com/image.mpg/2025-empt-143-125x125.png
l1_championship_player_2025_159_56648,2025,56648,213199,Remy,Descamps,1996-06-25,France,FRA,left,l1_championship_club_2025_159,40,1,goalkeeper,https://s3.eu-west-3.amazonaws.com/ligue1.image/players/2025/all/player_official_2025_143_213199-125x125.png
l1_championship_player_2025_159_98716,2025,98716,624190,Lassine,Diarra,2002-11-11,Mali,MLI,right,l1_championship_club_2025_159,50,1,goalkeeper,https://s3.eu-west-3.amazonaws.com/ligue1.image/players/2025/all/player_official_2025_143_624190-125x125.png
l1_championship_player_2025_159_105401,2025,105401,212873,Dominik,Greif,1997-04-06,Slovakia,SVK,right,l1_championship_club_2025_159,1,1,goalkeeper,https://s3.eu-west-3.amazonaws.com/ligue1.image/players/2025/all/player_official_2025_143_212873-125x125.png
l1_championship_player_2025_159_98444,2025,98444,633104,Yvann,Konan,2007-01-16,Côte d'Ivoire,CIV,right,l1_championship_club_2025_159,30,1,goalkeeper,https://s3.eu-west-3.amazonaws.com/ligue1.image/players/2025/all/player_official_2025_143_633104-125x125.png
l1_championship_player_2025_159_103734,2025,103734,475344,Abner Vinicius,Da Silva Santos,2000-05-27,Brazil,BRA,left,l1_championship_club_2025_159,16,2,leftWingBack,https://s3.eu-west-3.amazonaws.com/ligue1.image/players/2025/all/player_official_2025_143_475344-125x125.png
l1_championship_player_2025_159_103830,2025,103830,170135,Hans,Hateboer,1994-01-09,Netherlands,NLD,right,l1_championship_club_2025_159,33,2,rightWingBack,https://s3.eu-west-3.amazonaws.com/ligue1.image/players/2025/all/player_official_2025_143_170135-125x125.png
l1_championship_player_2025_159_103305,2025,103305,669580,Noham,Kamara,2007-01-22,France,FRA,right,l1_championship_club_2025_159,85,2,centralDefender,https://s3.eu-west-3.amazonaws.com/ligue1.image/players/2025/all/player_official_2025_143_669580-125x125.png
l1_championship_player_2025_159_506503,2025,506503,632793,Steeve,Kango,2006-12-09,France,FRA,,l1_championship_club_2025_159,34,2,centralDefender,https://s3.eu-west-1.amazonaws.com/image.mpg/2025-empt-143-125x125.png
l1_championship_player_2025_159_105138,2025,105138,501735,Ruben,Kluivert,2001-05-21,Netherlands,NLD,right,l1_championship_club_2025_159,21,2,centralDefender,https://s3.eu-west-3.amazonaws.com/ligue1.image/players/2025/all/player_official_2025_143_501735-125x125.png
l1_championship_player_2025_159_101569,2025,101569,154043,Ainsley,Maitland-Niles,1997-08-29,England,ENG,right,l1_championship_club_2025_159,98,2,rightWingBack,https://s3.eu-west-3.amazonaws.com/ligue1.image/players/2025/all/player_official_2025_143_154043-125x125.png
l1_championship_player_2025_159_101530,2025,101530,189781,Clinton,Mata,1992-11-07,Angola,AGO,right,l1_championship_club_2025_159,22,2,rightWingBack,https://s3.eu-west-3.amazonaws.com/ligue1.image/players/2025/all/player_official_2025_143_189781-125x125.png
l1_championship_player_2025_159_506055,2025,506055,633105,Prince,Mbatshi Mukuba,2006-01-11,France,FRA,,l1_championship_club_2025_159,67,2,centralDefender,https://s3.eu-west-1.amazonaws.com/image.mpg/2025-empt-143-125x125.png
l1_championship_player_2025_159_57857,2025,57857,199170,Moussa,Niakhate,1996-03-08,Senegal,SEN,left,l1_championship_club_2025_159,19,2,centralDefender,https://s3.eu-west-3.amazonaws.com/ligue1.image/players/2025/all/player_official_2025_143_199170-125x125.png
l1_championship_player_2025_159_99162,2025,99162,86479,Nicolás,Tagliafico,1992-08-31,Argentina,ARG,left,l1_championship_club_2025_159,3,2,leftWingBack,https://s3.eu-west-3.amazonaws.com/ligue1.image/players/2025/all/player_official_2025_143_86479-125x125.png
l1_championship_player_2025_159_92392,2025,92392,633103,Mathys,De Carvalho,2005-05-01,Portugal,PRT,right,l1_championship_club_2025_159,39,3,centralMidfielder,https://s3.eu-west-3.amazonaws.com/ligue1.image/players/2025/all/player_official_2025_143_633103-125x125.png
l1_championship_player_2025_159_104224,2025,104224,619060,Fallou,Fall,2006-03-08,Senegal,SEN,,l1_championship_club_2025_159,,3,centralMidfielder,https://s3.eu-west-1.amazonaws.com/image.mpg/2025-empt-143-125x125.png
l1_championship_player_2025_159_102091,2025,102091,179519,Orel,Mangala,1998-03-18,Belgium,BEL,right,l1_championship_club_2025_159,5,3,centralMidfielder,https://s3.eu-west-3.amazonaws.com/ligue1.image/players/2025/all/player_official_2025_143_179519-125x125.png
l1_championship_player_2025_159_91416,2025,91416,695367,Khalis,Merah,2007-02-24,France,FRA,,l1_championship_club_2025_159,44,3,centralMidfielder,https://s3.eu-west-3.amazonaws.com/ligue1.image/players/2025/all/player_official_2025_143_695367-125x125.png
l1_championship_player_2025_159_105281,2025,105281,440148,Tyler,Morton,2002-10-31,England,ENG,right,l1_championship_club_2025_159,23,3,defensiveMidfielder,https://s3.eu-west-3.amazonaws.com/ligue1.image/players/2025/all/player_official_2025_143_440148-125x125.png
l1_championship_player_2025_159_505957,2025,505957,578610,Noah,Nartey,2005-10-05,Denmark,DNK,right,l1_championship_club_2025_159,99,3,attackingMidfielder,https://s3.eu-west-3.amazonaws.com/ligue1.image/players/2025/all/player_official_2025_143_578610-125x125.png
l1_championship_player_2025_159_105242,2025,105242,465954,Pavel,Sulc,2000-12-29,Czechia,CZE,right,l1_championship_club_2025_159,10,3,centralMidfielder,https://s3.eu-west-3.amazonaws.com/ligue1.image/players/2025/all/player_official_2025_143_465954-125x125.png
l1_championship_player_2025_159_104049,2025,104049,426634,Tanner,Tessmann,2001-09-24,USA,USA,right,l1_championship_club_2025_159,6,3,defensiveMidfielder,https://s3.eu-west-3.amazonaws.com/ligue1.image/players/2025/all/player_official_2025_143_426634-125x125.png
l1_championship_player_2025_159_500458,2025,500458,702921,,Tiago Gonçalves,2007-02-18,Portugal,PRT,,l1_championship_club_2025_159,46,3,attackingMidfielder,https://s3.eu-west-3.amazonaws.com/ligue1.image/players/2025/all/player_official_2025_143_702921-125x125.png
l1_championship_player_2025_159_38233,2025,38233,168568,Corentin,Tolisso,1994-08-03,France,FRA,right,l1_championship_club_2025_159,8,3,centralMidfielder,https://s3.eu-west-3.amazonaws.com/ligue1.image/players/2025/all/player_official_2025_143_168568-125x125.png
l1_championship_player_2025_159_501393,2025,501393,577107,Endrick Felipe,Moreira De Sousa Pessoa,2006-07-21,Brazil,BRA,left,l1_championship_club_2025_159,9,4,striker,https://s3.eu-west-3.amazonaws.com/ligue1.image/players/2025/all/player_official_2025_143_577107-125x125.png
l1_championship_player_2025_159_102019,2025,102019,549940,Malick,Fofana,2005-03-31,Belgium,BEL,left,l1_championship_club_2025_159,11,4,rightWinger,https://s3.eu-west-3.amazonaws.com/ligue1.image/players/2025/all/player_official_2025_143_549940-125x125.png
l1_championship_player_2025_159_27689,2025,27689,115858,Rachid,Ghezzal,1992-05-09,Algeria,DZA,left,l1_championship_club_2025_159,18,4,rightWinger,https://s3.eu-west-3.amazonaws.com/ligue1.image/players/2025/all/player_official_2025_143_115858-125x125.png
l1_championship_player_2025_159_504337,2025,504337,672280,Adil,Hamdani,2009-01-21,France,FRA,,l1_championship_club_2025_159,84,4,leftWinger,https://s3.eu-west-1.amazonaws.com/image.mpg/2025-empt-143-125x125.png
l1_championship_player_2025_159_500459,2025,500459,640619,Rémi,Himbert,2008-02-29,France,FRA,,l1_championship_club_2025_159,45,4,striker,https://s3.eu-west-3.amazonaws.com/ligue1.image/players/2025/all/player_official_2025_143_640619-125x125.png
l1_championship_player_2025_159_105314,2025,105314,485064,Adam,Karabec,2003-07-02,Czechia,CZE,left,l1_championship_club_2025_159,7,4,attackingMidfielder,https://s3.eu-west-3.amazonaws.com/ligue1.image/players/2025/all/player_official_2025_143_485064-125x125.png
l1_championship_player_2025_159_105118,2025,105118,551191,Afonso,Moreira,2005-03-19,Portugal,PRT,right,l1_championship_club_2025_159,17,4,leftWinger,https://s3.eu-west-3.amazonaws.com/ligue1.image/players/2025/all/player_official_2025_143_551191-125x125.png
l1_championship_player_2025_159_101722,2025,101722,564992,Ernest,Nuamah,2003-11-01,Ghana,GHA,left,l1_championship_club_2025_159,37,4,striker,https://s3.eu-west-3.amazonaws.com/ligue1.image/players/2025/all/player_official_2025_143_564992-125x125.png
l1_championship_player_2025_159_501328,2025,501328,184855,Roman,Yaremchuk,1995-11-27,Ukraine,UKR,right,l1_championship_club_2025_159,77,4,striker,https://s3.eu-west-3.amazonaws.com/ligue1.image/players/2025/all/player_official_2025_143_184855-125x125.png
l1_championship_player_2024_1_103843,2024,103843,216272,Jeffrey,De Lange,1998-04-01,Netherlands,NLD,both,l1_championship_club_2024_1,12,1,goalkeeper,https://s3.eu-west-1.amazonaws.com/image.mpg/2025-empt-144-125x125.png
l1_championship_player_2019_10_89638,2019,89638,106921,Géronimo,Rulli,1992-05-20,Italy,ITA,,l1_championship_club_2019_10,1,1,,https://s3.eu-west-1.amazonaws.com/image.mpg/2025-empt-147-125x125.png
l1_championship_player_2024_1_89638,2024,89638,106921,Géronimo,Rulli,1992-05-20,Argentina,ARG,right,l1_championship_club_2024_1,1,1,goalkeeper,https://s3.eu-west-1.amazonaws.com/image.mpg/2025-empt-144-125x125.png
l1_championship_player_2022_1_98694,2022,98694,551462,Jelle,Van Neck,2004-03-07,Belgium,BEL,right,l1_championship_club_2022_1,40,1,goalkeeper,https://s3.eu-west-1.amazonaws.com/image.mpg/2025-empt-144-125x125.png
l1_championship_player_2023_1_98694,2023,98694,551462,Jelle,Van Neck,2004-03-07,Belgium,BEL,right,l1_championship_club_2023_1,40,1,goalkeeper,https://s3.eu-west-1.amazonaws.com/image.mpg/2025-empt-144-125x125.png
l1_championship_player_2024_1_98694,2024,98694,551462,Jelle,Van Neck,2004-03-07,Belgium,BEL,right,l1_championship_club_2024_1,40,1,goalkeeper,https://s3.eu-west-1.amazonaws.com/image.mpg/2025-empt-144-125x125.png
l1_championship_player_2015_31_66951,2015,66951,465057,Théo,Vermot,1997-01-27,Réunion,REU,,l1_championship_club_2015_31,,1,,https://s3.eu-west-3.amazonaws.com/ligue1.image/players/defaultAssets/152_facePicturesNB-125x125.png
l1_championship_player_2016_31_66951,2016,66951,465057,Théo,Vermot,1997-01-27,Réunion,REU,,l1_championship_club_2016_31,,1,,https://s3.eu-west-3.amazonaws.com/ligue1.image/players/defaultAssets/152_facePicturesNB-125x125.png
l1_championship_player_2018_31_66951,2018,66951,465057,Théo,Vermot,1997-01-27,Réunion,REU,,l1_championship_club_2018_31,1,1,,https://s3.eu-west-1.amazonaws.com/image.mpg/2025-empt-152-125x125.png
l1_championship_player_2019_31_66951,2019,66951,465057,Théo,Vermot,1997-01-27,Réunion,REU,,l1_championship_club_2019_31,1,1,,https://s3.eu-west-1.amazonaws.com/image.mpg/2025-empt-152-125x125.png
l1_championship_player_2024_1_66951,2024,66951,465057,Théo,Vermot,1997-01-27,Réunion,REU,,l1_championship_club_2024_1,,1,,https://s3.eu-west-1.amazonaws.com/image.mpg/2025-empt-144-125x125.png
l1_championship_player_2020_14_84688,2020,84688,210494,Nayef,Aguerd,1996-03-30,Morocco,MAR,left,l1_championship_club_2020_14,6,2,centralDefender,https://s3.eu-west-1.amazonaws.com/image.mpg/2025-empt-150-125x125.png
l1_championship_player_2021_14_84688,2021,84688,210494,Nayef,Aguerd,1996-03-30,Morocco,MAR,left,l1_championship_club_2021_14,6,2,centralDefender,https://s3.eu-west-1.amazonaws.com/image.mpg/2025-empt-150-125x125.png
l1_championship_player_2020_1_91272,2020,91272,446682,Leonardo,Balerdi,1999-01-26,Italy,ITA,,l1_championship_club_2020_1,5,2,,https://s3.eu-west-1.amazonaws.com/image.mpg/2025-empt-144-125x125.png
l1_championship_player_2021_1_91272,2021,91272,446682,Leonardo,Balerdi,1999-01-26,Argentina,ARG,right,l1_championship_club_2021_1,5,2,centralDefender,https://s3.eu-west-1.amazonaws.com/image.mpg/2025-empt-144-125x125.png
l1_championship_player_2022_1_91272,2022,91272,446682,Leonardo,Balerdi,1999-01-26,Argentina,ARG,right,l1_championship_club_2022_1,5,2,centralDefender,https://s3.eu-west-1.amazonaws.com/image.mpg/2025-empt-144-125x125.png
l1_championship_player_2023_1_91272,2023,91272,446682,Leonardo,Balerdi,1999-01-26,Argentina,ARG,right,l1_championship_club_2023_1,5,2,centralDefender,https://s3.eu-west-1.amazonaws.com/image.mpg/2025-empt-144-125x125.png
l1_championship_player_2024_1_91272,2024,91272,446682,Leonardo,Balerdi,1999-01-26,Argentina,ARG,right,l1_championship_club_2024_1,5,2,centralDefender,https://s3.eu-west-1.amazonaws.com/image.mpg/2025-empt-144-125x125.png
l1_championship_player_2021_1_89782,2021,89782,593149,Hilan,Hamzaoui Slimani,2006-02-15,Réunion,REU,,l1_championship_club_2021_1,,,,https://s3.eu-west-1.amazonaws.com/image.mpg/2025-empt-144-125x125.png
l1_championship_player_2024_1_89782,2024,89782,593149,Hilan,Hamzaoui Slimani,2006-02-15,Réunion,REU,,l1_championship_club_2024_1,,2,,https://s3.eu-west-1.amazonaws.com/image.mpg/2025-empt-144-125x125.png
l1_championship_player_2020_6_91113,2020,91113,224868,Facundo,Medina,1999-05-28,Argentina,ARG,,l1_championship_club_2020_6,14,2,,https://s3.eu-west-1.amazonaws.com/image.mpg/2025-empt-142-125x125.png
l1_championship_player_2021_6_91113,2021,91113,224868,Facundo,Medina,1999-05-28,Argentina,ARG,left,l1_championship_club_2021_6,14,2,leftWingBack,https://s3.eu-west-1.amazonaws.com/image.mpg/2025-empt-142-125x125.png
l1_championship_player_2022_6_91113,2022,91113,224868,Facundo,Medina,1999-05-28,Argentina,ARG,left,l1_championship_club_2022_6,14,2,leftWingBack,https://s3.eu-west-1.amazonaws.com/image.mpg/2025-empt-142-125x125.png
l1_championship_player_2023_6_91113,2023,91113,224868,Facundo,Medina,1999-05-28,Argentina,ARG,left,l1_championship_club_2023_6,14,2,leftWingBack,https://s3.eu-west-1.amazonaws.com/image.mpg/2025-empt-142-125x125.png
l1_championship_player_2024_6_91113,2024,91113,224868,Facundo,Medina,1999-05-28,Argentina,ARG,left,l1_championship_club_2024_6,14,2,leftWingBack,https://s3.eu-west-1.amazonaws.com/image.mpg/2025-empt-142-125x125.png
l1_championship_player_2025_6_91113,2025,91113,224868,Facundo,Medina,1999-05-28,Argentina,ARG,left,l1_championship_club_2025_6,14,2,leftWingBack,https://s3.eu-west-1.amazonaws.com/image.mpg/2025-empt-142-125x125.png
l1_championship_player_2025_10_98605,2025,98605,632595,Pladi,Nzinga Pambani,2007-03-17,Réunion,REU,,l1_championship_club_2025_10,,2,,https://s3.eu-west-1.amazonaws.com/image.mpg/2025-empt-147-125x125.png
l1_championship_player_2021_159_94776,2021,94776,109533,Emerson,Palmieri ,1994-08-03,Italy,ITA,left,l1_championship_club_2021_159,3,2,leftWingBack,https://s3.eu-west-1.amazonaws.com/image.mpg/2025-empt-143-125x125.png
l1_championship_player_2011_158_17566,2011,17566,202675,Benjamin,Pavard,1996-03-28,Réunion,REU,,l1_championship_club_2011_158,,3,,https://s3.eu-west-1.amazonaws.com/image.mpg/2025-empt-429-125x125.png
l1_championship_player_2012_158_17566,2012,17566,202675,Benjamin,Pavard,1996-03-28,Réunion,REU,,l1_championship_club_2012_158,,,,https://s3.eu-west-1.amazonaws.com/image.mpg/2025-empt-429-125x125.png
l1_championship_player_2013_158_17566,2013,17566,202675,Benjamin,Pavard,1996-03-28,Réunion,REU,,l1_championship_club_2013_158,,,,https://s3.eu-west-1.amazonaws.com/image.mpg/2025-empt-429-125x125.png
l1_championship_player_2014_158_17566,2014,17566,202675,Benjamin,Pavard,1996-03-28,Réunion,REU,,l1_championship_club_2014_158,,3,,https://s3.eu-west-1.amazonaws.com/image.mpg/2025-empt-429-125x125.png
l1_championship_player_2015_158_17566,2015,17566,202675,Benjamin,Pavard,1996-03-28,Réunion,REU,,l1_championship_club_2015_158,28,2,,https://s3.eu-west-1.amazonaws.com/image.mpg/2025-empt-429-125x125.png
l1_championship_player_2016_158_17566,2016,17566,202675,Benjamin,Pavard,1996-03-28,Réunion,REU,,l1_championship_club_2016_158,,2,,https://s3.eu-west-1.amazonaws.com/image.mpg/2025-empt-429-125x125.png
l1_championship_player_2016_13_69685,2016,69685,215473,Timothy,Weah,2000-02-22,Réunion,REU,,l1_championship_club_2016_13,,4,,https://s3.eu-west-1.amazonaws.com/image.mpg/2025-empt-149-125x125.png
l1_championship_player_2017_13_69685,2017,69685,215473,Timothy,Weah,2000-02-22,USA,USA,right,l1_championship_club_2017_13,21,4,striker,https://s3.eu-west-1.amazonaws.com/image.mpg/2025-empt-149-125x125.png
l1_championship_player_2018_13_69685,2018,69685,215473,Timothy,Weah,2000-02-22,Réunion,REU,,l1_championship_club_2018_13,21,4,,https://s3.eu-west-1.amazonaws.com/image.mpg/2025-empt-149-125x125.png
l1_championship_player_2019_158_69685,2019,69685,215473,Timothy,Weah,2000-02-22,Réunion,REU,,l1_championship_club_2019_158,22,4,,https://s3.eu-west-1.amazonaws.com/image.mpg/2025-empt-429-125x125.png
l1_championship_player_2020_158_69685,2020,69685,215473,Timothy,Weah,2000-02-22,USA,USA,right,l1_championship_club_2020_158,22,4,striker,https://s3.eu-west-1.amazonaws.com/image.mpg/2025-empt-429-125x125.png
l1_championship_player_2021_158_69685,2021,69685,215473,Timothy,Weah,2000-02-22,USA,USA,right,l1_championship_club_2021_158,22,4,striker,https://s3.eu-west-1.amazonaws.com/image.mpg/2025-empt-429-125x125.png
l1_championship_player_2022_158_69685,2022,69685,215473,Timothy,Weah,2000-02-22,USA,USA,right,l1_championship_club_2022_158,22,4,striker,https://s3.eu-west-1.amazonaws.com/image.mpg/2025-empt-429-125x125.png
l1_championship_player_2021_5_62437,2021,62437,462609,Himad,Abdelli,1999-11-17,Algeria,DZA,left,l1_championship_club_2021_5,8,3,centralMidfielder,https://s3.eu-west-1.amazonaws.com/image.mpg/2025-empt-141-125x125.png
l1_championship_player_2022_37_62437,2022,62437,462609,Himad,Abdelli,1999-11-17,Algeria,DZA,left,l1_championship_club_2022_37,10,3,attackingMidfielder,https://s3.eu-west-1.amazonaws.com/image.mpg/2025-empt-2128-125x125.png
l1_championship_player_2023_37_62437,2023,62437,462609,Himad,Abdelli,1999-11-17,Algeria,DZA,left,l1_championship_club_2023_37,10,3,attackingMidfielder,https://s3.eu-west-1.amazonaws.com/image.mpg/2025-empt-2128-125x125.png
l1_championship_player_2024_37_62437,2024,62437,462609,Himad,Abdelli,1999-11-17,Algeria,DZA,left,l1_championship_club_2024_37,10,3,attackingMidfielder,https://s3.eu-west-1.amazonaws.com/image.mpg/2025-empt-2128-125x125.png
l1_championship_player_2025_37_62437,2025,62437,462609,Himad,Abdelli,1999-11-17,Algeria,DZA,left,l1_championship_club_2025_37,10,3,attackingMidfielder,https://s3.eu-west-3.amazonaws.com/ligue1.image/players/2025/all/player_official_2025_2128_462609-125x125.png
l1_championship_player_2024_1_103700,2024,103700,132015,Pierre-Emile,Højbjerg,1995-08-05,Denmark,DNK,right,l1_championship_club_2024_1,23,3,defensiveMidfielder,https://s3.eu-west-1.amazonaws.com/image.mpg/2025-empt-144-125x125.png
l1_championship_player_2023_1_101167,2023,101167,633075,Nouhoum,Kamissoko,2004-12-27,Mali,MLI,,l1_championship_club_2023_1,,3,,https://s3.eu-west-1.amazonaws.com/image.mpg/2025-empt-144-125x125.png
l1_championship_player_2024_1_101167,2024,101167,633075,Nouhoum,Kamissoko,2004-12-27,Mali,MLI,,l1_championship_club_2024_1,,3,,https://s3.eu-west-1.amazonaws.com/image.mpg/2025-empt-144-125x125.png
l1_championship_player_2009_6_28673,2009,28673,88754,Geoffrey,Kondogbia,1993-02-15,Réunion,REU,,l1_championship_club_2009_6,,,,https://s3.eu-west-1.amazonaws.com/image.mpg/2025-empt-142-125x125.png
l1_championship_player_2010_6_28673,2010,28673,88754,Geoffrey,Kondogbia,1993-02-15,Réunion,REU,,l1_championship_club_2010_6,,3,,https://s3.eu-west-1.amazonaws.com/image.mpg/2025-empt-142-125x125.png
l1_championship_player_2013_9_28673,2013,28673,88754,Geoffrey,Kondogbia,1993-02-15,Réunion,REU,,l1_championship_club_2013_9,27,,,https://s3.eu-west-3.amazonaws.com/ligue1.image/players/defaultAssets/146_facePicturesNB-125x125.png
l1_championship_player_2014_9_28673,2014,28673,88754,Geoffrey,Kondogbia,1993-02-15,Réunion,REU,,l1_championship_club_2014_9,22,3,,https://s3.eu-west-3.amazonaws.com/ligue1.image/players/defaultAssets/146_facePicturesNB-125x125.png
l1_championship_player_2023_1_28673,2023,28673,88754,Geoffrey,Kondogbia,1993-02-15,Central African Republic,CAF,left,l1_championship_club_2023_1,19,3,centralMidfielder,https://s3.eu-west-1.amazonaws.com/image.mpg/2025-empt-144-125x125.png
l1_championship_player_2024_1_28673,2024,28673,88754,Geoffrey,Kondogbia,1993-02-15,Central African Republic,CAF,left,l1_championship_club_2024_1,19,3,centralMidfielder,https://s3.eu-west-1.amazonaws.com/image.mpg/2025-empt-144-125x125.png
l1_championship_player_2018_30_84358,2018,84358,546178,Bilal,Nadir,2003-11-28,Réunion,REU,,l1_championship_club_2018_30,,,,https://s3.eu-west-1.amazonaws.com/image.mpg/2025-empt-1395-125x125.png
l1_championship_player_2019_30_84358,2019,84358,546178,Bilal,Nadir,2003-11-28,Réunion,REU,,l1_championship_club_2019_30,,,,https://s3.eu-west-1.amazonaws.com/image.mpg/2025-empt-1395-125x125.png
l1_championship_player_2020_30_84358,2020,84358,546178,Bilal,Nadir,2003-11-28,Réunion,REU,,l1_championship_club_2020_30,,,,https://s3.eu-west-1.amazonaws.com/image.mpg/2025-empt-1395-125x125.png
l1_championship_player_2021_1_84358,2021,84358,546178,Bilal,Nadir,2003-11-28,Morocco,MAR,left,l1_championship_club_2021_1,39,3,centralMidfielder,https://s3.eu-west-1.amazonaws.com/image.mpg/2025-empt-144-125x125.png
l1_championship_player_2022_1_84358,2022,84358,546178,Bilal,Nadir,2003-11-28,Morocco,MAR,,l1_championship_club_2022_1,39,3,centralMidfielder,https://s3.eu-west-1.amazonaws.com/image.mpg/2025-empt-144-125x125.png
l1_championship_player_2023_1_84358,2023,84358,546178,Bilal,Nadir,2003-11-28,Morocco,MAR,left,l1_championship_club_2023_1,34,3,centralMidfielder,https://s3.eu-west-1.amazonaws.com/image.mpg/2025-empt-144-125x125.png
l1_championship_player_2024_1_84358,2024,84358,546178,Bilal,Nadir,2003-11-28,Morocco,MAR,left,l1_championship_club_2024_1,26,3,centralMidfielder,https://s3.eu-west-1.amazonaws.com/image.mpg/2025-empt-144-125x125.png
l1_championship_player_2024_1_92581,2024,92581,634420,Yanis,Sellami,2007-01-04,Réunion,REU,,l1_championship_club_2024_1,45,3,,https://s3.eu-west-1.amazonaws.com/image.mpg/2025-empt-144-125x125.png
l1_championship_player_2009_158_27361,2009,27361,54694,Pierre-Emerick,Aubameyang,1989-06-18,Réunion,REU,,l1_championship_club_2009_158,11,,,https://s3.eu-west-1.amazonaws.com/image.mpg/2025-empt-429-125x125.png
l1_championship_player_2010_9_27361,2010,27361,54694,Pierre-Emerick,Aubameyang,1989-06-18,Réunion,REU,,l1_championship_club_2010_9,,4,,https://s3.eu-west-3.amazonaws.com/ligue1.image/players/defaultAssets/146_facePicturesNB-125x125.png
l1_championship_player_2010_31_27361,2010,27361,54694,Pierre-Emerick,Aubameyang,1989-06-18,Réunion,REU,,l1_championship_club_2010_31,9,,,https://s3.eu-west-3.amazonaws.com/ligue1.image/players/defaultAssets/152_facePicturesNB-125x125.png
l1_championship_player_2011_31_27361,2011,27361,54694,Pierre-Emerick,Aubameyang,1989-06-18,Réunion,REU,,l1_championship_club_2011_31,7,4,,https://s3.eu-west-3.amazonaws.com/ligue1.image/players/defaultAssets/152_facePicturesNB-125x125.png
l1_championship_player_2012_31_27361,2012,27361,54694,Pierre-Emerick,Aubameyang,1989-06-18,Réunion,REU,,l1_championship_club_2012_31,7,,,https://s3.eu-west-3.amazonaws.com/ligue1.image/players/defaultAssets/152_facePicturesNB-125x125.png
l1_championship_player_2023_1_27361,2023,27361,54694,Pierre-Emerick,Aubameyang,1989-06-18,Gabon,GAB,right,l1_championship_club_2023_1,10,4,striker,https://s3.eu-west-1.amazonaws.com/image.mpg/2025-empt-144-125x125.png
l1_championship_player_2024_1_27361,2024,27361,54694,Pierre-Emerick,Aubameyang,1989-06-18,Gabon,GAB,right,l1_championship_club_2024_1,10,4,striker,https://s3.eu-west-1.amazonaws.com/image.mpg/2025-empt-144-125x125.png
l1_championship_player_2015_159_62575,2015,62575,247400,Amine,Gouiri,2000-02-16,Réunion,REU,,l1_championship_club_2015_159,,,,https://s3.eu-west-1.amazonaws.com/image.mpg/2025-empt-143-125x125.png
l1_championship_player_2016_159_62575,2016,62575,247400,Amine,Gouiri,2000-02-16,Réunion,REU,,l1_championship_club_2016_159,,,,https://s3.eu-west-1.amazonaws.com/image.mpg/2025-empt-143-125x125.png
l1_championship_player_2017_159_62575,2017,62575,247400,Amine,Gouiri,2000-02-16,Algeria,DZA,right,l1_championship_club_2017_159,19,4,striker,https://s3.eu-west-1.amazonaws.com/image.mpg/2025-empt-143-125x125.png
l1_championship_player_2018_159_62575,2018,62575,247400,Amine,Gouiri,2000-02-16,Réunion,REU,,l1_championship_club_2018_159,19,4,,https://s3.eu-west-1.amazonaws.com/image.mpg/2025-empt-143-125x125.png
l1_championship_player_2019_159_62575,2019,62575,247400,Amine,Gouiri,2000-02-16,Réunion,REU,,l1_championship_club_2019_159,19,4,,https://s3.eu-west-1.amazonaws.com/image.mpg/2025-empt-143-125x125.png
l1_championship_player_2020_30_62575,2020,62575,247400,Amine,Gouiri,2000-02-16,Réunion,REU,,l1_championship_club_2020_30,11,4,,https://s3.eu-west-1.amazonaws.com/image.mpg/2025-empt-1395-125x125.png
l1_championship_player_2021_30_62575,2021,62575,247400,Amine,Gouiri,2000-02-16,Algeria,DZA,right,l1_championship_club_2021_30,11,4,striker,https://s3.eu-west-1.amazonaws.com/image.mpg/2025-empt-1395-125x125.png
l1_championship_player_2022_14_62575,2022,62575,247400,Amine,Gouiri,2000-02-16,Algeria,DZA,right,l1_championship_club_2022_14,19,4,striker,https://s3.eu-west-1.amazonaws.com/image.mpg/2025-empt-150-125x125.png
l1_championship_player_2022_30_62575,2022,62575,247400,Amine,Gouiri,2000-02-16,Réunion,REU,,l1_championship_club_2022_30,,4,,https://s3.eu-west-1.amazonaws.com/image.mpg/2025-empt-1395-125x125.png
l1_championship_player_2023_14_62575,2023,62575,247400,Amine,Gouiri,2000-02-16,Algeria,DZA,right,l1_championship_club_2023_14,10,4,striker,https://s3.eu-west-1.amazonaws.com/image.mpg/2025-empt-150-125x125.png
l1_championship_player_2024_1_62575,2024,62575,247400,Amine,Gouiri,2000-02-16,Algeria,DZA,right,l1_championship_club_2024_1,9,4,striker,https://s3.eu-west-1.amazonaws.com/image.mpg/2025-empt-144-125x125.png
l1_championship_player_2024_14_62575,2024,62575,247400,Amine,Gouiri,2000-02-16,Algeria,DZA,right,l1_championship_club_2024_14,10,4,striker,https://s3.eu-west-1.amazonaws.com/image.mpg/2025-empt-150-125x125.png
l1_championship_player_2024_1_103656,2024,103656,220688,Mason,Greenwood,2001-10-01,England,ENG,both,l1_championship_club_2024_1,10,4,rightWinger,https://s3.eu-west-1.amazonaws.com/image.mpg/2025-empt-144-125x125.png
l1_championship_player_2022_1_100680,2022,100680,633073,Ange,Lago,2004-12-27,Côte d'Ivoire,CIV,,l1_championship_club_2022_1,,4,,https://s3.eu-west-1.amazonaws.com/image.mpg/2025-empt-144-125x125.png
l1_championship_player_2023_1_100680,2023,100680,633073,Ange,Lago,2004-12-27,Côte d'Ivoire,CIV,,l1_championship_club_2023_1,38,4,,https://s3.eu-west-1.amazonaws.com/image.mpg/2025-empt-144-125x125.png
l1_championship_player_2024_1_100680,2024,100680,633073,Ange,Lago,2004-12-27,Côte d'Ivoire,CIV,,l1_championship_club_2024_1,,4,,https://s3.eu-west-1.amazonaws.com/image.mpg/2025-empt-144-125x125.png
l1_championship_player_2024_2_104050,2024,104050,424044,Hamed Junior,Traore,2000-02-16,Côte d'Ivoire,CIV,right,l1_championship_club_2024_2,25,3,attackingMidfielder,https://s3.eu-west-1.amazonaws.com/image.mpg/2025-empt-138-125x125.png
l1_championship_player_2025_2_104050,2025,104050,424044,Hamed Junior,Traore,2000-02-16,Côte d'Ivoire,CIV,right,l1_championship_club_2025_2,25,3,attackingMidfielder,https://s3.eu-west-1.amazonaws.com/image.mpg/2025-empt-138-125x125.png
l1_championship_player_2022_1_99142,2022,99142,106539,Ruben,Blanco,1995-07-25,Spain,ESP,right,l1_championship_club_2022_1,36,1,goalkeeper,https://s3.eu-west-1.amazonaws.com/image.mpg/2025-empt-144-125x125.png
l1_championship_player_2023_1_99142,2023,99142,106539,Ruben,Blanco,1995-07-25,Spain,ESP,right,l1_championship_club_2023_1,36,1,goalkeeper,https://s3.eu-west-1.amazonaws.com/image.mpg/2025-empt-144-125x125.png
l1_championship_player_2024_1_99142,2024,99142,106539,Ruben,Blanco,1995-07-25,Spain,ESP,right,l1_championship_club_2024_1,36,1,goalkeeper,https://s3.eu-west-1.amazonaws.com/image.mpg/2025-empt-144-125x125.png
l1_championship_player_2023_1_102045,2023,102045,184943,Ulisses,Garcia,1996-01-11,Switzerland,CHE,left,l1_championship_club_2023_1,6,2,leftWingBack,https://s3.eu-west-1.amazonaws.com/image.mpg/2025-empt-144-125x125.png
l1_championship_player_2024_1_102045,2024,102045,184943,Ulisses,Garcia,1996-01-11,Switzerland,CHE,left,l1_championship_club_2024_1,6,2,centralDefender,https://s3.eu-west-1.amazonaws.com/image.mpg/2025-empt-144-125x125.png
l1_championship_player_2023_1_101741,2023,101741,204401,Amir,Murillo,1996-02-11,Panama,PAN,right,l1_championship_club_2023_1,62,2,rightWingBack,https://s3.eu-west-1.amazonaws.com/image.mpg/2025-empt-144-125x125.png
l1_championship_player_2024_1_101741,2024,101741,204401,Amir,Murillo,1996-02-11,Panama,PAN,right,l1_championship_club_2024_1,62,2,rightWingBack,https://s3.eu-west-1.amazonaws.com/image.mpg/2025-empt-144-125x125.png
l1_championship_player_2020_1_92851,2020,92851,216791,Pol Mikel,Lirola Kosok,1997-08-13,Spain,ESP,,l1_championship_club_2020_1,29,2,,https://s3.eu-west-1.amazonaws.com/image.mpg/2025-empt-144-125x125.png
l1_championship_player_2021_1_92851,2021,92851,216791,Pol Mikel,Lirola Kosok,1997-08-13,Spain,ESP,right,l1_championship_club_2021_1,29,2,rightWingBack,https://s3.eu-west-1.amazonaws.com/image.mpg/2025-empt-144-125x125.png
l1_championship_player_2022_1_92851,2022,92851,216791,Pol Mikel,Lirola Kosok,1997-08-13,Spain,ESP,right,l1_championship_club_2022_1,29,2,rightWingBack,https://s3.eu-west-1.amazonaws.com/image.mpg/2025-empt-144-125x125.png
l1_championship_player_2023_1_92851,2023,92851,216791,Pol Mikel,Lirola Kosok,1997-08-13,Spain,ESP,right,l1_championship_club_2023_1,29,2,rightWingBack,https://s3.eu-west-1.amazonaws.com/image.mpg/2025-empt-144-125x125.png
l1_championship_player_2024_1_92851,2024,92851,216791,Pol Mikel,Lirola Kosok,1997-08-13,Spain,ESP,right,l1_championship_club_2024_1,29,2,rightWingBack,https://s3.eu-west-1.amazonaws.com/image.mpg/2025-empt-144-125x125.png
l1_championship_player_2024_1_93674,2024,93674,634416,Darryl,Bakola,2007-11-30,France,FRA,right,l1_championship_club_2024_1,50,3,attackingMidfielder,https://s3.eu-west-1.amazonaws.com/image.mpg/2025-empt-144-125x125.png
l1_championship_player_2020_158_91446,2020,91446,209041,Angel,Gomes,2000-08-31,Angola,AGO,,l1_championship_club_2020_158,,4,,https://s3.eu-west-1.amazonaws.com/image.mpg/2025-empt-429-125x125.png
l1_championship_player_2021_158_91446,2021,91446,209041,Angel,Gomes,2000-08-31,England,ENG,right,l1_championship_club_2021_158,20,4,attackingMidfielder,https://s3.eu-west-1.amazonaws.com/image.mpg/2025-empt-429-125x125.png
l1_championship_player_2022_158_91446,2022,91446,209041,Angel,Gomes,2000-08-31,England,ENG,right,l1_championship_club_2022_158,20,4,attackingMidfielder,https://s3.eu-west-1.amazonaws.com/image.mpg/2025-empt-429-125x125.png
l1_championship_player_2023_158_91446,2023,91446,209041,Angel,Gomes,2000-08-31,England,ENG,right,l1_championship_club_2023_158,8,4,attackingMidfielder,https://s3.eu-west-1.amazonaws.com/image.mpg/2025-empt-429-125x125.png
l1_championship_player_2024_158_91446,2024,91446,209041,Angel,Gomes,2000-08-31,England,ENG,right,l1_championship_club_2024_158,8,4,attackingMidfielder,https://s3.eu-west-1.amazonaws.com/image.mpg/2025-empt-429-125x125.png
l1_championship_player_2011_30_36098,2011,36098,115382,Neal,Maupay,1996-08-14,Réunion,REU,,l1_championship_club_2011_30,,,,https://s3.eu-west-1.amazonaws.com/image.mpg/2025-empt-1395-125x125.png
l1_championship_player_2012_30_36098,2012,36098,115382,Neal,Maupay,1996-08-14,Réunion,REU,,l1_championship_club_2012_30,18,,,https://s3.eu-west-1.amazonaws.com/image.mpg/2025-empt-1395-125x125.png
l1_championship_player_2013_30_36098,2013,36098,115382,Neal,Maupay,1996-08-14,Réunion,REU,,l1_championship_club_2013_30,18,4,,https://s3.eu-west-1.amazonaws.com/image.mpg/2025-empt-1395-125x125.png
l1_championship_player_2014_30_36098,2014,36098,115382,Neal,Maupay,1996-08-14,Réunion,REU,,l1_championship_club_2014_30,18,4,,https://s3.eu-west-1.amazonaws.com/image.mpg/2025-empt-1395-125x125.png
l1_championship_player_2015_30_36098,2015,36098,115382,Neal,Maupay,1996-08-14,Réunion,REU,,l1_championship_club_2015_30,,,,https://s3.eu-west-1.amazonaws.com/image.mpg/2025-empt-1395-125x125.png
l1_championship_player_2015_31_36098,2015,36098,115382,Neal,Maupay,1996-08-14,Réunion,REU,,l1_championship_club_2015_31,14,4,,https://s3.eu-west-3.amazonaws.com/ligue1.image/players/defaultAssets/152_facePicturesNB-125x125.png
l1_championship_player_2016_31_36098,2016,36098,115382,Neal,Maupay,1996-08-14,Réunion,REU,,l1_championship_club_2016_31,8,4,,https://s3.eu-west-3.amazonaws.com/ligue1.image/players/defaultAssets/152_facePicturesNB-125x125.png
l1_championship_player_2016_44_36098,2016,36098,115382,Neal,Maupay,1996-08-14,Réunion,REU,,l1_championship_club_2016_44,21,,,https://s3.eu-west-1.amazonaws.com/image.mpg/2025-empt-862-125x125.png
l1_championship_player_2017_31_36098,2017,36098,115382,Neal,Maupay,1996-08-14,Réunion,REU,,l1_championship_club_2017_31,,4,,https://s3.eu-west-1.amazonaws.com/image.mpg/2025-empt-152-125x125.png
l1_championship_player_2024_1_36098,2024,36098,115382,Neal,Maupay,1996-08-14,France,FRA,right,l1_championship_club_2024_1,8,4,striker,https://s3.eu-west-1.amazonaws.com/image.mpg/2025-empt-144-125x125.png
l1_championship_player_2024_1_98852,2024,98852,631000,Robinio,Vaz,2007-02-17,France,FRA,right,l1_championship_club_2024_1,34,4,striker,https://s3.eu-west-1.amazonaws.com/image.mpg/2025-empt-144-125x125.png
l1_championship_player_2021_2_77229,2021,77229,523673,Theo,De Percin,2001-02-02,Martinique,MTQ,right,l1_championship_club_2021_2,40,1,goalkeeper,https://s3.eu-west-1.amazonaws.com/image.mpg/2025-empt-138-125x125.png
l1_championship_player_2022_2_77229,2022,77229,523673,Theo,De Percin,2001-02-02,France,FRA,right,l1_championship_club_2022_2,40,1,goalkeeper,https://s3.eu-west-1.amazonaws.com/image.mpg/2025-empt-138-125x125.png
l1_championship_player_2023_2_77229,2023,77229,523673,Theo,De Percin,2001-02-02,France,FRA,right,l1_championship_club_2023_2,40,1,goalkeeper,https://s3.eu-west-1.amazonaws.com/image.mpg/2025-empt-138-125x125.png
l1_championship_player_2024_2_77229,2024,77229,523673,Theo,De Percin,2001-02-02,France,FRA,right,l1_championship_club_2024_2,40,1,goalkeeper,https://s3.eu-west-1.amazonaws.com/image.mpg/2025-empt-138-125x125.png
l1_championship_player_2009_2_18307,2009,18307,103116,Donovan,Leon,1992-11-03,Réunion,REU,,l1_championship_club_2009_2,,,,https://s3.eu-west-1.amazonaws.com/image.mpg/2025-empt-138-125x125.png
l1_championship_player_2010_2_18307,2010,18307,103116,Donovan,Leon,1992-11-03,Réunion,REU,,l1_championship_club_2010_2,,1,,https://s3.eu-west-1.amazonaws.com/image.mpg/2025-empt-138-125x125.png
l1_championship_player_2011_2_18307,2011,18307,103116,Donovan,Leon,1992-11-03,Réunion,REU,,l1_championship_club_2011_2,30,1,,https://s3.eu-west-1.amazonaws.com/image.mpg/2025-empt-138-125x125.png
l1_championship_player_2012_2_18307,2012,18307,103116,Donovan,Leon,1992-11-03,Réunion,REU,,,,,,https://s3.eu-west-3.amazonaws.com/ligue1.image/players/defaultAssets/138_facePicturesNB-125x125.png
l1_championship_player_2013_2_18307,2013,18307,103116,Donovan,Leon,1992-11-03,Réunion,REU,,,,,,https://s3.eu-west-3.amazonaws.com/ligue1.image/players/defaultAssets/138_facePicturesNB-125x125.png
l1_championship_player_2014_2_18307,2014,18307,103116,Donovan,Leon,1992-11-03,Réunion,REU,,,,,,https://s3.eu-west-3.amazonaws.com/ligue1.image/players/defaultAssets/138_facePicturesNB-125x125.png
l1_championship_player_2015_44_18307,2015,18307,103116,Donovan,Leon,1992-11-03,Réunion,REU,,,,,,https://s3.eu-west-3.amazonaws.com/ligue1.image/players/defaultAssets/862_facePicturesNB-125x125.png
l1_championship_player_2016_44_18307,2016,18307,103116,Donovan,Leon,1992-11-03,Réunion,REU,,,,,,https://s3.eu-west-3.amazonaws.com/ligue1.image/players/defaultAssets/862_facePicturesNB-125x125.png
l1_championship_player_2017_44_18307,2017,18307,103116,Donovan,Leon,1992-11-03,Réunion,REU,,,,,,https://s3.eu-west-3.amazonaws.com/ligue1.image/players/defaultAssets/862_facePicturesNB-125x125.png
l1_championship_player_2018_44_18307,2018,18307,103116,Donovan,Leon,1992-11-03,Réunion,REU,,,,,,https://s3.eu-west-3.amazonaws.com/ligue1.image/players/defaultAssets/862_facePicturesNB-125x125.png
l1_championship_player_2019_44_18307,2019,18307,103116,Donovan,Leon,1992-11-03,Réunion,REU,,l1_championship_club_2019_44,16,1,,https://s3.eu-west-1.amazonaws.com/image.mpg/2025-empt-862-125x125.png
l1_championship_player_2020_2_18307,2020,18307,103116,Donovan,Leon,1992-11-03,Réunion,REU,,,,,,https://s3.eu-west-3.amazonaws.com/ligue1.image/players/defaultAssets/138_facePicturesNB-125x125.png
l1_championship_player_2021_2_18307,2021,18307,103116,Donovan,Leon,1992-11-03,French Guiana,GUF,right,l1_championship_club_2021_2,16,1,goalkeeper,https://s3.eu-west-1.amazonaws.com/image.mpg/2025-empt-138-125x125.png
l1_championship_player_2022_2_18307,2022,18307,103116,Donovan,Leon,1992-11-03,French Guiana,GUF,right,l1_championship_club_2022_2,16,1,goalkeeper,https://s3.eu-west-1.amazonaws.com/image.mpg/2025-empt-138-125x125.png
l1_championship_player_2023_2_18307,2023,18307,103116,Donovan,Leon,1992-11-03,French Guiana,GUF,right,l1_championship_club_2023_2,16,1,goalkeeper,https://s3.eu-west-1.amazonaws.com/image.mpg/2025-empt-138-125x125.png
l1_championship_player_2024_2_18307,2024,18307,103116,Donovan,Leon,1992-11-03,French Guiana,GUF,right,l1_championship_club_2024_2,16,1,goalkeeper,https://s3.eu-west-1.amazonaws.com/image.mpg/2025-empt-138-125x125.png
l1_championship_player_2021_158_87050,2021,87050,550868,Tom,Negrel,2003-04-13,Réunion,REU,,l1_championship_club_2021_158,,1,,https://s3.eu-west-1.amazonaws.com/image.mpg/2025-empt-429-125x125.png
l1_championship_player_2022_158_87050,2022,87050,550868,Tom,Negrel,2003-04-13,France,FRA,,l1_championship_club_2022_158,40,1,goalkeeper,https://s3.eu-west-1.amazonaws.com/image.mpg/2025-empt-429-125x125.png
l1_championship_player_2023_158_87050,2023,87050,550868,Tom,Negrel,2003-04-13,France,FRA,right,l1_championship_club_2023_158,40,1,goalkeeper,https://s3.eu-west-1.amazonaws.com/image.mpg/2025-empt-429-125x125.png
l1_championship_player_2024_2_87050,2024,87050,550868,Tom,Negrel,2003-04-13,France,FRA,right,l1_championship_club_2024_2,30,1,goalkeeper,https://s3.eu-west-1.amazonaws.com/image.mpg/2025-empt-138-125x125.png
l1_championship_player_2024_158_87050,2024,87050,550868,Tom,Negrel,2003-04-13,France,FRA,,l1_championship_club_2024_158,40,1,goalkeeper,https://s3.eu-west-1.amazonaws.com/image.mpg/2025-empt-429-125x125.png
l1_championship_player_2019_8_86892,2019,86892,584863,Clément,Akpa,2001-11-24,Réunion,REU,,l1_championship_club_2019_8,,2,,https://s3.eu-west-1.amazonaws.com/image.mpg/2025-empt-145-125x125.png
l1_championship_player_2020_8_86892,2020,86892,584863,Clément,Akpa,2001-11-24,Réunion,REU,,l1_championship_club_2020_8,,2,,https://s3.eu-west-1.amazonaws.com/image.mpg/2025-empt-145-125x125.png
l1_championship_player_2022_2_86892,2022,86892,584863,Clément,Akpa,2001-11-24,Côte d'Ivoire,CIV,left,l1_championship_club_2022_2,92,2,leftWingBack,https://s3.eu-west-1.amazonaws.com/image.mpg/2025-empt-138-125x125.png
l1_championship_player_2023_2_86892,2023,86892,584863,Clément,Akpa,2001-11-24,Côte d'Ivoire,CIV,left,l1_championship_club_2023_2,13,2,leftWingBack,https://s3.eu-west-1.amazonaws.com/image.mpg/2025-empt-138-125x125.png
l1_championship_player_2024_2_86892,2024,86892,584863,Clément,Akpa,2001-11-24,Côte d'Ivoire,CIV,left,l1_championship_club_2024_2,92,2,leftWingBack,https://s3.eu-west-1.amazonaws.com/image.mpg/2025-empt-138-125x125.png
l1_championship_player_2019_159_89545,2019,89545,492975,Sinaly,Diomande,2001-04-09,Côte d'Ivoire,CIV,,l1_championship_club_2019_159,,2,,https://s3.eu-west-1.amazonaws.com/image.mpg/2025-empt-143-125x125.png
l1_championship_player_2020_159_89545,2020,89545,492975,Sinaly,Diomande,2001-04-09,Côte d'Ivoire,CIV,,l1_championship_club_2020_159,2,2,,https://s3.eu-west-1.amazonaws.com/image.mpg/2025-empt-143-125x125.png
l1_championship_player_2021_159_89545,2021,89545,492975,Sinaly,Diomande,2001-04-09,Côte d'Ivoire,CIV,right,l1_championship_club_2021_159,2,2,centralDefender,https://s3.eu-west-1.amazonaws.com/image.mpg/2025-empt-143-125x125.png
l1_championship_player_2022_159_89545,2022,89545,492975,Sinaly,Diomande,2001-04-09,Côte d'Ivoire,CIV,right,l1_championship_club_2022_159,2,2,centralDefender,https://s3.eu-west-1.amazonaws.com/image.mpg/2025-empt-143-125x125.png
l1_championship_player_2023_159_89545,2023,89545,492975,Sinaly,Diomande,2001-04-09,Côte d'Ivoire,CIV,right,l1_championship_club_2023_159,2,2,centralDefender,https://s3.eu-west-1.amazonaws.com/image.mpg/2025-empt-143-125x125.png
l1_championship_player_2024_2_89545,2024,89545,492975,Sinaly,Diomande,2001-04-09,Côte d'Ivoire,CIV,right,l1_championship_club_2024_2,20,2,centralDefender,https://s3.eu-west-1.amazonaws.com/image.mpg/2025-empt-138-125x125.png
l1_championship_player_2024_159_89545,2024,89545,492975,Sinaly,Diomande,2001-04-09,Côte d'Ivoire,CIV,right,l1_championship_club_2024_159,2,2,centralDefender,https://s3.eu-west-1.amazonaws.com/image.mpg/2025-empt-143-125x125.png
l1_championship_player_2021_4_94516,2021,94516,229670,Gideon,Mensah,1998-07-18,Ghana,GHA,left,l1_championship_club_2021_4,14,2,leftWingBack,https://s3.eu-west-1.amazonaws.com/image.mpg/68494634-38f4-4935-b478-50c75e8d8ae6
l1_championship_player_2022_2_94516,2022,94516,229670,Gideon,Mensah,1998-07-18,Ghana,GHA,left,l1_championship_club_2022_2,14,2,leftWingBack,https://s3.eu-west-1.amazonaws.com/image.mpg/2025-empt-138-125x125.png
l1_championship_player_2023_2_94516,2023,94516,229670,Gideon,Mensah,1998-07-18,Ghana,GHA,left,l1_championship_club_2023_2,14,2,leftWingBack,https://s3.eu-west-1.amazonaws.com/image.mpg/2025-empt-138-125x125.png
l1_championship_player_2024_2_94516,2024,94516,229670,Gideon,Mensah,1998-07-18,Ghana,GHA,left,l1_championship_club_2024_2,14,2,leftWingBack,https://s3.eu-west-1.amazonaws.com/image.mpg/2025-empt-138-125x125.png
l1_championship_player_2024_2_104421,2024,104421,464984,Fredrik,Oppegard,2002-08-07,Norway,NOR,left,l1_championship_club_2024_2,12,2,leftWingBack,https://s3.eu-west-1.amazonaws.com/image.mpg/2025-empt-138-125x125.png
l1_championship_player_2017_15_81386,2017,81386,519343,Marvin,Senaya,2001-01-28,Réunion,REU,,l1_championship_club_2017_15,,,,https://s3.eu-west-1.amazonaws.com/image.mpg/2025-empt-153-125x125.png
l1_championship_player_2018_15_81386,2018,81386,519343,Marvin,Senaya,2001-01-28,Réunion,REU,,l1_championship_club_2018_15,,,,https://s3.eu-west-1.amazonaws.com/image.mpg/2025-empt-153-125x125.png
l1_championship_player_2019_15_81386,2019,81386,519343,Marvin,Senaya,2001-01-28,Réunion,REU,,l1_championship_club_2019_15,,,,https://s3.eu-west-1.amazonaws.com/image.mpg/2025-empt-153-125x125.png
l1_championship_player_2020_15_81386,2020,81386,519343,Marvin,Senaya,2001-01-28,Réunion,REU,,l1_championship_club_2020_15,,2,,https://s3.eu-west-1.amazonaws.com/image.mpg/2025-empt-153-125x125.png
l1_championship_player_2021_15_81386,2021,81386,519343,Marvin,Senaya,2001-01-28,France,FRA,right,l1_championship_club_2021_15,28,2,rightWingBack,https://s3.eu-west-1.amazonaws.com/image.mpg/2025-empt-153-125x125.png
l1_championship_player_2022_15_81386,2022,81386,519343,Marvin,Senaya,2001-01-28,France,FRA,right,l1_championship_club_2022_15,28,2,rightWingBack,https://s3.eu-west-1.amazonaws.com/image.mpg/2025-empt-153-125x125.png
l1_championship_player_2023_15_81386,2023,81386,519343,Marvin,Senaya,2001-01-28,France,FRA,right,l1_championship_club_2023_15,28,2,rightWingBack,https://s3.eu-west-1.amazonaws.com/image.mpg/2025-empt-153-125x125.png
l1_championship_player_2024_15_81386,2024,81386,519343,Marvin,Senaya,2001-01-28,France,FRA,right,l1_championship_club_2024_15,28,2,rightWingBack,https://s3.eu-west-1.amazonaws.com/image.mpg/2025-empt-153-125x125.png
l1_championship_player_2025_15_81386,2025,81386,519343,Marvin,Senaya,2001-01-28,Réunion,REU,,l1_championship_club_2025_15,,2,,https://s3.eu-west-1.amazonaws.com/image.mpg/2025-empt-153-125x125.png
l1_championship_player_2024_2_100379,2024,100379,695285,Telli,Siwe,2004-12-14,France,FRA,right,l1_championship_club_2024_2,13,2,centralDefender,https://s3.eu-west-1.amazonaws.com/image.mpg/2025-empt-138-125x125.png
l1_championship_player_2017_20_81342,2017,81342,552015,Lamine,Sy,2002-08-10,Réunion,REU,,l1_championship_club_2017_20,,3,,https://s3.eu-west-1.amazonaws.com/image.mpg/assets/players/cdcac60e-c751-4b5e-afda-63b8a06daf29
l1_championship_player_2019_20_81342,2019,81342,552015,Lamine,Sy,2002-08-10,Réunion,REU,,l1_championship_club_2019_20,25,,,https://s3.eu-west-3.amazonaws.com/ligue1.image/players/defaultAssets/1028_facePicturesNB-125x125.png
l1_championship_player_2020_20_81342,2020,81342,552015,Lamine,Sy,2002-08-10,Réunion,REU,,l1_championship_club_2020_20,25,4,,https://s3.eu-west-3.amazonaws.com/ligue1.image/players/defaultAssets/1028_facePicturesNB-125x125.png
l1_championship_player_2021_20_81342,2021,81342,552015,Lamine,Sy,2002-08-10,France,FRA,right,l1_championship_club_2021_20,25,4,centralMidfielder,https://s3.eu-west-1.amazonaws.com/image.mpg/assets/players/cdcac60e-c751-4b5e-afda-63b8a06daf29
l1_championship_player_2022_20_81342,2022,81342,552015,Lamine,Sy,2002-08-10,France,FRA,right,l1_championship_club_2022_20,25,2,centralMidfielder,https://s3.eu-west-1.amazonaws.com/image.mpg/assets/players/cdcac60e-c751-4b5e-afda-63b8a06daf29
l1_championship_player_2023_20_81342,2023,81342,552015,Lamine,Sy,2002-08-10,France,FRA,right,l1_championship_club_2023_20,25,2,centralDefender,https://s3.eu-west-1.amazonaws.com/image.mpg/assets/players/cdcac60e-c751-4b5e-afda-63b8a06daf29
l1_championship_player_2024_20_81342,2024,81342,552015,Lamine,Sy,2002-08-10,France,FRA,right,l1_championship_club_2024_20,25,2,centralDefender,https://s3.eu-west-1.amazonaws.com/image.mpg/assets/players/cdcac60e-c751-4b5e-afda-63b8a06daf29
l1_championship_player_2024_14_104062,2024,104062,466117,Naouirou,Ahamada,2002-03-29,France,FRA,right,l1_championship_club_2024_14,32,3,centralMidfielder,https://s3.eu-west-1.amazonaws.com/image.mpg/2025-empt-150-125x125.png
l1_championship_player_2025_14_104062,2025,104062,466117,Naouirou,Ahamada,2002-03-29,France,FRA,right,l1_championship_club_2025_14,32,3,centralMidfielder,https://s3.eu-west-1.amazonaws.com/image.mpg/2025-empt-150-125x125.png
l1_championship_player_2019_158_83680,2019,83680,550866,Nathan,Buayi-Kiala,2004-02-29,Réunion,REU,,l1_championship_club_2019_158,,,,https://s3.eu-west-1.amazonaws.com/image.mpg/2025-empt-429-125x125.png
l1_championship_player_2020_158_83680,2020,83680,550866,Nathan,Buayi-Kiala,2004-02-29,Réunion,REU,,l1_championship_club_2020_158,,,,https://s3.eu-west-1.amazonaws.com/image.mpg/2025-empt-429-125x125.png
l1_championship_player_2021_158_83680,2021,83680,550866,Nathan,Buayi-Kiala,2004-02-29,Réunion,REU,,l1_championship_club_2021_158,,,,https://s3.eu-west-1.amazonaws.com/image.mpg/2025-empt-429-125x125.png
l1_championship_player_2023_2_83680,2023,83680,550866,Nathan,Buayi Kiala,2004-02-29,France,FRA,right,l1_championship_club_2023_2,8,3,centralMidfielder,https://s3.eu-west-1.amazonaws.com/image.mpg/2025-empt-138-125x125.png
l1_championship_player_2024_2_83680,2024,83680,550866,Nathan,Buayi-Kiala,2004-02-29,France,FRA,right,l1_championship_club_2024_2,8,3,defensiveMidfielder,https://s3.eu-west-1.amazonaws.com/image.mpg/2025-empt-138-125x125.png
l1_championship_player_2021_2_86432,2021,86432,545272,Kevin,Danois,2004-06-28,France,FRA,right,l1_championship_club_2021_2,35,3,attackingMidfielder,https://s3.eu-west-1.amazonaws.com/image.mpg/2025-empt-138-125x125.png
l1_championship_player_2022_2_86432,2022,86432,545272,Kevin,Danois,2004-06-28,France,FRA,right,l1_championship_club_2022_2,35,3,attackingMidfielder,https://s3.eu-west-1.amazonaws.com/image.mpg/2025-empt-138-125x125.png
l1_championship_player_2023_2_86432,2023,86432,545272,Kevin,Danois,2004-06-28,France,FRA,right,l1_championship_club_2023_2,35,3,attackingMidfielder,https://s3.eu-west-1.amazonaws.com/image.mpg/2025-empt-138-125x125.png
l1_championship_player_2024_2_86432,2024,86432,545272,Kevin,Danois,2004-06-28,France,FRA,right,l1_championship_club_2024_2,27,3,attackingMidfielder,https://s3.eu-west-1.amazonaws.com/image.mpg/2025-empt-138-125x125.png
l1_championship_player_2017_31_82393,2017,82393,200958,Assane,Diousse,1997-09-20,Senegal,SEN,left,l1_championship_club_2017_31,8,3,centralMidfielder,https://s3.eu-west-1.amazonaws.com/image.mpg/2025-empt-152-125x125.png
l1_championship_player_2018_31_82393,2018,82393,200958,Assane,Diousse,1997-09-20,Senegal,SEN,,l1_championship_club_2018_31,25,3,,https://s3.eu-west-1.amazonaws.com/image.mpg/2025-empt-152-125x125.png
l1_championship_player_2019_31_82393,2019,82393,200958,Assane,Diousse,1997-09-20,Senegal,SEN,,l1_championship_club_2019_31,25,3,,https://s3.eu-west-1.amazonaws.com/image.mpg/2025-empt-152-125x125.png
l1_championship_player_2020_31_82393,2020,82393,200958,Assane,Diousse,1997-09-20,Senegal,SEN,,l1_championship_club_2020_31,25,3,,https://s3.eu-west-1.amazonaws.com/image.mpg/2025-empt-152-125x125.png
l1_championship_player_2021_31_82393,2021,82393,200958,Assane,Diousse,1997-09-20,Senegal,SEN,left,l1_championship_club_2021_31,25,3,centralMidfielder,https://s3.eu-west-1.amazonaws.com/image.mpg/2025-empt-152-125x125.png
l1_championship_player_2023_2_82393,2023,82393,200958,Assane,Diousse,1997-09-20,Senegal,SEN,left,l1_championship_club_2023_2,18,3,centralMidfielder,https://s3.eu-west-1.amazonaws.com/image.mpg/2025-empt-138-125x125.png
l1_championship_player_2024_2_82393,2024,82393,200958,Assane,Diousse,1997-09-20,Senegal,SEN,left,l1_championship_club_2024_2,18,3,defensiveMidfielder,https://s3.eu-west-1.amazonaws.com/image.mpg/2025-empt-138-125x125.png
l1_championship_player_2017_9_63146,2017,63146,441240,Romain,Faivre,1998-07-14,France,FRA,left,l1_championship_club_2017_9,,3,centralMidfielder,https://s3.eu-west-1.amazonaws.com/image.mpg/2025-empt-146-125x125.png
l1_championship_player_2018_9_63146,2018,63146,441240,Romain,Faivre,1998-07-14,Réunion,REU,,l1_championship_club_2018_9,31,3,,https://s3.eu-west-1.amazonaws.com/image.mpg/2025-empt-146-125x125.png
l1_championship_player_2019_9_63146,2019,63146,441240,Romain,Faivre,1998-07-14,Réunion,REU,,l1_championship_club_2019_9,,3,,https://s3.eu-west-1.amazonaws.com/image.mpg/2025-empt-146-125x125.png
l1_championship_player_2020_44_63146,2020,63146,441240,Romain,Faivre,1998-07-14,France,FRA,left,l1_championship_club_2020_44,21,3,centralMidfielder,https://s3.eu-west-1.amazonaws.com/image.mpg/2025-empt-862-125x125.png
l1_championship_player_2021_44_63146,2021,63146,441240,Romain,Faivre,1998-07-14,Réunion,REU,,l1_championship_club_2021_44,21,3,,https://s3.eu-west-1.amazonaws.com/image.mpg/2025-empt-862-125x125.png
l1_championship_player_2021_159_63146,2021,63146,441240,Romain,Faivre,1998-07-14,France,FRA,left,l1_championship_club_2021_159,15,4,centralMidfielder,https://s3.eu-west-1.amazonaws.com/image.mpg/2025-empt-143-125x125.png
l1_championship_player_2022_7_63146,2022,63146,441240,Romain,Faivre,1998-07-14,France,FRA,left,l1_championship_club_2022_7,14,3,centralMidfielder,https://s3.eu-west-1.amazonaws.com/image.mpg/2025-empt-694-125x125.png
l1_championship_player_2022_159_63146,2022,63146,441240,Romain,Faivre,1998-07-14,France,FRA,left,l1_championship_club_2022_159,15,3,centralMidfielder,https://s3.eu-west-1.amazonaws.com/image.mpg/2025-empt-143-125x125.png
l1_championship_player_2023_7_63146,2023,63146,441240,Romain,Faivre,1998-07-14,Réunion,REU,,l1_championship_club_2023_7,,3,,https://s3.eu-west-1.amazonaws.com/image.mpg/2025-empt-694-125x125.png
l1_championship_player_2023_159_63146,2023,63146,441240,Romain,Faivre,1998-07-14,Réunion,REU,,l1_championship_club_2023_159,,3,,https://s3.eu-west-1.amazonaws.com/image.mpg/2025-empt-143-125x125.png
l1_championship_player_2024_44_63146,2024,63146,441240,Romain,Faivre,1998-07-14,France,FRA,left,l1_championship_club_2024_44,21,3,centralMidfielder,https://s3.eu-west-1.amazonaws.com/image.mpg/2025-empt-862-125x125.png
l1_championship_player_2024_7_63146,2024,63146,441240,Romain,Faivre,1998-07-14,Réunion,REU,,l1_championship_club_2024_7,,3,,https://s3.eu-west-1.amazonaws.com/image.mpg/2025-empt-694-125x125.png
l1_championship_player_2025_44_63146,2025,63146,441240,Romain,Faivre,1998-07-14,France,FRA,left,l1_championship_club_2025_44,21,3,centralMidfielder,https://s3.eu-west-1.amazonaws.com/image.mpg/2025-empt-862-125x125.png
l1_championship_player_2014_159_48113,2014,48113,247389,Elisha,Owusu,1997-11-07,Réunion,REU,,l1_championship_club_2014_159,,,,https://s3.eu-west-1.amazonaws.com/image.mpg/2025-empt-143-125x125.png
l1_championship_player_2015_159_48113,2015,48113,247389,Elisha,Owusu,1997-11-07,Réunion,REU,,l1_championship_club_2015_159,,3,,https://s3.eu-west-1.amazonaws.com/image.mpg/2025-empt-143-125x125.png
l1_championship_player_2016_159_48113,2016,48113,247389,Elisha,Owusu,1997-11-07,Réunion,REU,,l1_championship_club_2016_159,,3,,https://s3.eu-west-1.amazonaws.com/image.mpg/2025-empt-143-125x125.png
l1_championship_player_2017_159_48113,2017,48113,247389,Elisha,Owusu,1997-11-07,Ghana,GHA,right,l1_championship_club_2017_159,33,3,defensiveMidfielder,https://s3.eu-west-1.amazonaws.com/image.mpg/2025-empt-143-125x125.png
l1_championship_player_2022_2_48113,2022,48113,247389,Elisha,Owusu,1997-11-07,Ghana,GHA,right,l1_championship_club_2022_2,42,3,centralMidfielder,https://s3.eu-west-1.amazonaws.com/image.mpg/2025-empt-138-125x125.png
l1_championship_player_2023_2_48113,2023,48113,247389,Elisha,Owusu,1997-11-07,Ghana,GHA,right,l1_championship_club_2023_2,42,3,centralMidfielder,https://s3.eu-west-1.amazonaws.com/image.mpg/2025-empt-138-125x125.png
l1_championship_player_2024_2_48113,2024,48113,247389,Elisha,Owusu,1997-11-07,Ghana,GHA,right,l1_championship_club_2024_2,42,3,centralMidfielder,https://s3.eu-west-1.amazonaws.com/image.mpg/2025-empt-138-125x125.png
l1_championship_player_2021_5_79828,2021,79828,509284,Josue,Casimir,2001-09-24,Guadeloupe,GLP,right,l1_championship_club_2021_5,23,4,striker,https://s3.eu-west-1.amazonaws.com/image.mpg/2025-empt-141-125x125.png
l1_championship_player_2022_5_79828,2022,79828,509284,Josue,Casimir,2001-09-24,Guadeloupe,GLP,right,l1_championship_club_2022_5,23,4,striker,https://s3.eu-west-1.amazonaws.com/image.mpg/2025-empt-141-125x125.png
l1_championship_player_2023_5_79828,2023,79828,509284,Josue,Casimir,2001-09-24,Haiti,HTI,right,l1_championship_club_2023_5,23,4,rightWinger,https://s3.eu-west-1.amazonaws.com/image.mpg/2025-empt-141-125x125.png
l1_championship_player_2024_5_79828,2024,79828,509284,Josue,Casimir,2001-09-24,Guadeloupe,GLP,right,l1_championship_club_2024_5,10,4,rightWinger,https://s3.eu-west-1.amazonaws.com/image.mpg/2025-empt-141-125x125.png
l1_championship_player_2025_5_79828,2025,79828,509284,Josue,Casimir,2001-09-24,Guadeloupe,GLP,right,l1_championship_club_2025_5,10,4,rightWinger,https://s3.eu-west-1.amazonaws.com/image.mpg/2025-empt-141-125x125.png
l1_championship_player_2024_2_103884,2024,103884,544908,Lasso,Coulibaly,2002-10-19,Côte d'Ivoire,CIV,right,l1_championship_club_2024_2,21,4,rightWinger,https://s3.eu-west-1.amazonaws.com/image.mpg/2025-empt-138-125x125.png
l1_championship_player_2017_4_66914,2017,66914,476888,Sekou,Mara,2002-07-30,Réunion,REU,,l1_championship_club_2017_4,,,,https://s3.eu-west-1.amazonaws.com/image.mpg/68494634-38f4-4935-b478-50c75e8d8ae6
l1_championship_player_2018_4_66914,2018,66914,476888,Sekou,Mara,2002-07-30,Réunion,REU,,l1_championship_club_2018_4,14,,,https://s3.eu-west-3.amazonaws.com/ligue1.image/players/defaultAssets/default_facePicturesNB-125x125.png
l1_championship_player_2019_4_66914,2019,66914,476888,Sekou,Mara,2002-07-30,Réunion,REU,,l1_championship_club_2019_4,14,,,https://s3.eu-west-3.amazonaws.com/ligue1.image/players/defaultAssets/default_facePicturesNB-125x125.png
l1_championship_player_2020_4_66914,2020,66914,476888,Sekou,Mara,2002-07-30,Réunion,REU,,l1_championship_club_2020_4,36,4,,https://s3.eu-west-3.amazonaws.com/ligue1.image/players/defaultAssets/default_facePicturesNB-125x125.png
l1_championship_player_2021_4_66914,2021,66914,476888,Sekou,Mara,2002-07-30,France,FRA,right,l1_championship_club_2021_4,11,4,striker,https://s3.eu-west-1.amazonaws.com/image.mpg/68494634-38f4-4935-b478-50c75e8d8ae6
l1_championship_player_2022_4_66914,2022,66914,476888,Sekou,Mara,2002-07-30,Réunion,REU,,l1_championship_club_2022_4,14,4,,https://s3.eu-west-1.amazonaws.com/image.mpg/68494634-38f4-4935-b478-50c75e8d8ae6
l1_championship_player_2024_15_66914,2024,66914,476888,Sekou,Mara,2002-07-30,France,FRA,right,l1_championship_club_2024_15,14,4,striker,https://s3.eu-west-1.amazonaws.com/image.mpg/2025-empt-153-125x125.png
l1_championship_player_2025_15_66914,2025,66914,476888,Sekou,Mara,2002-07-30,France,FRA,right,l1_championship_club_2025_15,14,4,striker,https://s3.eu-west-3.amazonaws.com/ligue1.image/players/2025/all/player_official_2025_153_476888-125x125.png
l1_championship_player_2021_2_83293,2021,83293,445970,Lassine,Sinayoko,1999-12-08,Mali,MLI,right,l1_championship_club_2021_2,25,4,rightWinger,https://s3.eu-west-1.amazonaws.com/image.mpg/2025-empt-138-125x125.png
l1_championship_player_2022_2_83293,2022,83293,445970,Lassine,Sinayoko,1999-12-08,Mali,MLI,right,l1_championship_club_2022_2,17,4,rightWinger,https://s3.eu-west-1.amazonaws.com/image.mpg/2025-empt-138-125x125.png
l1_championship_player_2023_2_83293,2023,83293,445970,Lassine,Sinayoko,1999-12-08,Mali,MLI,right,l1_championship_club_2023_2,17,4,rightWinger,https://s3.eu-west-1.amazonaws.com/image.mpg/2025-empt-138-125x125.png
l1_championship_player_2024_2_83293,2024,83293,445970,Lassine,Sinayoko,1999-12-08,Mali,MLI,right,l1_championship_club_2024_2,17,4,rightWinger,https://s3.eu-west-1.amazonaws.com/image.mpg/2025-empt-138-125x125.png
l1_championship_player_2024_5_87318,2024,87318,579921,Paul,Argney,2006-05-23,France,FRA,right,l1_championship_club_2024_5,50,1,goalkeeper,https://s3.eu-west-1.amazonaws.com/image.mpg/2025-empt-141-125x125.png
l1_championship_player_2012_13_18529,2012,18529,176357,Mory,Diaw,1993-06-22,Réunion,REU,,l1_championship_club_2012_13,,1,,https://s3.eu-west-1.amazonaws.com/image.mpg/2025-empt-149-125x125.png
l1_championship_player_2013_13_18529,2013,18529,176357,Mory,Diaw,1993-06-22,Réunion,REU,,l1_championship_club_2013_13,,1,,https://s3.eu-west-1.amazonaws.com/image.mpg/2025-empt-149-125x125.png
l1_championship_player_2014_13_18529,2014,18529,176357,Mory,Diaw,1993-06-22,Réunion,REU,,l1_championship_club_2014_13,40,,,https://s3.eu-west-1.amazonaws.com/image.mpg/2025-empt-149-125x125.png
l1_championship_player_2022_40_18529,2022,18529,176357,Mory,Diaw,1993-06-22,Senegal,SEN,right,l1_championship_club_2022_40,99,1,goalkeeper,https://s3.eu-west-1.amazonaws.com/image.mpg/2025-empt-1983-125x125.png
l1_championship_player_2023_40_18529,2023,18529,176357,Mory,Diaw,1993-06-22,Senegal,SEN,right,l1_championship_club_2023_40,99,1,goalkeeper,https://s3.eu-west-1.amazonaws.com/image.mpg/2025-empt-1983-125x125.png
l1_championship_player_2024_40_18529,2024,18529,176357,Mory,Diaw,1993-06-22,Senegal,SEN,right,l1_championship_club_2024_40,99,1,goalkeeper,https://s3.eu-west-1.amazonaws.com/image.mpg/2025-empt-1983-125x125.png
l1_championship_player_2024_64_18529,2024,18529,176357,Mory,Diaw,1993-06-22,Senegal,SEN,right,l1_championship_club_2024_64,99,1,goalkeeper,https://s3.eu-west-1.amazonaws.com/image.mpg/2025-empt-3308-125x125.png
l1_championship_player_2025_40_18529,2025,18529,176357,Mory,Diaw,1993-06-22,Senegal,SEN,right,l1_championship_club_2025_40,99,1,goalkeeper,https://s3.eu-west-1.amazonaws.com/image.mpg/2025-empt-1983-125x125.png
l1_championship_player_2025_64_18529,2025,18529,176357,Mory,Diaw,1993-06-22,Senegal,SEN,right,l1_championship_club_2025_64,99,1,goalkeeper,https://s3.eu-west-1.amazonaws.com/image.mpg/2025-empt-3308-125x125.png
l1_championship_player_2011_13_6105,2011,6105,196111,Lionel,Mpasi,1994-08-01,Réunion,REU,,l1_championship_club_2011_13,,1,,https://s3.eu-west-1.amazonaws.com/image.mpg/2025-empt-149-125x125.png
l1_championship_player_2012_16_6105,2012,6105,196111,Lionel,Mpasi,1994-08-01,Réunion,REU,,l1_championship_club_2012_16,,1,,https://s3.eu-west-1.amazonaws.com/image.mpg/2025-empt-427-125x125.png
l1_championship_player_2013_16_6105,2013,6105,196111,Lionel,Mpasi,1994-08-01,Réunion,REU,,l1_championship_club_2013_16,,1,,https://s3.eu-west-1.amazonaws.com/image.mpg/2025-empt-427-125x125.png
l1_championship_player_2014_16_6105,2014,6105,196111,Lionel,Mpasi,1994-08-01,Réunion,REU,,l1_championship_club_2014_16,40,1,,https://s3.eu-west-1.amazonaws.com/image.mpg/2025-empt-427-125x125.png
l1_championship_player_2019_64_6105,2019,6105,196111,Lionel,Mpasi,1994-08-01,Réunion,REU,,l1_championship_club_2019_64,16,1,,https://s3.eu-west-1.amazonaws.com/image.mpg/2025-empt-3308-125x125.png
l1_championship_player_2020_64_6105,2020,6105,196111,Lionel,Mpasi,1994-08-01,Réunion,REU,,l1_championship_club_2020_64,16,1,,https://s3.eu-west-1.amazonaws.com/image.mpg/2025-empt-3308-125x125.png
l1_championship_player_2021_64_6105,2021,6105,196111,Lionel,Mpasi,1994-08-01,Congo DR,COD,right,l1_championship_club_2021_64,16,1,goalkeeper,https://s3.eu-west-1.amazonaws.com/image.mpg/2025-empt-3308-125x125.png
l1_championship_player_2022_64_6105,2022,6105,196111,Lionel,Mpasi,1994-08-01,Congo DR,COD,right,l1_championship_club_2022_64,16,1,goalkeeper,https://s3.eu-west-1.amazonaws.com/image.mpg/2025-empt-3308-125x125.png
l1_championship_player_2023_64_6105,2023,6105,196111,Lionel,Mpasi,1994-08-01,Congo DR,COD,right,l1_championship_club_2023_64,16,1,goalkeeper,https://s3.eu-west-1.amazonaws.com/image.mpg/2025-empt-3308-125x125.png
l1_championship_player_2024_64_6105,2024,6105,196111,Lionel,Mpasi,1994-08-01,Congo DR,COD,right,l1_championship_club_2024_64,16,1,goalkeeper,https://s3.eu-west-1.amazonaws.com/image.mpg/2025-empt-3308-125x125.png
l1_championship_player_2025_64_6105,2025,6105,196111,Lionel,Mpasi,1994-08-01,Congo DR,COD,right,l1_championship_club_2025_64,77,1,goalkeeper,https://s3.eu-west-1.amazonaws.com/image.mpg/2025-empt-3308-125x125.png
l1_championship_player_2019_41_87310,2019,87310,512759,Fode,Doucoure,2001-02-03,Mali,MLI,,l1_championship_club_2019_41,,2,,https://s3.eu-west-1.amazonaws.com/image.mpg/2025-empt-1423-125x125.png
l1_championship_player_2020_41_87310,2020,87310,512759,Fode,Doucoure,2001-02-03,Mali,MLI,right,l1_championship_club_2020_41,13,2,centralDefender,https://s3.eu-west-1.amazonaws.com/image.mpg/2025-empt-1423-125x125.png
l1_championship_player_2021_41_87310,2021,87310,512759,Fode,Doucoure,2001-02-03,Mali,MLI,right,l1_championship_club_2021_41,13,2,centralDefender,https://s3.eu-west-1.amazonaws.com/image.mpg/2025-empt-1423-125x125.png
l1_championship_player_2022_41_87310,2022,87310,512759,Fode,Doucoure,2001-02-03,Mali,MLI,,l1_championship_club_2022_41,,2,,https://s3.eu-west-1.amazonaws.com/image.mpg/2025-empt-1423-125x125.png
l1_championship_player_2024_29_87310,2024,87310,512759,Fode,Doucoure,2001-02-03,Mali,MLI,right,l1_championship_club_2024_29,13,2,rightWingBack,https://s3.eu-west-1.amazonaws.com/image.mpg/2025-empt-915-125x125.png
l1_championship_player_2025_29_87310,2025,87310,512759,Fode,Doucoure,2001-02-03,Mali,MLI,right,l1_championship_club_2025_29,13,2,rightWingBack,https://s3.eu-west-1.amazonaws.com/image.mpg/2025-empt-915-125x125.png
l1_championship_player_2012_30_47709,2012,47709,141109,Gautier,Lloris,1995-07-18,Réunion,REU,,l1_championship_club_2012_30,,2,,https://s3.eu-west-1.amazonaws.com/image.mpg/2025-empt-1395-125x125.png
l1_championship_player_2013_30_47709,2013,47709,141109,Gautier,Lloris,1995-07-18,Réunion,REU,,l1_championship_club_2013_30,,2,,https://s3.eu-west-1.amazonaws.com/image.mpg/2025-empt-1395-125x125.png
l1_championship_player_2014_30_47709,2014,47709,141109,Gautier,Lloris,1995-07-18,Réunion,REU,,l1_championship_club_2014_30,,2,,https://s3.eu-west-1.amazonaws.com/image.mpg/2025-empt-1395-125x125.png
l1_championship_player_2015_30_47709,2015,47709,141109,Gautier,Lloris,1995-07-18,Réunion,REU,,l1_championship_club_2015_30,3,2,,https://s3.eu-west-1.amazonaws.com/image.mpg/2025-empt-1395-125x125.png
l1_championship_player_2016_30_47709,2016,47709,141109,Gautier,Lloris,1995-07-18,Réunion,REU,,l1_championship_club_2016_30,3,2,,https://s3.eu-west-1.amazonaws.com/image.mpg/2025-empt-1395-125x125.png
l1_championship_player_2017_30_47709,2017,47709,141109,Gautier,Lloris,1995-07-18,France,FRA,left,l1_championship_club_2017_30,3,2,centralDefender,https://s3.eu-west-1.amazonaws.com/image.mpg/2025-empt-1395-125x125.png
l1_championship_player_2018_30_47709,2018,47709,141109,Gautier,Lloris,1995-07-18,Réunion,REU,,l1_championship_club_2018_30,3,,,https://s3.eu-west-1.amazonaws.com/image.mpg/2025-empt-1395-125x125.png
l1_championship_player_2019_30_47709,2019,47709,141109,Gautier,Lloris,1995-07-18,Réunion,REU,,l1_championship_club_2019_30,3,2,,https://s3.eu-west-1.amazonaws.com/image.mpg/2025-empt-1395-125x125.png
l1_championship_player_2022_5_47709,2022,47709,141109,Gautier,Lloris,1995-07-18,France,FRA,left,l1_championship_club_2022_5,4,2,centralDefender,https://s3.eu-west-1.amazonaws.com/image.mpg/2025-empt-141-125x125.png
l1_championship_player_2023_5_47709,2023,47709,141109,Gautier,Lloris,1995-07-18,France,FRA,left,l1_championship_club_2023_5,4,2,centralDefender,https://s3.eu-west-1.amazonaws.com/image.mpg/2025-empt-141-125x125.png
l1_championship_player_2024_5_47709,2024,47709,141109,Gautier,Lloris,1995-07-18,France,FRA,left,l1_championship_club_2024_5,4,2,centralDefender,https://s3.eu-west-1.amazonaws.com/image.mpg/2025-empt-141-125x125.png
l1_championship_player_2008_12_34992,2008,34992,73955,Loïc,Nego,1991-01-15,Réunion,REU,,l1_championship_club_2008_12,,,,https://s3.eu-west-1.amazonaws.com/image.mpg/2025-empt-430-125x125.png
l1_championship_player_2023_5_34992,2023,34992,73955,Loïc,Nego,1991-01-15,Hungary,HUN,right,l1_championship_club_2023_5,7,3,rightWingBack,https://s3.eu-west-1.amazonaws.com/image.mpg/2025-empt-141-125x125.png
l1_championship_player_2024_5_34992,2024,34992,73955,Loïc,Nego,1991-01-15,Hungary,HUN,right,l1_championship_club_2024_5,7,2,rightWingBack,https://s3.eu-west-1.amazonaws.com/image.mpg/2025-empt-141-125x125.png
l1_championship_player_2017_13_66261,2017,66261,465702,Timothée,Pembele,2002-09-09,Réunion,REU,,l1_championship_club_2017_13,,,,https://s3.eu-west-1.amazonaws.com/image.mpg/2025-empt-149-125x125.png
l1_championship_player_2018_13_66261,2018,66261,465702,Timothée,Pembele,2002-09-09,Réunion,REU,,l1_championship_club_2018_13,,2,,https://s3.eu-west-1.amazonaws.com/image.mpg/2025-empt-149-125x125.png
l1_championship_player_2019_13_66261,2019,66261,465702,Timothée,Pembele,2002-09-09,Réunion,REU,,l1_championship_club_2019_13,,2,,https://s3.eu-west-1.amazonaws.com/image.mpg/2025-empt-149-125x125.png
l1_championship_player_2020_13_66261,2020,66261,465702,Timothée,Pembele,2002-09-09,Réunion,REU,,l1_championship_club_2020_13,32,2,,https://s3.eu-west-1.amazonaws.com/image.mpg/2025-empt-149-125x125.png
l1_championship_player_2021_4_66261,2021,66261,465702,Timothée,Pembele,2002-09-09,France,FRA,right,l1_championship_club_2021_4,22,2,centralDefender,https://s3.eu-west-1.amazonaws.com/image.mpg/68494634-38f4-4935-b478-50c75e8d8ae6
l1_championship_player_2021_13_66261,2021,66261,465702,Timothée,Pembele,2002-09-09,France,FRA,right,l1_championship_club_2021_13,29,2,centralDefender,https://s3.eu-west-1.amazonaws.com/image.mpg/2025-empt-149-125x125.png
l1_championship_player_2022_13_66261,2022,66261,465702,Timothée,Pembele,2002-09-09,France,FRA,right,l1_championship_club_2022_13,29,2,centralDefender,https://s3.eu-west-1.amazonaws.com/image.mpg/2025-empt-149-125x125.png
l1_championship_player_2023_13_66261,2023,66261,465702,Timothée,Pembele,2002-09-09,Réunion,REU,,l1_championship_club_2023_13,,2,,https://s3.eu-west-1.amazonaws.com/image.mpg/2025-empt-149-125x125.png
l1_championship_player_2024_5_66261,2024,66261,465702,Timothée,Pembele,2002-09-09,France,FRA,right,l1_championship_club_2024_5,32,2,rightWingBack,https://s3.eu-west-1.amazonaws.com/image.mpg/2025-empt-141-125x125.png
l1_championship_player_2024_13_66261,2024,66261,465702,Timothée,Pembele,2002-09-09,Réunion,REU,,l1_championship_club_2024_13,,2,,https://s3.eu-west-1.amazonaws.com/image.mpg/2025-empt-149-125x125.png
l1_championship_player_2021_5_81328,2021,81328,509285,Arouna,Sangante,2002-04-12,Senegal,SEN,right,l1_championship_club_2021_5,29,2,centralDefender,https://s3.eu-west-1.amazonaws.com/image.mpg/2025-empt-141-125x125.png
l1_championship_player_2022_5_81328,2022,81328,509285,Arouna,Sangante,2002-04-12,Senegal,SEN,right,l1_championship_club_2022_5,93,2,centralDefender,https://s3.eu-west-1.amazonaws.com/image.mpg/2025-empt-141-125x125.png
l1_championship_player_2023_5_81328,2023,81328,509285,Arouna,Sangante,2002-04-12,Senegal,SEN,right,l1_championship_club_2023_5,93,2,centralDefender,https://s3.eu-west-1.amazonaws.com/image.mpg/2025-empt-141-125x125.png
l1_championship_player_2024_5_81328,2024,81328,509285,Arouna,Sangante,2002-04-12,Senegal,SEN,right,l1_championship_club_2024_5,93,2,centralDefender,https://s3.eu-west-1.amazonaws.com/image.mpg/2025-empt-141-125x125.png
l1_championship_player_2017_33_80322,2017,80322,483867,Etienne,Youte,2002-01-14,Réunion,REU,,l1_championship_club_2017_33,,,,https://s3.eu-west-1.amazonaws.com/image.mpg/2025-empt-154-125x125.png
l1_championship_player_2022_5_80322,2022,80322,483867,Etienne,Youte,2002-01-14,France,FRA,right,l1_championship_club_2022_5,92,2,centralDefender,https://s3.eu-west-1.amazonaws.com/image.mpg/2025-empt-141-125x125.png
l1_championship_player_2023_5_80322,2023,80322,483867,Etienne,Youte,2002-01-14,France,FRA,right,l1_championship_club_2023_5,6,2,centralDefender,https://s3.eu-west-1.amazonaws.com/image.mpg/2025-empt-141-125x125.png
l1_championship_player_2024_5_80322,2024,80322,483867,Etienne,Youte,2002-01-14,France,FRA,right,l1_championship_club_2024_5,6,2,centralDefender,https://s3.eu-west-1.amazonaws.com/image.mpg/2025-empt-141-125x125.png
l1_championship_player_2024_5_103617,2024,103617,628017,Yanis,Zouaoui,1998-04-28,France,FRA,left,l1_championship_club_2024_5,18,2,leftWingBack,https://s3.eu-west-1.amazonaws.com/image.mpg/2025-empt-141-125x125.png
l1_championship_player_2019_5_80671,2019,80671,587583,Simon,Ebonog,2004-08-16,Réunion,REU,,l1_championship_club_2019_5,,,,https://s3.eu-west-1.amazonaws.com/image.mpg/2025-empt-141-125x125.png
l1_championship_player_2020_5_80671,2020,80671,587583,Simon,Ebonog,2004-08-16,Réunion,REU,,l1_championship_club_2020_5,,,,https://s3.eu-west-1.amazonaws.com/image.mpg/2025-empt-141-125x125.png
l1_championship_player_2021_5_80671,2021,80671,587583,Simon,Ebonog,2004-08-16,Réunion,REU,,l1_championship_club_2021_5,,,,https://s3.eu-west-1.amazonaws.com/image.mpg/2025-empt-141-125x125.png
l1_championship_player_2022_5_80671,2022,80671,587583,Simon,Ebonog,2004-08-16,France,FRA,,l1_championship_club_2022_5,26,3,centralMidfielder,https://s3.eu-west-1.amazonaws.com/image.mpg/2025-empt-141-125x125.png
l1_championship_player_2023_5_80671,2023,80671,587583,Simon,Ebonog,2004-08-16,France,FRA,right,l1_championship_club_2023_5,26,3,centralMidfielder,https://s3.eu-west-1.amazonaws.com/image.mpg/2025-empt-141-125x125.png
l1_championship_player_2024_5_80671,2024,80671,587583,Simon,Ebonog,2004-08-16,France,FRA,right,l1_championship_club_2024_5,26,3,centralMidfielder,https://s3.eu-west-1.amazonaws.com/image.mpg/2025-empt-141-125x125.png
l1_championship_player_2018_31_72857,2018,72857,469266,Lucas,Gourna-Douath,2003-08-05,Réunion,REU,,l1_championship_club_2018_31,,,,https://s3.eu-west-1.amazonaws.com/image.mpg/2025-empt-152-125x125.png
l1_championship_player_2019_31_72857,2019,72857,469266,Lucas,Gourna-Douath,2003-08-05,Réunion,REU,,l1_championship_club_2019_31,,,,https://s3.eu-west-1.amazonaws.com/image.mpg/2025-empt-152-125x125.png
l1_championship_player_2020_31_72857,2020,72857,469266,Lucas,Gourna-Douath,2003-08-05,France,FRA,,l1_championship_club_2020_31,6,3,centralMidfielder,https://s3.eu-west-1.amazonaws.com/image.mpg/2025-empt-152-125x125.png
l1_championship_player_2021_31_72857,2021,72857,469266,Lucas,Gourna-Douath,2003-08-05,France,FRA,right,l1_championship_club_2021_31,6,3,centralMidfielder,https://s3.eu-west-1.amazonaws.com/image.mpg/2025-empt-152-125x125.png
l1_championship_player_2021_5_80954,2021,80954,482260,Yassine,Kechta,2002-02-25,Morocco,MAR,left,l1_championship_club_2021_5,8,3,centralMidfielder,https://s3.eu-west-1.amazonaws.com/image.mpg/2025-empt-141-125x125.png
l1_championship_player_2022_5_80954,2022,80954,482260,Yassine,Kechta,2002-02-25,Morocco,MAR,left,l1_championship_club_2022_5,8,3,centralMidfielder,https://s3.eu-west-1.amazonaws.com/image.mpg/2025-empt-141-125x125.png
l1_championship_player_2023_5_80954,2023,80954,482260,Yassine,Kechta,2002-02-25,Morocco,MAR,left,l1_championship_club_2023_5,8,3,centralMidfielder,https://s3.eu-west-1.amazonaws.com/image.mpg/2025-empt-141-125x125.png
l1_championship_player_2022_31_72857,2022,72857,469266,Lucas,Gourna,2003-08-05,Réunion,REU,,l1_championship_club_2022_31,,3,,https://s3.eu-west-1.amazonaws.com/image.mpg/2025-empt-152-125x125.png
l1_championship_player_2024_5_80954,2024,80954,482260,Yassine,Kechta,2002-02-25,Morocco,MAR,left,l1_championship_club_2024_5,8,3,centralMidfielder,https://s3.eu-west-1.amazonaws.com/image.mpg/2025-empt-141-125x125.png
l1_championship_player_2023_41_101486,2023,101486,465572,Réda,Khadra,2001-07-04,Germany,DEU,right,l1_championship_club_2023_41,14,3,attackingMidfielder,https://s3.eu-west-1.amazonaws.com/image.mpg/2025-empt-1423-125x125.png
l1_championship_player_2024_41_101486,2024,101486,465572,Réda,Khadra,2001-07-04,Germany,DEU,right,l1_championship_club_2024_41,14,3,attackingMidfielder,https://s3.eu-west-1.amazonaws.com/image.mpg/2025-empt-1423-125x125.png
l1_championship_player_2025_41_101486,2025,101486,465572,Réda,Khadra,2001-07-04,Germany,DEU,right,l1_championship_club_2025_41,14,3,attackingMidfielder,https://s3.eu-west-3.amazonaws.com/ligue1.image/players/2025/all/player_official_2025_1423_465572-125x125.png
l1_championship_player_2024_5_86624,2024,86624,664882,Daren,Mosengo,2006-08-11,France,FRA,right,l1_championship_club_2024_5,78,3,centralMidfielder,https://s3.eu-west-1.amazonaws.com/image.mpg/2025-empt-141-125x125.png
l1_championship_player_2023_5_78389,2023,78389,490330,Rassoul,Ndiaye,2001-12-11,Senegal,SEN,right,l1_championship_club_2023_5,19,3,centralMidfielder,https://s3.eu-west-1.amazonaws.com/image.mpg/2025-empt-141-125x125.png
l1_championship_player_2024_5_78389,2024,78389,490330,Rassoul,Ndiaye,2001-12-11,Senegal,SEN,right,l1_championship_club_2024_5,19,3,centralMidfielder,https://s3.eu-west-1.amazonaws.com/image.mpg/2025-empt-141-125x125.png
l1_championship_player_2013_12_29510,2013,29510,158496,Abdoulaye,Toure,1994-03-03,Réunion,REU,,l1_championship_club_2013_12,,3,,https://s3.eu-west-1.amazonaws.com/image.mpg/2025-empt-430-125x125.png
l1_championship_player_2014_12_29510,2014,29510,158496,Abdoulaye,Toure,1994-03-03,Réunion,REU,,l1_championship_club_2014_12,,3,,https://s3.eu-west-1.amazonaws.com/image.mpg/2025-empt-430-125x125.png
l1_championship_player_2015_12_29510,2015,29510,158496,Abdoulaye,Toure,1994-03-03,Réunion,REU,,l1_championship_club_2015_12,19,3,,https://s3.eu-west-1.amazonaws.com/image.mpg/2025-empt-430-125x125.png
l1_championship_player_2016_12_29510,2016,29510,158496,Abdoulaye,Toure,1994-03-03,Réunion,REU,,l1_championship_club_2016_12,19,3,,https://s3.eu-west-1.amazonaws.com/image.mpg/2025-empt-430-125x125.png
l1_championship_player_2017_12_29510,2017,29510,158496,Abdoulaye,Toure,1994-03-03,Guinea,GIN,right,l1_championship_club_2017_12,19,3,defensiveMidfielder,https://s3.eu-west-1.amazonaws.com/image.mpg/2025-empt-430-125x125.png
l1_championship_player_2018_12_29510,2018,29510,158496,Abdoulaye,Toure,1994-03-03,Réunion,REU,,l1_championship_club_2018_12,19,,,https://s3.eu-west-1.amazonaws.com/image.mpg/2025-empt-430-125x125.png
l1_championship_player_2019_12_29510,2019,29510,158496,Abdoulaye,Toure,1994-03-03,Réunion,REU,,l1_championship_club_2019_12,19,3,,https://s3.eu-west-1.amazonaws.com/image.mpg/2025-empt-430-125x125.png
l1_championship_player_2020_12_29510,2020,29510,158496,Abdoulaye,Toure,1994-03-03,Réunion,REU,,l1_championship_club_2020_12,19,3,,https://s3.eu-west-1.amazonaws.com/image.mpg/2025-empt-430-125x125.png
l1_championship_player_2021_12_29510,2021,29510,158496,Abdoulaye,Toure,1994-03-03,Réunion,REU,,l1_championship_club_2021_12,,3,,https://s3.eu-west-1.amazonaws.com/image.mpg/2025-empt-430-125x125.png
l1_championship_player_2023_5_29510,2023,29510,158496,Abdoulaye,Toure,1994-03-03,Guinea,GIN,right,l1_championship_club_2023_5,94,3,defensiveMidfielder,https://s3.eu-west-1.amazonaws.com/image.mpg/2025-empt-141-125x125.png
l1_championship_player_2024_5_29510,2024,29510,158496,Abdoulaye,Toure,1994-03-03,Guinea,GIN,right,l1_championship_club_2024_5,94,3,defensiveMidfielder,https://s3.eu-west-1.amazonaws.com/image.mpg/2025-empt-141-125x125.png
l1_championship_player_2024_5_90468,2024,90468,664883,Guy-Noël,Zohouri,2007-02-01,Côte d'Ivoire,CIV,right,l1_championship_club_2024_5,24,3,centralMidfielder,https://s3.eu-west-1.amazonaws.com/image.mpg/2025-empt-141-125x125.png
l1_championship_player_2014_158_51620,2014,51620,128198,Sofiane,Boufal,1993-09-17,Réunion,REU,,l1_championship_club_2014_158,7,3,,https://s3.eu-west-1.amazonaws.com/image.mpg/2025-empt-429-125x125.png
l1_championship_player_2015_158_51620,2015,51620,128198,Sofiane,Boufal,1993-09-17,Réunion,REU,,l1_championship_club_2015_158,7,3,,https://s3.eu-west-1.amazonaws.com/image.mpg/2025-empt-429-125x125.png
l1_championship_player_2016_158_51620,2016,51620,128198,Sofiane,Boufal,1993-09-17,Réunion,REU,,l1_championship_club_2016_158,,3,,https://s3.eu-west-1.amazonaws.com/image.mpg/2025-empt-429-125x125.png
l1_championship_player_2020_37_51620,2020,51620,128198,Sofiane,Boufal,1993-09-17,Morocco,MAR,right,l1_championship_club_2020_37,13,3,winger,https://s3.eu-west-1.amazonaws.com/image.mpg/2025-empt-2128-125x125.png
l1_championship_player_2021_37_51620,2021,51620,128198,Sofiane,Boufal,1993-09-17,Morocco,MAR,right,l1_championship_club_2021_37,7,4,winger,https://s3.eu-west-1.amazonaws.com/image.mpg/2025-empt-2128-125x125.png
l1_championship_player_2022_37_51620,2022,51620,128198,Sofiane,Boufal,1993-09-17,Réunion,REU,,l1_championship_club_2022_37,7,4,,https://s3.eu-west-1.amazonaws.com/image.mpg/2025-empt-2128-125x125.png
l1_championship_player_2017_20_74429,2017,74429,476791,Godson,Kyeremeh,2000-06-14,Réunion,REU,,l1_championship_club_2017_20,11,4,,https://s3.eu-west-1.amazonaws.com/image.mpg/assets/players/cdcac60e-c751-4b5e-afda-63b8a06daf29
l1_championship_player_2018_20_74429,2018,74429,476791,Godson,Kyeremeh,2000-06-14,Réunion,REU,,l1_championship_club_2018_20,17,4,,https://s3.eu-west-3.amazonaws.com/ligue1.image/players/defaultAssets/1028_facePicturesNB-125x125.png
l1_championship_player_2019_20_74429,2019,74429,476791,Godson,Kyeremeh,2000-06-14,Réunion,REU,,l1_championship_club_2019_20,25,3,,https://s3.eu-west-3.amazonaws.com/ligue1.image/players/defaultAssets/1028_facePicturesNB-125x125.png
l1_championship_player_2020_20_74429,2020,74429,476791,Godson,Kyeremeh,2000-06-14,Réunion,REU,,l1_championship_club_2020_20,17,3,,https://s3.eu-west-3.amazonaws.com/ligue1.image/players/defaultAssets/1028_facePicturesNB-125x125.png
l1_championship_player_2022_20_74429,2022,74429,476791,Godson,Kyeremeh,2000-06-14,France,FRA,right,l1_championship_club_2022_20,17,3,centralMidfielder,https://s3.eu-west-1.amazonaws.com/image.mpg/assets/players/cdcac60e-c751-4b5e-afda-63b8a06daf29
l1_championship_player_2023_20_74429,2023,74429,476791,Godson,Kyeremeh,2000-06-14,France,FRA,right,l1_championship_club_2023_20,17,4,centralMidfielder,https://s3.eu-west-1.amazonaws.com/image.mpg/assets/players/cdcac60e-c751-4b5e-afda-63b8a06daf29
l1_championship_player_2024_20_74429,2024,74429,476791,Godson,Kyeremeh,2000-06-14,France,FRA,right,l1_championship_club_2024_20,17,4,striker,https://s3.eu-west-1.amazonaws.com/image.mpg/assets/players/cdcac60e-c751-4b5e-afda-63b8a06daf29
l1_championship_player_2021_226_89760,2021,89760,495382,Issa,Soumare,2000-10-10,Senegal,SEN,right,l1_championship_club_2021_226,24,4,striker,https://s3.eu-west-1.amazonaws.com/image.mpg/68494634-38f4-4935-b478-50c75e8d8ae6
l1_championship_player_2022_226_89760,2022,89760,495382,Issa,Soumare,2000-10-10,Senegal,SEN,right,l1_championship_club_2022_226,45,4,striker,https://s3.eu-west-1.amazonaws.com/image.mpg/68494634-38f4-4935-b478-50c75e8d8ae6
l1_championship_player_2023_5_89760,2023,89760,495382,Issa,Soumare,2000-10-10,Senegal,SEN,right,l1_championship_club_2023_5,45,4,leftWinger,https://s3.eu-west-1.amazonaws.com/image.mpg/2025-empt-141-125x125.png
l1_championship_player_2023_2_89760,2023,89760,495382,Issa,Soumare,2000-10-10,Senegal,SEN,right,l1_championship_club_2023_2,75,4,leftWinger,https://s3.eu-west-1.amazonaws.com/image.mpg/2025-empt-138-125x125.png
l1_championship_player_2024_2_89760,2024,89760,495382,Issa,Soumare,2000-10-10,Senegal,SEN,right,l1_championship_club_2024_2,75,4,leftWinger,https://s3.eu-west-1.amazonaws.com/image.mpg/2025-empt-138-125x125.png
l1_championship_player_2024_5_89760,2024,89760,495382,Issa,Soumare,2000-10-10,Senegal,SEN,right,l1_championship_club_2024_5,45,4,leftWinger,https://s3.eu-west-1.amazonaws.com/image.mpg/2025-empt-141-125x125.png
l1_championship_player_2006_159_36584,2006,36584,59956,Mathieu,Gorgelin,1990-08-05,Réunion,REU,,l1_championship_club_2006_159,,,,https://s3.eu-west-1.amazonaws.com/image.mpg/2025-empt-143-125x125.png
l1_championship_player_2007_159_36584,2007,36584,59956,Mathieu,Gorgelin,1990-08-05,Réunion,REU,,l1_championship_club_2007_159,,,,https://s3.eu-west-1.amazonaws.com/image.mpg/2025-empt-143-125x125.png
l1_championship_player_2008_159_36584,2008,36584,59956,Mathieu,Gorgelin,1990-08-05,Réunion,REU,,l1_championship_club_2008_159,,,,https://s3.eu-west-1.amazonaws.com/image.mpg/2025-empt-143-125x125.png
l1_championship_player_2009_159_36584,2009,36584,59956,Mathieu,Gorgelin,1990-08-05,Réunion,REU,,l1_championship_club_2009_159,,,,https://s3.eu-west-1.amazonaws.com/image.mpg/2025-empt-143-125x125.png
l1_championship_player_2010_159_36584,2010,36584,59956,Mathieu,Gorgelin,1990-08-05,Réunion,REU,,l1_championship_club_2010_159,45,1,,https://s3.eu-west-1.amazonaws.com/image.mpg/2025-empt-143-125x125.png
l1_championship_player_2011_159_36584,2011,36584,59956,Mathieu,Gorgelin,1990-08-05,Réunion,REU,,l1_championship_club_2011_159,,1,,https://s3.eu-west-1.amazonaws.com/image.mpg/2025-empt-143-125x125.png
l1_championship_player_2012_159_36584,2012,36584,59956,Mathieu,Gorgelin,1990-08-05,Réunion,REU,,l1_championship_club_2012_159,40,1,,https://s3.eu-west-1.amazonaws.com/image.mpg/2025-empt-143-125x125.png
l1_championship_player_2013_159_36584,2013,36584,59956,Mathieu,Gorgelin,1990-08-05,Réunion,REU,,l1_championship_club_2013_159,30,,,https://s3.eu-west-1.amazonaws.com/image.mpg/2025-empt-143-125x125.png
l1_championship_player_2014_159_36584,2014,36584,59956,Mathieu,Gorgelin,1990-08-05,Réunion,REU,,l1_championship_club_2014_159,30,,,https://s3.eu-west-1.amazonaws.com/image.mpg/2025-empt-143-125x125.png
l1_championship_player_2015_159_36584,2015,36584,59956,Mathieu,Gorgelin,1990-08-05,Réunion,REU,,l1_championship_club_2015_159,30,,,https://s3.eu-west-1.amazonaws.com/image.mpg/2025-empt-143-125x125.png
l1_championship_player_2016_159_36584,2016,36584,59956,Mathieu,Gorgelin,1990-08-05,Réunion,REU,,l1_championship_club_2016_159,30,,,https://s3.eu-west-1.amazonaws.com/image.mpg/2025-empt-143-125x125.png
l1_championship_player_2017_159_36584,2017,36584,59956,Mathieu,Gorgelin,1990-08-05,France,FRA,left,l1_championship_club_2017_159,30,1,goalkeeper,https://s3.eu-west-1.amazonaws.com/image.mpg/2025-empt-143-125x125.png
l1_championship_player_2018_159_36584,2018,36584,59956,Mathieu,Gorgelin,1990-08-05,Réunion,REU,,l1_championship_club_2018_159,30,,,https://s3.eu-west-1.amazonaws.com/image.mpg/2025-empt-143-125x125.png
l1_championship_player_2021_5_36584,2021,36584,59956,Mathieu,Gorgelin,1990-08-05,France,FRA,left,l1_championship_club_2021_5,1,1,goalkeeper,https://s3.eu-west-1.amazonaws.com/image.mpg/2025-empt-141-125x125.png
l1_championship_player_2022_5_36584,2022,36584,59956,Mathieu,Gorgelin,1990-08-05,France,FRA,left,l1_championship_club_2022_5,1,1,goalkeeper,https://s3.eu-west-1.amazonaws.com/image.mpg/2025-empt-141-125x125.png
l1_championship_player_2023_5_36584,2023,36584,59956,Mathieu,Gorgelin,1990-08-05,France,FRA,left,l1_championship_club_2023_5,1,1,goalkeeper,https://s3.eu-west-1.amazonaws.com/image.mpg/2025-empt-141-125x125.png
l1_championship_player_2024_5_36584,2024,36584,59956,Mathieu,Gorgelin,1990-08-05,France,FRA,left,l1_championship_club_2024_5,1,1,goalkeeper,https://s3.eu-west-1.amazonaws.com/image.mpg/2025-empt-141-125x125.png
l1_championship_player_2025_5_36584,2025,36584,59956,Mathieu,Gorgelin,1990-08-05,France,FRA,left,l1_championship_club_2025_5,1,1,goalkeeper,https://s3.eu-west-1.amazonaws.com/image.mpg/2025-empt-141-125x125.png
l1_championship_player_2007_15_19005,2007,19005,42766,Régis,Gurtner,1986-12-08,Réunion,REU,,l1_championship_club_2007_15,30,,,https://s3.eu-west-1.amazonaws.com/image.mpg/2025-empt-153-125x125.png
l1_championship_player_2011_84_19005,2011,19005,42766,Régis,Gurtner,1986-12-08,Réunion,REU,,l1_championship_club_2011_84,40,1,,https://s3.eu-west-1.amazonaws.com/image.mpg/2025-empt-2129-125x125.png
l1_championship_player_2014_5_19005,2014,19005,42766,Régis,Gurtner,1986-12-08,Réunion,REU,,l1_championship_club_2014_5,1,,,https://s3.eu-west-3.amazonaws.com/ligue1.image/players/defaultAssets/141_facePicturesNB-125x125.png
l1_championship_player_2016_18_19005,2016,19005,42766,Régis,Gurtner,1986-12-08,Réunion,REU,,l1_championship_club_2016_18,1,1,,https://s3.eu-west-1.amazonaws.com/image.mpg/2025-empt-1430-125x125.png
l1_championship_player_2017_18_19005,2017,19005,42766,Régis,Gurtner,1986-12-08,France,FRA,right,l1_championship_club_2017_18,1,1,goalkeeper,https://s3.eu-west-1.amazonaws.com/image.mpg/2025-empt-1430-125x125.png
l1_championship_player_2018_18_19005,2018,19005,42766,Régis,Gurtner,1986-12-08,Réunion,REU,,l1_championship_club_2018_18,1,,,https://s3.eu-west-1.amazonaws.com/image.mpg/2025-empt-1430-125x125.png
l1_championship_player_2019_18_19005,2019,19005,42766,Régis,Gurtner,1986-12-08,Réunion,REU,,l1_championship_club_2019_18,1,1,,https://s3.eu-west-1.amazonaws.com/image.mpg/2025-empt-1430-125x125.png
l1_championship_player_2020_18_19005,2020,19005,42766,Régis,Gurtner,1986-12-08,Réunion,REU,,l1_championship_club_2020_18,1,1,,https://s3.eu-west-1.amazonaws.com/image.mpg/2025-empt-1430-125x125.png
l1_championship_player_2021_18_19005,2021,19005,42766,Régis,Gurtner,1986-12-08,France,FRA,right,l1_championship_club_2021_18,1,1,goalkeeper,https://s3.eu-west-1.amazonaws.com/image.mpg/2025-empt-1430-125x125.png
l1_championship_player_2022_18_19005,2022,19005,42766,Régis,Gurtner,1986-12-08,France,FRA,right,l1_championship_club_2022_18,1,1,goalkeeper,https://s3.eu-west-1.amazonaws.com/image.mpg/2025-empt-1430-125x125.png
l1_championship_player_2023_18_19005,2023,19005,42766,Régis,Gurtner,1986-12-08,France,FRA,right,l1_championship_club_2023_18,1,1,goalkeeper,https://s3.eu-west-1.amazonaws.com/image.mpg/2025-empt-1430-125x125.png
l1_championship_player_2024_18_19005,2024,19005,42766,Régis,Gurtner,1986-12-08,France,FRA,right,l1_championship_club_2024_18,1,1,goalkeeper,https://s3.eu-west-1.amazonaws.com/image.mpg/2025-empt-1430-125x125.png
l1_championship_player_2024_6_100821,2024,100821,632591,Ilan,Jourdren,2008-07-17,France,FRA,,l1_championship_club_2024_6,60,1,goalkeeper,https://s3.eu-west-1.amazonaws.com/image.mpg/2025-empt-142-125x125.png
l1_championship_player_2025_18_19005,2025,19005,42766,Régis,Gurtner,1986-12-08,France,FRA,right,l1_championship_club_2025_18,1,1,goalkeeper,https://s3.eu-west-1.amazonaws.com/image.mpg/2025-empt-1430-125x125.png
l1_championship_player_2019_15_86608,2019,86608,584845,Robin,Risser,2004-12-02,Réunion,REU,,l1_championship_club_2019_15,,,,https://s3.eu-west-1.amazonaws.com/image.mpg/2025-empt-153-125x125.png
l1_championship_player_2020_15_86608,2020,86608,584845,Robin,Risser,2004-12-02,Réunion,REU,,l1_championship_club_2020_15,,,,https://s3.eu-west-1.amazonaws.com/image.mpg/2025-empt-153-125x125.png
l1_championship_player_2021_15_86608,2021,86608,584845,Robin,Risser,2004-12-02,Réunion,REU,,l1_championship_club_2021_15,,1,,https://s3.eu-west-1.amazonaws.com/image.mpg/2025-empt-153-125x125.png
l1_championship_player_2022_15_86608,2022,86608,584845,Robin,Risser,2004-12-02,Réunion,REU,,l1_championship_club_2022_15,40,1,,https://s3.eu-west-1.amazonaws.com/image.mpg/2025-empt-153-125x125.png
l1_championship_player_2023_15_86608,2023,86608,584845,Robin,Risser,2004-12-02,France,FRA,right,l1_championship_club_2023_15,16,1,goalkeeper,https://s3.eu-west-1.amazonaws.com/image.mpg/2025-empt-153-125x125.png
l1_championship_player_2024_15_86608,2024,86608,584845,Robin,Risser,2004-12-02,France,FRA,right,l1_championship_club_2024_15,16,1,goalkeeper,https://s3.eu-west-1.amazonaws.com/image.mpg/2025-empt-153-125x125.png
l1_championship_player_2024_29_86608,2024,86608,584845,Robin,Risser,2004-12-02,France,FRA,right,l1_championship_club_2024_29,40,1,goalkeeper,https://s3.eu-west-1.amazonaws.com/image.mpg/2025-empt-915-125x125.png
l1_championship_player_2025_15_86608,2025,86608,584845,Robin,Risser,2004-12-02,France,FRA,right,l1_championship_club_2025_15,40,1,goalkeeper,https://s3.eu-west-1.amazonaws.com/image.mpg/2025-empt-153-125x125.png
l1_championship_player_2025_29_86608,2025,86608,584845,Robin,Risser,2004-12-02,France,FRA,right,l1_championship_club_2025_29,40,1,goalkeeper,https://s3.eu-west-1.amazonaws.com/image.mpg/2025-empt-915-125x125.png
l1_championship_player_2008_38_28718,2008,28718,115327,Ruben,Aguilar,1993-04-26,Réunion,REU,,l1_championship_club_2008_38,2,,,https://s3.eu-west-3.amazonaws.com/ligue1.image/players/defaultAssets/1272_facePicturesNB-125x125.png
l1_championship_player_2009_38_28718,2009,28718,115327,Ruben,Aguilar,1993-04-26,Réunion,REU,,l1_championship_club_2009_38,2,,,https://s3.eu-west-3.amazonaws.com/ligue1.image/players/defaultAssets/1272_facePicturesNB-125x125.png
l1_championship_player_2011_31_28718,2011,28718,115327,Ruben,Aguilar,1993-04-26,Réunion,REU,,l1_championship_club_2011_31,2,2,,https://s3.eu-west-3.amazonaws.com/ligue1.image/players/defaultAssets/152_facePicturesNB-125x125.png
l1_championship_player_2012_31_28718,2012,28718,115327,Ruben,Aguilar,1993-04-26,Réunion,REU,,l1_championship_club_2012_31,2,2,,https://s3.eu-west-3.amazonaws.com/ligue1.image/players/defaultAssets/152_facePicturesNB-125x125.png
l1_championship_player_2017_10_28718,2017,28718,115327,Ruben,Aguilar,1993-04-26,France,FRA,right,l1_championship_club_2017_10,2,2,leftWingBack,https://s3.eu-west-1.amazonaws.com/image.mpg/2025-empt-147-125x125.png
l1_championship_player_2018_10_28718,2018,28718,115327,Ruben,Aguilar,1993-04-26,Réunion,REU,,l1_championship_club_2018_10,2,2,,https://s3.eu-west-1.amazonaws.com/image.mpg/2025-empt-147-125x125.png
l1_championship_player_2019_9_28718,2019,28718,115327,Ruben,Aguilar,1993-04-26,Réunion,REU,,l1_championship_club_2019_9,12,2,,https://s3.eu-west-1.amazonaws.com/image.mpg/2025-empt-146-125x125.png
l1_championship_player_2019_10_28718,2019,28718,115327,Ruben,Aguilar,1993-04-26,Réunion,REU,,l1_championship_club_2019_10,,2,,https://s3.eu-west-1.amazonaws.com/image.mpg/2025-empt-147-125x125.png
l1_championship_player_2020_9_28718,2020,28718,115327,Ruben,Aguilar,1993-04-26,Réunion,REU,,l1_championship_club_2020_9,26,2,,https://s3.eu-west-1.amazonaws.com/image.mpg/2025-empt-146-125x125.png
l1_championship_player_2021_9_28718,2021,28718,115327,Ruben,Aguilar,1993-04-26,France,FRA,right,l1_championship_club_2021_9,26,2,rightWingBack,https://s3.eu-west-1.amazonaws.com/image.mpg/2025-empt-146-125x125.png
l1_championship_player_2022_9_28718,2022,28718,115327,Ruben,Aguilar,1993-04-26,France,FRA,right,l1_championship_club_2022_9,26,2,rightWingBack,https://s3.eu-west-1.amazonaws.com/image.mpg/2025-empt-146-125x125.png
l1_championship_player_2023_6_28718,2023,28718,115327,Ruben,Aguilar,1993-04-26,France,FRA,right,l1_championship_club_2023_6,2,2,rightWingBack,https://s3.eu-west-1.amazonaws.com/image.mpg/2025-empt-142-125x125.png
l1_championship_player_2023_9_28718,2023,28718,115327,Ruben,Aguilar,1993-04-26,Réunion,REU,,l1_championship_club_2023_9,,2,,https://s3.eu-west-1.amazonaws.com/image.mpg/2025-empt-146-125x125.png
l1_championship_player_2024_6_28718,2024,28718,115327,Ruben,Aguilar,1993-04-26,France,FRA,right,l1_championship_club_2024_6,2,2,rightWingBack,https://s3.eu-west-1.amazonaws.com/image.mpg/2025-empt-142-125x125.png
l1_championship_player_2024_6_104449,2024,104449,634897,Nidal,Celik,2006-07-17,Bosnia and Herzegovina,BIH,right,l1_championship_club_2024_6,4,2,centralDefender,https://s3.eu-west-1.amazonaws.com/image.mpg/2025-empt-142-125x125.png
l1_championship_player_2020_6_87458,2020,87458,596121,Ismaëlo,Ganiou,2005-03-14,Réunion,REU,,l1_championship_club_2020_6,,,,https://s3.eu-west-1.amazonaws.com/image.mpg/2025-empt-142-125x125.png
l1_championship_player_2021_6_87458,2021,87458,596121,Ismaëlo,Ganiou,2005-03-14,Réunion,REU,,l1_championship_club_2021_6,,,,https://s3.eu-west-1.amazonaws.com/image.mpg/2025-empt-142-125x125.png
l1_championship_player_2024_6_87458,2024,87458,596121,Ismaëlo,Ganiou,2005-03-14,Burkina Faso,BFA,right,l1_championship_club_2024_6,25,2,centralDefender,https://s3.eu-west-1.amazonaws.com/image.mpg/2025-empt-142-125x125.png
l1_championship_player_2024_1782_87458,2024,87458,596121,Ismaëlo,Ganiou,2005-03-14,Burkina Faso,BFA,right,l1_championship_club_2024_1782,4,2,centralDefender,https://s3.eu-west-1.amazonaws.com/image.mpg/2025-empt-11426-125x125.png
l1_championship_player_2025_1782_87458,2025,87458,596121,Ismaëlo,Ganiou,2005-03-14,Burkina Faso,BFA,right,l1_championship_club_2025_1782,4,2,centralDefender,https://s3.eu-west-1.amazonaws.com/image.mpg/2025-empt-11426-125x125.png
l1_championship_player_2018_20_26455,2018,26455,176501,Jonathan,Gradit,1992-11-24,Réunion,REU,,l1_championship_club_2018_20,14,2,,https://s3.eu-west-3.amazonaws.com/ligue1.image/players/defaultAssets/1028_facePicturesNB-125x125.png
l1_championship_player_2020_6_26455,2020,26455,176501,Jonathan,Gradit,1992-11-24,Réunion,REU,,l1_championship_club_2020_6,24,2,,https://s3.eu-west-1.amazonaws.com/image.mpg/2025-empt-142-125x125.png
l1_championship_player_2021_6_26455,2021,26455,176501,Jonathan,Gradit,1992-11-24,France,FRA,right,l1_championship_club_2021_6,24,2,centralDefender,https://s3.eu-west-1.amazonaws.com/image.mpg/2025-empt-142-125x125.png
l1_championship_player_2022_6_26455,2022,26455,176501,Jonathan,Gradit,1992-11-24,France,FRA,right,l1_championship_club_2022_6,24,2,centralDefender,https://s3.eu-west-1.amazonaws.com/image.mpg/2025-empt-142-125x125.png
l1_championship_player_2023_6_26455,2023,26455,176501,Jonathan,Gradit,1992-11-24,France,FRA,right,l1_championship_club_2023_6,24,2,centralDefender,https://s3.eu-west-1.amazonaws.com/image.mpg/2025-empt-142-125x125.png
l1_championship_player_2024_6_26455,2024,26455,176501,Jonathan,Gradit,1992-11-24,France,FRA,right,l1_championship_club_2024_6,24,2,centralDefender,https://s3.eu-west-1.amazonaws.com/image.mpg/2025-empt-142-125x125.png
l1_championship_player_2014_30_62498,2014,62498,204727,Malang,Sarr,1999-01-23,Réunion,REU,,l1_championship_club_2014_30,,,,https://s3.eu-west-1.amazonaws.com/image.mpg/2025-empt-1395-125x125.png
l1_championship_player_2015_30_62498,2015,62498,204727,Malang,Sarr,1999-01-23,Réunion,REU,,l1_championship_club_2015_30,,,,https://s3.eu-west-1.amazonaws.com/image.mpg/2025-empt-1395-125x125.png
l1_championship_player_2016_30_62498,2016,62498,204727,Malang,Sarr,1999-01-23,Réunion,REU,,l1_championship_club_2016_30,32,2,,https://s3.eu-west-1.amazonaws.com/image.mpg/2025-empt-1395-125x125.png
l1_championship_player_2017_30_62498,2017,62498,204727,Malang,Sarr,1999-01-23,France,FRA,left,l1_championship_club_2017_30,23,2,centralDefender,https://s3.eu-west-1.amazonaws.com/image.mpg/2025-empt-1395-125x125.png
l1_championship_player_2018_30_62498,2018,62498,204727,Malang,Sarr,1999-01-23,Réunion,REU,,l1_championship_club_2018_30,23,2,,https://s3.eu-west-1.amazonaws.com/image.mpg/2025-empt-1395-125x125.png
l1_championship_player_2019_30_62498,2019,62498,204727,Malang,Sarr,1999-01-23,Réunion,REU,,l1_championship_club_2019_30,23,2,,https://s3.eu-west-1.amazonaws.com/image.mpg/2025-empt-1395-125x125.png
l1_championship_player_2022_9_62498,2022,62498,204727,Malang,Sarr,1999-01-23,France,FRA,left,l1_championship_club_2022_9,23,2,centralDefender,https://s3.eu-west-1.amazonaws.com/image.mpg/2025-empt-146-125x125.png
l1_championship_player_2024_6_62498,2024,62498,204727,Malang,Sarr,1999-01-23,France,FRA,left,l1_championship_club_2024_6,20,2,centralDefender,https://s3.eu-west-1.amazonaws.com/image.mpg/2025-empt-142-125x125.png
l1_championship_player_2013_8_41943,2013,41943,221987,Matthieu,Udol,1996-03-20,Réunion,REU,,l1_championship_club_2013_8,3,,,https://s3.eu-west-3.amazonaws.com/ligue1.image/players/defaultAssets/145_facePicturesNB-125x125.png
l1_championship_player_2014_8_41943,2014,41943,221987,Matthieu,Udol,1996-03-20,Réunion,REU,,l1_championship_club_2014_8,,2,,https://s3.eu-west-1.amazonaws.com/image.mpg/2025-empt-145-125x125.png
l1_championship_player_2015_8_41943,2015,41943,221987,Matthieu,Udol,1996-03-20,Réunion,REU,,l1_championship_club_2015_8,12,,,https://s3.eu-west-3.amazonaws.com/ligue1.image/players/defaultAssets/145_facePicturesNB-125x125.png
l1_championship_player_2016_8_41943,2016,41943,221987,Matthieu,Udol,1996-03-20,Réunion,REU,,l1_championship_club_2016_8,12,2,,https://s3.eu-west-1.amazonaws.com/image.mpg/2025-empt-145-125x125.png
l1_championship_player_2017_8_41943,2017,41943,221987,Matthieu,Udol,1996-03-20,France,FRA,left,l1_championship_club_2017_8,12,2,leftWingBack,https://s3.eu-west-1.amazonaws.com/image.mpg/2025-empt-145-125x125.png
l1_championship_player_2018_8_41943,2018,41943,221987,Matthieu,Udol,1996-03-20,Réunion,REU,,l1_championship_club_2018_8,3,,,https://s3.eu-west-3.amazonaws.com/ligue1.image/players/defaultAssets/145_facePicturesNB-125x125.png
l1_championship_player_2019_8_41943,2019,41943,221987,Matthieu,Udol,1996-03-20,Réunion,REU,,l1_championship_club_2019_8,3,2,,https://s3.eu-west-1.amazonaws.com/image.mpg/2025-empt-145-125x125.png
l1_championship_player_2020_8_41943,2020,41943,221987,Matthieu,Udol,1996-03-20,France,FRA,left,l1_championship_club_2020_8,3,2,leftWingBack,https://s3.eu-west-1.amazonaws.com/image.mpg/2025-empt-145-125x125.png
l1_championship_player_2021_8_41943,2021,41943,221987,Matthieu,Udol,1996-03-20,France,FRA,left,l1_championship_club_2021_8,3,2,leftWingBack,https://s3.eu-west-1.amazonaws.com/image.mpg/2025-empt-145-125x125.png
l1_championship_player_2022_8_41943,2022,41943,221987,Matthieu,Udol,1996-03-20,France,FRA,left,l1_championship_club_2022_8,3,2,leftWingBack,https://s3.eu-west-1.amazonaws.com/image.mpg/2025-empt-145-125x125.png
l1_championship_player_2023_8_41943,2023,41943,221987,Matthieu,Udol,1996-03-20,France,FRA,left,l1_championship_club_2023_8,3,2,leftWingBack,https://s3.eu-west-1.amazonaws.com/image.mpg/2025-empt-145-125x125.png
l1_championship_player_2024_8_41943,2024,41943,221987,Matthieu,Udol,1996-03-20,France,FRA,left,l1_championship_club_2024_8,3,2,leftWingBack,https://s3.eu-west-1.amazonaws.com/image.mpg/2025-2-145_125x125.png
l1_championship_player_2025_8_41943,2025,41943,221987,Matthieu,Udol,1996-03-20,France,FRA,left,l1_championship_club_2025_8,14,2,leftWingBack,https://s3.eu-west-1.amazonaws.com/image.mpg/2025-empt-145-125x125.png
l1_championship_player_2024_1782_91200,2024,91200,634346,Anthony,Bermont,2005-02-10,France,FRA,right,l1_championship_club_2024_1782,26,3,centralMidfielder,https://s3.eu-west-1.amazonaws.com/image.mpg/2025-empt-11426-125x125.png
l1_championship_player_2025_1782_91200,2025,91200,634346,Anthony,Bermont,2005-02-10,France,FRA,right,l1_championship_club_2025_1782,26,3,centralMidfielder,https://s3.eu-west-1.amazonaws.com/image.mpg/2025-empt-11426-125x125.png
l1_championship_player_2024_6_104468,2024,104468,622024,Andrija,Bulatovic,2006-12-27,Montenegro,MNE,,l1_championship_club_2024_6,5,3,centralMidfielder,https://s3.eu-west-1.amazonaws.com/image.mpg/2025-empt-142-125x125.png
l1_championship_player_2021_4_86987,2021,86987,645319,Alpha,Diallo,2006-02-25,Réunion,REU,,l1_championship_club_2021_4,,,,https://s3.eu-west-1.amazonaws.com/image.mpg/68494634-38f4-4935-b478-50c75e8d8ae6
l1_championship_player_2024_6_86987,2024,86987,645319,Alpha,Diallo,2006-02-25,France,FRA,right,l1_championship_club_2024_6,31,3,attackingMidfielder,https://s3.eu-west-1.amazonaws.com/image.mpg/2025-empt-142-125x125.png
l1_championship_player_2025_159_93960,2025,93960,654497,Erawan,Garnier,2006-01-05,Réunion,REU,,l1_championship_club_2025_159,,4,,https://s3.eu-west-1.amazonaws.com/image.mpg/2025-empt-143-125x125.png
l1_championship_player_2021_6_92140,2021,92140,560250,Fodé,Sylla,2006-04-16,Réunion,REU,,l1_championship_club_2021_6,,,,https://s3.eu-west-1.amazonaws.com/image.mpg/2025-empt-142-125x125.png
l1_championship_player_2023_6_92140,2023,92140,560250,Fodé,Sylla,2006-04-16,France,FRA,right,l1_championship_club_2023_6,33,3,defensiveMidfielder,https://s3.eu-west-1.amazonaws.com/image.mpg/2025-empt-142-125x125.png
l1_championship_player_2024_6_92140,2024,92140,560250,Fodé,Sylla,2006-04-16,France,FRA,right,l1_championship_club_2024_6,33,3,defensiveMidfielder,https://s3.eu-west-1.amazonaws.com/image.mpg/2025-empt-142-125x125.png
l1_championship_player_2015_12_47824,2015,47824,115961,Adrien,Thomasson,1993-12-10,Réunion,REU,,l1_championship_club_2015_12,8,3,,https://s3.eu-west-1.amazonaws.com/image.mpg/2025-empt-430-125x125.png
l1_championship_player_2016_12_47824,2016,47824,115961,Adrien,Thomasson,1993-12-10,Réunion,REU,,l1_championship_club_2016_12,8,3,,https://s3.eu-west-1.amazonaws.com/image.mpg/2025-empt-430-125x125.png
l1_championship_player_2017_12_47824,2017,47824,115961,Adrien,Thomasson,1993-12-10,France,FRA,right,l1_championship_club_2017_12,8,3,centralMidfielder,https://s3.eu-west-1.amazonaws.com/image.mpg/2025-empt-430-125x125.png
l1_championship_player_2018_15_47824,2018,47824,115961,Adrien,Thomasson,1993-12-10,Réunion,REU,,l1_championship_club_2018_15,26,3,,https://s3.eu-west-1.amazonaws.com/image.mpg/2025-empt-153-125x125.png
l1_championship_player_2019_15_47824,2019,47824,115961,Adrien,Thomasson,1993-12-10,Réunion,REU,,l1_championship_club_2019_15,26,3,,https://s3.eu-west-1.amazonaws.com/image.mpg/2025-empt-153-125x125.png
l1_championship_player_2020_15_47824,2020,47824,115961,Adrien,Thomasson,1993-12-10,Réunion,REU,,l1_championship_club_2020_15,26,3,,https://s3.eu-west-1.amazonaws.com/image.mpg/2025-empt-153-125x125.png
l1_championship_player_2021_15_47824,2021,47824,115961,Adrien,Thomasson,1993-12-10,France,FRA,right,l1_championship_club_2021_15,10,3,leftWinger,https://s3.eu-west-1.amazonaws.com/image.mpg/2025-empt-153-125x125.png
l1_championship_player_2022_6_47824,2022,47824,115961,Adrien,Thomasson,1993-12-10,France,FRA,right,l1_championship_club_2022_6,28,3,attackingMidfielder,https://s3.eu-west-1.amazonaws.com/image.mpg/2025-empt-142-125x125.png
l1_championship_player_2022_15_47824,2022,47824,115961,Adrien,Thomasson,1993-12-10,Réunion,REU,,l1_championship_club_2022_15,,3,,https://s3.eu-west-1.amazonaws.com/image.mpg/2025-empt-153-125x125.png
l1_championship_player_2023_6_47824,2023,47824,115961,Adrien,Thomasson,1993-12-10,France,FRA,right,l1_championship_club_2023_6,28,3,attackingMidfielder,https://s3.eu-west-1.amazonaws.com/image.mpg/2025-empt-142-125x125.png
l1_championship_player_2024_6_47824,2024,47824,115961,Adrien,Thomasson,1993-12-10,France,FRA,right,l1_championship_club_2024_6,28,3,attackingMidfielder,https://s3.eu-west-1.amazonaws.com/image.mpg/2025-empt-142-125x125.png
l1_championship_player_2013_13_41166,2013,41166,199670,Odsonne,Edouard,1998-01-16,Réunion,REU,,l1_championship_club_2013_13,,,,https://s3.eu-west-1.amazonaws.com/image.mpg/2025-empt-149-125x125.png
l1_championship_player_2014_13_41166,2014,41166,199670,Odsonne,Edouard,1998-01-16,Réunion,REU,,l1_championship_club_2014_13,,4,,https://s3.eu-west-1.amazonaws.com/image.mpg/2025-empt-149-125x125.png
l1_championship_player_2015_13_41166,2015,41166,199670,Odsonne,Edouard,1998-01-16,Réunion,REU,,l1_championship_club_2015_13,,4,,https://s3.eu-west-1.amazonaws.com/image.mpg/2025-empt-149-125x125.png
l1_championship_player_2016_13_41166,2016,41166,199670,Odsonne,Edouard,1998-01-16,Réunion,REU,,l1_championship_club_2016_13,,4,,https://s3.eu-west-1.amazonaws.com/image.mpg/2025-empt-149-125x125.png
l1_championship_player_2016_16_41166,2016,41166,199670,Odsonne,Edouard,1998-01-16,Réunion,REU,,l1_championship_club_2016_16,18,,,https://s3.eu-west-1.amazonaws.com/image.mpg/2025-empt-427-125x125.png
l1_championship_player_2017_13_41166,2017,41166,199670,Odsonne,Edouard,1998-01-16,France,FRA,right,l1_championship_club_2017_13,,4,striker,https://s3.eu-west-1.amazonaws.com/image.mpg/2025-empt-149-125x125.png
l1_championship_player_2021_6_86482,2021,86482,634376,Rayan,Fofana,2006-02-12,Réunion,REU,,l1_championship_club_2021_6,,,,https://s3.eu-west-1.amazonaws.com/image.mpg/2025-empt-142-125x125.png
l1_championship_player_2024_6_86482,2024,86482,634376,Rayan,Fofana,2006-02-12,France,FRA,right,l1_championship_club_2024_6,38,4,striker,https://s3.eu-west-1.amazonaws.com/image.mpg/2025-empt-142-125x125.png
l1_championship_player_2010_14_36641,2010,36641,161034,Wesley,Said,1995-04-19,Réunion,REU,,l1_championship_club_2010_14,,,,https://s3.eu-west-1.amazonaws.com/image.mpg/2025-empt-150-125x125.png
l1_championship_player_2011_14_36641,2011,36641,161034,Wesley,Said,1995-04-19,Réunion,REU,,l1_championship_club_2011_14,,,,https://s3.eu-west-1.amazonaws.com/image.mpg/2025-empt-150-125x125.png
l1_championship_player_2012_14_36641,2012,36641,161034,Wesley,Said,1995-04-19,Réunion,REU,,l1_championship_club_2012_14,,,,https://s3.eu-west-1.amazonaws.com/image.mpg/2025-empt-150-125x125.png
l1_championship_player_2013_14_36641,2013,36641,161034,Wesley,Said,1995-04-19,Réunion,REU,,l1_championship_club_2013_14,13,4,,https://s3.eu-west-1.amazonaws.com/image.mpg/2025-empt-150-125x125.png
l1_championship_player_2014_14_36641,2014,36641,161034,Wesley,Said,1995-04-19,Réunion,REU,,l1_championship_club_2014_14,13,,,https://s3.eu-west-1.amazonaws.com/image.mpg/2025-empt-150-125x125.png
l1_championship_player_2015_14_36641,2015,36641,161034,Wesley,Said,1995-04-19,Réunion,REU,,l1_championship_club_2015_14,31,,,https://s3.eu-west-1.amazonaws.com/image.mpg/2025-empt-150-125x125.png
l1_championship_player_2016_14_36641,2016,36641,161034,Wesley,Said,1995-04-19,Réunion,REU,,l1_championship_club_2016_14,11,,,https://s3.eu-west-1.amazonaws.com/image.mpg/2025-empt-150-125x125.png
l1_championship_player_2017_14_36641,2017,36641,161034,Wesley,Said,1995-04-19,Réunion,REU,,l1_championship_club_2017_14,,,,https://s3.eu-west-1.amazonaws.com/image.mpg/2025-empt-150-125x125.png
l1_championship_player_2017_74_36641,2017,36641,161034,Wesley,Said,1995-04-19,France,FRA,right,l1_championship_club_2017_74,9,4,striker,https://s3.eu-west-1.amazonaws.com/image.mpg/68494634-38f4-4935-b478-50c75e8d8ae6
l1_championship_player_2019_16_36641,2019,36641,161034,Wesley,Said,1995-04-19,Réunion,REU,,l1_championship_club_2019_16,25,4,,https://s3.eu-west-1.amazonaws.com/image.mpg/2025-empt-427-125x125.png
l1_championship_player_2021_6_36641,2021,36641,161034,Wesley,Said,1995-04-19,France,FRA,right,l1_championship_club_2021_6,22,4,winger,https://s3.eu-west-1.amazonaws.com/image.mpg/2025-empt-142-125x125.png
l1_championship_player_2022_6_36641,2022,36641,161034,Wesley,Said,1995-04-19,France,FRA,right,l1_championship_club_2022_6,22,4,winger,https://s3.eu-west-1.amazonaws.com/image.mpg/2025-empt-142-125x125.png
l1_championship_player_2023_6_36641,2023,36641,161034,Wesley,Said,1995-04-19,France,FRA,right,l1_championship_club_2023_6,22,4,winger,https://s3.eu-west-1.amazonaws.com/image.mpg/2025-empt-142-125x125.png
l1_championship_player_2024_6_36641,2024,36641,161034,Wesley,Said,1995-04-19,France,FRA,right,l1_championship_club_2024_6,22,4,winger,https://s3.eu-west-1.amazonaws.com/image.mpg/2025-empt-142-125x125.png
l1_championship_player_2017_9_44581,2017,44581,170137,Allan,Saint-Maximin,1997-03-12,Réunion,REU,,l1_championship_club_2017_9,12,4,,https://s3.eu-west-1.amazonaws.com/image.mpg/2025-empt-146-125x125.png
l1_championship_player_2017_30_44581,2017,44581,170137,Allan,Saint-Maximin,1997-03-12,France,FRA,right,l1_championship_club_2017_30,7,3,winger,https://s3.eu-west-1.amazonaws.com/image.mpg/2025-empt-1395-125x125.png
l1_championship_player_2018_30_44581,2018,44581,170137,Allan,Saint-Maximin,1997-03-12,Réunion,REU,,l1_championship_club_2018_30,7,4,,https://s3.eu-west-1.amazonaws.com/image.mpg/2025-empt-1395-125x125.png
l1_championship_player_2019_30_44581,2019,44581,170137,Allan,Saint-Maximin,1997-03-12,Réunion,REU,,l1_championship_club_2019_30,,4,,https://s3.eu-west-1.amazonaws.com/image.mpg/2025-empt-1395-125x125.png
l1_championship_player_2022_37_98732,2022,98732,516211,Abdallah,Sima,2001-06-17,Senegal,SEN,right,l1_championship_club_2022_37,19,4,rightWinger,https://s3.eu-west-1.amazonaws.com/image.mpg/2025-empt-2128-125x125.png
l1_championship_player_2024_44_98732,2024,98732,516211,Abdallah,Sima,2001-06-17,Senegal,SEN,right,l1_championship_club_2024_44,17,4,rightWinger,https://s3.eu-west-1.amazonaws.com/image.mpg/2025-empt-862-125x125.png
l1_championship_player_2025_44_98732,2025,98732,516211,Abdallah,Sima,2001-06-17,Senegal,SEN,right,l1_championship_club_2025_44,17,4,rightWinger,https://s3.eu-west-1.amazonaws.com/image.mpg/2025-empt-862-125x125.png
l1_championship_player_2014_10_66024,2014,66024,204188,Florian,Sotoca,1990-10-25,Réunion,REU,,l1_championship_club_2014_10,12,4,,https://s3.eu-west-1.amazonaws.com/image.mpg/2025-empt-147-125x125.png
l1_championship_player_2015_10_66024,2015,66024,204188,Florian,Sotoca,1990-10-25,Réunion,REU,,l1_championship_club_2015_10,12,3,,https://s3.eu-west-1.amazonaws.com/image.mpg/2025-empt-147-125x125.png
l1_championship_player_2020_6_66024,2020,66024,204188,Florian,Sotoca,1990-10-25,Réunion,REU,,l1_championship_club_2020_6,7,4,,https://s3.eu-west-1.amazonaws.com/image.mpg/2025-empt-142-125x125.png
l1_championship_player_2021_6_66024,2021,66024,204188,Florian,Sotoca,1990-10-25,France,FRA,right,l1_championship_club_2021_6,7,4,striker,https://s3.eu-west-1.amazonaws.com/image.mpg/2025-empt-142-125x125.png
l1_championship_player_2022_6_66024,2022,66024,204188,Florian,Sotoca,1990-10-25,France,FRA,right,l1_championship_club_2022_6,7,4,striker,https://s3.eu-west-1.amazonaws.com/image.mpg/2025-empt-142-125x125.png
l1_championship_player_2023_6_66024,2023,66024,204188,Florian,Sotoca,1990-10-25,France,FRA,right,l1_championship_club_2023_6,7,4,striker,https://s3.eu-west-1.amazonaws.com/image.mpg/2025-empt-142-125x125.png
l1_championship_player_2024_6_66024,2024,66024,204188,Florian,Sotoca,1990-10-25,France,FRA,right,l1_championship_club_2024_6,7,4,striker,https://s3.eu-west-1.amazonaws.com/image.mpg/2025-empt-142-125x125.png
l1_championship_player_2013_1_27080,2013,27080,95434,Florian,Thauvin,1993-01-26,Réunion,REU,,l1_championship_club_2013_1,14,3,,https://s3.eu-west-1.amazonaws.com/image.mpg/2025-empt-144-125x125.png
l1_championship_player_2013_158_27080,2013,27080,95434,Florian,Thauvin,1993-01-26,Réunion,REU,,l1_championship_club_2013_158,,4,,https://s3.eu-west-1.amazonaws.com/image.mpg/2025-empt-429-125x125.png
l1_championship_player_2014_1_27080,2014,27080,95434,Florian,Thauvin,1993-01-26,Réunion,REU,,l1_championship_club_2014_1,14,3,,https://s3.eu-west-1.amazonaws.com/image.mpg/2025-empt-144-125x125.png
l1_championship_player_2015_1_27080,2015,27080,95434,Florian,Thauvin,1993-01-26,Réunion,REU,,l1_championship_club_2015_1,24,3,,https://s3.eu-west-1.amazonaws.com/image.mpg/2025-empt-144-125x125.png
l1_championship_player_2016_1_27080,2016,27080,95434,Florian,Thauvin,1993-01-26,Réunion,REU,,l1_championship_club_2016_1,26,3,,https://s3.eu-west-1.amazonaws.com/image.mpg/2025-empt-144-125x125.png
l1_championship_player_2017_1_27080,2017,27080,95434,Florian,Thauvin,1993-01-26,France,FRA,left,l1_championship_club_2017_1,26,3,attackingMidfielder,https://s3.eu-west-1.amazonaws.com/image.mpg/2025-empt-144-125x125.png
l1_championship_player_2018_1_27080,2018,27080,95434,Florian,Thauvin,1993-01-26,Réunion,REU,,l1_championship_club_2018_1,26,,,https://s3.eu-west-1.amazonaws.com/image.mpg/2025-empt-144-125x125.png
l1_championship_player_2019_1_27080,2019,27080,95434,Florian,Thauvin,1993-01-26,Réunion,REU,,l1_championship_club_2019_1,26,4,,https://s3.eu-west-1.amazonaws.com/image.mpg/2025-empt-144-125x125.png
l1_championship_player_2020_1_27080,2020,27080,95434,Florian,Thauvin,1993-01-26,Réunion,REU,,l1_championship_club_2020_1,26,,,https://s3.eu-west-1.amazonaws.com/image.mpg/2025-empt-144-125x125.png
l1_championship_player_2017_15_50284,2017,50284,194188,Bingourou,Kamara,1996-10-21,Senegal,SEN,right,l1_championship_club_2017_15,30,1,goalkeeper,https://s3.eu-west-1.amazonaws.com/image.mpg/2025-empt-153-125x125.png
l1_championship_player_2018_15_50284,2018,50284,194188,Bingourou,Kamara,1996-10-21,Réunion,REU,,l1_championship_club_2018_15,30,1,,https://s3.eu-west-1.amazonaws.com/image.mpg/2025-empt-153-125x125.png
l1_championship_player_2019_15_50284,2019,50284,194188,Bingourou,Kamara,1996-10-21,Réunion,REU,,l1_championship_club_2019_15,30,1,,https://s3.eu-west-1.amazonaws.com/image.mpg/2025-empt-153-125x125.png
l1_championship_player_2020_15_50284,2020,50284,194188,Bingourou,Kamara,1996-10-21,Senegal,SEN,right,l1_championship_club_2020_15,30,1,goalkeeper,https://s3.eu-west-1.amazonaws.com/image.mpg/2025-empt-153-125x125.png
l1_championship_player_2021_15_50284,2021,50284,194188,Bingourou,Kamara,1996-10-21,Senegal,SEN,right,l1_championship_club_2021_15,30,1,goalkeeper,https://s3.eu-west-1.amazonaws.com/image.mpg/2025-empt-153-125x125.png
l1_championship_player_2022_10_50284,2022,50284,194188,Bingourou,Kamara,1996-10-21,Senegal,SEN,right,l1_championship_club_2022_10,90,1,goalkeeper,https://s3.eu-west-1.amazonaws.com/image.mpg/2025-empt-147-125x125.png
l1_championship_player_2022_15_50284,2022,50284,194188,Bingourou,Kamara,1996-10-21,Réunion,REU,,l1_championship_club_2022_15,,1,,https://s3.eu-west-1.amazonaws.com/image.mpg/2025-empt-153-125x125.png
l1_championship_player_2023_73_50284,2023,50284,194188,Bingourou,Kamara,1996-10-21,Senegal,SEN,right,l1_championship_club_2023_73,1,1,goalkeeper,https://s3.eu-west-1.amazonaws.com/image.mpg/2025-empt-5420-125x125.png
l1_championship_player_2024_73_50284,2024,50284,194188,Bingourou,Kamara,1996-10-21,Senegal,SEN,right,l1_championship_club_2024_73,1,1,goalkeeper,https://s3.eu-west-1.amazonaws.com/image.mpg/2025-empt-5420-125x125.png
l1_championship_player_2025_73_50284,2025,50284,194188,Bingourou,Kamara,1996-10-21,Senegal,SEN,right,l1_championship_club_2025_73,1,1,goalkeeper,https://s3.eu-west-1.amazonaws.com/image.mpg/2025-empt-5420-125x125.png
l1_championship_player_2017_74_16695,2017,16695,75987,Benjamin,Leroy,1989-04-07,France,FRA,right,l1_championship_club_2017_74,1,1,goalkeeper,https://s3.eu-west-1.amazonaws.com/image.mpg/68494634-38f4-4935-b478-50c75e8d8ae6
l1_championship_player_2018_17_16695,2018,16695,75987,Benjamin,Leroy,1989-04-07,Réunion,REU,,l1_championship_club_2018_17,1,1,,https://s3.eu-west-3.amazonaws.com/ligue1.image/players/defaultAssets/1163_facePicturesNB-125x125.png
l1_championship_player_2019_17_16695,2019,16695,75987,Benjamin,Leroy,1989-04-07,Réunion,REU,,l1_championship_club_2019_17,1,1,,https://s3.eu-west-3.amazonaws.com/ligue1.image/players/defaultAssets/1163_facePicturesNB-125x125.png
l1_championship_player_2020_17_16695,2020,16695,75987,Benjamin,Leroy,1989-04-07,Réunion,REU,,l1_championship_club_2020_17,1,1,,https://s3.eu-west-3.amazonaws.com/ligue1.image/players/defaultAssets/1163_facePicturesNB-125x125.png
l1_championship_player_2021_17_16695,2021,16695,75987,Benjamin,Leroy,1989-04-07,France,FRA,right,l1_championship_club_2021_17,1,1,goalkeeper,https://s3.eu-west-1.amazonaws.com/image.mpg/2025-1163-125x125.png
l1_championship_player_2022_17_16695,2022,16695,75987,Benjamin,Leroy,1989-04-07,France,FRA,right,l1_championship_club_2022_17,1,1,goalkeeper,https://s3.eu-west-3.amazonaws.com/ligue1.image/players/defaultAssets/1163_facePicturesNB-125x125.png
l1_championship_player_2023_226_16695,2023,16695,75987,Benjamin,Leroy,1989-04-07,France,FRA,right,l1_championship_club_2023_226,1,1,goalkeeper,https://s3.eu-west-1.amazonaws.com/image.mpg/68494634-38f4-4935-b478-50c75e8d8ae6
l1_championship_player_2024_7_16695,2024,16695,75987,Benjamin,Leroy,1989-04-07,France,FRA,right,l1_championship_club_2024_7,1,1,goalkeeper,https://s3.eu-west-1.amazonaws.com/image.mpg/2025-2-694_125x125.png
l1_championship_player_2022_7_99141,2022,99141,100952,Yvon,Mvogo,1994-06-06,Switzerland,CHE,right,l1_championship_club_2022_7,38,1,goalkeeper,https://s3.eu-west-1.amazonaws.com/image.mpg/2025-empt-694-125x125.png
l1_championship_player_2023_7_99141,2023,99141,100952,Yvon,Mvogo,1994-06-06,Switzerland,CHE,right,l1_championship_club_2023_7,38,1,goalkeeper,https://s3.eu-west-1.amazonaws.com/image.mpg/2025-empt-694-125x125.png
l1_championship_player_2024_7_99141,2024,99141,100952,Yvon,Mvogo,1994-06-06,Switzerland,CHE,right,l1_championship_club_2024_7,38,1,goalkeeper,https://s3.eu-west-1.amazonaws.com/image.mpg/2025-2-694_125x125.png
l1_championship_player_2023_7_102065,2023,102065,476391,Nathaniel,Adjei,2002-08-21,Ghana,GHA,right,l1_championship_club_2023_7,32,2,centralDefender,https://s3.eu-west-1.amazonaws.com/image.mpg/2025-empt-694-125x125.png
l1_championship_player_2024_7_102065,2024,102065,476391,Nathaniel,Adjei,2002-08-21,Ghana,GHA,right,l1_championship_club_2024_7,32,2,centralDefender,https://s3.eu-west-1.amazonaws.com/image.mpg/2025-2-694_125x125.png
l1_championship_player_2023_7_102060,2023,102060,624764,Panos,Katseris,2001-07-05,Greece,GRC,right,l1_championship_club_2023_7,7,3,centralDefender,https://s3.eu-west-1.amazonaws.com/image.mpg/2025-empt-694-125x125.png
l1_championship_player_2024_7_102060,2024,102060,624764,Panos,Katseris,2001-07-05,Greece,GRC,right,l1_championship_club_2024_7,77,3,centralDefender,https://s3.eu-west-1.amazonaws.com/image.mpg/2025-2-694_125x125.png
l1_championship_player_2021_17_95754,2021,95754,651819,Arsène,Kouassi,2004-01-02,Côte d'Ivoire,CIV,,l1_championship_club_2021_17,,,,https://s3.eu-west-1.amazonaws.com/image.mpg/2025-1163-125x125.png
l1_championship_player_2024_17_95754,2024,95754,651819,Arsène,Kouassi,2004-01-02,Burkina Faso,BFA,left,l1_championship_club_2024_17,43,2,centralDefender,https://s3.eu-west-1.amazonaws.com/image.mpg/2025-1163-125x125.png
l1_championship_player_2025_17_95754,2025,95754,651819,Arsène,Kouassi,2004-01-02,Burkina Faso,BFA,left,l1_championship_club_2025_17,43,2,centralDefender,https://s3.eu-west-1.amazonaws.com/image.mpg/2025-1163-125x125.png
l1_championship_player_2021_7_94715,2021,94715,544099,Bamo,Meite,2001-12-03,Côte d'Ivoire,CIV,right,l1_championship_club_2021_7,18,3,defensiveMidfielder,https://s3.eu-west-1.amazonaws.com/image.mpg/2025-empt-694-125x125.png
l1_championship_player_2022_7_94715,2022,94715,544099,Bamo,Meite,2001-12-03,Côte d'Ivoire,CIV,,l1_championship_club_2022_7,18,2,defensiveMidfielder,https://s3.eu-west-1.amazonaws.com/image.mpg/2025-empt-694-125x125.png
l1_championship_player_2023_1_94715,2023,94715,544099,Bamo,Meite,2001-12-03,Côte d'Ivoire,CIV,right,l1_championship_club_2023_1,18,2,defensiveMidfielder,https://s3.eu-west-1.amazonaws.com/image.mpg/2025-empt-144-125x125.png
l1_championship_player_2023_7_94715,2023,94715,544099,Bamo,Meite,2001-12-03,Côte d'Ivoire,CIV,right,l1_championship_club_2023_7,18,2,defensiveMidfielder,https://s3.eu-west-1.amazonaws.com/image.mpg/2025-empt-694-125x125.png
l1_championship_player_2024_1_94715,2024,94715,544099,Bamo,Meite,2001-12-03,Côte d'Ivoire,CIV,right,l1_championship_club_2024_1,18,2,centralDefender,https://s3.eu-west-1.amazonaws.com/image.mpg/2025-empt-144-125x125.png
l1_championship_player_2024_10_94715,2024,94715,544099,Bamo,Meite,2001-12-03,Côte d'Ivoire,CIV,right,l1_championship_club_2024_10,2,2,centralDefender,https://s3.eu-west-1.amazonaws.com/image.mpg/2025-empt-147-125x125.png
l1_championship_player_2024_7_94715,2024,94715,544099,Bamo,Meite,2001-12-03,Côte d'Ivoire,CIV,,l1_championship_club_2024_7,18,2,defensiveMidfielder,https://s3.eu-west-1.amazonaws.com/image.mpg/2025-empt-694-125x125.png
l1_championship_player_2025_1_94715,2025,94715,544099,Bamo,Meite,2001-12-03,Côte d'Ivoire,CIV,right,l1_championship_club_2025_1,18,2,centralDefender,https://s3.eu-west-1.amazonaws.com/image.mpg/2025-empt-144-125x125.png
l1_championship_player_2025_10_94715,2025,94715,544099,Bamo,Meite,2001-12-03,Côte d'Ivoire,CIV,right,l1_championship_club_2025_10,2,2,centralDefender,https://s3.eu-west-1.amazonaws.com/image.mpg/2025-empt-147-125x125.png
l1_championship_player_2021_7_94206,2021,94206,177020,Igor,Silva,1996-08-21,Brazil,BRA,right,l1_championship_club_2021_7,2,2,rightWingBack,https://s3.eu-west-1.amazonaws.com/image.mpg/2025-empt-694-125x125.png
l1_championship_player_2022_7_94206,2022,94206,177020,Igor,Silva,1996-08-21,Brazil,BRA,right,l1_championship_club_2022_7,2,2,rightWingBack,https://s3.eu-west-1.amazonaws.com/image.mpg/2025-empt-694-125x125.png
l1_championship_player_2023_7_94206,2023,94206,177020,Igor,Silva,1996-08-21,Brazil,BRA,right,l1_championship_club_2023_7,2,2,rightWingBack,https://s3.eu-west-1.amazonaws.com/image.mpg/2025-empt-694-125x125.png
l1_championship_player_2024_7_94206,2024,94206,177020,Igor,Silva,1996-08-21,Brazil,BRA,right,l1_championship_club_2024_7,2,2,rightWingBack,https://s3.eu-west-1.amazonaws.com/image.mpg/2025-2-694_125x125.png
l1_championship_player_2022_7_99053,2022,99053,422480,Montassar,Talbi,1998-05-06,Tunisia,TUN,right,l1_championship_club_2022_7,3,2,centralDefender,https://s3.eu-west-1.amazonaws.com/image.mpg/2025-empt-694-125x125.png
l1_championship_player_2023_7_99053,2023,99053,422480,Montassar,Talbi,1998-05-06,Tunisia,TUN,right,l1_championship_club_2023_7,3,2,centralDefender,https://s3.eu-west-1.amazonaws.com/image.mpg/2025-empt-694-125x125.png
l1_championship_player_2024_7_99053,2024,99053,422480,Montassar,Talbi,1998-05-06,Tunisia,TUN,right,l1_championship_club_2024_7,3,2,centralDefender,https://s3.eu-west-1.amazonaws.com/image.mpg/2025-2-694_125x125.png
l1_championship_player_2018_5_83687,2018,83687,512745,Isaak,Toure,2003-03-28,Réunion,REU,,l1_championship_club_2018_5,,,,https://s3.eu-west-3.amazonaws.com/ligue1.image/players/defaultAssets/141_facePicturesNB-125x125.png
l1_championship_player_2019_5_83687,2019,83687,512745,Isaak,Toure,2003-03-28,Réunion,REU,,l1_championship_club_2019_5,,,,https://s3.eu-west-3.amazonaws.com/ligue1.image/players/defaultAssets/141_facePicturesNB-125x125.png
l1_championship_player_2020_5_83687,2020,83687,512745,Isaak,Toure,2003-03-28,Réunion,REU,,l1_championship_club_2020_5,,3,,https://s3.eu-west-3.amazonaws.com/ligue1.image/players/defaultAssets/141_facePicturesNB-125x125.png
l1_championship_player_2021_5_83687,2021,83687,512745,Isaak,Toure,2003-03-28,France,FRA,right,l1_championship_club_2021_5,6,2,centralDefender,https://s3.eu-west-1.amazonaws.com/image.mpg/2025-empt-141-125x125.png
l1_championship_player_2022_1_83687,2022,83687,512745,Isaak,Toure,2003-03-28,France,FRA,right,l1_championship_club_2022_1,95,2,centralDefender,https://s3.eu-west-1.amazonaws.com/image.mpg/2025-empt-144-125x125.png
l1_championship_player_2022_2_83687,2022,83687,512745,Isaak,Toure,2003-03-28,France,FRA,right,l1_championship_club_2022_2,95,2,centralDefender,https://s3.eu-west-1.amazonaws.com/image.mpg/2025-empt-138-125x125.png
l1_championship_player_2023_1_83687,2023,83687,512745,Isaak,Toure,2003-03-28,Réunion,REU,,l1_championship_club_2023_1,,3,,https://s3.eu-west-1.amazonaws.com/image.mpg/2025-empt-144-125x125.png
l1_championship_player_2023_7_83687,2023,83687,512745,Isaak,Toure,2003-03-28,France,FRA,right,l1_championship_club_2023_7,95,2,centralDefender,https://s3.eu-west-1.amazonaws.com/image.mpg/2025-empt-694-125x125.png
l1_championship_player_2024_7_83687,2024,83687,512745,Isaak,Toure,2003-03-28,France,FRA,right,l1_championship_club_2024_7,95,3,centralDefender,https://s3.eu-west-1.amazonaws.com/image.mpg/2025-2-694_125x125.png
l1_championship_player_2021_28_86590,2021,86590,493900,Darlin,Yongwa,2000-09-22,Cameroon,CMR,left,l1_championship_club_2021_28,3,2,leftWingBack,https://s3.eu-west-1.amazonaws.com/image.mpg/68494634-38f4-4935-b478-50c75e8d8ae6
l1_championship_player_2022_7_86590,2022,86590,493900,Darlin,Yongwa,2000-09-22,Cameroon,CMR,left,l1_championship_club_2022_7,12,2,leftWingBack,https://s3.eu-west-1.amazonaws.com/image.mpg/2025-empt-694-125x125.png
l1_championship_player_2023_7_86590,2023,86590,493900,Darlin,Yongwa,2000-09-22,Cameroon,CMR,left,l1_championship_club_2023_7,12,2,leftWingBack,https://s3.eu-west-1.amazonaws.com/image.mpg/2025-empt-694-125x125.png
l1_championship_player_2024_7_86590,2024,86590,493900,Darlin,Yongwa,2000-09-22,Cameroon,CMR,left,l1_championship_club_2024_7,44,2,leftWingBack,https://s3.eu-west-1.amazonaws.com/image.mpg/2025-2-694_125x125.png
l1_championship_player_2012_1_18329,2012,18329,107258,Laurent,Abergel,1993-02-01,Réunion,REU,,l1_championship_club_2012_1,,2,,https://s3.eu-west-1.amazonaws.com/image.mpg/2025-empt-144-125x125.png
l1_championship_player_2013_1_18329,2013,18329,107258,Laurent,Abergel,1993-02-01,Réunion,REU,,l1_championship_club_2013_1,19,2,,https://s3.eu-west-1.amazonaws.com/image.mpg/2025-empt-144-125x125.png
l1_championship_player_2014_1_18329,2014,18329,107258,Laurent,Abergel,1993-02-01,Réunion,REU,,l1_championship_club_2014_1,,2,,https://s3.eu-west-1.amazonaws.com/image.mpg/2025-empt-144-125x125.png
l1_championship_player_2014_17_18329,2014,18329,107258,Laurent,Abergel,1993-02-01,Réunion,REU,,l1_championship_club_2014_17,2,,,https://s3.eu-west-3.amazonaws.com/ligue1.image/players/defaultAssets/1163_facePicturesNB-125x125.png
l1_championship_player_2015_1_18329,2015,18329,107258,Laurent,Abergel,1993-02-01,Réunion,REU,,l1_championship_club_2015_1,,,,https://s3.eu-west-1.amazonaws.com/image.mpg/2025-empt-144-125x125.png
l1_championship_player_2015_17_18329,2015,18329,107258,Laurent,Abergel,1993-02-01,Réunion,REU,,l1_championship_club_2015_17,19,3,,https://s3.eu-west-3.amazonaws.com/ligue1.image/players/defaultAssets/1163_facePicturesNB-125x125.png
l1_championship_player_2016_17_18329,2016,18329,107258,Laurent,Abergel,1993-02-01,Réunion,REU,,l1_championship_club_2016_17,8,3,,https://s3.eu-west-3.amazonaws.com/ligue1.image/players/defaultAssets/1163_facePicturesNB-125x125.png
l1_championship_player_2017_17_18329,2017,18329,107258,Laurent,Abergel,1993-02-01,Réunion,REU,,l1_championship_club_2017_17,6,3,,https://s3.eu-west-3.amazonaws.com/ligue1.image/players/defaultAssets/1163_facePicturesNB-125x125.png
l1_championship_player_2019_7_18329,2019,18329,107258,Laurent,Abergel,1993-02-01,Réunion,REU,,l1_championship_club_2019_7,6,3,,https://s3.eu-west-3.amazonaws.com/ligue1.image/players/defaultAssets/694_facePicturesNB-125x125.png
l1_championship_player_2020_7_18329,2020,18329,107258,Laurent,Abergel,1993-02-01,France,FRA,right,l1_championship_club_2020_7,6,3,defensiveMidfielder,https://s3.eu-west-1.amazonaws.com/image.mpg/2025-empt-694-125x125.png
l1_championship_player_2021_7_18329,2021,18329,107258,Laurent,Abergel,1993-02-01,France,FRA,right,l1_championship_club_2021_7,6,3,defensiveMidfielder,https://s3.eu-west-1.amazonaws.com/image.mpg/2025-empt-694-125x125.png
l1_championship_player_2022_7_18329,2022,18329,107258,Laurent,Abergel,1993-02-01,France,FRA,right,l1_championship_club_2022_7,19,3,defensiveMidfielder,https://s3.eu-west-1.amazonaws.com/image.mpg/2025-empt-694-125x125.png
l1_championship_player_2023_7_18329,2023,18329,107258,Laurent,Abergel,1993-02-01,France,FRA,right,l1_championship_club_2023_7,19,3,defensiveMidfielder,https://s3.eu-west-1.amazonaws.com/image.mpg/2025-empt-694-125x125.png
l1_championship_player_2024_7_18329,2024,18329,107258,Laurent,Abergel,1993-02-01,France,FRA,right,l1_championship_club_2024_7,6,3,defensiveMidfielder,https://s3.eu-west-1.amazonaws.com/image.mpg/2025-2-694_125x125.png
l1_championship_player_2023_7_101714,2023,101714,606371,Arthur,Avom,2004-12-15,Cameroon,CMR,right,l1_championship_club_2023_7,62,3,centralMidfielder,https://s3.eu-west-1.amazonaws.com/image.mpg/2025-empt-694-125x125.png
l1_championship_player_2024_7_101714,2024,101714,665539,Arthur,Avom Ebong,2004-12-15,Cameroon,CMR,,l1_championship_club_2024_7,62,3,centralMidfielder,https://s3.eu-west-1.amazonaws.com/image.mpg/2025-2-694_125x125.png
l1_championship_player_2023_226_93800,2023,93800,533146,Noah,Cadiou,1998-10-26,Guadeloupe,GLP,right,l1_championship_club_2023_226,8,3,centralMidfielder,https://s3.eu-west-1.amazonaws.com/image.mpg/68494634-38f4-4935-b478-50c75e8d8ae6
l1_championship_player_2024_64_93800,2024,93800,533146,Noah,Cadiou,1998-10-26,Guadeloupe,GLP,right,l1_championship_club_2024_64,5,3,centralMidfielder,https://s3.eu-west-1.amazonaws.com/image.mpg/2025-empt-3308-125x125.png
l1_championship_player_2025_64_93800,2025,93800,533146,Noah,Cadiou,1998-10-26,Guadeloupe,GLP,right,l1_championship_club_2025_64,8,3,centralMidfielder,https://s3.eu-west-1.amazonaws.com/image.mpg/2025-empt-3308-125x125.png
l1_championship_player_2016_13_62487,2016,62487,465681,Bandiougou,Fadiga,2001-01-15,Réunion,REU,,l1_championship_club_2016_13,,,,https://s3.eu-west-1.amazonaws.com/image.mpg/2025-empt-149-125x125.png
l1_championship_player_2017_13_62487,2017,62487,465681,Bandiougou,Fadiga,2001-01-15,Réunion,REU,,l1_championship_club_2017_13,,3,,https://s3.eu-west-1.amazonaws.com/image.mpg/2025-empt-149-125x125.png
l1_championship_player_2018_13_62487,2018,62487,465681,Bandiougou,Fadiga,2001-01-15,Réunion,REU,,l1_championship_club_2018_13,,3,,https://s3.eu-west-1.amazonaws.com/image.mpg/2025-empt-149-125x125.png
l1_championship_player_2019_13_62487,2019,62487,465681,Bandiougou,Fadiga,2001-01-15,Réunion,REU,,l1_championship_club_2019_13,,3,,https://s3.eu-west-1.amazonaws.com/image.mpg/2025-empt-149-125x125.png
l1_championship_player_2020_13_62487,2020,62487,465681,Bandiougou,Fadiga,2001-01-15,France,FRA,,l1_championship_club_2020_13,,3,attackingMidfielder,https://s3.eu-west-1.amazonaws.com/image.mpg/2025-empt-149-125x125.png
l1_championship_player_2020_44_62487,2020,62487,465681,Bandiougou,Fadiga,2001-01-15,France,FRA,,l1_championship_club_2020_44,29,3,attackingMidfielder,https://s3.eu-west-1.amazonaws.com/image.mpg/2025-empt-862-125x125.png
l1_championship_player_2021_13_62487,2021,62487,465681,Bandiougou,Fadiga,2001-01-15,Réunion,REU,,l1_championship_club_2021_13,37,3,,https://s3.eu-west-1.amazonaws.com/image.mpg/2025-empt-149-125x125.png
l1_championship_player_2024_7_62487,2024,62487,465681,Bandiougou,Fadiga,2001-01-15,France,FRA,,l1_championship_club_2024_7,75,3,centralMidfielder,https://s3.eu-west-1.amazonaws.com/image.mpg/2025-2-694_125x125.png
l1_championship_player_2017_7_70987,2017,70987,549737,Théo,Le Bris,2002-10-01,Réunion,REU,,l1_championship_club_2017_7,,,,https://s3.eu-west-1.amazonaws.com/image.mpg/2025-empt-694-125x125.png
l1_championship_player_2018_7_70987,2018,70987,549737,Théo,Le Bris,2002-10-01,Réunion,REU,,l1_championship_club_2018_7,,,,https://s3.eu-west-1.amazonaws.com/image.mpg/2025-empt-694-125x125.png
l1_championship_player_2019_7_70987,2019,70987,549737,Théo,Le Bris,2002-10-01,Réunion,REU,,l1_championship_club_2019_7,,,,https://s3.eu-west-1.amazonaws.com/image.mpg/2025-empt-694-125x125.png
l1_championship_player_2020_7_70987,2020,70987,549737,Théo,Le Bris,2002-10-01,Réunion,REU,,l1_championship_club_2020_7,,3,,https://s3.eu-west-1.amazonaws.com/image.mpg/2025-empt-694-125x125.png
l1_championship_player_2021_7_70987,2021,70987,549737,Théo,Le Bris,2002-10-01,France,FRA,right,l1_championship_club_2021_7,37,3,centralMidfielder,https://s3.eu-west-1.amazonaws.com/image.mpg/2025-empt-694-125x125.png
l1_championship_player_2022_7_70987,2022,70987,549737,Théo,Le Bris,2002-10-01,France,FRA,,l1_championship_club_2022_7,37,3,centralMidfielder,https://s3.eu-west-1.amazonaws.com/image.mpg/2025-empt-694-125x125.png
l1_championship_player_2023_7_70987,2023,70987,549737,Théo,Le Bris,2002-10-01,France,FRA,right,l1_championship_club_2023_7,37,3,centralMidfielder,https://s3.eu-west-1.amazonaws.com/image.mpg/2025-empt-694-125x125.png
l1_championship_player_2024_7_70987,2024,70987,549737,Théo,Le Bris,2002-10-01,France,FRA,right,l1_championship_club_2024_7,11,3,centralMidfielder,https://s3.eu-west-1.amazonaws.com/image.mpg/2025-empt-694-125x125.png
l1_championship_player_2024_24_70987,2024,70987,549737,Théo,Le Bris,2002-10-01,France,FRA,right,l1_championship_club_2024_24,28,3,centralMidfielder,https://s3.eu-west-1.amazonaws.com/image.mpg/2025-empt-428-125x125.png
l1_championship_player_2025_24_70987,2025,70987,549737,Théo,Le Bris,2002-10-01,France,FRA,right,l1_championship_club_2025_24,28,3,centralMidfielder,https://s3.eu-west-1.amazonaws.com/image.mpg/2025-empt-428-125x125.png
l1_championship_player_2013_20_40461,2013,40461,199666,Jean-Victor,Makengo,1998-06-12,Réunion,REU,,l1_championship_club_2013_20,17,,,https://s3.eu-west-3.amazonaws.com/ligue1.image/players/defaultAssets/1028_facePicturesNB-125x125.png
l1_championship_player_2017_30_40461,2017,40461,199666,Jean-Victor,Makengo,1998-06-12,France,FRA,left,l1_championship_club_2017_30,27,3,centralMidfielder,https://s3.eu-west-1.amazonaws.com/image.mpg/2025-empt-1395-125x125.png
l1_championship_player_2018_30_40461,2018,40461,199666,Jean-Victor,Makengo,1998-06-12,Réunion,REU,,l1_championship_club_2018_30,27,3,,https://s3.eu-west-1.amazonaws.com/image.mpg/2025-empt-1395-125x125.png
l1_championship_player_2019_16_40461,2019,40461,199666,Jean-Victor,Makengo,1998-06-12,Réunion,REU,,l1_championship_club_2019_16,27,3,,https://s3.eu-west-1.amazonaws.com/image.mpg/2025-empt-427-125x125.png
l1_championship_player_2020_30_40461,2020,40461,199666,Jean-Victor,Makengo,1998-06-12,Réunion,REU,,l1_championship_club_2020_30,,3,,https://s3.eu-west-1.amazonaws.com/image.mpg/2025-empt-1395-125x125.png
l1_championship_player_2022_7_40461,2022,40461,199666,Jean-Victor,Makengo,1998-06-12,France,FRA,left,l1_championship_club_2022_7,17,3,centralMidfielder,https://s3.eu-west-1.amazonaws.com/image.mpg/2025-empt-694-125x125.png
l1_championship_player_2023_7_40461,2023,40461,199666,Jean-Victor,Makengo,1998-06-12,France,FRA,left,l1_championship_club_2023_7,17,3,centralMidfielder,https://s3.eu-west-1.amazonaws.com/image.mpg/2025-empt-694-125x125.png
l1_championship_player_2024_7_40461,2024,40461,199666,Jean-Victor,Makengo,1998-06-12,France,FRA,left,l1_championship_club_2024_7,17,3,centralMidfielder,https://s3.eu-west-1.amazonaws.com/image.mpg/2025-2-694_125x125.png
l1_championship_player_2023_7_102066,2023,102066,626970,Mohamed,Bamba,2001-12-10,Côte d'Ivoire,CIV,right,l1_championship_club_2023_7,9,4,striker,https://s3.eu-west-1.amazonaws.com/image.mpg/2025-empt-694-125x125.png
l1_championship_player_2024_7_102066,2024,102066,626970,Mohamed,Bamba,2001-12-10,Côte d'Ivoire,CIV,right,l1_championship_club_2024_7,9,4,striker,https://s3.eu-west-1.amazonaws.com/image.mpg/2025-2-694_125x125.png
l1_championship_player_2020_1_92486,2020,92486,531004,Bamba,Dieng,2000-03-23,Senegal,SEN,right,l1_championship_club_2020_1,37,4,striker,https://s3.eu-west-1.amazonaws.com/image.mpg/2025-empt-144-125x125.png
l1_championship_player_2021_1_92486,2021,92486,531004,Bamba,Dieng,2000-03-23,Senegal,SEN,right,l1_championship_club_2021_1,12,4,striker,https://s3.eu-west-1.amazonaws.com/image.mpg/2025-empt-144-125x125.png
l1_championship_player_2022_1_92486,2022,92486,531004,Bamba,Dieng,2000-03-23,Senegal,SEN,,l1_championship_club_2022_1,,4,,https://s3.eu-west-1.amazonaws.com/image.mpg/2025-empt-144-125x125.png
l1_championship_player_2022_7_92486,2022,92486,531004,Bamba,Dieng,2000-03-23,Senegal,SEN,right,l1_championship_club_2022_7,11,4,striker,https://s3.eu-west-1.amazonaws.com/image.mpg/2025-empt-694-125x125.png
l1_championship_player_2023_7_92486,2023,92486,531004,Bamba,Dieng,2000-03-23,Senegal,SEN,right,l1_championship_club_2023_7,11,4,striker,https://s3.eu-west-1.amazonaws.com/image.mpg/2025-empt-694-125x125.png
l1_championship_player_2024_37_92486,2024,92486,531004,Bamba,Dieng,2000-03-23,Senegal,SEN,right,l1_championship_club_2024_37,99,4,striker,https://s3.eu-west-1.amazonaws.com/image.mpg/2025-empt-2128-125x125.png
l1_championship_player_2024_7_92486,2024,92486,531004,Bamba,Dieng,2000-03-23,Senegal,SEN,right,l1_championship_club_2024_7,12,4,striker,https://s3.eu-west-1.amazonaws.com/image.mpg/2025-empt-694-125x125.png
l1_championship_player_2018_7_84609,2018,84609,551976,Pablo,Pagis,2002-12-29,Réunion,REU,,l1_championship_club_2018_7,10,,,https://s3.eu-west-3.amazonaws.com/ligue1.image/players/defaultAssets/694_facePicturesNB-125x125.png
l1_championship_player_2019_7_84609,2019,84609,551976,Pablo,Pagis,2002-12-29,Réunion,REU,,l1_championship_club_2019_7,10,,,https://s3.eu-west-3.amazonaws.com/ligue1.image/players/defaultAssets/694_facePicturesNB-125x125.png
l1_championship_player_2025_37_92486,2025,92486,531004,Bamba,Dieng,2000-03-23,Senegal,SEN,right,l1_championship_club_2025_37,99,4,striker,https://s3.eu-west-1.amazonaws.com/image.mpg/2025-empt-2128-125x125.png
l1_championship_player_2021_7_84609,2021,84609,551976,Pablo,Pagis,2002-12-29,France,FRA,both,l1_championship_club_2021_7,10,4,striker,https://s3.eu-west-1.amazonaws.com/image.mpg/2025-empt-694-125x125.png
l1_championship_player_2022_7_84609,2022,84609,551976,Pablo,Pagis,2002-12-29,France,FRA,both,l1_championship_club_2022_7,10,4,striker,https://s3.eu-west-1.amazonaws.com/image.mpg/2025-empt-694-125x125.png
l1_championship_player_2020_7_84609,2020,84609,551976,Pablo,Pagis,2002-12-29,Réunion,REU,,l1_championship_club_2020_7,,,,https://s3.eu-west-1.amazonaws.com/image.mpg/2025-empt-694-125x125.png
l1_championship_player_2022_27_84609,2022,84609,551976,Pablo,Pagis,2002-12-29,France,FRA,both,l1_championship_club_2022_27,11,4,striker,https://s3.eu-west-1.amazonaws.com/image.mpg/68494634-38f4-4935-b478-50c75e8d8ae6
l1_championship_player_2023_7_84609,2023,84609,551976,Pablo,Pagis,2002-12-29,France,FRA,both,l1_championship_club_2023_7,10,4,striker,https://s3.eu-west-1.amazonaws.com/image.mpg/2025-empt-694-125x125.png
l1_championship_player_2023_25_84609,2023,84609,551976,Pablo,Pagis,2002-12-29,France,FRA,both,l1_championship_club_2023_25,29,4,striker,https://s3.eu-west-1.amazonaws.com/image.mpg/2025-empt-2298-125x125.png
l1_championship_player_2024_7_84609,2024,84609,551976,Pablo,Pagis,2002-12-29,France,FRA,both,l1_championship_club_2024_7,10,4,striker,https://s3.eu-west-1.amazonaws.com/image.mpg/2025-2-694_125x125.png
l1_championship_player_2024_25_84609,2024,84609,551976,Pablo,Pagis,2002-12-29,France,FRA,both,l1_championship_club_2024_25,29,4,striker,https://s3.eu-west-1.amazonaws.com/image.mpg/2025-2-2298_125x125.png
l1_championship_player_2021_7_94102,2021,94102,532104,Sambou,Soumano,2001-01-03,Senegal,SEN,right,l1_championship_club_2021_7,22,4,striker,https://s3.eu-west-1.amazonaws.com/image.mpg/2025-empt-694-125x125.png
l1_championship_player_2022_7_94102,2022,94102,532104,Sambou,Soumano,2001-01-03,Senegal,SEN,right,l1_championship_club_2022_7,28,4,striker,https://s3.eu-west-1.amazonaws.com/image.mpg/2025-empt-694-125x125.png
l1_championship_player_2022_64_94102,2022,94102,532104,Sambou,Soumano,2001-01-03,Senegal,SEN,right,l1_championship_club_2022_64,35,4,striker,https://s3.eu-west-1.amazonaws.com/image.mpg/2025-empt-3308-125x125.png
l1_championship_player_2023_226_94102,2023,94102,532104,Sambou,Soumano,2001-01-03,Senegal,SEN,right,l1_championship_club_2023_226,9,4,striker,https://s3.eu-west-1.amazonaws.com/image.mpg/68494634-38f4-4935-b478-50c75e8d8ae6
l1_championship_player_2024_7_94102,2024,94102,532104,Sambou,Soumano,2001-01-03,Senegal,SEN,right,l1_championship_club_2024_7,28,4,striker,https://s3.eu-west-1.amazonaws.com/image.mpg/2025-2-694_125x125.png
l1_championship_player_2023_7_94102,2023,94102,532104,Sambou,Soumano,2001-01-03,Senegal,SEN,right,l1_championship_club_2023_7,28,4,striker,https://s3.eu-west-1.amazonaws.com/image.mpg/2025-empt-694-125x125.png
l1_championship_player_2023_7_101363,2023,101363,250182,Aiyegun,Tosin,1998-06-26,Benin,BEN,right,l1_championship_club_2023_7,27,4,striker,https://s3.eu-west-1.amazonaws.com/image.mpg/2025-empt-694-125x125.png
l1_championship_player_2024_7_101363,2024,101363,250182,Aiyegun,Tosin,1998-06-26,Benin,BEN,right,l1_championship_club_2024_7,27,4,striker,https://s3.eu-west-1.amazonaws.com/image.mpg/2025-2-694_125x125.png
l1_championship_player_2020_8_91173,2020,91173,482394,Ousmane,Ba,2002-06-06,Senegal,SEN,right,l1_championship_club_2020_8,40,1,goalkeeper,https://s3.eu-west-1.amazonaws.com/image.mpg/2025-empt-145-125x125.png
l1_championship_player_2021_8_91173,2021,91173,482394,Ousmane,Ba,2002-06-06,Senegal,SEN,right,l1_championship_club_2021_8,40,1,goalkeeper,https://s3.eu-west-1.amazonaws.com/image.mpg/2025-empt-145-125x125.png
l1_championship_player_2022_8_91173,2022,91173,482394,Ousmane,Ba,2002-06-06,Senegal,SEN,right,l1_championship_club_2022_8,40,1,goalkeeper,https://s3.eu-west-1.amazonaws.com/image.mpg/2025-empt-145-125x125.png
l1_championship_player_2023_8_91173,2023,91173,482394,Ousmane,Ba,2002-06-06,Senegal,SEN,right,l1_championship_club_2023_8,40,1,goalkeeper,https://s3.eu-west-1.amazonaws.com/image.mpg/2025-empt-145-125x125.png
l1_championship_player_2024_8_91173,2024,91173,482394,Ousmane,Ba,2002-06-06,Senegal,SEN,right,l1_championship_club_2024_8,40,1,goalkeeper,https://s3.eu-west-1.amazonaws.com/image.mpg/2025-2-145_125x125.png
l1_championship_player_2024_8_103746,2024,103746,607132,Pape,Sy,1997-05-02,Senegal,SEN,right,l1_championship_club_2024_8,61,1,goalkeeper,https://s3.eu-west-1.amazonaws.com/image.mpg/2025-2-145_125x125.png
l1_championship_player_2013_13_36407,2013,36407,225897,Fodé,Ballo-Toure,1997-01-03,Réunion,REU,,l1_championship_club_2013_13,,3,,https://s3.eu-west-1.amazonaws.com/image.mpg/2025-empt-149-125x125.png
l1_championship_player_2014_13_36407,2014,36407,225897,Fodé,Ballo-Toure,1997-01-03,Réunion,REU,,l1_championship_club_2014_13,,3,,https://s3.eu-west-1.amazonaws.com/image.mpg/2025-empt-149-125x125.png
l1_championship_player_2012_13_36407,2012,36407,225897,Fodé,Ballo-Toure,1997-01-03,Réunion,REU,,l1_championship_club_2012_13,,,,https://s3.eu-west-1.amazonaws.com/image.mpg/2025-empt-149-125x125.png
l1_championship_player_2016_13_36407,2016,36407,225897,Fodé,Ballo-Toure,1997-01-03,Réunion,REU,,l1_championship_club_2016_13,,3,,https://s3.eu-west-1.amazonaws.com/image.mpg/2025-empt-149-125x125.png
l1_championship_player_2015_13_36407,2015,36407,225897,Fodé,Ballo-Toure,1997-01-03,Réunion,REU,,l1_championship_club_2015_13,,3,,https://s3.eu-west-1.amazonaws.com/image.mpg/2025-empt-149-125x125.png
l1_championship_player_2017_158_36407,2017,36407,225897,Fodé,Ballo-Toure,1997-01-03,Senegal,SEN,left,l1_championship_club_2017_158,25,2,leftWingBack,https://s3.eu-west-1.amazonaws.com/image.mpg/2025-empt-429-125x125.png
l1_championship_player_2018_9_36407,2018,36407,225897,Fodé,Ballo-Toure,1997-01-03,Réunion,REU,,l1_championship_club_2018_9,2,2,,https://s3.eu-west-1.amazonaws.com/image.mpg/2025-empt-146-125x125.png
l1_championship_player_2019_9_36407,2019,36407,225897,Fodé,Ballo-Toure,1997-01-03,Réunion,REU,,l1_championship_club_2019_9,2,2,,https://s3.eu-west-1.amazonaws.com/image.mpg/2025-empt-146-125x125.png
l1_championship_player_2020_9_36407,2020,36407,225897,Fodé,Ballo-Toure,1997-01-03,Réunion,REU,,l1_championship_club_2020_9,2,2,,https://s3.eu-west-1.amazonaws.com/image.mpg/2025-empt-146-125x125.png
l1_championship_player_2021_9_36407,2021,36407,225897,Fodé,Ballo-Toure,1997-01-03,Réunion,REU,,l1_championship_club_2021_9,,,,https://s3.eu-west-1.amazonaws.com/image.mpg/2025-empt-146-125x125.png
l1_championship_player_2018_158_36407,2018,36407,225897,Fodé,Ballo-Toure,1997-01-03,Réunion,REU,,l1_championship_club_2018_158,,2,,https://s3.eu-west-1.amazonaws.com/image.mpg/2025-empt-429-125x125.png
l1_championship_player_2025_5_36407,2025,36407,225897,Fodé,Ballo-Toure,1997-01-03,Senegal,SEN,left,l1_championship_club_2025_5,97,2,centralDefender,https://s3.eu-west-1.amazonaws.com/image.mpg/2025-empt-141-125x125.png
l1_championship_player_2024_5_36407,2024,36407,225897,Fodé,Ballo-Toure,1997-01-03,Senegal,SEN,left,l1_championship_club_2024_5,97,2,centralDefender,https://s3.eu-west-1.amazonaws.com/image.mpg/2025-empt-141-125x125.png
l1_championship_player_2013_33_37043,2013,37043,86132,Maxime,Colin,1991-11-15,Réunion,REU,,l1_championship_club_2013_33,12,2,,https://s3.eu-west-3.amazonaws.com/ligue1.image/players/defaultAssets/154_facePicturesNB-125x125.png
l1_championship_player_2023_8_37043,2023,37043,86132,Maxime,Colin,1991-11-15,France,FRA,right,l1_championship_club_2023_8,2,2,rightWingBack,https://s3.eu-west-1.amazonaws.com/image.mpg/2025-empt-145-125x125.png
l1_championship_player_2014_33_37043,2014,37043,86132,Maxime,Colin,1991-11-15,Réunion,REU,,l1_championship_club_2014_33,2,2,,https://s3.eu-west-3.amazonaws.com/ligue1.image/players/defaultAssets/154_facePicturesNB-125x125.png
l1_championship_player_2024_8_37043,2024,37043,86132,Maxime,Colin,1991-11-15,France,FRA,right,l1_championship_club_2024_8,2,2,rightWingBack,https://s3.eu-west-1.amazonaws.com/image.mpg/2025-2-145_125x125.png
l1_championship_player_2024_8_104434,2024,104434,587710,Urie-Michel,Mboula,2003-04-30,Gabon,GAB,left,l1_championship_club_2024_8,4,2,centralDefender,https://s3.eu-west-1.amazonaws.com/image.mpg/2025-2-145_125x125.png
l1_championship_player_2023_8_101409,2023,101409,612589,Sadibou,Sane,2004-06-10,Senegal,SEN,right,l1_championship_club_2023_8,38,2,centralDefender,https://s3.eu-west-1.amazonaws.com/image.mpg/2025-empt-145-125x125.png
l1_championship_player_2024_8_101409,2024,101409,612589,Sadibou,Sane,2004-06-10,Senegal,SEN,right,l1_championship_club_2024_8,38,2,centralDefender,https://s3.eu-west-1.amazonaws.com/image.mpg/2025-2-145_125x125.png
l1_championship_player_2021_8_505562,2021,505562,724954,Tahirys,Dos Santos,2006-06-30,Réunion,REU,,l1_championship_club_2021_8,,2,,https://s3.eu-west-1.amazonaws.com/image.mpg/2025-empt-145-125x125.png
l1_championship_player_2014_20_52840,2014,52840,436658,Jessy,Deminguet,1998-01-07,Réunion,REU,,l1_championship_club_2014_20,20,,,https://s3.eu-west-3.amazonaws.com/ligue1.image/players/defaultAssets/1028_facePicturesNB-125x125.png
l1_championship_player_2013_20_52840,2013,52840,436658,Jessy,Deminguet,1998-01-07,Réunion,REU,,l1_championship_club_2013_20,20,,,https://s3.eu-west-3.amazonaws.com/ligue1.image/players/defaultAssets/1028_facePicturesNB-125x125.png
l1_championship_player_2016_20_52840,2016,52840,436658,Jessy,Deminguet,1998-01-07,Réunion,REU,,l1_championship_club_2016_20,20,3,,https://s3.eu-west-3.amazonaws.com/ligue1.image/players/defaultAssets/1028_facePicturesNB-125x125.png
l1_championship_player_2017_20_52840,2017,52840,436658,Jessy,Deminguet,1998-01-07,France,FRA,left,l1_championship_club_2017_20,8,3,centralMidfielder,https://s3.eu-west-1.amazonaws.com/image.mpg/assets/players/cdcac60e-c751-4b5e-afda-63b8a06daf29
l1_championship_player_2018_20_52840,2018,52840,436658,Jessy,Deminguet,1998-01-07,Réunion,REU,,l1_championship_club_2018_20,17,3,,https://s3.eu-west-3.amazonaws.com/ligue1.image/players/defaultAssets/1028_facePicturesNB-125x125.png
l1_championship_player_2019_20_52840,2019,52840,436658,Jessy,Deminguet,1998-01-07,Réunion,REU,,l1_championship_club_2019_20,8,3,,https://s3.eu-west-3.amazonaws.com/ligue1.image/players/defaultAssets/1028_facePicturesNB-125x125.png
l1_championship_player_2015_20_52840,2015,52840,436658,Jessy,Deminguet,1998-01-07,Réunion,REU,,l1_championship_club_2015_20,20,,,https://s3.eu-west-3.amazonaws.com/ligue1.image/players/defaultAssets/1028_facePicturesNB-125x125.png
l1_championship_player_2020_20_52840,2020,52840,436658,Jessy,Deminguet,1998-01-07,Réunion,REU,,l1_championship_club_2020_20,8,3,,https://s3.eu-west-3.amazonaws.com/ligue1.image/players/defaultAssets/1028_facePicturesNB-125x125.png
l1_championship_player_2021_20_52840,2021,52840,436658,Jessy,Deminguet,1998-01-07,France,FRA,left,l1_championship_club_2021_20,8,3,centralMidfielder,https://s3.eu-west-1.amazonaws.com/image.mpg/assets/players/cdcac60e-c751-4b5e-afda-63b8a06daf29
l1_championship_player_2022_20_52840,2022,52840,436658,Jessy,Deminguet,1998-01-07,France,FRA,left,l1_championship_club_2022_20,8,3,centralMidfielder,https://s3.eu-west-1.amazonaws.com/image.mpg/assets/players/cdcac60e-c751-4b5e-afda-63b8a06daf29
l1_championship_player_2023_15_52840,2023,52840,436658,Jessy,Deminguet,1998-01-07,France,FRA,left,l1_championship_club_2023_15,7,3,centralMidfielder,https://s3.eu-west-1.amazonaws.com/image.mpg/2025-empt-153-125x125.png
l1_championship_player_2024_15_52840,2024,52840,436658,Jessy,Deminguet,1998-01-07,France,FRA,left,l1_championship_club_2024_15,7,3,centralMidfielder,https://s3.eu-west-1.amazonaws.com/image.mpg/2025-empt-153-125x125.png
l1_championship_player_2024_8_52840,2024,52840,436658,Jessy,Deminguet,1998-01-07,France,FRA,left,l1_championship_club_2024_8,20,3,centralMidfielder,https://s3.eu-west-1.amazonaws.com/image.mpg/2025-empt-145-125x125.png
l1_championship_player_2010_6_36604,2010,36604,160987,Jean-Philippe,Gbamin,1995-09-25,Réunion,REU,,l1_championship_club_2010_6,,,,https://s3.eu-west-1.amazonaws.com/image.mpg/2025-empt-142-125x125.png
l1_championship_player_2013_6_36604,2013,36604,160987,Jean-Philippe,Gbamin,1995-09-25,Réunion,REU,,,,,,https://s3.eu-west-3.amazonaws.com/ligue1.image/players/defaultAssets/142_facePicturesNB-125x125.png
l1_championship_player_2014_6_36604,2014,36604,160987,Jean-Philippe,Gbamin,1995-09-25,Réunion,REU,,l1_championship_club_2014_6,25,3,,https://s3.eu-west-1.amazonaws.com/image.mpg/2025-empt-142-125x125.png
l1_championship_player_2015_6_36604,2015,36604,160987,Jean-Philippe,Gbamin,1995-09-25,Réunion,REU,,,,,,https://s3.eu-west-3.amazonaws.com/ligue1.image/players/defaultAssets/142_facePicturesNB-125x125.png
l1_championship_player_2016_6_36604,2016,36604,160987,Jean-Philippe,Gbamin,1995-09-25,Réunion,REU,,,,,,https://s3.eu-west-3.amazonaws.com/ligue1.image/players/defaultAssets/142_facePicturesNB-125x125.png
l1_championship_player_2023_48_36604,2023,36604,160987,Jean-Philippe,Gbamin,1995-09-25,Côte d'Ivoire,CIV,right,l1_championship_club_2023_48,25,3,centralMidfielder,https://s3.eu-west-1.amazonaws.com/image.mpg/2025-empt-3288-125x125.png
l1_championship_player_2024_12_36604,2024,36604,160987,Jean-Philippe,Gbamin,1995-09-25,Côte d'Ivoire,CIV,right,l1_championship_club_2024_12,17,3,defensiveMidfielder,https://s3.eu-west-1.amazonaws.com/image.mpg/2025-empt-430-125x125.png
l1_championship_player_2020_6_88814,2020,88814,696920,Ismaël,Guerti,2004-07-30,Réunion,REU,,l1_championship_club_2020_6,,,,https://s3.eu-west-1.amazonaws.com/image.mpg/2025-empt-142-125x125.png
l1_championship_player_2021_6_88814,2021,88814,696920,Ismaël,Guerti,2004-07-30,Réunion,REU,,l1_championship_club_2021_6,,,,https://s3.eu-west-1.amazonaws.com/image.mpg/2025-empt-142-125x125.png
l1_championship_player_2013_8_41517,2013,41517,232182,Gauthier,Hein,1996-08-07,Réunion,REU,,l1_championship_club_2013_8,7,,,https://s3.eu-west-3.amazonaws.com/ligue1.image/players/defaultAssets/145_facePicturesNB-125x125.png
l1_championship_player_2024_48_36604,2024,36604,160987,Jean-Philippe,Gbamin,1995-09-25,Côte d'Ivoire,CIV,right,l1_championship_club_2024_48,25,3,centralMidfielder,https://s3.eu-west-1.amazonaws.com/image.mpg/2025-empt-3288-125x125.png
l1_championship_player_2014_8_41517,2014,41517,232182,Gauthier,Hein,1996-08-07,Réunion,REU,,l1_championship_club_2014_8,,3,,https://s3.eu-west-1.amazonaws.com/image.mpg/2025-empt-145-125x125.png
l1_championship_player_2015_8_41517,2015,41517,232182,Gauthier,Hein,1996-08-07,Réunion,REU,,l1_championship_club_2015_8,7,3,,https://s3.eu-west-3.amazonaws.com/ligue1.image/players/defaultAssets/145_facePicturesNB-125x125.png
l1_championship_player_2016_8_41517,2016,41517,232182,Gauthier,Hein,1996-08-07,Réunion,REU,,l1_championship_club_2016_8,7,3,,https://s3.eu-west-1.amazonaws.com/image.mpg/2025-empt-145-125x125.png
l1_championship_player_2017_8_41517,2017,41517,232182,Gauthier,Hein,1996-08-07,France,FRA,left,l1_championship_club_2017_8,8,3,rightWinger,https://s3.eu-west-1.amazonaws.com/image.mpg/2025-empt-145-125x125.png
l1_championship_player_2018_8_41517,2018,41517,232182,Gauthier,Hein,1996-08-07,Réunion,REU,,l1_championship_club_2018_8,8,3,,https://s3.eu-west-3.amazonaws.com/ligue1.image/players/defaultAssets/145_facePicturesNB-125x125.png
l1_championship_player_2020_2_41517,2020,41517,232182,Gauthier,Hein,1996-08-07,Réunion,REU,,l1_championship_club_2020_2,7,3,,https://s3.eu-west-3.amazonaws.com/ligue1.image/players/defaultAssets/138_facePicturesNB-125x125.png
l1_championship_player_2021_2_41517,2021,41517,232182,Gauthier,Hein,1996-08-07,France,FRA,left,l1_championship_club_2021_2,7,3,rightWinger,https://s3.eu-west-1.amazonaws.com/image.mpg/2025-empt-138-125x125.png
l1_championship_player_2022_2_41517,2022,41517,232182,Gauthier,Hein,1996-08-07,France,FRA,left,l1_championship_club_2022_2,7,3,rightWinger,https://s3.eu-west-1.amazonaws.com/image.mpg/2025-empt-138-125x125.png
l1_championship_player_2023_2_41517,2023,41517,232182,Gauthier,Hein,1996-08-07,France,FRA,left,l1_championship_club_2023_2,7,3,rightWinger,https://s3.eu-west-1.amazonaws.com/image.mpg/2025-empt-138-125x125.png
l1_championship_player_2024_2_41517,2024,41517,232182,Gauthier,Hein,1996-08-07,France,FRA,left,l1_championship_club_2024_2,7,3,rightWinger,https://s3.eu-west-1.amazonaws.com/image.mpg/2025-empt-138-125x125.png
l1_championship_player_2024_8_41517,2024,41517,232182,Gauthier,Hein,1996-08-07,France,FRA,left,l1_championship_club_2024_8,7,3,winger,https://s3.eu-west-1.amazonaws.com/image.mpg/2025-empt-145-125x125.png
l1_championship_player_2022_8_99286,2022,99286,424032,Koffi,Kouao,1998-05-20,Côte d'Ivoire,CIV,right,l1_championship_club_2022_8,39,2,centralDefender,https://s3.eu-west-1.amazonaws.com/image.mpg/2025-empt-145-125x125.png
l1_championship_player_2023_8_99286,2023,99286,424032,Koffi,Kouao,1998-05-20,Côte d'Ivoire,CIV,right,l1_championship_club_2023_8,39,2,rightWingBack,https://s3.eu-west-1.amazonaws.com/image.mpg/2025-empt-145-125x125.png
l1_championship_player_2024_8_99286,2024,99286,424032,Koffi,Kouao,1998-05-20,Côte d'Ivoire,CIV,right,l1_championship_club_2024_8,39,2,centralDefender,https://s3.eu-west-1.amazonaws.com/image.mpg/2025-2-145_125x125.png
l1_championship_player_2013_10_17172,2013,17172,80710,Benjamin,Stambouli,1990-08-13,Réunion,REU,,l1_championship_club_2013_10,22,,,https://s3.eu-west-1.amazonaws.com/image.mpg/2025-empt-147-125x125.png
l1_championship_player_2014_10_17172,2014,17172,80710,Benjamin,Stambouli,1990-08-13,Réunion,REU,,l1_championship_club_2014_10,22,,,https://s3.eu-west-1.amazonaws.com/image.mpg/2025-empt-147-125x125.png
l1_championship_player_2015_13_17172,2015,17172,80710,Benjamin,Stambouli,1990-08-13,Réunion,REU,,l1_championship_club_2015_13,4,3,,https://s3.eu-west-1.amazonaws.com/image.mpg/2025-empt-149-125x125.png
l1_championship_player_2016_13_17172,2016,17172,80710,Benjamin,Stambouli,1990-08-13,Réunion,REU,,l1_championship_club_2016_13,,3,,https://s3.eu-west-1.amazonaws.com/image.mpg/2025-empt-149-125x125.png
l1_championship_player_2024_8_17172,2024,17172,80710,Benjamin,Stambouli,1990-08-13,France,FRA,right,l1_championship_club_2024_8,21,3,centralMidfielder,https://s3.eu-west-1.amazonaws.com/image.mpg/2025-2-145_125x125.png
l1_championship_player_2023_8_103210,2023,103210,641216,Alpha,Toure,2006-01-25,Senegal,SEN,,l1_championship_club_2023_8,,3,,https://s3.eu-west-1.amazonaws.com/image.mpg/2025-empt-145-125x125.png
l1_championship_player_2024_8_103210,2024,103210,641216,Alpha,Toure,2006-01-25,Senegal,SEN,left,l1_championship_club_2024_8,12,3,centralMidfielder,https://s3.eu-west-1.amazonaws.com/image.mpg/2025-2-145_125x125.png
l1_championship_player_2019_8_87118,2019,87118,476502,Boubacar,Traore,2001-08-20,Mali,MLI,,l1_championship_club_2019_8,8,3,,https://s3.eu-west-1.amazonaws.com/image.mpg/2025-empt-145-125x125.png
l1_championship_player_2020_8_87118,2020,87118,476502,Boubacar,Traore,2001-08-20,Mali,MLI,,l1_championship_club_2020_8,8,3,,https://s3.eu-west-1.amazonaws.com/image.mpg/2025-empt-145-125x125.png
l1_championship_player_2021_8_87118,2021,87118,476502,Boubacar,Traore,2001-08-20,Mali,MLI,right,l1_championship_club_2021_8,8,3,centralMidfielder,https://s3.eu-west-1.amazonaws.com/image.mpg/2025-empt-145-125x125.png
l1_championship_player_2022_8_87118,2022,87118,476502,Boubacar,Traore,2001-08-20,Mali,MLI,,l1_championship_club_2022_8,8,3,centralMidfielder,https://s3.eu-west-1.amazonaws.com/image.mpg/2025-empt-145-125x125.png
l1_championship_player_2013_8_56360,2013,56360,214254,Habib,Diallo,1995-06-18,Réunion,REU,,,,,,https://s3.eu-west-3.amazonaws.com/ligue1.image/players/defaultAssets/145_facePicturesNB-125x125.png
l1_championship_player_2014_8_56360,2014,56360,214254,Habib,Diallo,1995-06-18,Réunion,REU,,l1_championship_club_2014_8,33,4,,https://s3.eu-west-1.amazonaws.com/image.mpg/2025-empt-145-125x125.png
l1_championship_player_2015_8_56360,2015,56360,214254,Habib,Diallo,1995-06-18,Réunion,REU,,,,,,https://s3.eu-west-3.amazonaws.com/ligue1.image/players/defaultAssets/145_facePicturesNB-125x125.png
l1_championship_player_2016_8_56360,2016,56360,214254,Habib,Diallo,1995-06-18,Réunion,REU,,l1_championship_club_2016_8,17,,,https://s3.eu-west-1.amazonaws.com/image.mpg/2025-empt-145-125x125.png
l1_championship_player_2016_44_56360,2016,56360,214254,Habib,Diallo,1995-06-18,Réunion,REU,,l1_championship_club_2016_44,,,,https://s3.eu-west-1.amazonaws.com/image.mpg/2025-empt-862-125x125.png
l1_championship_player_2017_8_56360,2017,56360,214254,Habib,Diallo,1995-06-18,Senegal,SEN,right,l1_championship_club_2017_8,20,4,striker,https://s3.eu-west-1.amazonaws.com/image.mpg/2025-empt-145-125x125.png
l1_championship_player_2018_8_56360,2018,56360,214254,Habib,Diallo,1995-06-18,Réunion,REU,,,,,,https://s3.eu-west-3.amazonaws.com/ligue1.image/players/defaultAssets/145_facePicturesNB-125x125.png
l1_championship_player_2017_44_56360,2017,56360,214254,Habib,Diallo,1995-06-18,Réunion,REU,,l1_championship_club_2017_44,,,,https://s3.eu-west-1.amazonaws.com/image.mpg/2025-empt-862-125x125.png
l1_championship_player_2019_8_56360,2019,56360,214254,Habib,Diallo,1995-06-18,Réunion,REU,,l1_championship_club_2019_8,20,4,,https://s3.eu-west-1.amazonaws.com/image.mpg/2025-empt-145-125x125.png
l1_championship_player_2020_8_56360,2020,56360,214254,Habib,Diallo,1995-06-18,Réunion,REU,,l1_championship_club_2020_8,,,,https://s3.eu-west-1.amazonaws.com/image.mpg/2025-empt-145-125x125.png
l1_championship_player_2020_15_56360,2020,56360,214254,Habib,Diallo,1995-06-18,Réunion,REU,,l1_championship_club_2020_15,28,4,,https://s3.eu-west-1.amazonaws.com/image.mpg/2025-empt-153-125x125.png
l1_championship_player_2021_15_56360,2021,56360,214254,Habib,Diallo,1995-06-18,Senegal,SEN,right,l1_championship_club_2021_15,20,4,striker,https://s3.eu-west-1.amazonaws.com/image.mpg/2025-empt-153-125x125.png
l1_championship_player_2022_15_56360,2022,56360,214254,Habib,Diallo,1995-06-18,Senegal,SEN,right,l1_championship_club_2022_15,20,4,striker,https://s3.eu-west-1.amazonaws.com/image.mpg/2025-empt-153-125x125.png
l1_championship_player_2023_15_56360,2023,56360,214254,Habib,Diallo,1995-06-18,Réunion,REU,,l1_championship_club_2023_15,,4,,https://s3.eu-west-1.amazonaws.com/image.mpg/2025-empt-153-125x125.png
l1_championship_player_2024_15_56360,2024,56360,214254,Habib,Diallo,1995-06-18,Réunion,REU,,l1_championship_club_2024_15,,4,,https://s3.eu-west-1.amazonaws.com/image.mpg/2025-empt-153-125x125.png
l1_championship_player_2023_9_84398,2023,84398,607473,Lucas,Michal,2005-06-22,France,FRA,right,l1_championship_club_2023_9,47,4,leftWinger,https://s3.eu-west-1.amazonaws.com/image.mpg/2025-empt-146-125x125.png
l1_championship_player_2021_9_84398,2021,84398,607473,Lucas,Michal,2005-06-22,Réunion,REU,,l1_championship_club_2021_9,,,,https://s3.eu-west-1.amazonaws.com/image.mpg/2025-empt-146-125x125.png
l1_championship_player_2024_9_84398,2024,84398,607473,Lucas,Michal,2005-06-22,France,FRA,right,l1_championship_club_2024_9,41,4,leftWinger,https://s3.eu-west-1.amazonaws.com/image.mpg/2025-empt-146-125x125.png
l1_championship_player_2020_9_84398,2020,84398,607473,Lucas,Michal,2005-06-22,Réunion,REU,,l1_championship_club_2020_9,,,,https://s3.eu-west-1.amazonaws.com/image.mpg/2025-empt-146-125x125.png
l1_championship_player_2025_9_84398,2025,84398,607473,Lucas,Michal,2005-06-22,France,FRA,right,l1_championship_club_2025_9,21,4,leftWinger,https://s3.eu-west-3.amazonaws.com/ligue1.image/players/2025/all/player_official_2025_146_607473-125x125.png
l1_championship_player_2023_9_101297,2023,101297,428266,Philipp,Köhn,1998-04-02,Switzerland,CHE,right,l1_championship_club_2023_9,16,1,goalkeeper,https://s3.eu-west-1.amazonaws.com/image.mpg/2025-empt-146-125x125.png
l1_championship_player_2024_9_101297,2024,101297,428266,Philipp,Köhn,1998-04-02,Switzerland,CHE,right,l1_championship_club_2024_9,16,1,goalkeeper,https://s3.eu-west-1.amazonaws.com/image.mpg/2025-empt-146-125x125.png
l1_championship_player_2019_9_86613,2019,86613,549321,Yann,Lienard,2003-03-16,Réunion,REU,,l1_championship_club_2019_9,,,,https://s3.eu-west-1.amazonaws.com/image.mpg/2025-empt-146-125x125.png
l1_championship_player_2020_9_86613,2020,86613,549321,Yann,Lienard,2003-03-16,Réunion,REU,,l1_championship_club_2020_9,50,,,https://s3.eu-west-1.amazonaws.com/image.mpg/2025-empt-146-125x125.png
l1_championship_player_2021_9_86613,2021,86613,549321,Yann,Lienard,2003-03-16,France,FRA,right,l1_championship_club_2021_9,50,1,goalkeeper,https://s3.eu-west-1.amazonaws.com/image.mpg/2025-empt-146-125x125.png
l1_championship_player_2022_9_86613,2022,86613,549321,Yann,Lienard,2003-03-16,France,FRA,right,l1_championship_club_2022_9,50,1,goalkeeper,https://s3.eu-west-1.amazonaws.com/image.mpg/2025-empt-146-125x125.png
l1_championship_player_2023_9_86613,2023,86613,549321,Yann,Lienard,2003-03-16,France,FRA,right,l1_championship_club_2023_9,50,1,goalkeeper,https://s3.eu-west-1.amazonaws.com/image.mpg/2025-empt-146-125x125.png
l1_championship_player_2024_9_86613,2024,86613,549321,Yann,Lienard,2003-03-16,France,FRA,right,l1_championship_club_2024_9,50,1,goalkeeper,https://s3.eu-west-1.amazonaws.com/image.mpg/2025-empt-146-125x125.png
l1_championship_player_2023_9_90029,2023,90029,652156,Jules,Stawiecki,2007-04-10,France,FRA,left,l1_championship_club_2023_9,70,1,goalkeeper,https://s3.eu-west-1.amazonaws.com/image.mpg/2025-empt-146-125x125.png
l1_championship_player_2024_9_90029,2024,90029,652156,Jules,Stawiecki,2007-04-10,France,FRA,left,l1_championship_club_2024_9,40,1,goalkeeper,https://s3.eu-west-1.amazonaws.com/image.mpg/2025-empt-146-125x125.png
l1_championship_player_2020_41_90543,2020,90543,218218,Wout,Faes,1998-04-03,Belgium,BEL,,l1_championship_club_2020_41,2,2,,https://s3.eu-west-1.amazonaws.com/image.mpg/2025-empt-1423-125x125.png
l1_championship_player_2021_41_90543,2021,90543,218218,Wout,Faes,1998-04-03,Belgium,BEL,right,l1_championship_club_2021_41,2,2,centralDefender,https://s3.eu-west-1.amazonaws.com/image.mpg/2025-empt-1423-125x125.png
l1_championship_player_2022_41_90543,2022,90543,218218,Wout,Faes,1998-04-03,Belgium,BEL,,l1_championship_club_2022_41,,2,,https://s3.eu-west-1.amazonaws.com/image.mpg/2025-empt-1423-125x125.png
l1_championship_player_2020_9_91927,2020,91927,230971,Caio,Henrique ,1997-07-31,Spain,ESP,,l1_championship_club_2020_9,12,2,,https://s3.eu-west-1.amazonaws.com/image.mpg/2025-empt-146-125x125.png
l1_championship_player_2021_9_91927,2021,91927,230971,Caio,Henrique ,1997-07-31,Brazil,BRA,left,l1_championship_club_2021_9,12,2,leftWingBack,https://s3.eu-west-1.amazonaws.com/image.mpg/2025-empt-146-125x125.png
l1_championship_player_2022_9_91927,2022,91927,230971,Caio,Henrique ,1997-07-31,Brazil,BRA,left,l1_championship_club_2022_9,12,2,leftWingBack,https://s3.eu-west-1.amazonaws.com/image.mpg/2025-empt-146-125x125.png
l1_championship_player_2023_9_91927,2023,91927,230971,Caio,Henrique ,1997-07-31,Brazil,BRA,left,l1_championship_club_2023_9,12,2,leftWingBack,https://s3.eu-west-1.amazonaws.com/image.mpg/2025-empt-146-125x125.png
l1_championship_player_2024_9_91927,2024,91927,230971,Caio,Henrique ,1997-07-31,Brazil,BRA,left,l1_championship_club_2024_9,12,2,leftWingBack,https://s3.eu-west-1.amazonaws.com/image.mpg/2025-empt-146-125x125.png
l1_championship_player_2018_13_85836,2018,85836,201057,Thilo,Kehrer,1996-09-21,,,,l1_championship_club_2018_13,4,2,,https://s3.eu-west-1.amazonaws.com/image.mpg/2025-empt-149-125x125.png
l1_championship_player_2019_13_85836,2019,85836,201057,Thilo,Kehrer,1996-09-21,,,,l1_championship_club_2019_13,4,2,,https://s3.eu-west-1.amazonaws.com/image.mpg/2025-empt-149-125x125.png
l1_championship_player_2020_13_85836,2020,85836,201057,Thilo,Kehrer,1996-09-21,,,,l1_championship_club_2020_13,4,2,,https://s3.eu-west-1.amazonaws.com/image.mpg/2025-empt-149-125x125.png
l1_championship_player_2021_13_85836,2021,85836,201057,Thilo,Kehrer,1996-09-21,Germany,DEU,right,l1_championship_club_2021_13,24,2,centralDefender,https://s3.eu-west-1.amazonaws.com/image.mpg/2025-empt-149-125x125.png
l1_championship_player_2022_13_85836,2022,85836,201057,Thilo,Kehrer,1996-09-21,,,,l1_championship_club_2022_13,,2,,https://s3.eu-west-1.amazonaws.com/image.mpg/2025-empt-149-125x125.png
l1_championship_player_2023_9_85836,2023,85836,201057,Thilo,Kehrer,1996-09-21,Germany,DEU,right,l1_championship_club_2023_9,5,2,centralDefender,https://s3.eu-west-1.amazonaws.com/image.mpg/2025-empt-146-125x125.png
l1_championship_player_2024_9_85836,2024,85836,201057,Thilo,Kehrer,1996-09-21,Germany,DEU,right,l1_championship_club_2024_9,5,2,centralDefender,https://s3.eu-west-1.amazonaws.com/image.mpg/2025-empt-146-125x125.png
l1_championship_player_2021_15_92548,2021,92548,643297,Bradel,Kiwa,2006-02-05,Réunion,REU,,l1_championship_club_2021_15,,,,https://s3.eu-west-1.amazonaws.com/image.mpg/2025-empt-153-125x125.png
l1_championship_player_2024_9_92548,2024,92548,643297,Bradel,Kiwa,2006-02-05,France,FRA,left,l1_championship_club_2024_9,46,2,centralDefender,https://s3.eu-west-1.amazonaws.com/image.mpg/2025-empt-146-125x125.png
l1_championship_player_2021_16_87320,2021,87320,578500,Christian,Mawissa Elebi,2005-04-18,,,,l1_championship_club_2021_16,13,2,,https://s3.eu-west-1.amazonaws.com/image.mpg/2025-empt-427-125x125.png
l1_championship_player_2022_16_87320,2022,87320,578500,Christian,Mawissa,2005-04-18,France,FRA,left,l1_championship_club_2022_16,13,2,centralDefender,https://s3.eu-west-1.amazonaws.com/image.mpg/2025-empt-427-125x125.png
l1_championship_player_2023_16_87320,2023,87320,578500,Christian,Mawissa,2005-04-18,France,FRA,left,l1_championship_club_2023_16,13,2,centralDefender,https://s3.eu-west-1.amazonaws.com/image.mpg/2025-empt-427-125x125.png
l1_championship_player_2024_9_87320,2024,87320,578500,Christian,Mawissa,2005-04-18,France,FRA,left,l1_championship_club_2024_9,13,2,centralDefender,https://s3.eu-west-1.amazonaws.com/image.mpg/2025-empt-146-125x125.png
l1_championship_player_2024_16_87320,2024,87320,578500,Christian,Mawissa,2005-04-18,France,FRA,left,l1_championship_club_2024_16,13,2,centralDefender,https://s3.eu-west-1.amazonaws.com/image.mpg/2025-empt-427-125x125.png
l1_championship_player_2023_9_101650,2023,101650,617480,Samuel,Nibombe,2007-08-15,Belgium,BEL,,l1_championship_club_2023_9,,2,,https://s3.eu-west-1.amazonaws.com/image.mpg/2025-empt-146-125x125.png
l1_championship_player_2024_9_101650,2024,101650,617480,Samuel,Nibombe,2007-08-15,Belgium,BEL,right,l1_championship_club_2024_9,44,2,defensiveMidfielder,https://s3.eu-west-1.amazonaws.com/image.mpg/2025-empt-146-125x125.png
l1_championship_player_2023_9_90829,2023,90829,585496,Kassoum,Ouattara,2004-10-14,France,FRA,left,l1_championship_club_2023_9,20,2,leftWingBack,https://s3.eu-west-1.amazonaws.com/image.mpg/2025-empt-146-125x125.png
l1_championship_player_2024_9_90829,2024,90829,585496,Kassoum,Ouattara,2004-10-14,France,FRA,left,l1_championship_club_2024_9,20,2,leftWingBack,https://s3.eu-west-1.amazonaws.com/image.mpg/2025-empt-146-125x125.png
l1_championship_player_2023_9_101564,2023,101564,450527,Mohammed,Salisu,1999-04-17,Ghana,GHA,left,l1_championship_club_2023_9,22,2,centralDefender,https://s3.eu-west-1.amazonaws.com/image.mpg/2025-empt-146-125x125.png
l1_championship_player_2024_9_101564,2024,101564,450527,Mohammed,Salisu,1999-04-17,Ghana,GHA,left,l1_championship_club_2024_9,22,2,centralDefender,https://s3.eu-west-1.amazonaws.com/image.mpg/2025-empt-146-125x125.png
l1_championship_player_2024_9_103943,2024,103943,222695,Jordan,Teze,1999-09-30,Netherlands,NLD,right,l1_championship_club_2024_9,4,2,rightWingBack,https://s3.eu-west-1.amazonaws.com/image.mpg/2025-empt-146-125x125.png
l1_championship_player_2021_9_88939,2021,88939,633698,Ilane,Toure,2006-08-04,Réunion,REU,,l1_championship_club_2021_9,,,,https://s3.eu-west-1.amazonaws.com/image.mpg/2025-empt-146-125x125.png
l1_championship_player_2021_9_95629,2021,95629,520403,Vanderson,De Oliveira Campos,2001-06-21,Brazil,BRA,right,l1_championship_club_2021_9,2,2,rightWingBack,https://s3.eu-west-1.amazonaws.com/image.mpg/2025-empt-146-125x125.png
l1_championship_player_2022_9_95629,2022,95629,520403,Vanderson,De Oliveira Campos,2001-06-21,Brazil,BRA,right,l1_championship_club_2022_9,2,2,rightWingBack,https://s3.eu-west-1.amazonaws.com/image.mpg/2025-empt-146-125x125.png
l1_championship_player_2023_9_95629,2023,95629,520403,Vanderson,De Oliveira Campos,2001-06-21,Brazil,BRA,right,l1_championship_club_2023_9,2,2,rightWingBack,https://s3.eu-west-1.amazonaws.com/image.mpg/2025-empt-146-125x125.png
l1_championship_player_2024_9_95629,2024,95629,520403,Vanderson,De Oliveira Campos,2001-06-21,Brazil,BRA,right,l1_championship_club_2024_9,2,2,rightWingBack,https://s3.eu-west-1.amazonaws.com/image.mpg/2025-empt-146-125x125.png
l1_championship_player_2019_9_69307,2019,69307,555894,Maghnes,Akliouche,2002-02-25,Réunion,REU,,l1_championship_club_2019_9,,,,https://s3.eu-west-1.amazonaws.com/image.mpg/2025-empt-146-125x125.png
l1_championship_player_2018_9_69307,2018,69307,555894,Maghnes,Akliouche,2002-02-25,Réunion,REU,,l1_championship_club_2018_9,,,,https://s3.eu-west-1.amazonaws.com/image.mpg/2025-empt-146-125x125.png
l1_championship_player_2021_9_69307,2021,69307,555894,Maghnes,Akliouche,2002-02-25,France,FRA,left,l1_championship_club_2021_9,11,3,attackingMidfielder,https://s3.eu-west-1.amazonaws.com/image.mpg/2025-empt-146-125x125.png
l1_championship_player_2017_9_69307,2017,69307,555894,Maghnes,Akliouche,2002-02-25,Réunion,REU,,l1_championship_club_2017_9,,,,https://s3.eu-west-1.amazonaws.com/image.mpg/2025-empt-146-125x125.png
l1_championship_player_2020_9_69307,2020,69307,555894,Maghnes,Akliouche,2002-02-25,Réunion,REU,,l1_championship_club_2020_9,,3,,https://s3.eu-west-1.amazonaws.com/image.mpg/2025-empt-146-125x125.png
l1_championship_player_2022_9_69307,2022,69307,555894,Maghnes,Akliouche,2002-02-25,France,FRA,left,l1_championship_club_2022_9,21,3,attackingMidfielder,https://s3.eu-west-1.amazonaws.com/image.mpg/2025-empt-146-125x125.png
l1_championship_player_2023_9_69307,2023,69307,555894,Maghnes,Akliouche,2002-02-25,France,FRA,left,l1_championship_club_2023_9,21,3,attackingMidfielder,https://s3.eu-west-1.amazonaws.com/image.mpg/2025-empt-146-125x125.png
l1_championship_player_2024_9_69307,2024,69307,555894,Maghnes,Akliouche,2002-02-25,France,FRA,left,l1_championship_club_2024_9,11,3,attackingMidfielder,https://s3.eu-west-1.amazonaws.com/image.mpg/2025-empt-146-125x125.png
l1_championship_player_2021_9_88835,2021,88835,632794,Aladji,Bamba,2006-07-14,Réunion,REU,,l1_championship_club_2021_9,,,,https://s3.eu-west-1.amazonaws.com/image.mpg/2025-empt-146-125x125.png
l1_championship_player_2023_9_88835,2023,88835,632794,Aladji,Bamba,2006-07-14,Réunion,REU,,l1_championship_club_2023_9,,3,,https://s3.eu-west-1.amazonaws.com/image.mpg/2025-empt-146-125x125.png
l1_championship_player_2024_9_88835,2024,88835,632794,Aladji,Bamba,2006-07-14,France,FRA,right,l1_championship_club_2024_9,45,3,defensiveMidfielder,https://s3.eu-west-1.amazonaws.com/image.mpg/2025-empt-146-125x125.png
l1_championship_player_2022_8_100765,2022,100765,585597,Lamine,Camara,2004-01-01,Senegal,SEN,,l1_championship_club_2022_8,18,3,centralMidfielder,https://s3.eu-west-1.amazonaws.com/image.mpg/2025-empt-145-125x125.png
l1_championship_player_2023_8_100765,2023,100765,585597,Lamine,Camara,2004-01-01,Senegal,SEN,right,l1_championship_club_2023_8,18,3,centralMidfielder,https://s3.eu-west-1.amazonaws.com/image.mpg/2025-empt-145-125x125.png
l1_championship_player_2024_9_100765,2024,100765,585597,Lamine,Camara,2004-01-01,Senegal,SEN,right,l1_championship_club_2024_9,15,3,centralMidfielder,https://s3.eu-west-1.amazonaws.com/image.mpg/2025-empt-146-125x125.png
l1_championship_player_2024_8_100765,2024,100765,585597,Lamine,Camara,2004-01-01,Senegal,SEN,right,l1_championship_club_2024_8,15,3,centralMidfielder,https://s3.eu-west-1.amazonaws.com/image.mpg/2025-empt-145-125x125.png
l1_championship_player_2019_9_81928,2019,81928,604124,Mamadou,Coulibaly,2004-04-21,Réunion,REU,,l1_championship_club_2019_9,,,,https://s3.eu-west-1.amazonaws.com/image.mpg/2025-empt-146-125x125.png
l1_championship_player_2020_9_81928,2020,81928,604124,Mamadou,Coulibaly,2004-04-21,Réunion,REU,,l1_championship_club_2020_9,,,,https://s3.eu-west-1.amazonaws.com/image.mpg/2025-empt-146-125x125.png
l1_championship_player_2021_9_81928,2021,81928,604124,Mamadou,Coulibaly,2004-04-21,Réunion,REU,,l1_championship_club_2021_9,,,,https://s3.eu-west-1.amazonaws.com/image.mpg/2025-empt-146-125x125.png
l1_championship_player_2022_9_81928,2022,81928,604124,Mamadou,Coulibaly,2004-04-21,France,FRA,left,l1_championship_club_2022_9,42,3,centralMidfielder,https://s3.eu-west-1.amazonaws.com/image.mpg/2025-empt-146-125x125.png
l1_championship_player_2023_9_81928,2023,81928,604124,Mamadou,Coulibaly,2004-04-21,France,FRA,left,l1_championship_club_2023_9,42,3,centralMidfielder,https://s3.eu-west-1.amazonaws.com/image.mpg/2025-empt-146-125x125.png
l1_championship_player_2024_9_81928,2024,81928,604124,Mamadou,Coulibaly,2004-04-21,France,FRA,left,l1_championship_club_2024_9,28,2,centralMidfielder,https://s3.eu-west-1.amazonaws.com/image.mpg/2025-empt-146-125x125.png
l1_championship_player_2020_9_92856,2020,92856,249956,Krépin,Diatta,1999-02-25,Senegal,SEN,,l1_championship_club_2020_9,27,3,,https://s3.eu-west-1.amazonaws.com/image.mpg/2025-empt-146-125x125.png
l1_championship_player_2021_9_92856,2021,92856,249956,Krépin,Diatta,1999-02-25,Senegal,SEN,right,l1_championship_club_2021_9,27,4,rightWinger,https://s3.eu-west-1.amazonaws.com/image.mpg/2025-empt-146-125x125.png
l1_championship_player_2022_9_92856,2022,92856,249956,Krépin,Diatta,1999-02-25,Senegal,SEN,right,l1_championship_club_2022_9,27,4,rightWinger,https://s3.eu-west-1.amazonaws.com/image.mpg/2025-empt-146-125x125.png
l1_championship_player_2023_9_92856,2023,92856,249956,Krépin,Diatta,1999-02-25,Senegal,SEN,right,l1_championship_club_2023_9,27,4,rightWinger,https://s3.eu-west-1.amazonaws.com/image.mpg/2025-empt-146-125x125.png
l1_championship_player_2024_9_92856,2024,92856,249956,Krépin,Diatta,1999-02-25,Senegal,SEN,right,l1_championship_club_2024_9,27,4,rightWinger,https://s3.eu-west-1.amazonaws.com/image.mpg/2025-empt-146-125x125.png
l1_championship_player_2018_9_85395,2018,85395,161950,Aleksandr,Golovin,1996-05-30,Russia,RUS,,l1_championship_club_2018_9,17,3,,https://s3.eu-west-1.amazonaws.com/image.mpg/2025-empt-146-125x125.png
l1_championship_player_2019_9_85395,2019,85395,161950,Aleksandr,Golovin,1996-05-30,Russia,RUS,,l1_championship_club_2019_9,17,3,,https://s3.eu-west-1.amazonaws.com/image.mpg/2025-empt-146-125x125.png
l1_championship_player_2020_9_85395,2020,85395,161950,Aleksandr,Golovin,1996-05-30,Russia,RUS,,l1_championship_club_2020_9,17,3,,https://s3.eu-west-1.amazonaws.com/image.mpg/2025-empt-146-125x125.png
l1_championship_player_2021_9_85395,2021,85395,161950,Aleksandr,Golovin,1996-05-30,Russia,RUS,right,l1_championship_club_2021_9,17,3,centralMidfielder,https://s3.eu-west-1.amazonaws.com/image.mpg/2025-empt-146-125x125.png
l1_championship_player_2022_9_85395,2022,85395,161950,Aleksandr,Golovin,1996-05-30,Russia,RUS,right,l1_championship_club_2022_9,17,3,centralMidfielder,https://s3.eu-west-1.amazonaws.com/image.mpg/2025-empt-146-125x125.png
l1_championship_player_2023_9_85395,2023,85395,161950,Aleksandr,Golovin,1996-05-30,Russia,RUS,right,l1_championship_club_2023_9,17,3,centralMidfielder,https://s3.eu-west-1.amazonaws.com/image.mpg/2025-empt-146-125x125.png
l1_championship_player_2024_9_85395,2024,85395,161950,Aleksandr,Golovin,1996-05-30,Russia,RUS,right,l1_championship_club_2024_9,10,3,centralMidfielder,https://s3.eu-west-1.amazonaws.com/image.mpg/2025-empt-146-125x125.png
l1_championship_player_2023_9_101596,2023,101596,212701,Denis,Zakaria,1996-11-20,Switzerland,CHE,right,l1_championship_club_2023_9,6,3,defensiveMidfielder,https://s3.eu-west-1.amazonaws.com/image.mpg/2025-empt-146-125x125.png
l1_championship_player_2024_9_101596,2024,101596,212701,Denis,Zakaria,1996-11-20,Switzerland,CHE,right,l1_championship_club_2024_9,6,3,defensiveMidfielder,https://s3.eu-west-1.amazonaws.com/image.mpg/2025-empt-146-125x125.png
l1_championship_player_2022_41_99215,2022,99215,232223,Folarin,Balogun,2001-07-03,USA,USA,right,l1_championship_club_2022_41,29,4,striker,https://s3.eu-west-1.amazonaws.com/image.mpg/2025-empt-1423-125x125.png
l1_championship_player_2023_9_99215,2023,99215,232223,Folarin,Balogun,2001-07-03,USA,USA,right,l1_championship_club_2023_9,29,4,striker,https://s3.eu-west-1.amazonaws.com/image.mpg/2025-empt-146-125x125.png
l1_championship_player_2024_9_99215,2024,99215,232223,Folarin,Balogun,2001-07-03,USA,USA,right,l1_championship_club_2024_9,9,4,striker,https://s3.eu-west-1.amazonaws.com/image.mpg/2025-empt-146-125x125.png
l1_championship_player_2024_9_104370,2024,104370,444880,Mika,Biereth,2003-02-08,Denmark,DNK,right,l1_championship_club_2024_9,14,4,striker,https://s3.eu-west-1.amazonaws.com/image.mpg/2025-empt-146-125x125.png
l1_championship_player_2024_9_103894,2024,103894,569020,Paris,Brunner,2006-02-15,Germany,DEU,right,l1_championship_club_2024_9,29,4,striker,https://s3.eu-west-1.amazonaws.com/image.mpg/2025-empt-146-125x125.png
l1_championship_player_2022_9_98502,2022,98502,157882,Takumi,Minamino,1995-01-16,Japan,JPN,right,l1_championship_club_2022_9,18,4,attackingMidfielder,https://s3.eu-west-1.amazonaws.com/image.mpg/2025-empt-146-125x125.png
l1_championship_player_2023_9_98502,2023,98502,157882,Takumi,Minamino,1995-01-16,Japan,JPN,right,l1_championship_club_2023_9,18,4,attackingMidfielder,https://s3.eu-west-1.amazonaws.com/image.mpg/2025-empt-146-125x125.png
l1_championship_player_2024_9_98502,2024,98502,157882,Takumi,Minamino,1995-01-16,Japan,JPN,right,l1_championship_club_2024_9,18,4,attackingMidfielder,https://s3.eu-west-1.amazonaws.com/image.mpg/2025-empt-146-125x125.png
l1_championship_player_2024_12_104089,2024,104089,167040,Patrik,Carlgren,1992-01-08,Sweden,SWE,right,l1_championship_club_2024_12,30,1,goalkeeper,https://s3.eu-west-1.amazonaws.com/image.mpg/2025-empt-430-125x125.png
l1_championship_player_2007_159_18357,2007,18357,59957,Anthony,Lopes,1990-10-01,Réunion,REU,,l1_championship_club_2007_159,,,,https://s3.eu-west-1.amazonaws.com/image.mpg/2025-empt-143-125x125.png
l1_championship_player_2008_159_18357,2008,18357,59957,Anthony,Lopes,1990-10-01,Réunion,REU,,l1_championship_club_2008_159,,,,https://s3.eu-west-1.amazonaws.com/image.mpg/2025-empt-143-125x125.png
l1_championship_player_2009_159_18357,2009,18357,59957,Anthony,Lopes,1990-10-01,Réunion,REU,,l1_championship_club_2009_159,,,,https://s3.eu-west-1.amazonaws.com/image.mpg/2025-empt-143-125x125.png
l1_championship_player_2010_159_18357,2010,18357,59957,Anthony,Lopes,1990-10-01,Réunion,REU,,l1_championship_club_2010_159,40,1,,https://s3.eu-west-1.amazonaws.com/image.mpg/2025-empt-143-125x125.png
l1_championship_player_2011_159_18357,2011,18357,59957,Anthony,Lopes,1990-10-01,Réunion,REU,,l1_championship_club_2011_159,40,,,https://s3.eu-west-1.amazonaws.com/image.mpg/2025-empt-143-125x125.png
l1_championship_player_2012_159_18357,2012,18357,59957,Anthony,Lopes,1990-10-01,Réunion,REU,,l1_championship_club_2012_159,16,,,https://s3.eu-west-1.amazonaws.com/image.mpg/2025-empt-143-125x125.png
l1_championship_player_2013_159_18357,2013,18357,59957,Anthony,Lopes,1990-10-01,Réunion,REU,,l1_championship_club_2013_159,16,,,https://s3.eu-west-1.amazonaws.com/image.mpg/2025-empt-143-125x125.png
l1_championship_player_2014_159_18357,2014,18357,59957,Anthony,Lopes,1990-10-01,Réunion,REU,,l1_championship_club_2014_159,1,,,https://s3.eu-west-1.amazonaws.com/image.mpg/2025-empt-143-125x125.png
l1_championship_player_2015_159_18357,2015,18357,59957,Anthony,Lopes,1990-10-01,Réunion,REU,,l1_championship_club_2015_159,1,,,https://s3.eu-west-1.amazonaws.com/image.mpg/2025-empt-143-125x125.png
l1_championship_player_2016_159_18357,2016,18357,59957,Anthony,Lopes,1990-10-01,Réunion,REU,,l1_championship_club_2016_159,1,,,https://s3.eu-west-1.amazonaws.com/image.mpg/2025-empt-143-125x125.png
l1_championship_player_2017_159_18357,2017,18357,59957,Anthony,Lopes,1990-10-01,Portugal,PRT,left,l1_championship_club_2017_159,1,1,goalkeeper,https://s3.eu-west-1.amazonaws.com/image.mpg/2025-empt-143-125x125.png
l1_championship_player_2018_159_18357,2018,18357,59957,Anthony,Lopes,1990-10-01,Réunion,REU,,l1_championship_club_2018_159,1,,,https://s3.eu-west-1.amazonaws.com/image.mpg/2025-empt-143-125x125.png
l1_championship_player_2019_159_18357,2019,18357,59957,Anthony,Lopes,1990-10-01,Réunion,REU,,l1_championship_club_2019_159,1,1,,https://s3.eu-west-1.amazonaws.com/image.mpg/2025-empt-143-125x125.png
l1_championship_player_2020_159_18357,2020,18357,59957,Anthony,Lopes,1990-10-01,Réunion,REU,,l1_championship_club_2020_159,1,1,,https://s3.eu-west-1.amazonaws.com/image.mpg/2025-empt-143-125x125.png
l1_championship_player_2021_159_18357,2021,18357,59957,Anthony,Lopes,1990-10-01,Portugal,PRT,left,l1_championship_club_2021_159,1,1,goalkeeper,https://s3.eu-west-1.amazonaws.com/image.mpg/2025-empt-143-125x125.png
l1_championship_player_2022_159_18357,2022,18357,59957,Anthony,Lopes,1990-10-01,Portugal,PRT,left,l1_championship_club_2022_159,1,1,goalkeeper,https://s3.eu-west-1.amazonaws.com/image.mpg/2025-empt-143-125x125.png
l1_championship_player_2023_159_18357,2023,18357,59957,Anthony,Lopes,1990-10-01,Portugal,PRT,left,l1_championship_club_2023_159,1,1,goalkeeper,https://s3.eu-west-1.amazonaws.com/image.mpg/2025-empt-143-125x125.png
l1_championship_player_2024_12_18357,2024,18357,59957,Anthony,Lopes,1990-10-01,Portugal,PRT,left,l1_championship_club_2024_12,16,1,goalkeeper,https://s3.eu-west-1.amazonaws.com/image.mpg/2025-empt-430-125x125.png
l1_championship_player_2024_159_18357,2024,18357,59957,Anthony,Lopes,1990-10-01,Portugal,PRT,left,l1_championship_club_2024_159,1,1,goalkeeper,https://s3.eu-west-1.amazonaws.com/image.mpg/2025-empt-143-125x125.png
l1_championship_player_2020_8_90785,2020,90785,592694,Alexis,Mirbach,2005-03-04,Réunion,REU,,l1_championship_club_2020_8,,,,https://s3.eu-west-1.amazonaws.com/image.mpg/2025-empt-145-125x125.png
l1_championship_player_2021_8_90785,2021,90785,592694,Alexis,Mirbach,2005-03-04,Réunion,REU,,l1_championship_club_2021_8,,1,,https://s3.eu-west-1.amazonaws.com/image.mpg/2025-empt-145-125x125.png
l1_championship_player_2019_12_81781,2019,81781,611078,Mathieu,Acapandie,2004-12-14,Réunion,REU,,l1_championship_club_2019_12,,,,https://s3.eu-west-1.amazonaws.com/image.mpg/2025-empt-430-125x125.png
l1_championship_player_2020_12_81781,2020,81781,611078,Mathieu,Acapandie,2004-12-14,Réunion,REU,,l1_championship_club_2020_12,,,,https://s3.eu-west-1.amazonaws.com/image.mpg/2025-empt-430-125x125.png
l1_championship_player_2021_12_81781,2021,81781,611078,Mathieu,Acapandie,2004-12-14,Réunion,REU,,l1_championship_club_2021_12,,,,https://s3.eu-west-1.amazonaws.com/image.mpg/2025-empt-430-125x125.png
l1_championship_player_2022_12_81781,2022,81781,611078,Mathieu,Acapandie,2004-12-14,France,FRA,,l1_championship_club_2022_12,83,2,rightWingBack,https://s3.eu-west-1.amazonaws.com/image.mpg/2025-empt-430-125x125.png
l1_championship_player_2023_12_81781,2023,81781,611078,Mathieu,Acapandie,2004-12-14,Madagascar,MDG,right,l1_championship_club_2023_12,41,2,rightWingBack,https://s3.eu-west-1.amazonaws.com/image.mpg/2025-empt-430-125x125.png
l1_championship_player_2024_12_81781,2024,81781,611078,Mathieu,Acapandie,2004-12-14,Madagascar,MDG,right,l1_championship_club_2024_12,41,2,rightWingBack,https://s3.eu-west-1.amazonaws.com/image.mpg/2025-empt-430-125x125.png
l1_championship_player_2014_16_56530,2014,56530,217596,Kelvin,Amian,1998-02-08,Réunion,REU,,l1_championship_club_2014_16,,,,https://s3.eu-west-1.amazonaws.com/image.mpg/2025-empt-427-125x125.png
l1_championship_player_2015_16_56530,2015,56530,217596,Kelvin,Amian,1998-02-08,Réunion,REU,,l1_championship_club_2015_16,,,,https://s3.eu-west-1.amazonaws.com/image.mpg/2025-empt-427-125x125.png
l1_championship_player_2016_16_56530,2016,56530,217596,Kelvin,Amian,1998-02-08,Réunion,REU,,l1_championship_club_2016_16,2,3,,https://s3.eu-west-1.amazonaws.com/image.mpg/2025-empt-427-125x125.png
l1_championship_player_2017_16_56530,2017,56530,217596,Kelvin,Amian,1998-02-08,France,FRA,right,l1_championship_club_2017_16,2,2,rightWingBack,https://s3.eu-west-1.amazonaws.com/image.mpg/2025-empt-427-125x125.png
l1_championship_player_2018_16_56530,2018,56530,217596,Kelvin,Amian,1998-02-08,Réunion,REU,,l1_championship_club_2018_16,2,2,,https://s3.eu-west-1.amazonaws.com/image.mpg/2025-empt-427-125x125.png
l1_championship_player_2019_16_56530,2019,56530,217596,Kelvin,Amian,1998-02-08,Réunion,REU,,l1_championship_club_2019_16,2,2,,https://s3.eu-west-1.amazonaws.com/image.mpg/2025-empt-427-125x125.png
l1_championship_player_2023_12_56530,2023,56530,217596,Kelvin,Amian,1998-02-08,France,FRA,right,l1_championship_club_2023_12,98,2,rightWingBack,https://s3.eu-west-1.amazonaws.com/image.mpg/2025-empt-430-125x125.png
l1_championship_player_2024_12_56530,2024,56530,217596,Kelvin,Amian,1998-02-08,France,FRA,right,l1_championship_club_2024_12,98,2,rightWingBack,https://s3.eu-west-1.amazonaws.com/image.mpg/2025-empt-430-125x125.png
l1_championship_player_2018_13_84347,2018,84347,545260,Moutanabi,Bodiang,2003-03-14,Réunion,REU,,l1_championship_club_2018_13,,,,https://s3.eu-west-1.amazonaws.com/image.mpg/2025-empt-149-125x125.png
l1_championship_player_2019_13_84347,2019,84347,545260,Moutanabi,Bodiang,2003-03-14,Réunion,REU,,l1_championship_club_2019_13,,3,,https://s3.eu-west-1.amazonaws.com/image.mpg/2025-empt-149-125x125.png
l1_championship_player_2020_13_84347,2020,84347,545260,Moutanabi,Bodiang,2003-03-14,Réunion,REU,,l1_championship_club_2020_13,,2,,https://s3.eu-west-1.amazonaws.com/image.mpg/2025-empt-149-125x125.png
l1_championship_player_2021_13_84347,2021,84347,545260,Moutanabi,Bodiang,2003-03-14,France,FRA,,l1_championship_club_2021_13,,2,centralDefender,https://s3.eu-west-1.amazonaws.com/image.mpg/2025-empt-149-125x125.png
l1_championship_player_2022_13_84347,2022,84347,545260,Moutanabi,Bodiang,2003-03-14,France,FRA,,l1_championship_club_2022_13,,2,centralDefender,https://s3.eu-west-1.amazonaws.com/image.mpg/2025-empt-149-125x125.png
l1_championship_player_2023_12_84347,2023,84347,545260,Moutanabi,Bodiang,2003-03-14,Réunion,REU,,l1_championship_club_2023_12,42,2,,https://s3.eu-west-1.amazonaws.com/image.mpg/2025-empt-430-125x125.png
l1_championship_player_2023_13_84347,2023,84347,545260,Moutanabi,Bodiang,2003-03-14,Réunion,REU,,l1_championship_club_2023_13,,2,,https://s3.eu-west-1.amazonaws.com/image.mpg/2025-empt-149-125x125.png
l1_championship_player_2024_12_84347,2024,84347,545260,Moutanabi,Bodiang,2003-03-14,France,FRA,,l1_championship_club_2024_12,42,2,centralDefender,https://s3.eu-west-1.amazonaws.com/image.mpg/2025-empt-430-125x125.png
l1_championship_player_2016_40_59420,2016,59420,214245,Fabien,Centonze,1996-01-16,Réunion,REU,,,,,,https://s3.eu-west-3.amazonaws.com/ligue1.image/players/defaultAssets/1983_facePicturesNB-125x125.png
l1_championship_player_2017_40_59420,2017,59420,214245,Fabien,Centonze,1996-01-16,Réunion,REU,,,,,,https://s3.eu-west-3.amazonaws.com/ligue1.image/players/defaultAssets/1983_facePicturesNB-125x125.png
l1_championship_player_2018_6_59420,2018,59420,214245,Fabien,Centonze,1996-01-16,Réunion,REU,,,,,,https://s3.eu-west-3.amazonaws.com/ligue1.image/players/defaultAssets/142_facePicturesNB-125x125.png
l1_championship_player_2019_8_59420,2019,59420,214245,Fabien,Centonze,1996-01-16,Réunion,REU,,l1_championship_club_2019_8,18,2,,https://s3.eu-west-1.amazonaws.com/image.mpg/2025-empt-145-125x125.png
l1_championship_player_2020_8_59420,2020,59420,214245,Fabien,Centonze,1996-01-16,Réunion,REU,,l1_championship_club_2020_8,18,2,,https://s3.eu-west-1.amazonaws.com/image.mpg/2025-empt-145-125x125.png
l1_championship_player_2021_8_59420,2021,59420,214245,Fabien,Centonze,1996-01-16,France,FRA,right,l1_championship_club_2021_8,18,2,rightWingBack,https://s3.eu-west-1.amazonaws.com/image.mpg/2025-empt-145-125x125.png
l1_championship_player_2022_12_59420,2022,59420,214245,Fabien,Centonze,1996-01-16,France,FRA,right,l1_championship_club_2022_12,28,2,rightWingBack,https://s3.eu-west-1.amazonaws.com/image.mpg/2025-empt-430-125x125.png
l1_championship_player_2022_8_59420,2022,59420,214245,Fabien,Centonze,1996-01-16,Réunion,REU,,l1_championship_club_2022_8,18,2,,https://s3.eu-west-1.amazonaws.com/image.mpg/2025-empt-145-125x125.png
l1_championship_player_2023_12_59420,2023,59420,214245,Fabien,Centonze,1996-01-16,France,FRA,right,l1_championship_club_2023_12,28,2,rightWingBack,https://s3.eu-west-1.amazonaws.com/image.mpg/2025-empt-430-125x125.png
l1_championship_player_2024_12_59420,2024,59420,214245,Fabien,Centonze,1996-01-16,France,FRA,right,l1_championship_club_2024_12,18,2,rightWingBack,https://s3.eu-west-1.amazonaws.com/image.mpg/2025-empt-430-125x125.png
l1_championship_player_2014_10_62568,2014,62568,428989,Nicolas,Cozza,1999-01-08,Réunion,REU,,l1_championship_club_2014_10,,,,https://s3.eu-west-1.amazonaws.com/image.mpg/2025-empt-147-125x125.png
l1_championship_player_2015_10_62568,2015,62568,428989,Nicolas,Cozza,1999-01-08,Réunion,REU,,l1_championship_club_2015_10,,,,https://s3.eu-west-1.amazonaws.com/image.mpg/2025-empt-147-125x125.png
l1_championship_player_2016_10_62568,2016,62568,428989,Nicolas,Cozza,1999-01-08,Réunion,REU,,l1_championship_club_2016_10,,,,https://s3.eu-west-1.amazonaws.com/image.mpg/2025-empt-147-125x125.png
l1_championship_player_2017_10_62568,2017,62568,428989,Nicolas,Cozza,1999-01-08,France,FRA,left,l1_championship_club_2017_10,31,2,centralDefender,https://s3.eu-west-1.amazonaws.com/image.mpg/2025-empt-147-125x125.png
l1_championship_player_2018_10_62568,2018,62568,428989,Nicolas,Cozza,1999-01-08,Réunion,REU,,l1_championship_club_2018_10,31,2,,https://s3.eu-west-1.amazonaws.com/image.mpg/2025-empt-147-125x125.png
l1_championship_player_2019_10_62568,2019,62568,428989,Nicolas,Cozza,1999-01-08,Réunion,REU,,l1_championship_club_2019_10,31,2,,https://s3.eu-west-1.amazonaws.com/image.mpg/2025-empt-147-125x125.png
l1_championship_player_2020_10_62568,2020,62568,428989,Nicolas,Cozza,1999-01-08,Réunion,REU,,l1_championship_club_2020_10,31,2,,https://s3.eu-west-1.amazonaws.com/image.mpg/2025-empt-147-125x125.png
l1_championship_player_2021_10_62568,2021,62568,428989,Nicolas,Cozza,1999-01-08,France,FRA,left,l1_championship_club_2021_10,31,2,centralDefender,https://s3.eu-west-1.amazonaws.com/image.mpg/2025-empt-147-125x125.png
l1_championship_player_2022_10_62568,2022,62568,428989,Nicolas,Cozza,1999-01-08,Réunion,REU,,l1_championship_club_2022_10,,2,,https://s3.eu-west-1.amazonaws.com/image.mpg/2025-empt-147-125x125.png
l1_championship_player_2023_12_62568,2023,62568,428989,Nicolas,Cozza,1999-01-08,France,FRA,left,l1_championship_club_2023_12,3,2,leftWingBack,https://s3.eu-west-1.amazonaws.com/image.mpg/2025-empt-430-125x125.png
l1_championship_player_2024_12_62568,2024,62568,428989,Nicolas,Cozza,1999-01-08,France,FRA,left,l1_championship_club_2024_12,3,2,leftWingBack,https://s3.eu-west-1.amazonaws.com/image.mpg/2025-empt-430-125x125.png
l1_championship_player_2020_13_86548,2020,86548,550837,Sékou,Doucoure,2005-04-26,Réunion,REU,,l1_championship_club_2020_13,,,,https://s3.eu-west-1.amazonaws.com/image.mpg/2025-empt-149-125x125.png
l1_championship_player_2021_13_86548,2021,86548,550837,Sékou,Doucoure,2005-04-26,Réunion,REU,,l1_championship_club_2021_13,,2,,https://s3.eu-west-1.amazonaws.com/image.mpg/2025-empt-149-125x125.png
l1_championship_player_2024_12_86548,2024,86548,550837,Sékou,Doucoure,2005-04-26,France,FRA,right,l1_championship_club_2024_12,72,2,centralDefender,https://s3.eu-west-1.amazonaws.com/image.mpg/2025-empt-430-125x125.png
l1_championship_player_2024_13_86548,2024,86548,550837,Sékou,Doucoure,2005-04-26,Réunion,REU,,l1_championship_club_2024_13,,2,,https://s3.eu-west-1.amazonaws.com/image.mpg/2025-empt-149-125x125.png
l1_championship_player_2016_4_26393,2016,26393,203368,Frédéric,Guilbert ,1994-12-24,Réunion,REU,,l1_championship_club_2016_4,26,2,,https://s3.eu-west-3.amazonaws.com/ligue1.image/players/defaultAssets/default_facePicturesNB-125x125.png
l1_championship_player_2016_20_26393,2016,26393,203368,Frédéric,Guilbert ,1994-12-24,Réunion,REU,,l1_championship_club_2016_20,24,,,https://s3.eu-west-3.amazonaws.com/ligue1.image/players/defaultAssets/1028_facePicturesNB-125x125.png
l1_championship_player_2017_4_26393,2017,26393,203368,Frédéric,Guilbert ,1994-12-24,Réunion,REU,,l1_championship_club_2017_4,,,,https://s3.eu-west-1.amazonaws.com/image.mpg/68494634-38f4-4935-b478-50c75e8d8ae6
l1_championship_player_2017_20_26393,2017,26393,203368,Frédéric,Guilbert ,1994-12-24,France,FRA,right,l1_championship_club_2017_20,21,2,rightWingBack,https://s3.eu-west-1.amazonaws.com/image.mpg/assets/players/cdcac60e-c751-4b5e-afda-63b8a06daf29
l1_championship_player_2018_20_26393,2018,26393,203368,Frédéric,Guilbert ,1994-12-24,Réunion,REU,,l1_championship_club_2018_20,21,2,,https://s3.eu-west-3.amazonaws.com/ligue1.image/players/defaultAssets/1028_facePicturesNB-125x125.png
l1_championship_player_2020_15_26393,2020,26393,203368,Frédéric,Guilbert ,1994-12-24,Réunion,REU,,l1_championship_club_2020_15,4,2,,https://s3.eu-west-1.amazonaws.com/image.mpg/2025-empt-153-125x125.png
l1_championship_player_2021_15_26393,2021,26393,203368,Frédéric,Guilbert ,1994-12-24,France,FRA,right,l1_championship_club_2021_15,2,2,rightWingBack,https://s3.eu-west-1.amazonaws.com/image.mpg/2025-empt-153-125x125.png
l1_championship_player_2022_15_26393,2022,26393,203368,Frédéric,Guilbert ,1994-12-24,France,FRA,right,l1_championship_club_2022_15,32,2,rightWingBack,https://s3.eu-west-1.amazonaws.com/image.mpg/2025-empt-153-125x125.png
l1_championship_player_2023_15_26393,2023,26393,203368,Frédéric,Guilbert ,1994-12-24,France,FRA,right,l1_championship_club_2023_15,2,2,rightWingBack,https://s3.eu-west-1.amazonaws.com/image.mpg/2025-empt-153-125x125.png
l1_championship_player_2024_15_26393,2024,26393,203368,Frédéric,Guilbert ,1994-12-24,France,FRA,right,l1_championship_club_2024_15,2,2,rightWingBack,https://s3.eu-west-1.amazonaws.com/image.mpg/2025-empt-153-125x125.png
l1_championship_player_2021_6_91746,2021,91746,174317,Deiver,Machado,1993-09-02,Colombia,COL,left,l1_championship_club_2021_6,3,2,leftWingBack,https://s3.eu-west-1.amazonaws.com/image.mpg/2025-empt-142-125x125.png
l1_championship_player_2022_6_91746,2022,91746,174317,Deiver,Machado,1993-09-02,Colombia,COL,left,l1_championship_club_2022_6,3,2,leftWingBack,https://s3.eu-west-1.amazonaws.com/image.mpg/2025-empt-142-125x125.png
l1_championship_player_2023_6_91746,2023,91746,174317,Deiver,Machado,1993-09-02,Colombia,COL,left,l1_championship_club_2023_6,3,2,leftWingBack,https://s3.eu-west-1.amazonaws.com/image.mpg/2025-empt-142-125x125.png
l1_championship_player_2024_6_91746,2024,91746,174317,Deiver,Machado,1993-09-02,Colombia,COL,left,l1_championship_club_2024_6,3,2,leftWingBack,https://s3.eu-west-1.amazonaws.com/image.mpg/2025-empt-142-125x125.png
l1_championship_player_2025_6_91746,2025,91746,174317,Deiver,Machado,1993-09-02,Colombia,COL,left,l1_championship_club_2025_6,3,2,leftWingBack,https://s3.eu-west-3.amazonaws.com/ligue1.image/players/2025/all/player_official_2025_142_174317-125x125.png
l1_championship_player_2023_15_101469,2023,101469,577640,Abakar,Sylla,2002-12-25,Côte d'Ivoire,CIV,left,l1_championship_club_2023_15,24,2,centralDefender,https://s3.eu-west-1.amazonaws.com/image.mpg/2025-empt-153-125x125.png
l1_championship_player_2024_15_101469,2024,101469,577640,Abakar,Sylla,2002-12-25,Côte d'Ivoire,CIV,left,l1_championship_club_2024_15,5,2,centralDefender,https://s3.eu-west-1.amazonaws.com/image.mpg/2025-empt-153-125x125.png
l1_championship_player_2025_15_101469,2025,101469,577640,Abakar,Sylla,2002-12-25,Côte d'Ivoire,CIV,left,l1_championship_club_2025_15,5,2,centralDefender,https://s3.eu-west-3.amazonaws.com/ligue1.image/players/2025/all/player_official_2025_153_577640-125x125.png
l1_championship_player_2009_10_15792,2009,15792,66957,Rémy,Cabella,1990-03-08,Réunion,REU,,l1_championship_club_2009_10,9,,,https://s3.eu-west-3.amazonaws.com/ligue1.image/players/defaultAssets/147_facePicturesNB-125x125.png
l1_championship_player_2010_10_15792,2010,15792,66957,Rémy,Cabella,1990-03-08,Réunion,REU,,l1_championship_club_2010_10,10,4,,https://s3.eu-west-3.amazonaws.com/ligue1.image/players/defaultAssets/147_facePicturesNB-125x125.png
l1_championship_player_2011_10_15792,2011,15792,66957,Rémy,Cabella,1990-03-08,Réunion,REU,,l1_championship_club_2011_10,20,3,,https://s3.eu-west-3.amazonaws.com/ligue1.image/players/defaultAssets/147_facePicturesNB-125x125.png
l1_championship_player_2012_10_15792,2012,15792,66957,Rémy,Cabella,1990-03-08,Réunion,REU,,l1_championship_club_2012_10,20,3,,https://s3.eu-west-3.amazonaws.com/ligue1.image/players/defaultAssets/147_facePicturesNB-125x125.png
l1_championship_player_2013_10_15792,2013,15792,66957,Rémy,Cabella,1990-03-08,Réunion,REU,,l1_championship_club_2013_10,10,3,,https://s3.eu-west-1.amazonaws.com/image.mpg/2025-empt-147-125x125.png
l1_championship_player_2015_1_15792,2015,15792,66957,Rémy,Cabella,1990-03-08,Réunion,REU,,l1_championship_club_2015_1,13,3,,https://s3.eu-west-1.amazonaws.com/image.mpg/2025-empt-144-125x125.png
l1_championship_player_2016_1_15792,2016,15792,66957,Rémy,Cabella,1990-03-08,Réunion,REU,,l1_championship_club_2016_1,7,,,https://s3.eu-west-1.amazonaws.com/image.mpg/2025-empt-144-125x125.png
l1_championship_player_2017_1_15792,2017,15792,66957,Rémy,Cabella,1990-03-08,France,FRA,right,l1_championship_club_2017_1,7,3,attackingMidfielder,https://s3.eu-west-1.amazonaws.com/image.mpg/2025-empt-144-125x125.png
l1_championship_player_2017_31_15792,2017,15792,66957,Rémy,Cabella,1990-03-08,France,FRA,right,l1_championship_club_2017_31,10,3,attackingMidfielder,https://s3.eu-west-1.amazonaws.com/image.mpg/2025-empt-152-125x125.png
l1_championship_player_2018_1_15792,2018,15792,66957,Rémy,Cabella,1990-03-08,Réunion,REU,,l1_championship_club_2018_1,,,,https://s3.eu-west-1.amazonaws.com/image.mpg/2025-empt-144-125x125.png
l1_championship_player_2018_31_15792,2018,15792,66957,Rémy,Cabella,1990-03-08,Réunion,REU,,l1_championship_club_2018_31,,,,https://s3.eu-west-1.amazonaws.com/image.mpg/2025-empt-152-125x125.png
l1_championship_player_2019_31_15792,2019,15792,66957,Rémy,Cabella,1990-03-08,Réunion,REU,,l1_championship_club_2019_31,,4,,https://s3.eu-west-1.amazonaws.com/image.mpg/2025-empt-152-125x125.png
l1_championship_player_2021_10_15792,2021,15792,66957,Rémy,Cabella,1990-03-08,France,FRA,right,l1_championship_club_2021_10,22,4,attackingMidfielder,https://s3.eu-west-1.amazonaws.com/image.mpg/2025-empt-147-125x125.png
l1_championship_player_2022_158_15792,2022,15792,66957,Rémy,Cabella,1990-03-08,France,FRA,right,l1_championship_club_2022_158,10,4,attackingMidfielder,https://s3.eu-west-1.amazonaws.com/image.mpg/2025-empt-429-125x125.png
l1_championship_player_2023_158_15792,2023,15792,66957,Rémy,Cabella,1990-03-08,France,FRA,right,l1_championship_club_2023_158,10,3,attackingMidfielder,https://s3.eu-west-1.amazonaws.com/image.mpg/2025-empt-429-125x125.png
l1_championship_player_2024_158_15792,2024,15792,66957,Rémy,Cabella,1990-03-08,France,FRA,right,l1_championship_club_2024_158,10,3,attackingMidfielder,https://s3.eu-west-1.amazonaws.com/image.mpg/2025-empt-429-125x125.png
l1_championship_player_2025_158_15792,2025,15792,66957,Rémy,Cabella,1990-03-08,France,FRA,right,l1_championship_club_2025_158,10,3,attackingMidfielder,https://s3.eu-west-1.amazonaws.com/image.mpg/2025-empt-429-125x125.png
l1_championship_player_2010_7_36931,2010,36931,56864,Francis,Coquelin,1991-05-13,Réunion,REU,,l1_championship_club_2010_7,19,3,,https://s3.eu-west-1.amazonaws.com/image.mpg/2025-empt-694-125x125.png
l1_championship_player_2024_12_36931,2024,36931,56864,Francis,Coquelin,1991-05-13,France,FRA,right,l1_championship_club_2024_12,13,3,defensiveMidfielder,https://s3.eu-west-1.amazonaws.com/image.mpg/2025-empt-430-125x125.png
l1_championship_player_2021_12_93632,2021,93632,647907,Bahmed,Deuff,2006-03-10,Réunion,REU,,l1_championship_club_2021_12,,,,https://s3.eu-west-1.amazonaws.com/image.mpg/2025-empt-430-125x125.png
l1_championship_player_2021_68_90092,2021,90092,545711,Mohamed,Kaba,2001-10-27,France,FRA,right,l1_championship_club_2021_68,21,3,centralMidfielder,https://s3.eu-west-1.amazonaws.com/image.mpg/68494634-38f4-4935-b478-50c75e8d8ae6
l1_championship_player_2022_68_90092,2022,90092,545711,Mohamed,Kaba,2001-10-27,France,FRA,right,l1_championship_club_2022_68,21,3,centralMidfielder,https://s3.eu-west-1.amazonaws.com/image.mpg/68494634-38f4-4935-b478-50c75e8d8ae6
l1_championship_player_2023_68_90092,2023,90092,,Mohamed,Kaba,2001-10-27,Réunion,REU,,l1_championship_club_2023_68,,3,,https://s3.eu-west-1.amazonaws.com/image.mpg/68494634-38f4-4935-b478-50c75e8d8ae6
l1_championship_player_2017_20_78753,2017,78753,476894,Johann,Lepenant,2002-10-22,Réunion,REU,,l1_championship_club_2017_20,,,,https://s3.eu-west-1.amazonaws.com/image.mpg/assets/players/cdcac60e-c751-4b5e-afda-63b8a06daf29
l1_championship_player_2018_20_78753,2018,78753,476894,Johann,Lepenant,2002-10-22,Réunion,REU,,l1_championship_club_2018_20,8,,,https://s3.eu-west-3.amazonaws.com/ligue1.image/players/defaultAssets/1028_facePicturesNB-125x125.png
l1_championship_player_2022_159_78753,2022,78753,476894,Johann,Lepenant,2002-10-22,France,FRA,right,l1_championship_club_2022_159,24,3,defensiveMidfielder,https://s3.eu-west-1.amazonaws.com/image.mpg/2025-empt-143-125x125.png
l1_championship_player_2023_159_78753,2023,78753,476894,Johann,Lepenant,2002-10-22,France,FRA,right,l1_championship_club_2023_159,24,3,defensiveMidfielder,https://s3.eu-west-1.amazonaws.com/image.mpg/2025-empt-143-125x125.png
l1_championship_player_2024_159_78753,2024,78753,476894,Johann,Lepenant,2002-10-22,France,FRA,right,l1_championship_club_2024_159,24,3,defensiveMidfielder,https://s3.eu-west-1.amazonaws.com/image.mpg/2025-empt-143-125x125.png
l1_championship_player_2021_12_93631,2021,93631,647916,Louis,Leroux,2006-01-23,Réunion,REU,,l1_championship_club_2021_12,,,,https://s3.eu-west-1.amazonaws.com/image.mpg/2025-empt-430-125x125.png
l1_championship_player_2024_12_78753,2024,78753,476894,Johann,Lepenant,2002-10-22,France,FRA,right,l1_championship_club_2024_12,8,3,defensiveMidfielder,https://s3.eu-west-1.amazonaws.com/image.mpg/2025-empt-430-125x125.png
l1_championship_player_2018_15_66094,2018,66094,226451,Ibrahima,Sissoko,1997-10-27,Réunion,REU,,l1_championship_club_2018_15,18,3,,https://s3.eu-west-1.amazonaws.com/image.mpg/2025-empt-153-125x125.png
l1_championship_player_2019_15_66094,2019,66094,226451,Ibrahima,Sissoko,1997-10-27,Réunion,REU,,l1_championship_club_2019_15,18,3,,https://s3.eu-west-1.amazonaws.com/image.mpg/2025-empt-153-125x125.png
l1_championship_player_2021_15_66094,2021,66094,226451,Ibrahima,Sissoko,1997-10-27,Mali,MLI,right,l1_championship_club_2021_15,27,3,defensiveMidfielder,https://s3.eu-west-1.amazonaws.com/image.mpg/2025-empt-153-125x125.png
l1_championship_player_2022_15_66094,2022,66094,226451,Ibrahima,Sissoko,1997-10-27,Mali,MLI,right,l1_championship_club_2022_15,27,3,defensiveMidfielder,https://s3.eu-west-1.amazonaws.com/image.mpg/2025-empt-153-125x125.png
l1_championship_player_2020_15_66094,2020,66094,226451,Ibrahima,Sissoko,1997-10-27,Réunion,REU,,l1_championship_club_2020_15,27,3,,https://s3.eu-west-1.amazonaws.com/image.mpg/2025-empt-153-125x125.png
l1_championship_player_2023_15_66094,2023,66094,226451,Ibrahima,Sissoko,1997-10-27,Mali,MLI,right,l1_championship_club_2023_15,27,3,defensiveMidfielder,https://s3.eu-west-1.amazonaws.com/image.mpg/2025-empt-153-125x125.png
l1_championship_player_2024_15_66094,2024,66094,226451,Ibrahima,Sissoko,1997-10-27,Mali,MLI,right,l1_championship_club_2024_15,27,3,defensiveMidfielder,https://s3.eu-west-1.amazonaws.com/image.mpg/2025-empt-153-125x125.png
l1_championship_player_2020_12_83801,2020,83801,622368,Dehmaine,Tabibou,2005-04-17,Réunion,REU,,l1_championship_club_2020_12,,,,https://s3.eu-west-1.amazonaws.com/image.mpg/2025-empt-430-125x125.png
l1_championship_player_2021_12_83801,2021,83801,622368,Dehmaine,Tabibou,2005-04-17,Réunion,REU,,l1_championship_club_2021_12,,,,https://s3.eu-west-1.amazonaws.com/image.mpg/2025-empt-430-125x125.png
l1_championship_player_2023_12_83801,2023,83801,622368,Dehmaine,Tabibou,2005-04-17,France,FRA,left,l1_championship_club_2023_12,59,3,centralMidfielder,https://s3.eu-west-1.amazonaws.com/image.mpg/2025-empt-430-125x125.png
l1_championship_player_2024_12_83801,2024,83801,622368,Dehmaine,Tabibou,2005-04-17,France,FRA,left,l1_championship_club_2024_12,59,3,centralMidfielder,https://s3.eu-west-1.amazonaws.com/image.mpg/2025-empt-430-125x125.png
l1_championship_player_2020_12_85106,2020,85106,713165,Sacha,Ziani,2003-08-07,Réunion,REU,,l1_championship_club_2020_12,,,,https://s3.eu-west-1.amazonaws.com/image.mpg/2025-empt-430-125x125.png
l1_championship_player_2021_12_85106,2021,85106,713165,Sacha,Ziani,2003-08-07,Réunion,REU,,l1_championship_club_2021_12,,3,,https://s3.eu-west-1.amazonaws.com/image.mpg/2025-empt-430-125x125.png
l1_championship_player_2023_12_85106,2023,85106,713165,Sacha,Ziani,2003-08-07,Réunion,REU,,l1_championship_club_2023_12,,3,,https://s3.eu-west-1.amazonaws.com/image.mpg/2025-empt-430-125x125.png
l1_championship_player_2024_12_85106,2024,85106,713165,Sacha,Ziani,2003-08-07,Réunion,REU,,l1_championship_club_2024_12,69,3,,https://s3.eu-west-1.amazonaws.com/image.mpg/2025-empt-430-125x125.png
l1_championship_player_2018_14_78356,2018,78356,503726,Matthis,Abline,2003-03-28,Réunion,REU,,l1_championship_club_2018_14,,,,https://s3.eu-west-1.amazonaws.com/image.mpg/2025-empt-150-125x125.png
l1_championship_player_2019_14_78356,2019,78356,503726,Matthis,Abline,2003-03-28,Réunion,REU,,l1_championship_club_2019_14,,,,https://s3.eu-west-1.amazonaws.com/image.mpg/2025-empt-150-125x125.png
l1_championship_player_2020_14_78356,2020,78356,503726,Matthis,Abline,2003-03-28,Réunion,REU,,l1_championship_club_2020_14,,,,https://s3.eu-west-1.amazonaws.com/image.mpg/2025-empt-150-125x125.png
l1_championship_player_2021_14_78356,2021,78356,503726,Matthis,Abline,2003-03-28,France,FRA,right,l1_championship_club_2021_14,18,4,striker,https://s3.eu-west-1.amazonaws.com/image.mpg/2025-empt-150-125x125.png
l1_championship_player_2022_2_78356,2022,78356,503726,Matthis,Abline,2003-03-28,France,FRA,right,l1_championship_club_2022_2,19,4,striker,https://s3.eu-west-1.amazonaws.com/image.mpg/2025-empt-138-125x125.png
l1_championship_player_2022_14_78356,2022,78356,503726,Matthis,Abline,2003-03-28,France,FRA,right,l1_championship_club_2022_14,18,4,striker,https://s3.eu-west-1.amazonaws.com/image.mpg/2025-empt-150-125x125.png
l1_championship_player_2023_12_78356,2023,78356,503726,Matthis,Abline,2003-03-28,France,FRA,right,l1_championship_club_2023_12,39,4,striker,https://s3.eu-west-1.amazonaws.com/image.mpg/2025-empt-430-125x125.png
l1_championship_player_2023_14_78356,2023,78356,503726,Matthis,Abline,2003-03-28,France,FRA,right,l1_championship_club_2023_14,18,4,striker,https://s3.eu-west-1.amazonaws.com/image.mpg/2025-empt-150-125x125.png
l1_championship_player_2024_12_78356,2024,78356,503726,Matthis,Abline,2003-03-28,France,FRA,right,l1_championship_club_2024_12,39,4,striker,https://s3.eu-west-1.amazonaws.com/image.mpg/2025-empt-430-125x125.png
l1_championship_player_2017_30_81490,2017,81490,433771,Ignatius,Ganago,1999-02-16,Cameroon,CMR,right,l1_championship_club_2017_30,14,4,striker,https://s3.eu-west-1.amazonaws.com/image.mpg/2025-empt-1395-125x125.png
l1_championship_player_2018_30_81490,2018,81490,433771,Ignatius,Ganago,1999-02-16,Cameroon,CMR,,l1_championship_club_2018_30,14,4,,https://s3.eu-west-1.amazonaws.com/image.mpg/2025-empt-1395-125x125.png
l1_championship_player_2019_30_81490,2019,81490,433771,Ignatius,Ganago,1999-02-16,Cameroon,CMR,,l1_championship_club_2019_30,14,4,,https://s3.eu-west-1.amazonaws.com/image.mpg/2025-empt-1395-125x125.png
l1_championship_player_2020_6_81490,2020,81490,433771,Ignatius,Ganago,1999-02-16,Cameroon,CMR,,l1_championship_club_2020_6,9,4,,https://s3.eu-west-1.amazonaws.com/image.mpg/2025-empt-142-125x125.png
l1_championship_player_2020_30_81490,2020,81490,433771,Ignatius,Ganago,1999-02-16,Cameroon,CMR,,l1_championship_club_2020_30,,4,,https://s3.eu-west-1.amazonaws.com/image.mpg/2025-empt-1395-125x125.png
l1_championship_player_2021_6_81490,2021,81490,433771,Ignatius,Ganago,1999-02-16,Cameroon,CMR,right,l1_championship_club_2021_6,9,4,winger|striker,https://s3.eu-west-1.amazonaws.com/image.mpg/2025-empt-142-125x125.png
l1_championship_player_2022_6_81490,2022,81490,433771,Ignatius,Ganago,1999-02-16,Cameroon,CMR,,l1_championship_club_2022_6,,4,,https://s3.eu-west-1.amazonaws.com/image.mpg/2025-empt-142-125x125.png
l1_championship_player_2022_12_81490,2022,81490,433771,Ignatius,Ganago,1999-02-16,Cameroon,CMR,right,l1_championship_club_2022_12,14,4,striker,https://s3.eu-west-1.amazonaws.com/image.mpg/2025-empt-430-125x125.png
l1_championship_player_2023_12_81490,2023,81490,433771,Ignatius,Ganago,1999-02-16,Cameroon,CMR,right,l1_championship_club_2023_12,7,4,striker,https://s3.eu-west-1.amazonaws.com/image.mpg/2025-empt-430-125x125.png
l1_championship_player_2024_12_81490,2024,81490,433771,Ignatius,Ganago,1999-02-16,Cameroon,CMR,right,l1_championship_club_2024_12,7,4,striker,https://s3.eu-west-1.amazonaws.com/image.mpg/2025-empt-430-125x125.png
l1_championship_player_2021_12_93628,2021,93628,647908,Bahereba,Guirassy,2006-08-29,Réunion,REU,,l1_championship_club_2021_12,,,,https://s3.eu-west-1.amazonaws.com/image.mpg/2025-empt-430-125x125.png
l1_championship_player_2022_12_94926,2022,94926,431245,Mostafa,Mohamed,1997-11-28,Egypt,EGY,right,l1_championship_club_2022_12,31,4,striker,https://s3.eu-west-1.amazonaws.com/image.mpg/2025-empt-430-125x125.png
l1_championship_player_2023_12_94926,2023,94926,431245,Mostafa,Mohamed,1997-11-28,Egypt,EGY,right,l1_championship_club_2023_12,31,4,striker,https://s3.eu-west-1.amazonaws.com/image.mpg/2025-empt-430-125x125.png
l1_championship_player_2024_12_94926,2024,94926,431245,Mostafa,Mohamed,1997-11-28,Egypt,EGY,right,l1_championship_club_2024_12,31,4,striker,https://s3.eu-west-1.amazonaws.com/image.mpg/2025-empt-430-125x125.png
l1_championship_player_2016_158_77349,2016,77349,485335,Lucas,Chevalier,2001-11-06,Réunion,REU,,l1_championship_club_2016_158,,,,https://s3.eu-west-1.amazonaws.com/image.mpg/2025-empt-429-125x125.png
l1_championship_player_2017_158_77349,2017,77349,485335,Lucas,Chevalier,2001-11-06,Réunion,REU,,l1_championship_club_2017_158,,,,https://s3.eu-west-1.amazonaws.com/image.mpg/2025-empt-429-125x125.png
l1_championship_player_2018_158_77349,2018,77349,485335,Lucas,Chevalier,2001-11-06,Réunion,REU,,l1_championship_club_2018_158,,,,https://s3.eu-west-1.amazonaws.com/image.mpg/2025-empt-429-125x125.png
l1_championship_player_2019_158_77349,2019,77349,485335,Lucas,Chevalier,2001-11-06,Réunion,REU,,l1_championship_club_2019_158,30,1,,https://s3.eu-west-1.amazonaws.com/image.mpg/2025-empt-429-125x125.png
l1_championship_player_2020_158_77349,2020,77349,485335,Lucas,Chevalier,2001-11-06,Réunion,REU,,l1_championship_club_2020_158,30,1,,https://s3.eu-west-1.amazonaws.com/image.mpg/2025-empt-429-125x125.png
l1_championship_player_2021_158_77349,2021,77349,485335,Lucas,Chevalier,2001-11-06,France,FRA,right,l1_championship_club_2021_158,30,1,goalkeeper,https://s3.eu-west-1.amazonaws.com/image.mpg/2025-empt-429-125x125.png
l1_championship_player_2022_158_77349,2022,77349,485335,Lucas,Chevalier,2001-11-06,France,FRA,right,l1_championship_club_2022_158,30,1,goalkeeper,https://s3.eu-west-1.amazonaws.com/image.mpg/2025-empt-429-125x125.png
l1_championship_player_2023_158_77349,2023,77349,485335,Lucas,Chevalier,2001-11-06,France,FRA,right,l1_championship_club_2023_158,30,1,goalkeeper,https://s3.eu-west-1.amazonaws.com/image.mpg/2025-empt-429-125x125.png
l1_championship_player_2024_158_77349,2024,77349,485335,Lucas,Chevalier,2001-11-06,France,FRA,right,l1_championship_club_2024_158,30,1,goalkeeper,https://s3.eu-west-1.amazonaws.com/image.mpg/2025-empt-429-125x125.png
l1_championship_player_2025_158_77349,2025,77349,485335,Lucas,Chevalier,2001-11-06,France,FRA,right,l1_championship_club_2025_158,30,1,goalkeeper,https://s3.eu-west-3.amazonaws.com/ligue1.image/players/2025/all/player_official_2025_429_485335-125x125.png
l1_championship_player_2024_13_103328,2024,103328,242194,Matvey,Safonov,1999-02-25,Russia,RUS,right,l1_championship_club_2024_13,39,1,goalkeeper,https://s3.eu-west-1.amazonaws.com/image.mpg/2025-empt-149-125x125.png
l1_championship_player_2023_13_101997,2023,101997,534317,Lucas,Beraldo,2003-11-24,Brazil,BRA,left,l1_championship_club_2023_13,35,2,centralDefender,https://s3.eu-west-1.amazonaws.com/image.mpg/2025-empt-149-125x125.png
l1_championship_player_2024_13_101997,2024,101997,534317,Lucas,Beraldo,2003-11-24,Brazil,BRA,left,l1_championship_club_2024_13,35,2,centralDefender,https://s3.eu-west-1.amazonaws.com/image.mpg/2025-empt-149-125x125.png
l1_championship_player_2021_13_93940,2021,93940,223760,Achraf,Hakimi,1998-11-04,Morocco,MAR,right,l1_championship_club_2021_13,2,2,rightWingBack,https://s3.eu-west-1.amazonaws.com/image.mpg/2025-empt-149-125x125.png
l1_championship_player_2022_13_93940,2022,93940,223760,Achraf,Hakimi,1998-11-04,Morocco,MAR,right,l1_championship_club_2022_13,2,2,rightWingBack,https://s3.eu-west-1.amazonaws.com/image.mpg/2025-empt-149-125x125.png
l1_championship_player_2023_13_93940,2023,93940,223760,Achraf,Hakimi,1998-11-04,Morocco,MAR,right,l1_championship_club_2023_13,2,2,rightWingBack,https://s3.eu-west-1.amazonaws.com/image.mpg/2025-empt-149-125x125.png
l1_championship_player_2024_13_93940,2024,93940,223760,Achraf,Hakimi,1998-11-04,Morocco,MAR,right,l1_championship_club_2024_13,2,2,rightWingBack,https://s3.eu-west-1.amazonaws.com/image.mpg/2025-empt-149-125x125.png
l1_championship_player_2023_13_101121,2023,101121,174888,Lucas,Hernandez,1996-02-14,France,FRA,left,l1_championship_club_2023_13,21,2,centralDefender,https://s3.eu-west-1.amazonaws.com/image.mpg/2025-empt-149-125x125.png
l1_championship_player_2024_13_101121,2024,101121,174888,Lucas,Hernandez,1996-02-14,France,FRA,left,l1_championship_club_2024_13,21,2,centralDefender,https://s3.eu-west-1.amazonaws.com/image.mpg/2025-empt-149-125x125.png
l1_championship_player_2013_13_57282,2013,57282,116406,Marcos,Aoas Correa,1994-05-14,Portugal,PRT,,l1_championship_club_2013_13,5,2,,https://s3.eu-west-1.amazonaws.com/image.mpg/2025-empt-149-125x125.png
l1_championship_player_2014_13_57282,2014,57282,116406,Marcos,Aoas Correa,1994-05-14,Portugal,PRT,,l1_championship_club_2014_13,5,2,,https://s3.eu-west-1.amazonaws.com/image.mpg/2025-empt-149-125x125.png
l1_championship_player_2015_13_57282,2015,57282,116406,Marcos,Aoas Correa,1994-05-14,Portugal,PRT,,l1_championship_club_2015_13,5,2,,https://s3.eu-west-1.amazonaws.com/image.mpg/2025-empt-149-125x125.png
l1_championship_player_2016_13_57282,2016,57282,116406,Marcos,Aoas Correa,1994-05-14,Portugal,PRT,,l1_championship_club_2016_13,5,2,,https://s3.eu-west-1.amazonaws.com/image.mpg/2025-empt-149-125x125.png
l1_championship_player_2017_13_57282,2017,57282,116406,Marcos,Aoas Correa,1994-05-14,Brazil,BRA,right,l1_championship_club_2017_13,5,2,centralDefender,https://s3.eu-west-1.amazonaws.com/image.mpg/2025-empt-149-125x125.png
l1_championship_player_2018_13_57282,2018,57282,116406,Marcos,Aoas Correa,1994-05-14,Portugal,PRT,,l1_championship_club_2018_13,5,,,https://s3.eu-west-1.amazonaws.com/image.mpg/2025-empt-149-125x125.png
l1_championship_player_2019_13_57282,2019,57282,116406,Marcos,Aoas Correa,1994-05-14,Portugal,PRT,,l1_championship_club_2019_13,5,2,,https://s3.eu-west-1.amazonaws.com/image.mpg/2025-empt-149-125x125.png
l1_championship_player_2020_13_57282,2020,57282,116406,Marcos,Aoas Correa,1994-05-14,Portugal,PRT,,l1_championship_club_2020_13,5,2,,https://s3.eu-west-1.amazonaws.com/image.mpg/2025-empt-149-125x125.png
l1_championship_player_2021_13_57282,2021,57282,116406,Marcos,Aoas Correa,1994-05-14,Brazil,BRA,right,l1_championship_club_2021_13,5,2,centralDefender,https://s3.eu-west-1.amazonaws.com/image.mpg/2025-empt-149-125x125.png
l1_championship_player_2022_13_57282,2022,57282,116406,Marcos,Aoas Correa,1994-05-14,Brazil,BRA,right,l1_championship_club_2022_13,5,2,centralDefender,https://s3.eu-west-1.amazonaws.com/image.mpg/2025-empt-149-125x125.png
l1_championship_player_2023_13_57282,2023,57282,116406,Marcos,Aoas Correa,1994-05-14,Brazil,BRA,right,l1_championship_club_2023_13,5,2,centralDefender,https://s3.eu-west-1.amazonaws.com/image.mpg/2025-empt-149-125x125.png
l1_championship_player_2024_13_57282,2024,57282,116406,Marcos,Aoas Correa,1994-05-14,Brazil,BRA,right,l1_championship_club_2024_13,5,2,centralDefender,https://s3.eu-west-1.amazonaws.com/image.mpg/2025-empt-149-125x125.png
l1_championship_player_2021_13_94930,2021,94930,465206,Nuno,Mendes,2002-06-19,Portugal,PRT,left,l1_championship_club_2021_13,25,2,leftWingBack,https://s3.eu-west-1.amazonaws.com/image.mpg/2025-empt-149-125x125.png
l1_championship_player_2022_13_94930,2022,94930,465206,Nuno,Mendes,2002-06-19,Portugal,PRT,left,l1_championship_club_2022_13,25,2,leftWingBack,https://s3.eu-west-1.amazonaws.com/image.mpg/2025-empt-149-125x125.png
l1_championship_player_2023_13_94930,2023,94930,465206,Nuno,Mendes,2002-06-19,Portugal,PRT,left,l1_championship_club_2023_13,25,2,leftWingBack,https://s3.eu-west-1.amazonaws.com/image.mpg/2025-empt-149-125x125.png
l1_championship_player_2024_13_94930,2024,94930,465206,Nuno,Mendes,2002-06-19,Portugal,PRT,left,l1_championship_club_2024_13,25,2,leftWingBack,https://s3.eu-west-1.amazonaws.com/image.mpg/2025-empt-149-125x125.png
l1_championship_player_2024_13_103891,2024,103891,448102,Willian,Pacho,2001-10-16,Ecuador,ECU,left,l1_championship_club_2024_13,51,2,centralDefender,https://s3.eu-west-1.amazonaws.com/image.mpg/2025-empt-149-125x125.png
l1_championship_player_2020_14_83697,2020,83697,570810,Désiré,Doue,2005-06-03,Réunion,REU,,l1_championship_club_2020_14,,,,https://s3.eu-west-1.amazonaws.com/image.mpg/2025-empt-150-125x125.png
l1_championship_player_2021_14_83697,2021,83697,570810,Désiré,Doue,2005-06-03,France,FRA,right,l1_championship_club_2021_14,33,3,attackingMidfielder,https://s3.eu-west-1.amazonaws.com/image.mpg/2025-empt-150-125x125.png
l1_championship_player_2022_14_83697,2022,83697,570810,Désiré,Doue,2005-06-03,France,FRA,right,l1_championship_club_2022_14,33,3,attackingMidfielder,https://s3.eu-west-1.amazonaws.com/image.mpg/2025-empt-150-125x125.png
l1_championship_player_2023_14_83697,2023,83697,570810,Désiré,Doue,2005-06-03,France,FRA,right,l1_championship_club_2023_14,33,3,attackingMidfielder,https://s3.eu-west-1.amazonaws.com/image.mpg/2025-empt-150-125x125.png
l1_championship_player_2024_13_83697,2024,83697,570810,Désiré,Doue,2005-06-03,France,FRA,right,l1_championship_club_2024_13,14,4,winger,https://s3.eu-west-1.amazonaws.com/image.mpg/2025-empt-149-125x125.png
l1_championship_player_2024_14_83697,2024,83697,570810,Désiré,Doue,2005-06-03,France,FRA,right,l1_championship_club_2024_14,33,3,attackingMidfielder,https://s3.eu-west-1.amazonaws.com/image.mpg/2025-empt-150-125x125.png
l1_championship_player_2023_13_101421,2023,101421,451358,Lee,Kang-In,2001-02-19,Korea Republic,KOR,left,l1_championship_club_2023_13,19,3,attackingMidfielder,https://s3.eu-west-1.amazonaws.com/image.mpg/2025-empt-149-125x125.png
l1_championship_player_2024_13_101421,2024,101421,451358,Lee,Kang-In,2001-02-19,Korea Republic,KOR,left,l1_championship_club_2024_13,19,3,attackingMidfielder,https://s3.eu-west-1.amazonaws.com/image.mpg/2025-empt-149-125x125.png
l1_championship_player_2021_13_86814,2021,86814,499448,Senny,Mayulu,2006-05-17,Réunion,REU,,l1_championship_club_2021_13,,,,https://s3.eu-west-1.amazonaws.com/image.mpg/2025-empt-149-125x125.png
l1_championship_player_2024_13_86814,2024,86814,499448,Senny,Mayulu,2006-05-17,France,FRA,both,l1_championship_club_2024_13,24,3,attackingMidfielder,https://s3.eu-west-1.amazonaws.com/image.mpg/2025-empt-149-125x125.png
l1_championship_player_2024_13_103829,2024,103829,551150,Joao,Neves,2004-09-27,Portugal,PRT,right,l1_championship_club_2024_13,87,3,centralMidfielder,https://s3.eu-west-1.amazonaws.com/image.mpg/2025-empt-149-125x125.png
l1_championship_player_2022_13_100334,2022,100334,201379,Fabian,Ruiz,1996-04-03,Spain,ESP,left,l1_championship_club_2022_13,8,3,attackingMidfielder,https://s3.eu-west-1.amazonaws.com/image.mpg/2025-empt-149-125x125.png
l1_championship_player_2023_13_100334,2023,100334,201379,Fabian,Ruiz,1996-04-03,Spain,ESP,left,l1_championship_club_2023_13,8,3,attackingMidfielder,https://s3.eu-west-1.amazonaws.com/image.mpg/2025-empt-149-125x125.png
l1_championship_player_2024_13_100334,2024,100334,201379,Fabian,Ruiz,1996-04-03,Spain,ESP,left,l1_championship_club_2024_13,8,3,attackingMidfielder,https://s3.eu-west-1.amazonaws.com/image.mpg/2025-empt-149-125x125.png
l1_championship_player_2022_13_98896,2022,98896,437858,Vitor,Machado Ferreira,2000-02-13,Portugal,PRT,right,l1_championship_club_2022_13,17,3,attackingMidfielder,https://s3.eu-west-1.amazonaws.com/image.mpg/2025-empt-149-125x125.png
l1_championship_player_2023_13_98896,2023,98896,437858,Vitor,Machado Ferreira,2000-02-13,Portugal,PRT,right,l1_championship_club_2023_13,17,3,attackingMidfielder,https://s3.eu-west-1.amazonaws.com/image.mpg/2025-empt-149-125x125.png
l1_championship_player_2024_13_98896,2024,98896,437858,Vitor,Machado Ferreira,2000-02-13,Portugal,PRT,right,l1_championship_club_2024_13,17,3,attackingMidfielder,https://s3.eu-west-1.amazonaws.com/image.mpg/2025-empt-149-125x125.png
l1_championship_player_2021_13_86879,2021,86879,550840,Warren,Zaïre-Emery,2006-03-08,Réunion,REU,,l1_championship_club_2021_13,,,,https://s3.eu-west-1.amazonaws.com/image.mpg/2025-empt-149-125x125.png
l1_championship_player_2022_13_86879,2022,86879,550840,Warren,Zaïre-Emery,2006-03-08,France,FRA,right,l1_championship_club_2022_13,33,3,centralMidfielder,https://s3.eu-west-1.amazonaws.com/image.mpg/2025-empt-149-125x125.png
l1_championship_player_2023_13_86879,2023,86879,550840,Warren,Zaïre-Emery,2006-03-08,France,FRA,right,l1_championship_club_2023_13,33,3,centralMidfielder,https://s3.eu-west-1.amazonaws.com/image.mpg/2025-empt-149-125x125.png
l1_championship_player_2024_13_86879,2024,86879,550840,Warren,Zaïre-Emery,2006-03-08,France,FRA,right,l1_championship_club_2024_13,33,3,centralMidfielder,https://s3.eu-west-1.amazonaws.com/image.mpg/2025-empt-149-125x125.png
l1_championship_player_2019_159_81445,2019,81445,482616,Bradley,Barcola,2002-09-02,Réunion,REU,,l1_championship_club_2019_159,,,,https://s3.eu-west-1.amazonaws.com/image.mpg/2025-empt-143-125x125.png
l1_championship_player_2020_159_81445,2020,81445,482616,Bradley,Barcola,2002-09-02,Réunion,REU,,l1_championship_club_2020_159,,4,,https://s3.eu-west-1.amazonaws.com/image.mpg/2025-empt-143-125x125.png
l1_championship_player_2021_159_81445,2021,81445,482616,Bradley,Barcola,2002-09-02,France,FRA,right,l1_championship_club_2021_159,26,4,leftWinger,https://s3.eu-west-1.amazonaws.com/image.mpg/2025-empt-143-125x125.png
l1_championship_player_2022_159_81445,2022,81445,482616,Bradley,Barcola,2002-09-02,France,FRA,right,l1_championship_club_2022_159,26,4,leftWinger,https://s3.eu-west-1.amazonaws.com/image.mpg/2025-empt-143-125x125.png
l1_championship_player_2023_13_81445,2023,81445,482616,Bradley,Barcola,2002-09-02,France,FRA,right,l1_championship_club_2023_13,29,4,winger,https://s3.eu-west-1.amazonaws.com/image.mpg/2025-empt-149-125x125.png
l1_championship_player_2023_159_81445,2023,81445,482616,Bradley,Barcola,2002-09-02,Réunion,REU,,l1_championship_club_2023_159,,4,,https://s3.eu-west-1.amazonaws.com/image.mpg/2025-empt-143-125x125.png
l1_championship_player_2024_13_81445,2024,81445,482616,Bradley,Barcola,2002-09-02,France,FRA,right,l1_championship_club_2024_13,29,4,winger,https://s3.eu-west-1.amazonaws.com/image.mpg/2025-empt-149-125x125.png
l1_championship_player_2012_14_36082,2012,36082,219438,Ousmane,Dembele,1997-05-15,Réunion,REU,,l1_championship_club_2012_14,,,,https://s3.eu-west-1.amazonaws.com/image.mpg/2025-empt-150-125x125.png
l1_championship_player_2013_14_36082,2013,36082,219438,Ousmane,Dembele,1997-05-15,Réunion,REU,,l1_championship_club_2013_14,,,,https://s3.eu-west-1.amazonaws.com/image.mpg/2025-empt-150-125x125.png
l1_championship_player_2014_14_36082,2014,36082,219438,Ousmane,Dembele,1997-05-15,Réunion,REU,,l1_championship_club_2014_14,,3,,https://s3.eu-west-1.amazonaws.com/image.mpg/2025-empt-150-125x125.png
l1_championship_player_2015_14_36082,2015,36082,219438,Ousmane,Dembele,1997-05-15,Réunion,REU,,l1_championship_club_2015_14,,4,,https://s3.eu-west-1.amazonaws.com/image.mpg/2025-empt-150-125x125.png
l1_championship_player_2023_13_36082,2023,36082,219438,Ousmane,Dembele,1997-05-15,France,FRA,both,l1_championship_club_2023_13,10,4,rightWinger,https://s3.eu-west-1.amazonaws.com/image.mpg/2025-empt-149-125x125.png
l1_championship_player_2024_13_36082,2024,36082,219438,Ousmane,Dembele,1997-05-15,France,FRA,both,l1_championship_club_2024_13,10,4,rightWinger,https://s3.eu-west-1.amazonaws.com/image.mpg/2025-empt-149-125x125.png
l1_championship_player_2024_13_104402,2024,104402,440668,Khvicha,Kvaratskhelia,2001-02-12,Georgia,GEO,both,l1_championship_club_2024_13,7,4,leftWinger,https://s3.eu-west-1.amazonaws.com/image.mpg/2025-empt-149-125x125.png
l1_championship_player_2024_13_100727,2024,100727,638987,Ibrahim,Mbaye,2008-01-24,France,FRA,right,l1_championship_club_2024_13,49,4,rightWinger,https://s3.eu-west-1.amazonaws.com/image.mpg/2025-empt-149-125x125.png
l1_championship_player_2023_13_101567,2023,101567,449980,Gonçalo,Ramos,2001-06-20,Portugal,PRT,right,l1_championship_club_2023_13,9,4,striker,https://s3.eu-west-1.amazonaws.com/image.mpg/2025-empt-149-125x125.png
l1_championship_player_2024_13_101567,2024,101567,449980,Gonçalo,Ramos,2001-06-20,Portugal,PRT,right,l1_championship_club_2024_13,9,4,striker,https://s3.eu-west-1.amazonaws.com/image.mpg/2025-empt-149-125x125.png
l1_championship_player_2021_14_86562,2021,86562,718828,Kilian,Belazzoug,2006-07-18,Réunion,REU,,l1_championship_club_2021_14,,,,https://s3.eu-west-1.amazonaws.com/image.mpg/2025-empt-150-125x125.png
l1_championship_player_2012_1_36344,2012,36344,102836,Brice,Samba,1994-04-25,Réunion,REU,,l1_championship_club_2012_1,16,1,,https://s3.eu-west-1.amazonaws.com/image.mpg/2025-empt-144-125x125.png
l1_championship_player_2013_1_36344,2013,36344,102836,Brice,Samba,1994-04-25,Réunion,REU,,l1_championship_club_2013_1,16,1,,https://s3.eu-west-1.amazonaws.com/image.mpg/2025-empt-144-125x125.png
l1_championship_player_2014_1_36344,2014,36344,102836,Brice,Samba,1994-04-25,Réunion,REU,,l1_championship_club_2014_1,16,1,,https://s3.eu-west-1.amazonaws.com/image.mpg/2025-empt-144-125x125.png
l1_championship_player_2015_1_36344,2015,36344,102836,Brice,Samba,1994-04-25,Réunion,REU,,l1_championship_club_2015_1,,,,https://s3.eu-west-1.amazonaws.com/image.mpg/2025-empt-144-125x125.png
l1_championship_player_2016_1_36344,2016,36344,102836,Brice,Samba,1994-04-25,Réunion,REU,,l1_championship_club_2016_1,1,1,,https://s3.eu-west-1.amazonaws.com/image.mpg/2025-empt-144-125x125.png
l1_championship_player_2017_20_36344,2017,36344,102836,Brice,Samba,1994-04-25,France,FRA,left,l1_championship_club_2017_20,30,1,goalkeeper,https://s3.eu-west-1.amazonaws.com/image.mpg/assets/players/cdcac60e-c751-4b5e-afda-63b8a06daf29
l1_championship_player_2018_20_36344,2018,36344,102836,Brice,Samba,1994-04-25,Réunion,REU,,l1_championship_club_2018_20,30,1,,https://s3.eu-west-3.amazonaws.com/ligue1.image/players/defaultAssets/1028_facePicturesNB-125x125.png
l1_championship_player_2022_6_36344,2022,36344,102836,Brice,Samba,1994-04-25,France,FRA,left,l1_championship_club_2022_6,30,1,goalkeeper,https://s3.eu-west-1.amazonaws.com/image.mpg/2025-empt-142-125x125.png
l1_championship_player_2023_6_36344,2023,36344,102836,Brice,Samba,1994-04-25,France,FRA,left,l1_championship_club_2023_6,30,1,goalkeeper,https://s3.eu-west-1.amazonaws.com/image.mpg/2025-empt-142-125x125.png
l1_championship_player_2024_6_36344,2024,36344,102836,Brice,Samba,1994-04-25,France,FRA,left,l1_championship_club_2024_6,30,1,goalkeeper,https://s3.eu-west-1.amazonaws.com/image.mpg/2025-empt-142-125x125.png
l1_championship_player_2024_14_36344,2024,36344,102836,Brice,Samba,1994-04-25,France,FRA,left,l1_championship_club_2024_14,1,1,goalkeeper,https://s3.eu-west-1.amazonaws.com/image.mpg/2025-empt-150-125x125.png
l1_championship_player_2020_14_83691,2020,83691,705930,Mathys,Silistrie,2005-09-16,Réunion,REU,,l1_championship_club_2020_14,,,,https://s3.eu-west-1.amazonaws.com/image.mpg/2025-empt-150-125x125.png
l1_championship_player_2021_14_83691,2021,83691,705930,Mathys,Silistrie,2005-09-16,Réunion,REU,,l1_championship_club_2021_14,,,,https://s3.eu-west-1.amazonaws.com/image.mpg/2025-empt-150-125x125.png
l1_championship_player_2024_14_103452,2024,103452,619501,Abdelhamid,Ait Boudlal,2006-04-16,Morocco,MAR,right,l1_championship_club_2024_14,48,2,centralDefender,https://s3.eu-west-1.amazonaws.com/image.mpg/2025-empt-150-125x125.png
l1_championship_player_2024_18_103452,2024,103452,619501,Abdelhamid,Ait Boudlal,2006-04-16,Morocco,MAR,right,l1_championship_club_2024_18,6,2,centralDefender,https://s3.eu-west-1.amazonaws.com/image.mpg/2025-empt-1430-125x125.png
l1_championship_player_2025_18_103452,2025,103452,619501,Abdelhamid,Ait Boudlal,2006-04-16,Morocco,MAR,right,l1_championship_club_2025_18,6,2,centralDefender,https://s3.eu-west-1.amazonaws.com/image.mpg/2025-empt-1430-125x125.png
l1_championship_player_2014_14_47707,2014,47707,447547,Lilian,Brassier,1999-11-02,Réunion,REU,,l1_championship_club_2014_14,,,,https://s3.eu-west-1.amazonaws.com/image.mpg/2025-empt-150-125x125.png
l1_championship_player_2015_14_47707,2015,47707,447547,Lilian,Brassier,1999-11-02,Réunion,REU,,l1_championship_club_2015_14,,,,https://s3.eu-west-1.amazonaws.com/image.mpg/2025-empt-150-125x125.png
l1_championship_player_2016_14_47707,2016,47707,447547,Lilian,Brassier,1999-11-02,Réunion,REU,,l1_championship_club_2016_14,,2,,https://s3.eu-west-1.amazonaws.com/image.mpg/2025-empt-150-125x125.png
l1_championship_player_2017_14_47707,2017,47707,447547,Lilian,Brassier,1999-11-02,Réunion,REU,,l1_championship_club_2017_14,,2,,https://s3.eu-west-1.amazonaws.com/image.mpg/2025-empt-150-125x125.png
l1_championship_player_2018_14_47707,2018,47707,447547,Lilian,Brassier,1999-11-02,Réunion,REU,,l1_championship_club_2018_14,,2,,https://s3.eu-west-1.amazonaws.com/image.mpg/2025-empt-150-125x125.png
l1_championship_player_2019_14_47707,2019,47707,447547,Lilian,Brassier,1999-11-02,Réunion,REU,,l1_championship_club_2019_14,,2,,https://s3.eu-west-1.amazonaws.com/image.mpg/2025-empt-150-125x125.png
l1_championship_player_2020_14_47707,2020,47707,447547,Lilian,Brassier,1999-11-02,Réunion,REU,,l1_championship_club_2020_14,,2,,https://s3.eu-west-1.amazonaws.com/image.mpg/2025-empt-150-125x125.png
l1_championship_player_2020_44_47707,2020,47707,447547,Lilian,Brassier,1999-11-02,Réunion,REU,,l1_championship_club_2020_44,3,2,,https://s3.eu-west-1.amazonaws.com/image.mpg/2025-empt-862-125x125.png
l1_championship_player_2021_44_47707,2021,47707,447547,Lilian,Brassier,1999-11-02,France,FRA,left,l1_championship_club_2021_44,3,2,centralDefender,https://s3.eu-west-1.amazonaws.com/image.mpg/2025-empt-862-125x125.png
l1_championship_player_2022_44_47707,2022,47707,447547,Lilian,Brassier,1999-11-02,France,FRA,left,l1_championship_club_2022_44,3,2,centralDefender,https://s3.eu-west-1.amazonaws.com/image.mpg/2025-empt-862-125x125.png
l1_championship_player_2023_44_47707,2023,47707,447547,Lilian,Brassier,1999-11-02,France,FRA,left,l1_championship_club_2023_44,3,2,centralDefender,https://s3.eu-west-1.amazonaws.com/image.mpg/2025-empt-862-125x125.png
l1_championship_player_2024_1_47707,2024,47707,447547,Lilian,Brassier,1999-11-02,France,FRA,left,l1_championship_club_2024_1,20,2,centralDefender,https://s3.eu-west-1.amazonaws.com/image.mpg/2025-empt-144-125x125.png
l1_championship_player_2024_14_47707,2024,47707,447547,Lilian,Brassier,1999-11-02,France,FRA,left,l1_championship_club_2024_14,5,2,centralDefender,https://s3.eu-west-1.amazonaws.com/image.mpg/2025-empt-150-125x125.png
l1_championship_player_2024_44_47707,2024,47707,447547,Lilian,Brassier,1999-11-02,France,FRA,left,l1_championship_club_2024_44,3,2,centralDefender,https://s3.eu-west-1.amazonaws.com/image.mpg/2025-empt-862-125x125.png
l1_championship_player_2025_44_47707,2025,47707,447547,Lilian,Brassier,1999-11-02,France,FRA,left,l1_championship_club_2025_44,3,2,centralDefender,https://s3.eu-west-1.amazonaws.com/image.mpg/2025-empt-862-125x125.png
l1_championship_player_2021_6_94583,2021,94583,140040,Przemyslaw,Frankowski,1995-04-12,Poland,POL,right,l1_championship_club_2021_6,29,3,rightWinger,https://s3.eu-west-1.amazonaws.com/image.mpg/2025-empt-142-125x125.png
l1_championship_player_2022_6_94583,2022,94583,140040,Przemyslaw,Frankowski,1995-04-12,Poland,POL,right,l1_championship_club_2022_6,29,3,rightWinger,https://s3.eu-west-1.amazonaws.com/image.mpg/2025-empt-142-125x125.png
l1_championship_player_2023_6_94583,2023,94583,140040,Przemyslaw,Frankowski,1995-04-12,Poland,POL,right,l1_championship_club_2023_6,29,3,rightWinger,https://s3.eu-west-1.amazonaws.com/image.mpg/2025-empt-142-125x125.png
l1_championship_player_2024_6_94583,2024,94583,140040,Przemyslaw,Frankowski,1995-04-12,Poland,POL,right,l1_championship_club_2024_6,29,2,rightWinger,https://s3.eu-west-1.amazonaws.com/image.mpg/2025-empt-142-125x125.png
l1_championship_player_2020_14_83692,2020,83692,606702,Jérémy,Jacquet,2005-07-13,Réunion,REU,,l1_championship_club_2020_14,,,,https://s3.eu-west-1.amazonaws.com/image.mpg/2025-empt-150-125x125.png
l1_championship_player_2021_14_83692,2021,83692,606702,Jérémy,Jacquet,2005-07-13,Réunion,REU,,l1_championship_club_2021_14,,,,https://s3.eu-west-1.amazonaws.com/image.mpg/2025-empt-150-125x125.png
l1_championship_player_2023_14_83692,2023,83692,606702,Jérémy,Jacquet,2005-07-13,France,FRA,right,l1_championship_club_2023_14,97,2,centralDefender,https://s3.eu-west-1.amazonaws.com/image.mpg/2025-empt-150-125x125.png
l1_championship_player_2023_40_83692,2023,83692,606702,Jérémy,Jacquet,2005-07-13,France,FRA,right,l1_championship_club_2023_40,97,2,centralDefender,https://s3.eu-west-1.amazonaws.com/image.mpg/2025-empt-1983-125x125.png
l1_championship_player_2024_14_83692,2024,83692,606702,Jérémy,Jacquet,2005-07-13,France,FRA,right,l1_championship_club_2024_14,97,2,centralDefender,https://s3.eu-west-1.amazonaws.com/image.mpg/2025-empt-150-125x125.png
l1_championship_player_2024_40_83692,2024,83692,606702,Jérémy,Jacquet,2005-07-13,France,FRA,right,l1_championship_club_2024_40,97,2,centralDefender,https://s3.eu-west-1.amazonaws.com/image.mpg/2025-empt-1983-125x125.png
l1_championship_player_2023_14_101633,2023,101633,634263,Mahamadou,Nagida,2005-06-28,Cameroon,CMR,left,l1_championship_club_2023_14,43,2,leftWingBack,https://s3.eu-west-1.amazonaws.com/image.mpg/2025-empt-150-125x125.png
l1_championship_player_2024_14_101633,2024,101633,634263,Mahamadou,Nagida,2005-06-28,Cameroon,CMR,left,l1_championship_club_2024_14,18,2,centralDefender,https://s3.eu-west-1.amazonaws.com/image.mpg/2025-empt-150-125x125.png
l1_championship_player_2016_16_78166,2016,78166,489887,Anthony,Rouault,2001-05-29,Réunion,REU,,l1_championship_club_2016_16,,,,https://s3.eu-west-1.amazonaws.com/image.mpg/2025-empt-427-125x125.png
l1_championship_player_2017_16_78166,2017,78166,489887,Anthony,Rouault,2001-05-29,Réunion,REU,,l1_championship_club_2017_16,,,,https://s3.eu-west-1.amazonaws.com/image.mpg/2025-empt-427-125x125.png
l1_championship_player_2018_16_78166,2018,78166,489887,Anthony,Rouault,2001-05-29,Réunion,REU,,l1_championship_club_2018_16,,,,https://s3.eu-west-1.amazonaws.com/image.mpg/2025-empt-427-125x125.png
l1_championship_player_2019_16_78166,2019,78166,489887,Anthony,Rouault,2001-05-29,Réunion,REU,,l1_championship_club_2019_16,24,2,,https://s3.eu-west-1.amazonaws.com/image.mpg/2025-empt-427-125x125.png
l1_championship_player_2020_16_78166,2020,78166,489887,Anthony,Rouault,2001-05-29,Réunion,REU,,,,,,https://s3.eu-west-3.amazonaws.com/ligue1.image/players/defaultAssets/427_facePicturesNB-125x125.png
l1_championship_player_2021_16_78166,2021,78166,489887,Anthony,Rouault,2001-05-29,France,FRA,right,l1_championship_club_2021_16,24,2,wingBack,https://s3.eu-west-1.amazonaws.com/image.mpg/2025-empt-427-125x125.png
l1_championship_player_2022_16_78166,2022,78166,489887,Anthony,Rouault,2001-05-29,France,FRA,right,l1_championship_club_2022_16,4,2,wingBack,https://s3.eu-west-1.amazonaws.com/image.mpg/2025-empt-427-125x125.png
l1_championship_player_2023_16_78166,2023,78166,489887,Anthony,Rouault,2001-05-29,France,FRA,right,l1_championship_club_2023_16,4,2,wingBack,https://s3.eu-west-1.amazonaws.com/image.mpg/2025-empt-427-125x125.png
l1_championship_player_2024_14_78166,2024,78166,489887,Anthony,Rouault,2001-05-29,France,FRA,right,l1_championship_club_2024_14,24,2,centralDefender,https://s3.eu-west-1.amazonaws.com/image.mpg/2025-empt-150-125x125.png
l1_championship_player_2024_16_78166,2024,78166,489887,Anthony,Rouault,2001-05-29,Réunion,REU,,l1_championship_club_2024_16,,2,,https://s3.eu-west-1.amazonaws.com/image.mpg/2025-empt-427-125x125.png
l1_championship_player_2021_40_89884,2021,89884,511344,Alidu,Seidu,2000-06-04,Ghana,GHA,right,l1_championship_club_2021_40,36,2,centralDefender,https://s3.eu-west-1.amazonaws.com/image.mpg/2025-empt-1983-125x125.png
l1_championship_player_2022_40_89884,2022,89884,511344,Alidu,Seidu,2000-06-04,Ghana,GHA,right,l1_championship_club_2022_40,36,2,centralDefender,https://s3.eu-west-1.amazonaws.com/image.mpg/2025-empt-1983-125x125.png
l1_championship_player_2023_14_89884,2023,89884,511344,Alidu,Seidu,2000-06-04,Ghana,GHA,right,l1_championship_club_2023_14,36,2,centralDefender,https://s3.eu-west-1.amazonaws.com/image.mpg/2025-empt-150-125x125.png
l1_championship_player_2023_40_89884,2023,89884,511344,Alidu,Seidu,2000-06-04,Ghana,GHA,,l1_championship_club_2023_40,36,2,,https://s3.eu-west-1.amazonaws.com/image.mpg/2025-empt-1983-125x125.png
l1_championship_player_2024_14_89884,2024,89884,511344,Alidu,Seidu,2000-06-04,Ghana,GHA,right,l1_championship_club_2024_14,36,2,centralDefender,https://s3.eu-west-1.amazonaws.com/image.mpg/2025-empt-150-125x125.png
l1_championship_player_2014_24_52480,2014,52480,213940,Ludovic,Blas,1997-12-31,Réunion,REU,,l1_championship_club_2014_24,10,,,https://s3.eu-west-3.amazonaws.com/ligue1.image/players/defaultAssets/428_facePicturesNB-125x125.png
l1_championship_player_2015_24_52480,2015,52480,213940,Ludovic,Blas,1997-12-31,Réunion,REU,,l1_championship_club_2015_24,21,3,,https://s3.eu-west-3.amazonaws.com/ligue1.image/players/defaultAssets/428_facePicturesNB-125x125.png
l1_championship_player_2016_24_52480,2016,52480,213940,Ludovic,Blas,1997-12-31,Réunion,REU,,l1_championship_club_2016_24,21,3,,https://s3.eu-west-3.amazonaws.com/ligue1.image/players/defaultAssets/428_facePicturesNB-125x125.png
l1_championship_player_2017_24_52480,2017,52480,213940,Ludovic,Blas,1997-12-31,France,FRA,left,l1_championship_club_2017_24,7,3,winger,https://s3.eu-west-1.amazonaws.com/image.mpg/2025-empt-428-125x125.png
l1_championship_player_2018_24_52480,2018,52480,213940,Ludovic,Blas,1997-12-31,Réunion,REU,,l1_championship_club_2018_24,7,,,https://s3.eu-west-3.amazonaws.com/ligue1.image/players/defaultAssets/428_facePicturesNB-125x125.png
l1_championship_player_2019_12_52480,2019,52480,213940,Ludovic,Blas,1997-12-31,Réunion,REU,,l1_championship_club_2019_12,17,,,https://s3.eu-west-1.amazonaws.com/image.mpg/2025-empt-430-125x125.png
l1_championship_player_2020_12_52480,2020,52480,213940,Ludovic,Blas,1997-12-31,Réunion,REU,,l1_championship_club_2020_12,10,3,,https://s3.eu-west-1.amazonaws.com/image.mpg/2025-empt-430-125x125.png
l1_championship_player_2021_12_52480,2021,52480,213940,Ludovic,Blas,1997-12-31,France,FRA,left,l1_championship_club_2021_12,10,3,centralMidfielder,https://s3.eu-west-1.amazonaws.com/image.mpg/2025-empt-430-125x125.png
l1_championship_player_2022_12_52480,2022,52480,213940,Ludovic,Blas,1997-12-31,France,FRA,left,l1_championship_club_2022_12,10,3,centralMidfielder,https://s3.eu-west-1.amazonaws.com/image.mpg/2025-empt-430-125x125.png
l1_championship_player_2023_12_52480,2023,52480,213940,Ludovic,Blas,1997-12-31,Réunion,REU,,l1_championship_club_2023_12,,3,,https://s3.eu-west-1.amazonaws.com/image.mpg/2025-empt-430-125x125.png
l1_championship_player_2023_14_52480,2023,52480,213940,Ludovic,Blas,1997-12-31,France,FRA,left,l1_championship_club_2023_14,11,3,leftWinger,https://s3.eu-west-1.amazonaws.com/image.mpg/2025-empt-150-125x125.png
l1_championship_player_2024_14_52480,2024,52480,213940,Ludovic,Blas,1997-12-31,France,FRA,left,l1_championship_club_2024_14,10,3,centralMidfielder,https://s3.eu-west-1.amazonaws.com/image.mpg/2025-empt-150-125x125.png
l1_championship_player_2013_31_40204,2013,40204,442264,Mahdi,Camara,1998-06-30,Réunion,REU,,l1_championship_club_2013_31,45,,,https://s3.eu-west-3.amazonaws.com/ligue1.image/players/defaultAssets/152_facePicturesNB-125x125.png
l1_championship_player_2014_31_40204,2014,40204,442264,Mahdi,Camara,1998-06-30,Réunion,REU,,l1_championship_club_2014_31,45,,,https://s3.eu-west-3.amazonaws.com/ligue1.image/players/defaultAssets/152_facePicturesNB-125x125.png
l1_championship_player_2015_31_40204,2015,40204,442264,Mahdi,Camara,1998-06-30,Réunion,REU,,l1_championship_club_2015_31,45,,,https://s3.eu-west-3.amazonaws.com/ligue1.image/players/defaultAssets/152_facePicturesNB-125x125.png
l1_championship_player_2016_31_40204,2016,40204,442264,Mahdi,Camara,1998-06-30,Réunion,REU,,l1_championship_club_2016_31,45,3,,https://s3.eu-west-3.amazonaws.com/ligue1.image/players/defaultAssets/152_facePicturesNB-125x125.png
l1_championship_player_2017_31_40204,2017,40204,442264,Mahdi,Camara,1998-06-30,France,FRA,right,l1_championship_club_2017_31,8,3,centralMidfielder,https://s3.eu-west-1.amazonaws.com/image.mpg/2025-empt-152-125x125.png
l1_championship_player_2018_31_40204,2018,40204,442264,Mahdi,Camara,1998-06-30,Réunion,REU,,l1_championship_club_2018_31,,3,,https://s3.eu-west-1.amazonaws.com/image.mpg/2025-empt-152-125x125.png
l1_championship_player_2019_31_40204,2019,40204,442264,Mahdi,Camara,1998-06-30,Réunion,REU,,l1_championship_club_2019_31,8,3,,https://s3.eu-west-1.amazonaws.com/image.mpg/2025-empt-152-125x125.png
l1_championship_player_2020_31_40204,2020,40204,442264,Mahdi,Camara,1998-06-30,Réunion,REU,,l1_championship_club_2020_31,8,3,,https://s3.eu-west-1.amazonaws.com/image.mpg/2025-empt-152-125x125.png
l1_championship_player_2021_31_40204,2021,40204,442264,Mahdi,Camara,1998-06-30,France,FRA,right,l1_championship_club_2021_31,8,3,centralMidfielder,https://s3.eu-west-1.amazonaws.com/image.mpg/2025-empt-152-125x125.png
l1_championship_player_2022_44_40204,2022,40204,442264,Mahdi,Camara,1998-06-30,France,FRA,right,l1_championship_club_2022_44,45,3,centralMidfielder,https://s3.eu-west-1.amazonaws.com/image.mpg/2025-empt-862-125x125.png
l1_championship_player_2023_44_40204,2023,40204,442264,Mahdi,Camara,1998-06-30,France,FRA,right,l1_championship_club_2023_44,45,3,centralMidfielder,https://s3.eu-west-1.amazonaws.com/image.mpg/2025-empt-862-125x125.png
l1_championship_player_2024_44_40204,2024,40204,442264,Mahdi,Camara,1998-06-30,France,FRA,right,l1_championship_club_2024_44,45,3,centralMidfielder,https://s3.eu-west-1.amazonaws.com/image.mpg/2025-empt-862-125x125.png
l1_championship_player_2025_44_40204,2025,40204,442264,Mahdi,Camara,1998-06-30,France,FRA,right,l1_championship_club_2025_44,45,3,centralMidfielder,https://s3.eu-west-1.amazonaws.com/image.mpg/2025-empt-862-125x125.png
l1_championship_player_2019_14_80554,2019,80554,606701,Djaoui,Cisse,2004-01-31,Réunion,REU,,l1_championship_club_2019_14,,,,https://s3.eu-west-1.amazonaws.com/image.mpg/2025-empt-150-125x125.png
l1_championship_player_2020_14_80554,2020,80554,606701,Djaoui,Cisse,2004-01-31,Réunion,REU,,l1_championship_club_2020_14,,,,https://s3.eu-west-1.amazonaws.com/image.mpg/2025-empt-150-125x125.png
l1_championship_player_2021_14_80554,2021,80554,606701,Djaoui,Cisse,2004-01-31,Réunion,REU,,l1_championship_club_2021_14,,,,https://s3.eu-west-1.amazonaws.com/image.mpg/2025-empt-150-125x125.png
l1_championship_player_2024_14_80554,2024,80554,606701,Djaoui,Cisse,2004-01-31,France,FRA,right,l1_championship_club_2024_14,38,3,centralMidfielder,https://s3.eu-west-1.amazonaws.com/image.mpg/2025-empt-150-125x125.png
l1_championship_player_2024_14_103607,2024,103607,153134,Glen,Kamara,1995-10-28,Finland,FIN,right,l1_championship_club_2024_14,4,3,defensiveMidfielder,https://s3.eu-west-1.amazonaws.com/image.mpg/2025-empt-150-125x125.png
l1_championship_player_2020_14_84357,2020,84357,725071,Paolo,Limon,2005-12-05,Réunion,REU,,l1_championship_club_2020_14,,,,https://s3.eu-west-1.amazonaws.com/image.mpg/2025-empt-150-125x125.png
l1_championship_player_2021_14_84357,2021,84357,725071,Paolo,Limon,2005-12-05,Réunion,REU,,l1_championship_club_2021_14,,,,https://s3.eu-west-1.amazonaws.com/image.mpg/2025-empt-150-125x125.png
l1_championship_player_2018_12_83140,2018,83140,531003,Quentin,Merlin,2002-05-16,Réunion,REU,,l1_championship_club_2018_12,,,,https://s3.eu-west-1.amazonaws.com/image.mpg/2025-empt-430-125x125.png
l1_championship_player_2019_12_83140,2019,83140,531003,Quentin,Merlin,2002-05-16,Réunion,REU,,l1_championship_club_2019_12,,3,,https://s3.eu-west-1.amazonaws.com/image.mpg/2025-empt-430-125x125.png
l1_championship_player_2020_12_83140,2020,83140,531003,Quentin,Merlin,2002-05-16,Réunion,REU,,l1_championship_club_2020_12,,3,,https://s3.eu-west-1.amazonaws.com/image.mpg/2025-empt-430-125x125.png
l1_championship_player_2021_12_83140,2021,83140,531003,Quentin,Merlin,2002-05-16,France,FRA,left,l1_championship_club_2021_12,29,3,leftWinger,https://s3.eu-west-1.amazonaws.com/image.mpg/2025-empt-430-125x125.png
l1_championship_player_2022_12_83140,2022,83140,531003,Quentin,Merlin,2002-05-16,France,FRA,left,l1_championship_club_2022_12,29,3,leftWinger,https://s3.eu-west-1.amazonaws.com/image.mpg/2025-empt-430-125x125.png
l1_championship_player_2023_1_83140,2023,83140,531003,Quentin,Merlin,2002-05-16,France,FRA,left,l1_championship_club_2023_1,3,2,leftWingBack,https://s3.eu-west-1.amazonaws.com/image.mpg/2025-empt-144-125x125.png
l1_championship_player_2023_12_83140,2023,83140,531003,Quentin,Merlin,2002-05-16,Réunion,REU,,l1_championship_club_2023_12,29,2,,https://s3.eu-west-1.amazonaws.com/image.mpg/2025-empt-430-125x125.png
l1_championship_player_2024_1_83140,2024,83140,531003,Quentin,Merlin,2002-05-16,France,FRA,left,l1_championship_club_2024_1,3,2,leftWingBack,https://s3.eu-west-1.amazonaws.com/image.mpg/2025-empt-144-125x125.png
l1_championship_player_2025_1_83140,2025,83140,531003,Quentin,Merlin,2002-05-16,France,FRA,left,l1_championship_club_2025_1,26,2,leftWingBack,https://s3.eu-west-1.amazonaws.com/image.mpg/2025-empt-144-125x125.png
l1_championship_player_2021_14_86564,2021,86564,705932,Nordan,Mukiele,2006-02-12,Réunion,REU,,l1_championship_club_2021_14,,,,https://s3.eu-west-1.amazonaws.com/image.mpg/2025-empt-150-125x125.png
l1_championship_player_2024_14_86564,2024,86564,705932,Nordan,Mukiele,2006-02-12,Réunion,REU,,l1_championship_club_2024_14,54,4,,https://s3.eu-west-1.amazonaws.com/image.mpg/2025-empt-150-125x125.png
l1_championship_player_2013_12_38582,2013,38582,193539,Valentin,Rongier,1994-12-07,Réunion,REU,,l1_championship_club_2013_12,,3,,https://s3.eu-west-1.amazonaws.com/image.mpg/2025-empt-430-125x125.png
l1_championship_player_2014_12_38582,2014,38582,193539,Valentin,Rongier,1994-12-07,Réunion,REU,,l1_championship_club_2014_12,28,3,,https://s3.eu-west-1.amazonaws.com/image.mpg/2025-empt-430-125x125.png
l1_championship_player_2015_12_38582,2015,38582,193539,Valentin,Rongier,1994-12-07,Réunion,REU,,l1_championship_club_2015_12,28,3,,https://s3.eu-west-1.amazonaws.com/image.mpg/2025-empt-430-125x125.png
l1_championship_player_2016_12_38582,2016,38582,193539,Valentin,Rongier,1994-12-07,Réunion,REU,,l1_championship_club_2016_12,28,3,,https://s3.eu-west-1.amazonaws.com/image.mpg/2025-empt-430-125x125.png
l1_championship_player_2017_12_38582,2017,38582,193539,Valentin,Rongier,1994-12-07,France,FRA,right,l1_championship_club_2017_12,28,3,defensiveMidfielder,https://s3.eu-west-1.amazonaws.com/image.mpg/2025-empt-430-125x125.png
l1_championship_player_2018_12_38582,2018,38582,193539,Valentin,Rongier,1994-12-07,Réunion,REU,,l1_championship_club_2018_12,28,,,https://s3.eu-west-1.amazonaws.com/image.mpg/2025-empt-430-125x125.png
l1_championship_player_2019_1_38582,2019,38582,193539,Valentin,Rongier,1994-12-07,Réunion,REU,,l1_championship_club_2019_1,21,3,,https://s3.eu-west-1.amazonaws.com/image.mpg/2025-empt-144-125x125.png
l1_championship_player_2019_12_38582,2019,38582,193539,Valentin,Rongier,1994-12-07,Réunion,REU,,l1_championship_club_2019_12,,3,,https://s3.eu-west-1.amazonaws.com/image.mpg/2025-empt-430-125x125.png
l1_championship_player_2020_1_38582,2020,38582,193539,Valentin,Rongier,1994-12-07,Réunion,REU,,l1_championship_club_2020_1,21,3,,https://s3.eu-west-1.amazonaws.com/image.mpg/2025-empt-144-125x125.png
l1_championship_player_2021_1_38582,2021,38582,193539,Valentin,Rongier,1994-12-07,France,FRA,right,l1_championship_club_2021_1,21,3,defensiveMidfielder,https://s3.eu-west-1.amazonaws.com/image.mpg/2025-empt-144-125x125.png
l1_championship_player_2022_1_38582,2022,38582,193539,Valentin,Rongier,1994-12-07,France,FRA,right,l1_championship_club_2022_1,21,3,defensiveMidfielder,https://s3.eu-west-1.amazonaws.com/image.mpg/2025-empt-144-125x125.png
l1_championship_player_2023_1_38582,2023,38582,193539,Valentin,Rongier,1994-12-07,France,FRA,right,l1_championship_club_2023_1,21,3,defensiveMidfielder,https://s3.eu-west-1.amazonaws.com/image.mpg/2025-empt-144-125x125.png
l1_championship_player_2024_1_38582,2024,38582,193539,Valentin,Rongier,1994-12-07,France,FRA,right,l1_championship_club_2024_1,21,3,defensiveMidfielder,https://s3.eu-west-1.amazonaws.com/image.mpg/2025-empt-144-125x125.png
l1_championship_player_2025_1_38582,2025,38582,193539,Valentin,Rongier,1994-12-07,France,FRA,right,l1_championship_club_2025_1,21,3,defensiveMidfielder,https://s3.eu-west-1.amazonaws.com/image.mpg/2025-empt-144-125x125.png
l1_championship_player_2023_10_101002,2023,101002,426342,Mousa,Al-Tamari,1997-06-10,Jordan,JOR,left,l1_championship_club_2023_10,9,3,winger,https://s3.eu-west-1.amazonaws.com/image.mpg/2025-empt-147-125x125.png
l1_championship_player_2024_10_101002,2024,101002,426342,Mousa,Al-Tamari,1997-06-10,Jordan,JOR,left,l1_championship_club_2024_10,9,4,winger,https://s3.eu-west-1.amazonaws.com/image.mpg/2025-empt-147-125x125.png
l1_championship_player_2024_14_101002,2024,101002,426342,Mousa,Al-Tamari,1997-06-10,Jordan,JOR,left,l1_championship_club_2024_14,11,4,winger,https://s3.eu-west-1.amazonaws.com/image.mpg/2025-empt-150-125x125.png
l1_championship_player_2021_14_86774,2021,86774,684058,Henrick,Do Marcolino,2006-03-21,Réunion,REU,,l1_championship_club_2021_14,,,,https://s3.eu-west-1.amazonaws.com/image.mpg/2025-empt-150-125x125.png
l1_championship_player_2022_9_99014,2022,99014,181007,Breel,Embolo,1997-02-14,Switzerland,CHE,right,l1_championship_club_2022_9,36,4,striker,https://s3.eu-west-1.amazonaws.com/image.mpg/2025-empt-146-125x125.png
l1_championship_player_2023_9_99014,2023,99014,181007,Breel,Embolo,1997-02-14,Switzerland,CHE,right,l1_championship_club_2023_9,36,4,striker,https://s3.eu-west-1.amazonaws.com/image.mpg/2025-empt-146-125x125.png
l1_championship_player_2024_9_99014,2024,99014,181007,Breel,Embolo,1997-02-14,Switzerland,CHE,right,l1_championship_club_2024_9,36,4,striker,https://s3.eu-west-1.amazonaws.com/image.mpg/2025-empt-146-125x125.png
l1_championship_player_2025_9_99014,2025,99014,181007,Breel,Embolo,1997-02-14,Switzerland,CHE,right,l1_championship_club_2025_9,7,4,striker,https://s3.eu-west-3.amazonaws.com/ligue1.image/players/2025/all/player_official_2025_146_181007-125x125.png
l1_championship_player_2015_159_67548,2015,67548,468658,Estéban,Lepaul,2000-04-18,Réunion,REU,,l1_championship_club_2015_159,,,,https://s3.eu-west-1.amazonaws.com/image.mpg/2025-empt-143-125x125.png
l1_championship_player_2016_159_67548,2016,67548,468658,Estéban,Lepaul,2000-04-18,Réunion,REU,,l1_championship_club_2016_159,,,,https://s3.eu-west-1.amazonaws.com/image.mpg/2025-empt-143-125x125.png
l1_championship_player_2017_159_67548,2017,67548,468658,Estéban,Lepaul,2000-04-18,Réunion,REU,,l1_championship_club_2017_159,,,,https://s3.eu-west-1.amazonaws.com/image.mpg/2025-empt-143-125x125.png
l1_championship_player_2018_159_67548,2018,67548,468658,Estéban,Lepaul,2000-04-18,Réunion,REU,,l1_championship_club_2018_159,,4,,https://s3.eu-west-1.amazonaws.com/image.mpg/2025-empt-143-125x125.png
l1_championship_player_2019_159_67548,2019,67548,468658,Estéban,Lepaul,2000-04-18,Réunion,REU,,l1_championship_club_2019_159,,4,,https://s3.eu-west-1.amazonaws.com/image.mpg/2025-empt-143-125x125.png
l1_championship_player_2023_37_67548,2023,67548,468658,Estéban,Lepaul,2000-04-18,France,FRA,right,l1_championship_club_2023_37,19,4,striker,https://s3.eu-west-1.amazonaws.com/image.mpg/2025-empt-2128-125x125.png
l1_championship_player_2024_37_67548,2024,67548,468658,Estéban,Lepaul,2000-04-18,France,FRA,right,l1_championship_club_2024_37,19,4,striker,https://s3.eu-west-1.amazonaws.com/image.mpg/2025-empt-2128-125x125.png
l1_championship_player_2025_37_67548,2025,67548,468658,Estéban,Lepaul,2000-04-18,France,FRA,right,l1_championship_club_2025_37,19,4,striker,https://s3.eu-west-3.amazonaws.com/ligue1.image/players/2025/all/player_official_2025_2128_468658-125x125.png
l1_championship_player_2013_31_51819,2013,51819,235050,Arnaud,Nordin,1998-06-17,Réunion,REU,,l1_championship_club_2013_31,,,,https://s3.eu-west-3.amazonaws.com/ligue1.image/players/defaultAssets/152_facePicturesNB-125x125.png
l1_championship_player_2014_31_51819,2014,51819,235050,Arnaud,Nordin,1998-06-17,Réunion,REU,,l1_championship_club_2014_31,,,,https://s3.eu-west-3.amazonaws.com/ligue1.image/players/defaultAssets/152_facePicturesNB-125x125.png
l1_championship_player_2015_31_51819,2015,51819,235050,Arnaud,Nordin,1998-06-17,Réunion,REU,,l1_championship_club_2015_31,,,,https://s3.eu-west-3.amazonaws.com/ligue1.image/players/defaultAssets/152_facePicturesNB-125x125.png
l1_championship_player_2016_31_51819,2016,51819,235050,Arnaud,Nordin,1998-06-17,Réunion,REU,,l1_championship_club_2016_31,,4,,https://s3.eu-west-3.amazonaws.com/ligue1.image/players/defaultAssets/152_facePicturesNB-125x125.png
l1_championship_player_2017_31_51819,2017,51819,235050,Arnaud,Nordin,1998-06-17,France,FRA,left,l1_championship_club_2017_31,26,4,leftWinger,https://s3.eu-west-1.amazonaws.com/image.mpg/2025-empt-152-125x125.png
l1_championship_player_2017_11_51819,2017,51819,235050,Arnaud,Nordin,1998-06-17,Réunion,REU,,l1_championship_club_2017_11,10,,,https://s3.eu-west-1.amazonaws.com/image.mpg/2025-empt-148-125x125.png
l1_championship_player_2018_31_51819,2018,51819,235050,Arnaud,Nordin,1998-06-17,Réunion,REU,,l1_championship_club_2018_31,18,4,,https://s3.eu-west-1.amazonaws.com/image.mpg/2025-empt-152-125x125.png
l1_championship_player_2019_31_51819,2019,51819,235050,Arnaud,Nordin,1998-06-17,Réunion,REU,,l1_championship_club_2019_31,18,4,,https://s3.eu-west-1.amazonaws.com/image.mpg/2025-empt-152-125x125.png
l1_championship_player_2020_31_51819,2020,51819,235050,Arnaud,Nordin,1998-06-17,Réunion,REU,,l1_championship_club_2020_31,18,4,,https://s3.eu-west-1.amazonaws.com/image.mpg/2025-empt-152-125x125.png
l1_championship_player_2021_31_51819,2021,51819,235050,Arnaud,Nordin,1998-06-17,France,FRA,left,l1_championship_club_2021_31,18,4,leftWinger,https://s3.eu-west-1.amazonaws.com/image.mpg/2025-empt-152-125x125.png
l1_championship_player_2022_10_51819,2022,51819,235050,Arnaud,Nordin,1998-06-17,France,FRA,left,l1_championship_club_2022_10,7,4,leftWinger,https://s3.eu-west-1.amazonaws.com/image.mpg/2025-empt-147-125x125.png
l1_championship_player_2023_10_51819,2023,51819,235050,Arnaud,Nordin,1998-06-17,France,FRA,left,l1_championship_club_2023_10,7,4,leftWinger,https://s3.eu-west-1.amazonaws.com/image.mpg/2025-empt-147-125x125.png
l1_championship_player_2024_10_51819,2024,51819,235050,Arnaud,Nordin,1998-06-17,France,FRA,left,l1_championship_club_2024_10,7,4,leftWinger,https://s3.eu-west-1.amazonaws.com/image.mpg/2025-empt-147-125x125.png
l1_championship_player_2025_10_51819,2025,51819,235050,Arnaud,Nordin,1998-06-17,Réunion,REU,,l1_championship_club_2025_10,,4,,https://s3.eu-west-1.amazonaws.com/image.mpg/2025-empt-147-125x125.png
l1_championship_player_2017_31_76869,2017,76869,242878,Stéfan,Bajic,2001-12-23,France,FRA,right,l1_championship_club_2017_31,1,1,goalkeeper,https://s3.eu-west-1.amazonaws.com/image.mpg/2025-empt-152-125x125.png
l1_championship_player_2018_31_76869,2018,76869,242878,Stéfan,Bajic,2001-12-23,Réunion,REU,,l1_championship_club_2018_31,50,1,,https://s3.eu-west-1.amazonaws.com/image.mpg/2025-empt-152-125x125.png
l1_championship_player_2019_31_76869,2019,76869,242878,Stéfan,Bajic,2001-12-23,Réunion,REU,,l1_championship_club_2019_31,40,1,,https://s3.eu-west-1.amazonaws.com/image.mpg/2025-empt-152-125x125.png
l1_championship_player_2020_31_76869,2020,76869,242878,Stéfan,Bajic,2001-12-23,Réunion,REU,,l1_championship_club_2020_31,1,1,,https://s3.eu-west-1.amazonaws.com/image.mpg/2025-empt-152-125x125.png
l1_championship_player_2021_31_76869,2021,76869,242878,Stéfan,Bajic,2001-12-23,Réunion,REU,,l1_championship_club_2021_31,1,1,,https://s3.eu-west-1.amazonaws.com/image.mpg/2025-empt-152-125x125.png
l1_championship_player_2022_68_76869,2022,76869,242878,Stéfan,Bajic,2001-12-23,France,FRA,right,l1_championship_club_2022_68,1,1,goalkeeper,https://s3.eu-west-1.amazonaws.com/image.mpg/68494634-38f4-4935-b478-50c75e8d8ae6
l1_championship_player_2016_24_78369,2016,78369,61741,Karl-Johan,Johnsson,1990-01-28,,,,l1_championship_club_2016_24,1,1,,https://s3.eu-west-3.amazonaws.com/ligue1.image/players/defaultAssets/428_facePicturesNB-125x125.png
l1_championship_player_2017_24_78369,2017,78369,61741,Karl-Johan,Johnsson,1990-01-28,Sweden,SWE,right,l1_championship_club_2017_24,1,1,goalkeeper,https://s3.eu-west-1.amazonaws.com/image.mpg/2025-empt-428-125x125.png
l1_championship_player_2018_24_78369,2018,78369,61741,Karl-Johan,Johnsson,1990-01-28,,,,l1_championship_club_2018_24,1,1,,https://s3.eu-west-3.amazonaws.com/ligue1.image/players/defaultAssets/428_facePicturesNB-125x125.png
l1_championship_player_2023_4_78369,2023,78369,61741,Karl-Johan,Johnsson,1990-01-28,Sweden,SWE,right,l1_championship_club_2023_4,1,1,goalkeeper,https://s3.eu-west-1.amazonaws.com/image.mpg/68494634-38f4-4935-b478-50c75e8d8ae6
l1_championship_player_2024_15_78369,2024,78369,61741,Karl-Johan,Johnsson,1990-01-28,Sweden,SWE,right,l1_championship_club_2024_15,30,1,goalkeeper,https://s3.eu-west-1.amazonaws.com/image.mpg/2025-empt-153-125x125.png
l1_championship_player_2024_4_78369,2024,78369,61741,Karl-Johan,Johnsson,1990-01-28,Sweden,SWE,right,l1_championship_club_2024_4,1,1,goalkeeper,https://s3.eu-west-1.amazonaws.com/image.mpg/68494634-38f4-4935-b478-50c75e8d8ae6
l1_championship_player_2025_26_90432,2025,90432,680675,Amadou,Cisse,2006-02-27,Guinea,GIN,right,l1_championship_club_2025_26,4,2,centralDefender,https://s3.eu-west-3.amazonaws.com/ligue1.image/players/2025/all/player_official_2025_920_680675-125x125.png
l1_championship_player_2017_14_81244,2017,81244,503720,Guéla,Doue,2002-10-17,Réunion,REU,,l1_championship_club_2017_14,,,,https://s3.eu-west-1.amazonaws.com/image.mpg/2025-empt-150-125x125.png
l1_championship_player_2018_14_81244,2018,81244,503720,Guéla,Doue,2002-10-17,Réunion,REU,,l1_championship_club_2018_14,,,,https://s3.eu-west-1.amazonaws.com/image.mpg/2025-empt-150-125x125.png
l1_championship_player_2019_14_81244,2019,81244,503720,Guéla,Doue,2002-10-17,Réunion,REU,,l1_championship_club_2019_14,,,,https://s3.eu-west-1.amazonaws.com/image.mpg/2025-empt-150-125x125.png
l1_championship_player_2020_14_81244,2020,81244,503720,Guéla,Doue,2002-10-17,Réunion,REU,,l1_championship_club_2020_14,,2,,https://s3.eu-west-1.amazonaws.com/image.mpg/2025-empt-150-125x125.png
l1_championship_player_2021_14_81244,2021,81244,503720,Guéla,Doue,2002-10-17,Réunion,REU,,l1_championship_club_2021_14,,2,,https://s3.eu-west-1.amazonaws.com/image.mpg/2025-empt-150-125x125.png
l1_championship_player_2022_14_81244,2022,81244,503720,Guéla,Doue,2002-10-17,Côte d'Ivoire,CIV,right,l1_championship_club_2022_14,31,2,rightWingBack,https://s3.eu-west-1.amazonaws.com/image.mpg/2025-empt-150-125x125.png
l1_championship_player_2023_14_81244,2023,81244,503720,Guéla,Doue,2002-10-17,Côte d'Ivoire,CIV,right,l1_championship_club_2023_14,17,2,rightWingBack,https://s3.eu-west-1.amazonaws.com/image.mpg/2025-empt-150-125x125.png
l1_championship_player_2024_14_81244,2024,81244,503720,Guéla,Doue,2002-10-17,Côte d'Ivoire,CIV,both,l1_championship_club_2024_14,17,2,rightWingBack,https://s3.eu-west-1.amazonaws.com/image.mpg/2025-empt-150-125x125.png
l1_championship_player_2024_15_81244,2024,81244,503720,Guéla,Doue,2002-10-17,Côte d'Ivoire,CIV,right,l1_championship_club_2024_15,22,2,rightWingBack,https://s3.eu-west-1.amazonaws.com/image.mpg/2025-empt-153-125x125.png
l1_championship_player_2021_15_84409,2021,84409,511975,Ismaël,Doukoure,2003-07-24,France,FRA,right,l1_championship_club_2021_15,29,2,centralDefender,https://s3.eu-west-1.amazonaws.com/image.mpg/2025-empt-153-125x125.png
l1_championship_player_2022_15_84409,2022,84409,511975,Ismaël,Doukoure,2003-07-24,France,FRA,right,l1_championship_club_2022_15,29,2,centralDefender,https://s3.eu-west-1.amazonaws.com/image.mpg/2025-empt-153-125x125.png
l1_championship_player_2023_15_84409,2023,84409,511975,Ismaël,Doukoure,2003-07-24,France,FRA,right,l1_championship_club_2023_15,29,2,centralDefender,https://s3.eu-west-1.amazonaws.com/image.mpg/2025-empt-153-125x125.png
l1_championship_player_2024_15_84409,2024,84409,511975,Ismaël,Doukoure,2003-07-24,France,FRA,right,l1_championship_club_2024_15,29,2,centralDefender,https://s3.eu-west-1.amazonaws.com/image.mpg/2025-empt-153-125x125.png
l1_championship_player_2024_15_104405,2024,104405,466404,Andrew,Omobamidele,2002-06-23,Republic of Ireland,IRL,right,l1_championship_club_2024_15,2,2,centralDefender,https://s3.eu-west-1.amazonaws.com/image.mpg/2025-empt-153-125x125.png
l1_championship_player_2021_31_86651,2021,86651,609640,Mathis,Amougou,2006-01-18,Réunion,REU,,l1_championship_club_2021_31,,,,https://s3.eu-west-1.amazonaws.com/image.mpg/2025-empt-152-125x125.png
l1_championship_player_2022_31_86651,2022,86651,609640,Mathis,Amougou,2006-01-18,Réunion,REU,,l1_championship_club_2022_31,,4,,https://s3.eu-west-1.amazonaws.com/image.mpg/2025-empt-152-125x125.png
l1_championship_player_2023_31_86651,2023,86651,609640,Mathis,Amougou,2006-01-18,France,FRA,right,l1_championship_club_2023_31,46,4,centralMidfielder,https://s3.eu-west-1.amazonaws.com/image.mpg/2025-empt-152-125x125.png
l1_championship_player_2024_31_86651,2024,86651,609640,Mathis,Amougou,2006-01-18,France,FRA,right,l1_championship_club_2024_31,37,3,centralMidfielder,https://s3.eu-west-1.amazonaws.com/image.mpg/2025-empt-152-125x125.png
l1_championship_player_2025_31_86651,2025,86651,609640,Mathis,Amougou,2006-01-18,Réunion,REU,,l1_championship_club_2025_31,,3,,https://s3.eu-west-1.amazonaws.com/image.mpg/2025-empt-152-125x125.png
l1_championship_player_2024_15_104435,2024,104435,543158,Valentin,Barco,2004-07-23,Argentina,ARG,left,l1_championship_club_2024_15,32,2,leftWingBack,https://s3.eu-west-1.amazonaws.com/image.mpg/2025-empt-153-125x125.png
l1_championship_player_2024_15_100380,2024,100380,643307,Samir,El Mourabet,2005-10-06,Morocco,MAR,left,l1_championship_club_2024_15,39,3,centralMidfielder,https://s3.eu-west-1.amazonaws.com/image.mpg/2025-empt-153-125x125.png
l1_championship_player_2023_159_101736,2023,101736,491011,Diego,Moreira,2004-08-06,Portugal,PRT,,l1_championship_club_2023_159,,4,,https://s3.eu-west-1.amazonaws.com/image.mpg/2025-empt-143-125x125.png
l1_championship_player_2024_15_101736,2024,101736,491011,Diego,Moreira,2004-08-06,Belgium,BEL,left,l1_championship_club_2024_15,7,4,winger,https://s3.eu-west-1.amazonaws.com/image.mpg/2025-empt-153-125x125.png
l1_championship_player_2024_159_101736,2024,101736,491011,Diego,Moreira,2004-08-06,Portugal,PRT,,l1_championship_club_2024_159,,4,,https://s3.eu-west-1.amazonaws.com/image.mpg/2025-empt-143-125x125.png
l1_championship_player_2019_4_88871,2019,88871,578052,Junior,Mwanga,2003-05-11,Réunion,REU,,l1_championship_club_2019_4,23,,,https://s3.eu-west-3.amazonaws.com/ligue1.image/players/defaultAssets/default_facePicturesNB-125x125.png
l1_championship_player_2020_4_88871,2020,88871,578052,Junior,Mwanga,2003-05-11,Réunion,REU,,l1_championship_club_2020_4,23,,,https://s3.eu-west-3.amazonaws.com/ligue1.image/players/defaultAssets/default_facePicturesNB-125x125.png
l1_championship_player_2021_4_88871,2021,88871,578052,Junior,Mwanga,2003-05-11,France,FRA,both,l1_championship_club_2021_4,80,2,centralDefender,https://s3.eu-west-1.amazonaws.com/image.mpg/68494634-38f4-4935-b478-50c75e8d8ae6
l1_championship_player_2023_15_88871,2023,88871,578052,Junior,Mwanga,2003-05-11,France,FRA,both,l1_championship_club_2023_15,18,3,defensiveMidfielder,https://s3.eu-west-1.amazonaws.com/image.mpg/2025-empt-153-125x125.png
l1_championship_player_2024_5_88871,2024,88871,578052,Junior,Mwanga,2003-05-11,France,FRA,both,l1_championship_club_2024_5,23,2,defensiveMidfielder,https://s3.eu-west-1.amazonaws.com/image.mpg/2025-empt-141-125x125.png
l1_championship_player_2024_15_88871,2024,88871,578052,Junior,Mwanga,2003-05-11,France,FRA,both,l1_championship_club_2024_15,18,3,defensiveMidfielder,https://s3.eu-west-1.amazonaws.com/image.mpg/2025-empt-153-125x125.png
l1_championship_player_2025_5_88871,2025,88871,578052,Junior,Mwanga,2003-05-11,France,FRA,both,l1_championship_club_2025_5,23,3,defensiveMidfielder,https://s3.eu-west-1.amazonaws.com/image.mpg/2025-empt-141-125x125.png
l1_championship_player_2025_12_88871,2025,88871,578052,Junior,Mwanga,2003-05-11,France,FRA,both,l1_championship_club_2025_12,80,3,defensiveMidfielder,https://s3.eu-west-3.amazonaws.com/ligue1.image/players/2025/all/player_official_2025_430_578052-125x125.png
l1_championship_player_2020_15_86909,2020,86909,572584,Abdoul,Ouattara,2005-10-22,Côte d'Ivoire,CIV,,l1_championship_club_2020_15,,,,https://s3.eu-west-1.amazonaws.com/image.mpg/2025-empt-153-125x125.png
l1_championship_player_2021_15_86909,2021,86909,572584,Abdoul,Ouattara,2005-10-22,Côte d'Ivoire,CIV,right,l1_championship_club_2021_15,42,3,attackingMidfielder,https://s3.eu-west-1.amazonaws.com/image.mpg/2025-empt-153-125x125.png
l1_championship_player_2023_15_86909,2023,86909,572584,Abdoul,Ouattara,2005-10-22,Côte d'Ivoire,CIV,right,l1_championship_club_2023_15,42,4,attackingMidfielder,https://s3.eu-west-1.amazonaws.com/image.mpg/2025-empt-153-125x125.png
l1_championship_player_2024_15_86909,2024,86909,572584,Abdoul,Ouattara,2005-10-22,Côte d'Ivoire,CIV,right,l1_championship_club_2024_15,42,4,attackingMidfielder,https://s3.eu-west-1.amazonaws.com/image.mpg/2025-empt-153-125x125.png
l1_championship_player_2024_48_102031,2024,102031,645598,Gessime,Yassine,2005-11-22,Morocco,MAR,left,l1_championship_club_2024_48,80,3,striker,https://s3.eu-west-1.amazonaws.com/image.mpg/2025-empt-3288-125x125.png
l1_championship_player_2025_48_102031,2025,102031,645598,Gessime,Yassine,2005-11-22,Morocco,MAR,left,l1_championship_club_2025_48,80,4,striker,https://s3.eu-west-3.amazonaws.com/ligue1.image/players/2025/all/player_official_2025_3288_645598-125x125.png
l1_championship_player_2024_15_104444,2024,104444,499724,Samuel,Amo-Ameyaw,2006-07-18,England,ENG,left,l1_championship_club_2024_15,27,4,winger,https://s3.eu-west-1.amazonaws.com/image.mpg/2025-empt-153-125x125.png
l1_championship_player_2023_15_101362,2023,101362,503037,Emmanuel,Emegha,2003-02-03,Netherlands,NLD,both,l1_championship_club_2023_15,10,4,striker,https://s3.eu-west-1.amazonaws.com/image.mpg/2025-empt-153-125x125.png
l1_championship_player_2024_15_101362,2024,101362,503037,Emmanuel,Emegha,2003-02-03,Netherlands,NLD,both,l1_championship_club_2024_15,10,4,striker,https://s3.eu-west-1.amazonaws.com/image.mpg/2025-empt-153-125x125.png
l1_championship_player_2024_15_103999,2024,103999,484405,Sebastian,Nanasi,2002-05-16,Sweden,SWE,right,l1_championship_club_2024_15,15,4,centralMidfielder,https://s3.eu-west-1.amazonaws.com/image.mpg/2025-empt-153-125x125.png
l1_championship_player_2024_15_98456,2024,98456,692203,Idrissa,Sabaly,2007-11-23,Réunion,REU,,l1_championship_club_2024_15,,4,,https://s3.eu-west-1.amazonaws.com/image.mpg/2025-empt-153-125x125.png
l1_championship_player_2023_16_101394,2023,101394,439750,Alex,Dominguez,1998-07-30,Spain,ESP,left,l1_championship_club_2023_16,30,1,goalkeeper,https://s3.eu-west-1.amazonaws.com/image.mpg/2025-empt-427-125x125.png
l1_championship_player_2024_16_101394,2024,101394,439750,Alex,Dominguez,1998-07-30,Spain,ESP,left,l1_championship_club_2024_16,30,1,goalkeeper,https://s3.eu-west-1.amazonaws.com/image.mpg/2025-empt-427-125x125.png
l1_championship_player_2022_16_98512,2022,98512,198242,Kjetil,Haug,1998-06-12,Norway,NOR,right,l1_championship_club_2022_16,16,1,goalkeeper,https://s3.eu-west-1.amazonaws.com/image.mpg/2025-empt-427-125x125.png
l1_championship_player_2023_16_98512,2023,98512,198242,Kjetil,Haug,1998-06-12,Norway,NOR,right,l1_championship_club_2023_16,16,1,goalkeeper,https://s3.eu-west-1.amazonaws.com/image.mpg/2025-empt-427-125x125.png
l1_championship_player_2024_16_98512,2024,98512,198242,Kjetil,Haug,1998-06-12,Norway,NOR,right,l1_championship_club_2024_16,16,1,goalkeeper,https://s3.eu-west-1.amazonaws.com/image.mpg/2025-empt-427-125x125.png
l1_championship_player_2021_16_84101,2021,84101,546172,Guillaume,Restes,2005-03-11,France,FRA,left,l1_championship_club_2021_16,50,1,goalkeeper,https://s3.eu-west-1.amazonaws.com/image.mpg/2025-empt-427-125x125.png
l1_championship_player_2022_16_84101,2022,84101,546172,Guillaume,Restes,2005-03-11,France,FRA,left,l1_championship_club_2022_16,50,1,goalkeeper,https://s3.eu-west-1.amazonaws.com/image.mpg/2025-empt-427-125x125.png
l1_championship_player_2023_16_84101,2023,84101,546172,Guillaume,Restes,2005-03-11,France,FRA,left,l1_championship_club_2023_16,50,1,goalkeeper,https://s3.eu-west-1.amazonaws.com/image.mpg/2025-empt-427-125x125.png
l1_championship_player_2024_16_84101,2024,84101,546172,Guillaume,Restes,2005-03-11,France,FRA,left,l1_championship_club_2024_16,50,1,goalkeeper,https://s3.eu-west-1.amazonaws.com/image.mpg/2025-empt-427-125x125.png
l1_championship_player_2024_16_103736,2024,103736,492373,Charlie,Cresswell,2002-08-17,England,ENG,right,l1_championship_club_2024_16,4,2,centralDefender,https://s3.eu-west-1.amazonaws.com/image.mpg/2025-empt-427-125x125.png
l1_championship_player_2021_16_86605,2021,86605,638409,Thibaud-Dorian,Garondo,2006-01-12,,,,l1_championship_club_2021_16,,2,,https://s3.eu-west-1.amazonaws.com/image.mpg/2025-empt-427-125x125.png
l1_championship_player_2022_16_100547,2022,100547,490971,Warren,Kamanzi,2000-11-11,Norway,NOR,right,l1_championship_club_2022_16,12,2,rightWingBack,https://s3.eu-west-1.amazonaws.com/image.mpg/2025-empt-427-125x125.png
l1_championship_player_2023_16_100547,2023,100547,490971,Warren,Kamanzi,2000-11-11,Norway,NOR,right,l1_championship_club_2023_16,12,2,rightWingBack,https://s3.eu-west-1.amazonaws.com/image.mpg/2025-empt-427-125x125.png
l1_championship_player_2024_16_100547,2024,100547,490971,Warren,Kamanzi,2000-11-11,Norway,NOR,right,l1_championship_club_2024_16,12,2,rightWingBack,https://s3.eu-west-1.amazonaws.com/image.mpg/2025-empt-427-125x125.png
l1_championship_player_2024_16_103900,2024,103900,201401,Mark,Mckenzie,1999-02-25,USA,USA,right,l1_championship_club_2024_16,3,2,centralDefender,https://s3.eu-west-1.amazonaws.com/image.mpg/2025-empt-427-125x125.png
l1_championship_player_2024_16_93199,2024,93199,638411,Dayann,Methalie,2006-02-15,France,FRA,left,l1_championship_club_2024_16,24,2,centralDefender,https://s3.eu-west-1.amazonaws.com/image.mpg/2025-empt-427-125x125.png
l1_championship_player_2021_16_94783,2021,94783,228955,Rasmus,Nicolaisen,1997-03-16,Denmark,DNK,left,l1_championship_club_2021_16,2,2,centralDefender,https://s3.eu-west-1.amazonaws.com/image.mpg/2025-empt-427-125x125.png
l1_championship_player_2022_16_94783,2022,94783,228955,Rasmus,Nicolaisen,1997-03-16,Denmark,DNK,left,l1_championship_club_2022_16,2,2,centralDefender,https://s3.eu-west-1.amazonaws.com/image.mpg/2025-empt-427-125x125.png
l1_championship_player_2023_16_94783,2023,94783,228955,Rasmus,Nicolaisen,1997-03-16,Denmark,DNK,left,l1_championship_club_2023_16,2,2,centralDefender,https://s3.eu-west-1.amazonaws.com/image.mpg/2025-empt-427-125x125.png
l1_championship_player_2024_16_94783,2024,94783,228955,Rasmus,Nicolaisen,1997-03-16,Denmark,DNK,left,l1_championship_club_2024_16,2,2,centralDefender,https://s3.eu-west-1.amazonaws.com/image.mpg/2025-empt-427-125x125.png
l1_championship_player_2012_33_26588,2012,26588,102747,Djibril,Sidibe,1992-07-29,Réunion,REU,,l1_championship_club_2012_33,25,2,,https://s3.eu-west-3.amazonaws.com/ligue1.image/players/defaultAssets/154_facePicturesNB-125x125.png
l1_championship_player_2012_158_26588,2012,26588,102747,Djibril,Sidibe,1992-07-29,Réunion,REU,,l1_championship_club_2012_158,15,2,,https://s3.eu-west-1.amazonaws.com/image.mpg/2025-empt-429-125x125.png
l1_championship_player_2013_158_26588,2013,26588,102747,Djibril,Sidibe,1992-07-29,Réunion,REU,,l1_championship_club_2013_158,15,2,,https://s3.eu-west-1.amazonaws.com/image.mpg/2025-empt-429-125x125.png
l1_championship_player_2014_158_26588,2014,26588,102747,Djibril,Sidibe,1992-07-29,Réunion,REU,,l1_championship_club_2014_158,15,2,,https://s3.eu-west-1.amazonaws.com/image.mpg/2025-empt-429-125x125.png
l1_championship_player_2015_158_26588,2015,26588,102747,Djibril,Sidibe,1992-07-29,Réunion,REU,,l1_championship_club_2015_158,19,4,,https://s3.eu-west-1.amazonaws.com/image.mpg/2025-empt-429-125x125.png
l1_championship_player_2016_9_26588,2016,26588,102747,Djibril,Sidibe,1992-07-29,Réunion,REU,,l1_championship_club_2016_9,19,2,,https://s3.eu-west-3.amazonaws.com/ligue1.image/players/defaultAssets/146_facePicturesNB-125x125.png
l1_championship_player_2017_9_26588,2017,26588,102747,Djibril,Sidibe,1992-07-29,France,FRA,right,l1_championship_club_2017_9,19,2,rightWingBack,https://s3.eu-west-1.amazonaws.com/image.mpg/2025-empt-146-125x125.png
l1_championship_player_2018_9_26588,2018,26588,102747,Djibril,Sidibe,1992-07-29,Réunion,REU,,l1_championship_club_2018_9,19,2,,https://s3.eu-west-1.amazonaws.com/image.mpg/2025-empt-146-125x125.png
l1_championship_player_2019_9_26588,2019,26588,102747,Djibril,Sidibe,1992-07-29,Réunion,REU,,l1_championship_club_2019_9,,2,,https://s3.eu-west-1.amazonaws.com/image.mpg/2025-empt-146-125x125.png
l1_championship_player_2020_9_26588,2020,26588,102747,Djibril,Sidibe,1992-07-29,Réunion,REU,,l1_championship_club_2020_9,29,2,,https://s3.eu-west-1.amazonaws.com/image.mpg/2025-empt-146-125x125.png
l1_championship_player_2021_9_26588,2021,26588,102747,Djibril,Sidibe,1992-07-29,France,FRA,right,l1_championship_club_2021_9,19,2,rightWingBack,https://s3.eu-west-1.amazonaws.com/image.mpg/2025-empt-146-125x125.png
l1_championship_player_2024_16_26588,2024,26588,102747,Djibril,Sidibe,1992-07-29,France,FRA,right,l1_championship_club_2024_16,19,2,rightWingBack,https://s3.eu-west-1.amazonaws.com/image.mpg/2025-empt-427-125x125.png
l1_championship_player_2019_16_84646,2019,84646,584865,Nicolas,Wasbauer,2004-07-04,Réunion,REU,,l1_championship_club_2019_16,,,,https://s3.eu-west-1.amazonaws.com/image.mpg/2025-empt-427-125x125.png
l1_championship_player_2024_16_84646,2024,84646,584865,Nicolas,Wasbauer,2004-07-04,France,FRA,,l1_championship_club_2024_16,27,2,centralDefender,https://s3.eu-west-1.amazonaws.com/image.mpg/2025-empt-427-125x125.png
l1_championship_player_2023_16_101540,2023,101540,446090,Cristian,Casseres Jr,2000-01-20,Venezuela,VEN,right,l1_championship_club_2023_16,24,3,centralMidfielder,https://s3.eu-west-1.amazonaws.com/image.mpg/2025-empt-427-125x125.png
l1_championship_player_2024_16_101540,2024,101540,446090,Cristian,Casseres Jr,2000-01-20,Venezuela,VEN,right,l1_championship_club_2024_16,23,3,centralMidfielder,https://s3.eu-west-1.amazonaws.com/image.mpg/2025-empt-427-125x125.png
l1_championship_player_2025_15_105335,2025,105335,601946,Demba,Diop,2003-09-04,Senegal,SEN,,l1_championship_club_2025_15,21,3,centralMidfielder,https://s3.eu-west-3.amazonaws.com/ligue1.image/players/2025/all/player_official_2025_153_601946-125x125.png
l1_championship_player_2016_14_62357,2016,62357,242893,Yann,Gboho,2001-01-14,Réunion,REU,,l1_championship_club_2016_14,,,,https://s3.eu-west-1.amazonaws.com/image.mpg/2025-empt-150-125x125.png
l1_championship_player_2017_14_62357,2017,62357,242893,Yann,Gboho,2001-01-14,Réunion,REU,,l1_championship_club_2017_14,,,,https://s3.eu-west-1.amazonaws.com/image.mpg/2025-empt-150-125x125.png
l1_championship_player_2018_14_62357,2018,62357,242893,Yann,Gboho,2001-01-14,Réunion,REU,,l1_championship_club_2018_14,,3,,https://s3.eu-west-1.amazonaws.com/image.mpg/2025-empt-150-125x125.png
l1_championship_player_2019_14_62357,2019,62357,242893,Yann,Gboho,2001-01-14,Réunion,REU,,l1_championship_club_2019_14,,3,,https://s3.eu-west-1.amazonaws.com/image.mpg/2025-empt-150-125x125.png
l1_championship_player_2020_14_62357,2020,62357,242893,Yann,Gboho,2001-01-14,Réunion,REU,,l1_championship_club_2020_14,19,3,,https://s3.eu-west-1.amazonaws.com/image.mpg/2025-empt-150-125x125.png
l1_championship_player_2021_14_62357,2021,62357,242893,Yann,Gboho,2001-01-14,France,FRA,right,l1_championship_club_2021_14,,4,attackingMidfielder,https://s3.eu-west-1.amazonaws.com/image.mpg/2025-empt-150-125x125.png
l1_championship_player_2022_14_62357,2022,62357,242893,Yann,Gboho,2001-01-14,Réunion,REU,,l1_championship_club_2022_14,,3,,https://s3.eu-west-1.amazonaws.com/image.mpg/2025-empt-150-125x125.png
l1_championship_player_2023_16_62357,2023,62357,242893,Yann,Gboho,2001-01-14,France,FRA,right,l1_championship_club_2023_16,37,4,attackingMidfielder,https://s3.eu-west-1.amazonaws.com/image.mpg/2025-empt-427-125x125.png
l1_championship_player_2024_16_62357,2024,62357,242893,Yann,Gboho,2001-01-14,France,FRA,right,l1_championship_club_2024_16,10,4,attackingMidfielder,https://s3.eu-west-1.amazonaws.com/image.mpg/2025-empt-427-125x125.png
l1_championship_player_2021_16_84000,2021,84000,606700,Noah,Lahmadi,2005-01-05,,,,,,,,https://s3.eu-west-3.amazonaws.com/ligue1.image/players/defaultAssets/427_facePicturesNB-125x125.png
l1_championship_player_2023_16_84000,2023,84000,606700,Noah,Lahmadi,2005-01-05,France,FRA,right,l1_championship_club_2023_16,34,3,centralMidfielder,https://s3.eu-west-1.amazonaws.com/image.mpg/2025-empt-427-125x125.png
l1_championship_player_2024_16_84000,2024,84000,606700,Noah,Lahmadi,2005-01-05,France,FRA,right,l1_championship_club_2024_16,34,3,centralMidfielder,https://s3.eu-west-1.amazonaws.com/image.mpg/2025-empt-427-125x125.png
l1_championship_player_2018_16_80032,2018,80032,656314,Rafik,Messali,2003-04-28,Réunion,REU,,l1_championship_club_2018_16,,,,https://s3.eu-west-1.amazonaws.com/image.mpg/2025-empt-427-125x125.png
l1_championship_player_2019_16_80032,2019,80032,656314,Rafik,Messali,2003-04-28,Réunion,REU,,l1_championship_club_2019_16,,,,https://s3.eu-west-1.amazonaws.com/image.mpg/2025-empt-427-125x125.png
l1_championship_player_2021_16_80032,2021,80032,656314,Rafik,Messali,2003-04-28,Réunion,REU,,l1_championship_club_2021_16,,4,,https://s3.eu-west-1.amazonaws.com/image.mpg/2025-empt-427-125x125.png
l1_championship_player_2024_16_80032,2024,80032,656314,Rafik,Messali,2003-04-28,Algeria,DZA,right,l1_championship_club_2024_16,22,3,centralMidfielder,https://s3.eu-west-1.amazonaws.com/image.mpg/2025-empt-427-125x125.png
l1_championship_player_2024_16_104681,2024,104681,539135,Mario,Sauer,2004-05-15,,,,l1_championship_club_2024_16,,3,,https://s3.eu-west-1.amazonaws.com/image.mpg/2025-empt-427-125x125.png
l1_championship_player_2023_16_101719,2023,101719,247417,Aron,Donnum,1998-04-20,Norway,NOR,left,l1_championship_club_2023_16,15,3,centralMidfielder,https://s3.eu-west-1.amazonaws.com/image.mpg/2025-empt-427-125x125.png
l1_championship_player_2024_16_101719,2024,101719,247417,Aron,Donnum,1998-04-20,Norway,NOR,left,l1_championship_club_2024_16,15,4,centralMidfielder,https://s3.eu-west-1.amazonaws.com/image.mpg/2025-empt-427-125x125.png
l1_championship_player_2021_33_97007,2021,97007,632586,Enzo,Parent-El Fattahi,2003-07-09,Réunion,REU,,l1_championship_club_2021_33,,2,,https://s3.eu-west-1.amazonaws.com/image.mpg/2025-empt-154-125x125.png
l1_championship_player_2017_37_79939,2017,79939,564579,Frank,Magri,1999-09-04,Réunion,REU,,l1_championship_club_2017_37,,4,,https://s3.eu-west-1.amazonaws.com/image.mpg/2025-empt-2128-125x125.png
l1_championship_player_2018_37_79939,2018,79939,564579,Frank,Magri,1999-09-04,Réunion,REU,,l1_championship_club_2018_37,,4,,https://s3.eu-west-1.amazonaws.com/image.mpg/2025-empt-2128-125x125.png
l1_championship_player_2023_16_79939,2023,79939,564579,Frank,Magri,1999-09-04,Cameroon,CMR,right,l1_championship_club_2023_16,19,4,striker,https://s3.eu-west-1.amazonaws.com/image.mpg/2025-empt-427-125x125.png
l1_championship_player_2024_16_79939,2024,79939,564579,Frank,Magri,1999-09-04,Cameroon,CMR,right,l1_championship_club_2024_16,9,4,striker,https://s3.eu-west-1.amazonaws.com/image.mpg/2025-empt-427-125x125.png
l1_championship_player_2014_33_52965,2014,52965,231875,Yehvann,Diouf,1999-11-16,Réunion,REU,,l1_championship_club_2014_33,,,,https://s3.eu-west-1.amazonaws.com/image.mpg/2025-empt-154-125x125.png
l1_championship_player_2015_33_52965,2015,52965,231875,Yehvann,Diouf,1999-11-16,Réunion,REU,,l1_championship_club_2015_33,94,,,https://s3.eu-west-3.amazonaws.com/ligue1.image/players/defaultAssets/154_facePicturesNB-125x125.png
l1_championship_player_2016_33_52965,2016,52965,231875,Yehvann,Diouf,1999-11-16,Réunion,REU,,l1_championship_club_2016_33,40,1,,https://s3.eu-west-1.amazonaws.com/image.mpg/2025-empt-154-125x125.png
l1_championship_player_2017_33_52965,2017,52965,231875,Yehvann,Diouf,1999-11-16,Senegal,SEN,right,l1_championship_club_2017_33,40,1,goalkeeper,https://s3.eu-west-1.amazonaws.com/image.mpg/2025-empt-154-125x125.png
l1_championship_player_2018_33_52965,2018,52965,231875,Yehvann,Diouf,1999-11-16,Réunion,REU,,l1_championship_club_2018_33,40,1,,https://s3.eu-west-1.amazonaws.com/image.mpg/2025-empt-154-125x125.png
l1_championship_player_2019_41_52965,2019,52965,231875,Yehvann,Diouf,1999-11-16,Réunion,REU,,l1_championship_club_2019_41,30,1,,https://s3.eu-west-1.amazonaws.com/image.mpg/2025-empt-1423-125x125.png
l1_championship_player_2020_41_52965,2020,52965,231875,Yehvann,Diouf,1999-11-16,Réunion,REU,,l1_championship_club_2020_41,16,1,,https://s3.eu-west-1.amazonaws.com/image.mpg/2025-empt-1423-125x125.png
l1_championship_player_2021_41_52965,2021,52965,231875,Yehvann,Diouf,1999-11-16,Senegal,SEN,right,l1_championship_club_2021_41,16,1,goalkeeper,https://s3.eu-west-1.amazonaws.com/image.mpg/2025-empt-1423-125x125.png
l1_championship_player_2022_41_52965,2022,52965,231875,Yehvann,Diouf,1999-11-16,France,FRA,right,l1_championship_club_2022_41,94,1,goalkeeper,https://s3.eu-west-1.amazonaws.com/image.mpg/2025-empt-1423-125x125.png
l1_championship_player_2023_41_52965,2023,52965,231875,Yehvann,Diouf,1999-11-16,Senegal,SEN,right,l1_championship_club_2023_41,94,1,goalkeeper,https://s3.eu-west-1.amazonaws.com/image.mpg/2025-empt-1423-125x125.png
l1_championship_player_2024_41_52965,2024,52965,231875,Yehvann,Diouf,1999-11-16,Senegal,SEN,right,l1_championship_club_2024_41,94,1,goalkeeper,https://s3.eu-west-1.amazonaws.com/image.mpg/2025-empt-1423-125x125.png
l1_championship_player_2025_41_52965,2025,52965,231875,Yehvann,Diouf,1999-11-16,Senegal,SEN,right,l1_championship_club_2025_41,94,1,goalkeeper,https://s3.eu-west-1.amazonaws.com/image.mpg/2025-empt-1423-125x125.png
l1_championship_player_2008_12_29031,2008,29031,97288,Maxime,Dupe,1993-03-04,Réunion,REU,,l1_championship_club_2008_12,,,,https://s3.eu-west-1.amazonaws.com/image.mpg/2025-empt-430-125x125.png
l1_championship_player_2013_12_29031,2013,29031,97288,Maxime,Dupe,1993-03-04,Réunion,REU,,l1_championship_club_2013_12,30,1,,https://s3.eu-west-1.amazonaws.com/image.mpg/2025-empt-430-125x125.png
l1_championship_player_2014_12_29031,2014,29031,97288,Maxime,Dupe,1993-03-04,Réunion,REU,,l1_championship_club_2014_12,30,1,,https://s3.eu-west-1.amazonaws.com/image.mpg/2025-empt-430-125x125.png
l1_championship_player_2015_12_29031,2015,29031,97288,Maxime,Dupe,1993-03-04,Réunion,REU,,l1_championship_club_2015_12,30,,,https://s3.eu-west-1.amazonaws.com/image.mpg/2025-empt-430-125x125.png
l1_championship_player_2016_12_29031,2016,29031,97288,Maxime,Dupe,1993-03-04,Réunion,REU,,l1_championship_club_2016_12,30,,,https://s3.eu-west-1.amazonaws.com/image.mpg/2025-empt-430-125x125.png
l1_championship_player_2017_12_29031,2017,29031,97288,Maxime,Dupe,1993-03-04,France,FRA,right,l1_championship_club_2017_12,1,1,goalkeeper,https://s3.eu-west-1.amazonaws.com/image.mpg/2025-empt-430-125x125.png
l1_championship_player_2018_12_29031,2018,29031,97288,Maxime,Dupe,1993-03-04,Réunion,REU,,l1_championship_club_2018_12,1,,,https://s3.eu-west-1.amazonaws.com/image.mpg/2025-empt-430-125x125.png
l1_championship_player_2019_12_29031,2019,29031,97288,Maxime,Dupe,1993-03-04,Réunion,REU,,l1_championship_club_2019_12,,1,,https://s3.eu-west-1.amazonaws.com/image.mpg/2025-empt-430-125x125.png
l1_championship_player_2022_16_29031,2022,29031,97288,Maxime,Dupe,1993-03-04,France,FRA,right,l1_championship_club_2022_16,30,1,goalkeeper,https://s3.eu-west-1.amazonaws.com/image.mpg/2025-empt-427-125x125.png
l1_championship_player_2023_30_29031,2023,29031,97288,Maxime,Dupe,1993-03-04,France,FRA,right,l1_championship_club_2023_30,31,1,goalkeeper,https://s3.eu-west-1.amazonaws.com/image.mpg/2025-empt-1395-125x125.png
l1_championship_player_2024_30_29031,2024,29031,97288,Maxime,Dupe,1993-03-04,France,FRA,right,l1_championship_club_2024_30,31,1,goalkeeper,https://s3.eu-west-1.amazonaws.com/image.mpg/2025-empt-1395-125x125.png
l1_championship_player_2021_30_95645,2021,95645,629808,Bartosz,Zelazowski,2005-04-25,Poland,POL,,l1_championship_club_2021_30,,,,https://s3.eu-west-1.amazonaws.com/image.mpg/2025-empt-1395-125x125.png
l1_championship_player_2024_30_104039,2024,104039,510136,Mohamed,Abdelmonem,1999-02-01,Egypt,EGY,right,l1_championship_club_2024_30,5,2,centralDefender,https://s3.eu-west-1.amazonaws.com/image.mpg/2025-empt-1395-125x125.png
l1_championship_player_2019_90_88734,2019,88734,245485,Ali,Abdi,1993-12-20,Tunisia,TUN,,l1_championship_club_2019_90,2,2,,https://s3.eu-west-3.amazonaws.com/ligue1.image/players/defaultAssets/2338_facePicturesNB-125x125.png
l1_championship_player_2020_90_88734,2020,88734,245485,Ali,Abdi,1993-12-20,Tunisia,TUN,,l1_championship_club_2020_90,2,2,,https://s3.eu-west-3.amazonaws.com/ligue1.image/players/defaultAssets/2338_facePicturesNB-125x125.png
l1_championship_player_2021_20_88734,2021,88734,245485,Ali,Abdi,1993-12-20,Tunisia,TUN,left,l1_championship_club_2021_20,25,2,centralDefender,https://s3.eu-west-1.amazonaws.com/image.mpg/assets/players/cdcac60e-c751-4b5e-afda-63b8a06daf29
l1_championship_player_2022_20_88734,2022,88734,245485,Ali,Abdi,1993-12-20,Tunisia,TUN,left,l1_championship_club_2022_20,2,2,centralDefender,https://s3.eu-west-1.amazonaws.com/image.mpg/assets/players/cdcac60e-c751-4b5e-afda-63b8a06daf29
l1_championship_player_2023_20_88734,2023,88734,245485,Ali,Abdi,1993-12-20,Tunisia,TUN,left,l1_championship_club_2023_20,2,2,centralDefender,https://s3.eu-west-1.amazonaws.com/image.mpg/assets/players/cdcac60e-c751-4b5e-afda-63b8a06daf29
l1_championship_player_2024_30_88734,2024,88734,245485,Ali,Abdi,1993-12-20,Tunisia,TUN,left,l1_championship_club_2024_30,2,2,leftWingBack,https://s3.eu-west-1.amazonaws.com/image.mpg/2025-empt-1395-125x125.png
l1_championship_player_2024_20_88734,2024,88734,245485,Ali,Abdi,1993-12-20,Tunisia,TUN,left,l1_championship_club_2024_20,2,2,centralDefender,https://s3.eu-west-1.amazonaws.com/image.mpg/assets/players/cdcac60e-c751-4b5e-afda-63b8a06daf29
l1_championship_player_2024_6_104420,2024,104420,632880,Juma,Bah,2006-04-11,Sierra Leone,SLE,right,l1_championship_club_2024_6,27,2,centralDefender,https://s3.eu-west-1.amazonaws.com/image.mpg/2025-empt-142-125x125.png
l1_championship_player_2025_6_104420,2025,104420,632880,Juma,Bah,2006-04-11,Sierra Leone,SLE,,l1_championship_club_2025_6,27,2,,https://s3.eu-west-1.amazonaws.com/image.mpg/2025-empt-142-125x125.png
l1_championship_player_2017_159_78302,2017,78302,437497,Melvin,Bard,2000-11-06,Réunion,REU,,l1_championship_club_2017_159,,,,https://s3.eu-west-1.amazonaws.com/image.mpg/2025-empt-143-125x125.png
l1_championship_player_2018_159_78302,2018,78302,437497,Melvin,Bard,2000-11-06,Réunion,REU,,l1_championship_club_2018_159,,2,,https://s3.eu-west-1.amazonaws.com/image.mpg/2025-empt-143-125x125.png
l1_championship_player_2019_159_78302,2019,78302,437497,Melvin,Bard,2000-11-06,Réunion,REU,,l1_championship_club_2019_159,31,2,,https://s3.eu-west-1.amazonaws.com/image.mpg/2025-empt-143-125x125.png
l1_championship_player_2020_159_78302,2020,78302,437497,Melvin,Bard,2000-11-06,Réunion,REU,,l1_championship_club_2020_159,26,2,,https://s3.eu-west-1.amazonaws.com/image.mpg/2025-empt-143-125x125.png
l1_championship_player_2021_30_78302,2021,78302,437497,Melvin,Bard,2000-11-06,France,FRA,left,l1_championship_club_2021_30,26,2,leftWingBack,https://s3.eu-west-1.amazonaws.com/image.mpg/2025-empt-1395-125x125.png
l1_championship_player_2021_159_78302,2021,78302,437497,Melvin,Bard,2000-11-06,Réunion,REU,,l1_championship_club_2021_159,,,,https://s3.eu-west-1.amazonaws.com/image.mpg/2025-empt-143-125x125.png
l1_championship_player_2022_30_78302,2022,78302,437497,Melvin,Bard,2000-11-06,France,FRA,left,l1_championship_club_2022_30,26,2,leftWingBack,https://s3.eu-west-1.amazonaws.com/image.mpg/2025-empt-1395-125x125.png
l1_championship_player_2023_30_78302,2023,78302,437497,Melvin,Bard,2000-11-06,France,FRA,left,l1_championship_club_2023_30,26,2,leftWingBack,https://s3.eu-west-1.amazonaws.com/image.mpg/2025-empt-1395-125x125.png
l1_championship_player_2024_30_78302,2024,78302,437497,Melvin,Bard,2000-11-06,France,FRA,left,l1_championship_club_2024_30,26,2,leftWingBack,https://s3.eu-west-1.amazonaws.com/image.mpg/2025-empt-1395-125x125.png
l1_championship_player_2024_30_103944,2024,103944,611560,Moïse,Bombito,2000-03-30,Canada,CAN,right,l1_championship_club_2024_30,64,2,centralDefender,https://s3.eu-west-1.amazonaws.com/image.mpg/2025-empt-1395-125x125.png
l1_championship_player_2020_6_18101,2020,18101,221095,Jonathan,Clauss,1992-09-25,Réunion,REU,,l1_championship_club_2020_6,11,2,,https://s3.eu-west-1.amazonaws.com/image.mpg/2025-empt-142-125x125.png
l1_championship_player_2021_6_18101,2021,18101,221095,Jonathan,Clauss,1992-09-25,France,FRA,right,l1_championship_club_2021_6,11,2,rightWinger,https://s3.eu-west-1.amazonaws.com/image.mpg/2025-empt-142-125x125.png
l1_championship_player_2022_1_18101,2022,18101,221095,Jonathan,Clauss,1992-09-25,France,FRA,right,l1_championship_club_2022_1,7,2,rightWingBack,https://s3.eu-west-1.amazonaws.com/image.mpg/2025-empt-144-125x125.png
l1_championship_player_2022_6_18101,2022,18101,221095,Jonathan,Clauss,1992-09-25,Réunion,REU,,l1_championship_club_2022_6,,2,,https://s3.eu-west-1.amazonaws.com/image.mpg/2025-empt-142-125x125.png
l1_championship_player_2023_1_18101,2023,18101,221095,Jonathan,Clauss,1992-09-25,France,FRA,right,l1_championship_club_2023_1,7,2,rightWingBack,https://s3.eu-west-1.amazonaws.com/image.mpg/2025-empt-144-125x125.png
l1_championship_player_2024_1_18101,2024,18101,221095,Jonathan,Clauss,1992-09-25,France,FRA,right,l1_championship_club_2024_1,7,2,rightWingBack,https://s3.eu-west-1.amazonaws.com/image.mpg/2025-empt-144-125x125.png
l1_championship_player_2024_30_18101,2024,18101,221095,Jonathan,Clauss,1992-09-25,France,FRA,right,l1_championship_club_2024_30,92,2,rightWingBack,https://s3.eu-west-1.amazonaws.com/image.mpg/2025-empt-1395-125x125.png
l1_championship_player_2016_30_4050,2016,4050,26894,Dante,Costa Santos,1983-10-18,Réunion,REU,,l1_championship_club_2016_30,31,2,,https://s3.eu-west-1.amazonaws.com/image.mpg/2025-empt-1395-125x125.png
l1_championship_player_2017_30_4050,2017,4050,26894,Dante,Costa Santos,1983-10-18,Brazil,BRA,left,l1_championship_club_2017_30,31,2,centralDefender,https://s3.eu-west-1.amazonaws.com/image.mpg/2025-empt-1395-125x125.png
l1_championship_player_2018_30_4050,2018,4050,26894,Dante,Costa Santos,1983-10-18,Réunion,REU,,l1_championship_club_2018_30,31,2,,https://s3.eu-west-1.amazonaws.com/image.mpg/2025-empt-1395-125x125.png
l1_championship_player_2019_30_4050,2019,4050,26894,Dante,Costa Santos,1983-10-18,Réunion,REU,,l1_championship_club_2019_30,4,2,,https://s3.eu-west-1.amazonaws.com/image.mpg/2025-empt-1395-125x125.png
l1_championship_player_2020_30_4050,2020,4050,26894,Dante,Costa Santos,1983-10-18,Réunion,REU,,l1_championship_club_2020_30,4,2,,https://s3.eu-west-1.amazonaws.com/image.mpg/2025-empt-1395-125x125.png
l1_championship_player_2021_30_4050,2021,4050,26894,Dante,Costa Santos,1983-10-18,Brazil,BRA,left,l1_championship_club_2021_30,4,2,centralDefender,https://s3.eu-west-1.amazonaws.com/image.mpg/2025-empt-1395-125x125.png
l1_championship_player_2022_30_4050,2022,4050,26894,Dante,Costa Santos,1983-10-18,Brazil,BRA,left,l1_championship_club_2022_30,4,2,centralDefender,https://s3.eu-west-1.amazonaws.com/image.mpg/2025-empt-1395-125x125.png
l1_championship_player_2023_30_4050,2023,4050,26894,Dante,Costa Santos,1983-10-18,Brazil,BRA,left,l1_championship_club_2023_30,4,2,centralDefender,https://s3.eu-west-1.amazonaws.com/image.mpg/2025-empt-1395-125x125.png
l1_championship_player_2024_30_4050,2024,4050,26894,Dante,Costa Santos,1983-10-18,Brazil,BRA,left,l1_championship_club_2024_30,4,2,centralDefender,https://s3.eu-west-1.amazonaws.com/image.mpg/2025-empt-1395-125x125.png
l1_championship_player_2019_30_80642,2019,80642,538452,Antoine,Mendy,2004-05-27,Réunion,REU,,l1_championship_club_2019_30,,,,https://s3.eu-west-1.amazonaws.com/image.mpg/2025-empt-1395-125x125.png
l1_championship_player_2020_30_80642,2020,80642,538452,Antoine,Mendy,2004-05-27,Réunion,REU,,l1_championship_club_2020_30,,,,https://s3.eu-west-1.amazonaws.com/image.mpg/2025-empt-1395-125x125.png
l1_championship_player_2021_30_80642,2021,80642,538452,Antoine,Mendy,2004-05-27,Senegal,SEN,right,l1_championship_club_2021_30,33,2,rightWingBack,https://s3.eu-west-1.amazonaws.com/image.mpg/2025-empt-1395-125x125.png
l1_championship_player_2022_30_80642,2022,80642,538452,Antoine,Mendy,2004-05-27,France,FRA,right,l1_championship_club_2022_30,33,2,rightWingBack,https://s3.eu-west-1.amazonaws.com/image.mpg/2025-empt-1395-125x125.png
l1_championship_player_2023_30_80642,2023,80642,538452,Antoine,Mendy,2004-05-27,Senegal,SEN,right,l1_championship_club_2023_30,33,2,rightWingBack,https://s3.eu-west-1.amazonaws.com/image.mpg/2025-empt-1395-125x125.png
l1_championship_player_2024_30_80642,2024,80642,538452,Antoine,Mendy,2004-05-27,Senegal,SEN,right,l1_championship_club_2024_30,33,2,rightWingBack,https://s3.eu-west-1.amazonaws.com/image.mpg/2025-empt-1395-125x125.png
l1_championship_player_2022_30_100603,2022,100603,420566,Youssouf,Ndayishimiye,1998-10-27,Burundi,BDI,right,l1_championship_club_2022_30,55,2,centralMidfielder,https://s3.eu-west-1.amazonaws.com/image.mpg/2025-empt-1395-125x125.png
l1_championship_player_2024_30_100603,2024,100603,420566,Youssouf,Ndayishimiye,1998-10-27,Burundi,BDI,right,l1_championship_club_2024_30,55,3,centralMidfielder,https://s3.eu-west-1.amazonaws.com/image.mpg/2025-empt-1395-125x125.png
l1_championship_player_2023_30_100603,2023,100603,420566,Youssouf,Ndayishimiye,1998-10-27,Burundi,BDI,right,l1_championship_club_2023_30,55,2,centralMidfielder,https://s3.eu-west-1.amazonaws.com/image.mpg/2025-empt-1395-125x125.png
l1_championship_player_2021_40_88969,2021,88969,488284,Salis,Abdul Samed,2000-03-26,Ghana,GHA,right,l1_championship_club_2021_40,19,3,defensiveMidfielder,https://s3.eu-west-1.amazonaws.com/image.mpg/2025-empt-1983-125x125.png
l1_championship_player_2022_6_88969,2022,88969,488284,Salis,Abdul Samed,2000-03-26,Ghana,GHA,right,l1_championship_club_2022_6,26,3,defensiveMidfielder,https://s3.eu-west-1.amazonaws.com/image.mpg/2025-empt-142-125x125.png
l1_championship_player_2023_6_88969,2023,88969,488284,Salis,Abdul Samed,2000-03-26,Ghana,GHA,right,l1_championship_club_2023_6,6,3,defensiveMidfielder,https://s3.eu-west-1.amazonaws.com/image.mpg/2025-empt-142-125x125.png
l1_championship_player_2024_6_88969,2024,88969,488284,Salis,Abdul Samed,2000-03-26,Ghana,GHA,right,l1_championship_club_2024_6,26,4,defensiveMidfielder,https://s3.eu-west-1.amazonaws.com/image.mpg/2025-empt-142-125x125.png
l1_championship_player_2025_6_88969,2025,88969,488284,Salis,Abdul Samed,2000-03-26,Ghana,GHA,right,l1_championship_club_2025_6,99,3,defensiveMidfielder,https://s3.eu-west-1.amazonaws.com/image.mpg/2025-empt-142-125x125.png
l1_championship_player_2019_30_89873,2019,89873,480779,Hicham,Boudaoui,1999-09-23,Algeria,DZA,,l1_championship_club_2019_30,28,3,,https://s3.eu-west-1.amazonaws.com/image.mpg/2025-empt-1395-125x125.png
l1_championship_player_2020_30_89873,2020,89873,480779,Hicham,Boudaoui,1999-09-23,Algeria,DZA,,l1_championship_club_2020_30,28,3,,https://s3.eu-west-1.amazonaws.com/image.mpg/2025-empt-1395-125x125.png
l1_championship_player_2021_30_89873,2021,89873,480779,Hicham,Boudaoui,1999-09-23,Algeria,DZA,right,l1_championship_club_2021_30,28,3,centralMidfielder,https://s3.eu-west-1.amazonaws.com/image.mpg/2025-empt-1395-125x125.png
l1_championship_player_2022_30_89873,2022,89873,480779,Hicham,Boudaoui,1999-09-23,Algeria,DZA,right,l1_championship_club_2022_30,28,3,centralMidfielder,https://s3.eu-west-1.amazonaws.com/image.mpg/2025-empt-1395-125x125.png
l1_championship_player_2023_30_89873,2023,89873,480779,Hicham,Boudaoui,1999-09-23,Algeria,DZA,right,l1_championship_club_2023_30,28,3,centralMidfielder,https://s3.eu-west-1.amazonaws.com/image.mpg/2025-empt-1395-125x125.png
l1_championship_player_2024_30_89873,2024,89873,480779,Hicham,Boudaoui,1999-09-23,Algeria,DZA,right,l1_championship_club_2024_30,6,3,centralMidfielder,https://s3.eu-west-1.amazonaws.com/image.mpg/2025-empt-1395-125x125.png
l1_championship_player_2015_14_56749,2015,56749,460267,Sofiane,Diop,2000-06-09,Réunion,REU,,l1_championship_club_2015_14,,,,https://s3.eu-west-1.amazonaws.com/image.mpg/2025-empt-150-125x125.png
l1_championship_player_2016_14_56749,2016,56749,460267,Sofiane,Diop,2000-06-09,Réunion,REU,,l1_championship_club_2016_14,,,,https://s3.eu-west-1.amazonaws.com/image.mpg/2025-empt-150-125x125.png
l1_championship_player_2017_14_56749,2017,56749,460267,Sofiane,Diop,2000-06-09,Réunion,REU,,l1_championship_club_2017_14,,,,https://s3.eu-west-1.amazonaws.com/image.mpg/2025-empt-150-125x125.png
l1_championship_player_2018_9_56749,2018,56749,460267,Sofiane,Diop,2000-06-09,Réunion,REU,,l1_championship_club_2018_9,36,4,,https://s3.eu-west-1.amazonaws.com/image.mpg/2025-empt-146-125x125.png
l1_championship_player_2019_9_56749,2019,56749,460267,Sofiane,Diop,2000-06-09,Réunion,REU,,l1_championship_club_2019_9,36,4,,https://s3.eu-west-1.amazonaws.com/image.mpg/2025-empt-146-125x125.png
l1_championship_player_2020_9_56749,2020,56749,460267,Sofiane,Diop,2000-06-09,Réunion,REU,,l1_championship_club_2020_9,37,4,,https://s3.eu-west-1.amazonaws.com/image.mpg/2025-empt-146-125x125.png
l1_championship_player_2021_9_56749,2021,56749,460267,Sofiane,Diop,2000-06-09,Morocco,MAR,right,l1_championship_club_2021_9,37,4,attackingMidfielder,https://s3.eu-west-1.amazonaws.com/image.mpg/2025-empt-146-125x125.png
l1_championship_player_2022_9_56749,2022,56749,460267,Sofiane,Diop,2000-06-09,Réunion,REU,,l1_championship_club_2022_9,,4,,https://s3.eu-west-1.amazonaws.com/image.mpg/2025-empt-146-125x125.png
l1_championship_player_2022_30_56749,2022,56749,460267,Sofiane,Diop,2000-06-09,Morocco,MAR,right,l1_championship_club_2022_30,10,4,centralMidfielder,https://s3.eu-west-1.amazonaws.com/image.mpg/2025-empt-1395-125x125.png
l1_championship_player_2023_30_56749,2023,56749,460267,Sofiane,Diop,2000-06-09,Morocco,MAR,right,l1_championship_club_2023_30,10,4,centralMidfielder,https://s3.eu-west-1.amazonaws.com/image.mpg/2025-empt-1395-125x125.png
l1_championship_player_2024_30_56749,2024,56749,460267,Sofiane,Diop,2000-06-09,Morocco,MAR,right,l1_championship_club_2024_30,10,4,centralMidfielder,https://s3.eu-west-1.amazonaws.com/image.mpg/2025-empt-1395-125x125.png
l1_championship_player_2019_30_87554,2019,87554,618259,Tom,Louchet,2003-05-04,Réunion,REU,,l1_championship_club_2019_30,,,,https://s3.eu-west-1.amazonaws.com/image.mpg/2025-empt-1395-125x125.png
l1_championship_player_2020_30_87554,2020,87554,618259,Tom,Louchet,2003-05-04,Réunion,REU,,l1_championship_club_2020_30,,,,https://s3.eu-west-1.amazonaws.com/image.mpg/2025-empt-1395-125x125.png
l1_championship_player_2021_30_87554,2021,87554,618259,Tom,Louchet,2003-05-04,Réunion,REU,,l1_championship_club_2021_30,,3,,https://s3.eu-west-1.amazonaws.com/image.mpg/2025-empt-1395-125x125.png
l1_championship_player_2022_30_87554,2022,87554,618259,Tom,Louchet,2003-05-04,France,FRA,,l1_championship_club_2022_30,32,3,centralMidfielder,https://s3.eu-west-1.amazonaws.com/image.mpg/2025-empt-1395-125x125.png
l1_championship_player_2023_30_87554,2023,87554,618259,Tom,Louchet,2003-05-04,France,FRA,both,l1_championship_club_2023_30,32,3,centralMidfielder,https://s3.eu-west-1.amazonaws.com/image.mpg/2025-empt-1395-125x125.png
l1_championship_player_2024_30_87554,2024,87554,618259,Tom,Louchet,2003-05-04,France,FRA,both,l1_championship_club_2024_30,20,2,centralMidfielder,https://s3.eu-west-1.amazonaws.com/image.mpg/2025-empt-1395-125x125.png
l1_championship_player_2013_24_45022,2013,45022,231372,Tanguy,Ndombele,1996-12-28,Réunion,REU,,l1_championship_club_2013_24,22,,,https://s3.eu-west-3.amazonaws.com/ligue1.image/players/defaultAssets/428_facePicturesNB-125x125.png
l1_championship_player_2017_18_45022,2017,45022,231372,Tanguy,Ndombele,1996-12-28,France,FRA,right,l1_championship_club_2017_18,22,3,centralMidfielder,https://s3.eu-west-1.amazonaws.com/image.mpg/2025-empt-1430-125x125.png
l1_championship_player_2017_159_45022,2017,45022,231372,Tanguy,Ndombele,1996-12-28,France,FRA,right,l1_championship_club_2017_159,28,3,centralMidfielder,https://s3.eu-west-1.amazonaws.com/image.mpg/2025-empt-143-125x125.png
l1_championship_player_2018_159_45022,2018,45022,231372,Tanguy,Ndombele,1996-12-28,Réunion,REU,,l1_championship_club_2018_159,28,,,https://s3.eu-west-1.amazonaws.com/image.mpg/2025-empt-143-125x125.png
l1_championship_player_2021_159_45022,2021,45022,231372,Tanguy,Ndombele,1996-12-28,France,FRA,right,l1_championship_club_2021_159,28,3,centralMidfielder,https://s3.eu-west-1.amazonaws.com/image.mpg/2025-empt-143-125x125.png
l1_championship_player_2024_30_45022,2024,45022,231372,Tanguy,Ndombele,1996-12-28,France,FRA,right,l1_championship_club_2024_30,22,3,centralMidfielder,https://s3.eu-west-1.amazonaws.com/image.mpg/2025-empt-1395-125x125.png
l1_championship_player_2013_10_34429,2013,34429,122775,Morgan,Sanson,1994-08-18,Réunion,REU,,l1_championship_club_2013_10,20,3,,https://s3.eu-west-1.amazonaws.com/image.mpg/2025-empt-147-125x125.png
l1_championship_player_2014_10_34429,2014,34429,122775,Morgan,Sanson,1994-08-18,Réunion,REU,,l1_championship_club_2014_10,20,3,,https://s3.eu-west-1.amazonaws.com/image.mpg/2025-empt-147-125x125.png
l1_championship_player_2015_10_34429,2015,34429,122775,Morgan,Sanson,1994-08-18,Réunion,REU,,l1_championship_club_2015_10,20,3,,https://s3.eu-west-1.amazonaws.com/image.mpg/2025-empt-147-125x125.png
l1_championship_player_2016_1_34429,2016,34429,122775,Morgan,Sanson,1994-08-18,Réunion,REU,,l1_championship_club_2016_1,8,3,,https://s3.eu-west-1.amazonaws.com/image.mpg/2025-empt-144-125x125.png
l1_championship_player_2016_10_34429,2016,34429,122775,Morgan,Sanson,1994-08-18,Réunion,REU,,l1_championship_club_2016_10,,3,,https://s3.eu-west-1.amazonaws.com/image.mpg/2025-empt-147-125x125.png
l1_championship_player_2017_1_34429,2017,34429,122775,Morgan,Sanson,1994-08-18,France,FRA,right,l1_championship_club_2017_1,8,3,attackingMidfielder,https://s3.eu-west-1.amazonaws.com/image.mpg/2025-empt-144-125x125.png
l1_championship_player_2018_1_34429,2018,34429,122775,Morgan,Sanson,1994-08-18,Réunion,REU,,l1_championship_club_2018_1,8,3,,https://s3.eu-west-1.amazonaws.com/image.mpg/2025-empt-144-125x125.png
l1_championship_player_2019_1_34429,2019,34429,122775,Morgan,Sanson,1994-08-18,Réunion,REU,,l1_championship_club_2019_1,8,3,,https://s3.eu-west-1.amazonaws.com/image.mpg/2025-empt-144-125x125.png
l1_championship_player_2020_1_34429,2020,34429,122775,Morgan,Sanson,1994-08-18,Réunion,REU,,l1_championship_club_2020_1,,3,,https://s3.eu-west-1.amazonaws.com/image.mpg/2025-empt-144-125x125.png
l1_championship_player_2022_15_34429,2022,34429,122775,Morgan,Sanson,1994-08-18,France,FRA,right,l1_championship_club_2022_15,8,3,centralMidfielder,https://s3.eu-west-1.amazonaws.com/image.mpg/2025-empt-153-125x125.png
l1_championship_player_2023_30_34429,2023,34429,122775,Morgan,Sanson,1994-08-18,France,FRA,right,l1_championship_club_2023_30,11,3,attackingMidfielder,https://s3.eu-west-1.amazonaws.com/image.mpg/2025-empt-1395-125x125.png
l1_championship_player_2024_30_34429,2024,34429,122775,Morgan,Sanson,1994-08-18,France,FRA,right,l1_championship_club_2024_30,11,3,attackingMidfielder,https://s3.eu-west-1.amazonaws.com/image.mpg/2025-empt-1395-125x125.png
l1_championship_player_2019_37_90481,2019,90481,490884,Mohamed-Ali,Cho,2004-01-19,Réunion,REU,,l1_championship_club_2019_37,,,,https://s3.eu-west-1.amazonaws.com/image.mpg/2025-empt-2128-125x125.png
l1_championship_player_2020_37_90481,2020,90481,490884,Mohamed-Ali,Cho,2004-01-19,Réunion,REU,,l1_championship_club_2020_37,21,4,,https://s3.eu-west-1.amazonaws.com/image.mpg/2025-empt-2128-125x125.png
l1_championship_player_2021_37_90481,2021,90481,490884,Mohamed-Ali,Cho,2004-01-19,France,FRA,left,l1_championship_club_2021_37,21,4,centralMidfielder,https://s3.eu-west-1.amazonaws.com/image.mpg/2025-empt-2128-125x125.png
l1_championship_player_2023_30_90481,2023,90481,490884,Mohamed-Ali,Cho,2004-01-19,France,FRA,left,l1_championship_club_2023_30,25,4,striker,https://s3.eu-west-1.amazonaws.com/image.mpg/2025-empt-1395-125x125.png
l1_championship_player_2024_30_90481,2024,90481,490884,Mohamed-Ali,Cho,2004-01-19,France,FRA,left,l1_championship_club_2024_30,25,4,striker,https://s3.eu-west-1.amazonaws.com/image.mpg/2025-empt-1395-125x125.png
l1_championship_player_2021_15_90936,2021,90936,578498,Zoumana,Diallo,2005-02-02,Réunion,REU,,l1_championship_club_2021_15,,,,https://s3.eu-west-1.amazonaws.com/image.mpg/2025-empt-153-125x125.png
l1_championship_player_2018_10_83638,2018,83638,477724,Elye,Wahi,2003-01-02,Réunion,REU,,l1_championship_club_2018_10,,,,https://s3.eu-west-1.amazonaws.com/image.mpg/2025-empt-147-125x125.png
l1_championship_player_2019_10_83638,2019,83638,477724,Elye,Wahi,2003-01-02,Réunion,REU,,l1_championship_club_2019_10,,4,,https://s3.eu-west-1.amazonaws.com/image.mpg/2025-empt-147-125x125.png
l1_championship_player_2020_10_83638,2020,83638,477724,Elye,Wahi,2003-01-02,Réunion,REU,,l1_championship_club_2020_10,21,4,,https://s3.eu-west-1.amazonaws.com/image.mpg/2025-empt-147-125x125.png
l1_championship_player_2021_10_83638,2021,83638,477724,Elye,Wahi,2003-01-02,France,FRA,right,l1_championship_club_2021_10,21,4,striker,https://s3.eu-west-1.amazonaws.com/image.mpg/2025-empt-147-125x125.png
l1_championship_player_2022_10_83638,2022,83638,477724,Elye,Wahi,2003-01-02,France,FRA,,l1_championship_club_2022_10,21,4,striker,https://s3.eu-west-1.amazonaws.com/image.mpg/2025-empt-147-125x125.png
l1_championship_player_2023_6_83638,2023,83638,477724,Elye,Wahi,2003-01-02,France,FRA,right,l1_championship_club_2023_6,9,4,striker,https://s3.eu-west-1.amazonaws.com/image.mpg/2025-empt-142-125x125.png
l1_championship_player_2023_10_83638,2023,83638,477724,Elye,Wahi,2003-01-02,Réunion,REU,,l1_championship_club_2023_10,21,4,,https://s3.eu-west-1.amazonaws.com/image.mpg/2025-empt-147-125x125.png
l1_championship_player_2024_1_83638,2024,83638,477724,Elye,Wahi,2003-01-02,France,FRA,right,l1_championship_club_2024_1,9,4,striker,https://s3.eu-west-1.amazonaws.com/image.mpg/2025-empt-144-125x125.png
l1_championship_player_2024_6_83638,2024,83638,477724,Elye,Wahi,2003-01-02,France,FRA,,l1_championship_club_2024_6,9,4,striker,https://s3.eu-west-1.amazonaws.com/image.mpg/2025-empt-142-125x125.png
l1_championship_player_2017_158_81428,2017,81428,228345,Hervé,Koffi,1996-10-16,Burkina Faso,BFA,right,l1_championship_club_2017_158,30,1,goalkeeper,https://s3.eu-west-1.amazonaws.com/image.mpg/2025-empt-429-125x125.png
l1_championship_player_2018_158_81428,2018,81428,228345,Hervé,Koffi,1996-10-16,,,,l1_championship_club_2018_158,30,1,,https://s3.eu-west-1.amazonaws.com/image.mpg/2025-empt-429-125x125.png
l1_championship_player_2020_158_81428,2020,81428,228345,Hervé,Koffi,1996-10-16,,,,l1_championship_club_2020_158,,1,,https://s3.eu-west-1.amazonaws.com/image.mpg/2025-empt-429-125x125.png
l1_championship_player_2024_6_81428,2024,81428,228345,Hervé,Koffi,1996-10-16,Burkina Faso,BFA,right,l1_championship_club_2024_6,16,1,goalkeeper,https://s3.eu-west-1.amazonaws.com/image.mpg/2025-empt-142-125x125.png
l1_championship_player_2021_37_93646,2021,93646,645307,Oumar,Pona,2006-06-21,Réunion,REU,,l1_championship_club_2021_37,,,,https://s3.eu-west-1.amazonaws.com/image.mpg/2025-empt-2128-125x125.png
l1_championship_player_2024_37_93646,2024,93646,645307,Oumar,Pona,2006-06-21,Mali,MLI,right,l1_championship_club_2024_37,40,1,goalkeeper,https://s3.eu-west-1.amazonaws.com/image.mpg/2025-empt-2128-125x125.png
l1_championship_player_2020_37_80763,2020,80763,476882,Melvin,Zinga,2002-03-16,Réunion,REU,,l1_championship_club_2020_37,,1,,https://s3.eu-west-1.amazonaws.com/image.mpg/2025-empt-2128-125x125.png
l1_championship_player_2020_5_80763,2020,80763,476882,Melvin,Zinga,2002-03-16,,,,l1_championship_club_2020_5,16,1,,https://s3.eu-west-1.amazonaws.com/image.mpg/2025-empt-141-125x125.png
l1_championship_player_2021_37_80763,2021,80763,476882,Melvin,Zinga,2002-03-16,Réunion,REU,,l1_championship_club_2021_37,,1,,https://s3.eu-west-1.amazonaws.com/image.mpg/2025-empt-2128-125x125.png
l1_championship_player_2022_37_80763,2022,80763,476882,Melvin,Zinga,2002-03-16,Congo,COG,left,l1_championship_club_2022_37,16,1,goalkeeper,https://s3.eu-west-1.amazonaws.com/image.mpg/2025-empt-2128-125x125.png
l1_championship_player_2023_37_80763,2023,80763,476882,Melvin,Zinga,2002-03-16,Congo,COG,left,l1_championship_club_2023_37,16,1,goalkeeper,https://s3.eu-west-1.amazonaws.com/image.mpg/2025-empt-2128-125x125.png
l1_championship_player_2014_33_66080,2014,66080,209171,Carlens,Arcus,1996-06-28,Haiti,HTI,,,,,,https://s3.eu-west-3.amazonaws.com/ligue1.image/players/defaultAssets/154_facePicturesNB-125x125.png
l1_championship_player_2024_37_80763,2024,80763,476882,Melvin,Zinga,2002-03-16,Congo,COG,left,l1_championship_club_2024_37,16,1,goalkeeper,https://s3.eu-west-1.amazonaws.com/image.mpg/2025-empt-2128-125x125.png
l1_championship_player_2015_33_66080,2015,66080,209171,Carlens,Arcus,1996-06-28,Haiti,HTI,,l1_championship_club_2015_33,2,2,,https://s3.eu-west-3.amazonaws.com/ligue1.image/players/defaultAssets/154_facePicturesNB-125x125.png
l1_championship_player_2019_2_66080,2019,66080,209171,Carlens,Arcus,1996-06-28,Haiti,HTI,,,,,,https://s3.eu-west-3.amazonaws.com/ligue1.image/players/defaultAssets/138_facePicturesNB-125x125.png
l1_championship_player_2021_2_66080,2021,66080,209171,Carlens,Arcus,1996-06-28,Haiti,HTI,right,l1_championship_club_2021_2,2,2,wingBack,https://s3.eu-west-1.amazonaws.com/image.mpg/2025-empt-138-125x125.png
l1_championship_player_2020_2_66080,2020,66080,209171,Carlens,Arcus,1996-06-28,Haiti,HTI,,,,,,https://s3.eu-west-3.amazonaws.com/ligue1.image/players/defaultAssets/138_facePicturesNB-125x125.png
l1_championship_player_2024_37_66080,2024,66080,209171,Carlens,Arcus,1996-06-28,Haiti,HTI,right,l1_championship_club_2024_37,2,2,rightWingBack,https://s3.eu-west-1.amazonaws.com/image.mpg/2025-empt-2128-125x125.png
l1_championship_player_2018_37_35684,2018,35684,57266,Abdoulaye,Bamba,1990-04-25,Italy,ITA,,l1_championship_club_2018_37,25,,,https://s3.eu-west-1.amazonaws.com/image.mpg/2025-empt-2128-125x125.png
l1_championship_player_2016_37_35684,2016,35684,57266,Abdoulaye,Bamba,1990-04-25,Italy,ITA,,l1_championship_club_2016_37,,,,https://s3.eu-west-1.amazonaws.com/image.mpg/2025-empt-2128-125x125.png
l1_championship_player_2017_37_35684,2017,35684,57266,Abdoulaye,Bamba,1990-04-25,Côte d'Ivoire,CIV,right,l1_championship_club_2017_37,25,2,rightWingBack,https://s3.eu-west-1.amazonaws.com/image.mpg/2025-empt-2128-125x125.png
l1_championship_player_2019_37_35684,2019,35684,57266,Abdoulaye,Bamba,1990-04-25,Italy,ITA,,l1_championship_club_2019_37,25,2,,https://s3.eu-west-1.amazonaws.com/image.mpg/2025-empt-2128-125x125.png
l1_championship_player_2020_37_35684,2020,35684,57266,Abdoulaye,Bamba,1990-04-25,Italy,ITA,,l1_championship_club_2020_37,25,2,,https://s3.eu-west-1.amazonaws.com/image.mpg/2025-empt-2128-125x125.png
l1_championship_player_2021_37_35684,2021,35684,57266,Abdoulaye,Bamba,1990-04-25,Côte d'Ivoire,CIV,right,l1_championship_club_2021_37,25,2,rightWingBack,https://s3.eu-west-1.amazonaws.com/image.mpg/2025-empt-2128-125x125.png
l1_championship_player_2023_4_91705,2023,91705,606929,Emmanuel,Biumla,2005-05-08,France,FRA,right,l1_championship_club_2023_4,18,3,defensiveMidfielder,https://s3.eu-west-1.amazonaws.com/image.mpg/68494634-38f4-4935-b478-50c75e8d8ae6
l1_championship_player_2024_37_35684,2024,35684,57266,Abdoulaye,Bamba,1990-04-25,Côte d'Ivoire,CIV,right,l1_championship_club_2024_37,25,2,rightWingBack,https://s3.eu-west-1.amazonaws.com/image.mpg/2025-empt-2128-125x125.png
l1_championship_player_2023_37_35684,2023,35684,57266,Abdoulaye,Bamba,1990-04-25,Côte d'Ivoire,CIV,right,l1_championship_club_2023_37,25,2,rightWingBack,https://s3.eu-west-1.amazonaws.com/image.mpg/2025-empt-2128-125x125.png
l1_championship_player_2024_37_91705,2024,91705,606929,Emmanuel,Biumla,2005-05-08,France,FRA,right,l1_championship_club_2024_37,24,3,defensiveMidfielder,https://s3.eu-west-1.amazonaws.com/image.mpg/2025-empt-2128-125x125.png
l1_championship_player_2022_37_35684,2022,35684,57266,Abdoulaye,Bamba,1990-04-25,Côte d'Ivoire,CIV,right,l1_championship_club_2022_37,25,2,rightWingBack,https://s3.eu-west-1.amazonaws.com/image.mpg/2025-empt-2128-125x125.png
l1_championship_player_2024_4_91705,2024,91705,606929,Emmanuel,Biumla,2005-05-08,France,FRA,right,l1_championship_club_2024_4,18,3,defensiveMidfielder,https://s3.eu-west-1.amazonaws.com/image.mpg/68494634-38f4-4935-b478-50c75e8d8ae6
l1_championship_player_2021_90_84687,2021,84687,512126,Ousmane,Camara,2003-03-06,France,FRA,left,l1_championship_club_2021_90,4,3,centralDefender,https://s3.eu-west-1.amazonaws.com/image.mpg/2025-empt-2338-125x125.png
l1_championship_player_2022_37_84687,2022,84687,512126,Ousmane,Camara,2003-03-06,France,FRA,left,l1_championship_club_2022_37,29,3,centralDefender,https://s3.eu-west-1.amazonaws.com/image.mpg/2025-empt-2128-125x125.png
l1_championship_player_2022_90_84687,2022,84687,512126,Ousmane,Camara,2003-03-06,,,,l1_championship_club_2022_90,29,3,,https://s3.eu-west-1.amazonaws.com/image.mpg/2025-empt-2338-2-125x125.png
l1_championship_player_2023_37_84687,2023,84687,512126,Ousmane,Camara,2003-03-06,France,FRA,left,l1_championship_club_2023_37,29,2,centralDefender,https://s3.eu-west-1.amazonaws.com/image.mpg/2025-empt-2128-125x125.png
l1_championship_player_2024_37_84687,2024,84687,512126,Ousmane,Camara,2003-03-06,Mali,MLI,left,l1_championship_club_2024_37,29,2,centralDefender,https://s3.eu-west-1.amazonaws.com/image.mpg/2025-empt-2128-125x125.png
l1_championship_player_2021_4_92528,2021,92528,564920,Jacques,Ekomié,2003-08-19,Gabon,GAB,right,l1_championship_club_2021_4,19,2,centralDefender,https://s3.eu-west-1.amazonaws.com/image.mpg/68494634-38f4-4935-b478-50c75e8d8ae6
l1_championship_player_2022_4_92528,2022,92528,564920,Jacques,Ekomié,2003-08-19,Gabon,GAB,right,l1_championship_club_2022_4,19,2,centralDefender,https://s3.eu-west-1.amazonaws.com/image.mpg/68494634-38f4-4935-b478-50c75e8d8ae6
l1_championship_player_2023_4_92528,2023,92528,564920,Jacques,Ekomié,2003-08-19,Gabon,GAB,right,l1_championship_club_2023_4,19,2,centralDefender,https://s3.eu-west-1.amazonaws.com/image.mpg/68494634-38f4-4935-b478-50c75e8d8ae6
l1_championship_player_2024_37_92528,2024,92528,564920,Jacques,Ekomié,2003-08-19,Gabon,GAB,right,l1_championship_club_2024_37,3,2,leftWingBack,https://s3.eu-west-1.amazonaws.com/image.mpg/2025-empt-2128-125x125.png
l1_championship_player_2024_4_92528,2024,92528,564920,Jacques,Ekomié,2003-08-19,Gabon,GAB,right,l1_championship_club_2024_4,19,2,centralDefender,https://s3.eu-west-1.amazonaws.com/image.mpg/68494634-38f4-4935-b478-50c75e8d8ae6
l1_championship_player_2008_5_17091,2008,17091,68166,Florent,Hanin,1990-02-04,Réunion,REU,,l1_championship_club_2008_5,,,,https://s3.eu-west-1.amazonaws.com/image.mpg/2025-empt-141-125x125.png
l1_championship_player_2020_90_17091,2020,17091,68166,Florent,Hanin,1990-02-04,Réunion,REU,,,,,,https://s3.eu-west-3.amazonaws.com/ligue1.image/players/defaultAssets/2338_facePicturesNB-125x125.png
l1_championship_player_2021_90_17091,2021,17091,68166,Florent,Hanin,1990-02-04,France,FRA,left,l1_championship_club_2021_90,29,2,leftWingBack,https://s3.eu-west-1.amazonaws.com/image.mpg/2025-empt-2338-125x125.png
l1_championship_player_2022_90_17091,2022,17091,68166,Florent,Hanin,1990-02-04,France,FRA,left,l1_championship_club_2022_90,29,2,leftWingBack,https://s3.eu-west-1.amazonaws.com/image.mpg/2025-empt-2338-125x125.png
l1_championship_player_2023_37_17091,2023,17091,68166,Florent,Hanin,1990-02-04,France,FRA,left,l1_championship_club_2023_37,26,2,centralDefender,https://s3.eu-west-1.amazonaws.com/image.mpg/2025-empt-2128-125x125.png
l1_championship_player_2024_37_17091,2024,17091,68166,Florent,Hanin,1990-02-04,France,FRA,left,l1_championship_club_2024_37,26,2,centralDefender,https://s3.eu-west-1.amazonaws.com/image.mpg/2025-empt-2128-125x125.png
l1_championship_player_2018_18_37008,2018,37008,228289,Jordan,Lefort,1993-08-09,Réunion,REU,,l1_championship_club_2018_18,25,,,https://s3.eu-west-1.amazonaws.com/image.mpg/2025-empt-1430-125x125.png
l1_championship_player_2019_18_37008,2019,37008,228289,Jordan,Lefort,1993-08-09,Réunion,REU,,l1_championship_club_2019_18,,2,,https://s3.eu-west-1.amazonaws.com/image.mpg/2025-empt-1430-125x125.png
l1_championship_player_2022_37_37008,2022,37008,228289,Jordan,Lefort,1993-08-09,Réunion,REU,,l1_championship_club_2022_37,,2,,https://s3.eu-west-1.amazonaws.com/image.mpg/2025-empt-2128-125x125.png
l1_championship_player_2022_90_37008,2022,37008,228289,Jordan,Lefort,1993-08-09,France,FRA,left,l1_championship_club_2022_90,15,2,leftWingBack,https://s3.eu-west-1.amazonaws.com/image.mpg/2025-empt-2338-2-125x125.png
l1_championship_player_2023_37_37008,2023,37008,228289,Jordan,Lefort,1993-08-09,France,FRA,left,l1_championship_club_2023_37,21,2,centralDefender,https://s3.eu-west-1.amazonaws.com/image.mpg/2025-empt-2128-125x125.png
l1_championship_player_2024_37_37008,2024,37008,228289,Jordan,Lefort,1993-08-09,France,FRA,left,l1_championship_club_2024_37,21,2,centralDefender,https://s3.eu-west-1.amazonaws.com/image.mpg/2025-empt-2128-125x125.png
l1_championship_player_2017_37_81801,2017,81801,608246,Lilian,Raolisoa,2000-06-16,Réunion,REU,,l1_championship_club_2017_37,,,,https://s3.eu-west-1.amazonaws.com/image.mpg/2025-empt-2128-125x125.png
l1_championship_player_2018_37_81801,2018,81801,608246,Lilian,Raolisoa,2000-06-16,Réunion,REU,,l1_championship_club_2018_37,,3,,https://s3.eu-west-1.amazonaws.com/image.mpg/2025-empt-2128-125x125.png
l1_championship_player_2019_37_81801,2019,81801,608246,Lilian,Raolisoa,2000-06-16,Réunion,REU,,l1_championship_club_2019_37,,3,,https://s3.eu-west-1.amazonaws.com/image.mpg/2025-empt-2128-125x125.png
l1_championship_player_2023_37_81801,2023,81801,608246,Lilian,Raolisoa,2000-06-16,France,FRA,right,l1_championship_club_2023_37,27,2,rightWingBack,https://s3.eu-west-1.amazonaws.com/image.mpg/2025-empt-2128-125x125.png
l1_championship_player_2024_37_81801,2024,81801,608246,Lilian,Raolisoa,2000-06-16,France,FRA,right,l1_championship_club_2024_37,27,3,rightWingBack,https://s3.eu-west-1.amazonaws.com/image.mpg/2025-empt-2128-125x125.png
l1_championship_player_2021_9_86655,2021,86655,560259,Dan,Sinate,2006-06-09,Réunion,REU,,l1_championship_club_2021_9,,,,https://s3.eu-west-1.amazonaws.com/image.mpg/2025-empt-146-125x125.png
l1_championship_player_2023_9_86655,2023,86655,560259,Dan,Sinate,2006-06-09,Réunion,REU,,l1_championship_club_2023_9,,2,,https://s3.eu-west-1.amazonaws.com/image.mpg/2025-empt-146-125x125.png
l1_championship_player_2024_9_86655,2024,86655,560259,Dan,Sinate,2006-06-09,Réunion,REU,,l1_championship_club_2024_9,,2,,https://s3.eu-west-1.amazonaws.com/image.mpg/2025-empt-146-125x125.png
l1_championship_player_2019_44_44183,2019,44183,193411,Haris,Belkebla,1994-01-28,Réunion,REU,,l1_championship_club_2019_44,7,3,,https://s3.eu-west-1.amazonaws.com/image.mpg/2025-empt-862-125x125.png
l1_championship_player_2020_44_44183,2020,44183,193411,Haris,Belkebla,1994-01-28,Réunion,REU,,l1_championship_club_2020_44,7,3,,https://s3.eu-west-1.amazonaws.com/image.mpg/2025-empt-862-125x125.png
l1_championship_player_2021_44_44183,2021,44183,193411,Haris,Belkebla,1994-01-28,Algeria,DZA,right,l1_championship_club_2021_44,7,3,centralMidfielder,https://s3.eu-west-1.amazonaws.com/image.mpg/2025-empt-862-125x125.png
l1_championship_player_2022_44_44183,2022,44183,193411,Haris,Belkebla,1994-01-28,Algeria,DZA,right,l1_championship_club_2022_44,7,3,centralMidfielder,https://s3.eu-west-1.amazonaws.com/image.mpg/2025-empt-862-125x125.png
l1_championship_player_2024_37_44183,2024,44183,193411,Haris,Belkebla,1994-01-28,Algeria,DZA,right,l1_championship_club_2024_37,93,3,centralMidfielder,https://s3.eu-west-1.amazonaws.com/image.mpg/2025-empt-2128-125x125.png
l1_championship_player_2020_37_90790,2020,90790,574193,Yassin,Belkhdim,2002-02-14,Réunion,REU,,l1_championship_club_2020_37,,4,,https://s3.eu-west-1.amazonaws.com/image.mpg/2025-empt-2128-125x125.png
l1_championship_player_2021_37_90790,2021,90790,574193,Yassin,Belkhdim,2002-02-14,Morocco,MAR,right,l1_championship_club_2021_37,14,4,centralMidfielder,https://s3.eu-west-1.amazonaws.com/image.mpg/2025-empt-2128-125x125.png
l1_championship_player_2022_37_90790,2022,90790,574193,Yassin,Belkhdim,2002-02-14,Morocco,MAR,right,l1_championship_club_2022_37,14,3,centralMidfielder,https://s3.eu-west-1.amazonaws.com/image.mpg/2025-empt-2128-125x125.png
l1_championship_player_2023_37_90790,2023,90790,574193,Yassin,Belkhdim,2002-02-14,Morocco,MAR,right,l1_championship_club_2023_37,14,3,centralMidfielder,https://s3.eu-west-1.amazonaws.com/image.mpg/2025-empt-2128-125x125.png
l1_championship_player_2024_37_90790,2024,90790,574193,Yassin,Belkhdim,2002-02-14,Morocco,MAR,right,l1_championship_club_2024_37,14,3,centralMidfielder,https://s3.eu-west-1.amazonaws.com/image.mpg/2025-empt-2128-125x125.png
l1_championship_player_2015_37_41919,2015,41919,112580,Pierrick,Capelle,1987-04-15,Réunion,REU,,l1_championship_club_2015_37,15,3,,https://s3.eu-west-1.amazonaws.com/image.mpg/2025-empt-2128-125x125.png
l1_championship_player_2016_37_41919,2016,41919,112580,Pierrick,Capelle,1987-04-15,Réunion,REU,,l1_championship_club_2016_37,15,3,,https://s3.eu-west-1.amazonaws.com/image.mpg/2025-empt-2128-125x125.png
l1_championship_player_2017_37_41919,2017,41919,112580,Pierrick,Capelle,1987-04-15,France,FRA,left,l1_championship_club_2017_37,15,3,attackingMidfielder,https://s3.eu-west-1.amazonaws.com/image.mpg/2025-empt-2128-125x125.png
l1_championship_player_2018_37_41919,2018,41919,112580,Pierrick,Capelle,1987-04-15,Réunion,REU,,l1_championship_club_2018_37,15,,,https://s3.eu-west-1.amazonaws.com/image.mpg/2025-empt-2128-125x125.png
l1_championship_player_2019_37_41919,2019,41919,112580,Pierrick,Capelle,1987-04-15,Réunion,REU,,l1_championship_club_2019_37,15,3,,https://s3.eu-west-1.amazonaws.com/image.mpg/2025-empt-2128-125x125.png
l1_championship_player_2020_37_41919,2020,41919,112580,Pierrick,Capelle,1987-04-15,Réunion,REU,,l1_championship_club_2020_37,15,3,,https://s3.eu-west-1.amazonaws.com/image.mpg/2025-empt-2128-125x125.png
l1_championship_player_2021_37_41919,2021,41919,112580,Pierrick,Capelle,1987-04-15,France,FRA,left,l1_championship_club_2021_37,15,3,attackingMidfielder,https://s3.eu-west-1.amazonaws.com/image.mpg/2025-empt-2128-125x125.png
l1_championship_player_2022_37_41919,2022,41919,112580,Pierrick,Capelle,1987-04-15,France,FRA,left,l1_championship_club_2022_37,15,3,attackingMidfielder,https://s3.eu-west-1.amazonaws.com/image.mpg/2025-empt-2128-125x125.png
l1_championship_player_2023_37_41919,2023,41919,112580,Pierrick,Capelle,1987-04-15,France,FRA,left,l1_championship_club_2023_37,15,3,attackingMidfielder,https://s3.eu-west-1.amazonaws.com/image.mpg/2025-empt-2128-125x125.png
l1_championship_player_2024_37_41919,2024,41919,112580,Pierrick,Capelle,1987-04-15,France,FRA,left,l1_championship_club_2024_37,15,3,attackingMidfielder,https://s3.eu-west-1.amazonaws.com/image.mpg/2025-empt-2128-125x125.png
l1_championship_player_2023_37_93640,2023,93640,624772,Marius,Courcoul,2007-01-01,France,FRA,right,l1_championship_club_2023_37,5,2,centralDefender,https://s3.eu-west-1.amazonaws.com/image.mpg/2025-empt-2128-125x125.png
l1_championship_player_2024_37_93640,2024,93640,624772,Marius,Courcoul,2007-01-01,France,FRA,right,l1_championship_club_2024_37,5,2,centralDefender,https://s3.eu-west-1.amazonaws.com/image.mpg/2025-empt-2128-125x125.png
l1_championship_player_2017_31_81139,2017,81139,565877,Louis,Mouton,2002-06-03,Réunion,REU,,l1_championship_club_2017_31,,,,https://s3.eu-west-1.amazonaws.com/image.mpg/2025-empt-152-125x125.png
l1_championship_player_2018_31_81139,2018,81139,565877,Louis,Mouton,2002-06-03,Réunion,REU,,l1_championship_club_2018_31,,,,https://s3.eu-west-1.amazonaws.com/image.mpg/2025-empt-152-125x125.png
l1_championship_player_2019_31_81139,2019,81139,565877,Louis,Mouton,2002-06-03,Réunion,REU,,l1_championship_club_2019_31,,,,https://s3.eu-west-1.amazonaws.com/image.mpg/2025-empt-152-125x125.png
l1_championship_player_2020_31_81139,2020,81139,565877,Louis,Mouton,2002-06-03,Réunion,REU,,l1_championship_club_2020_31,,3,,https://s3.eu-west-1.amazonaws.com/image.mpg/2025-empt-152-125x125.png
l1_championship_player_2021_31_81139,2021,81139,565877,Louis,Mouton,2002-06-03,France,FRA,right,l1_championship_club_2021_31,14,3,centralMidfielder,https://s3.eu-west-1.amazonaws.com/image.mpg/2025-empt-152-125x125.png
l1_championship_player_2022_31_81139,2022,81139,565877,Louis,Mouton,2002-06-03,France,FRA,right,l1_championship_club_2022_31,37,3,centralMidfielder,https://s3.eu-west-1.amazonaws.com/image.mpg/2025-empt-152-125x125.png
l1_championship_player_2023_31_81139,2023,81139,565877,Louis,Mouton,2002-06-03,France,FRA,right,l1_championship_club_2023_31,14,3,centralMidfielder,https://s3.eu-west-1.amazonaws.com/image.mpg/2025-empt-152-125x125.png
l1_championship_player_2023_73_81139,2023,81139,565877,Louis,Mouton,2002-06-03,France,FRA,right,l1_championship_club_2023_73,13,3,centralMidfielder,https://s3.eu-west-1.amazonaws.com/image.mpg/2025-empt-5420-125x125.png
l1_championship_player_2024_31_81139,2024,81139,565877,Louis,Mouton,2002-06-03,France,FRA,right,l1_championship_club_2024_31,14,3,centralMidfielder,https://s3.eu-west-1.amazonaws.com/image.mpg/2025-empt-152-125x125.png
l1_championship_player_2024_73_81139,2024,81139,565877,Louis,Mouton,2002-06-03,France,FRA,right,l1_championship_club_2024_73,13,3,centralMidfielder,https://s3.eu-west-1.amazonaws.com/image.mpg/2025-empt-5420-125x125.png
l1_championship_player_2025_31_81139,2025,81139,565877,Louis,Mouton,2002-06-03,France,FRA,right,l1_championship_club_2025_31,14,3,centralMidfielder,https://s3.eu-west-1.amazonaws.com/image.mpg/2025-empt-152-125x125.png
l1_championship_player_2021_16_91473,2021,91473,174969,Branco,Van Den Boomen,1995-07-21,Netherlands,NLD,right,l1_championship_club_2021_16,8,3,centralMidfielder,https://s3.eu-west-1.amazonaws.com/image.mpg/2025-empt-427-125x125.png
l1_championship_player_2022_16_91473,2022,91473,174969,Branco,Van Den Boomen,1995-07-21,Netherlands,NLD,right,l1_championship_club_2022_16,8,3,centralMidfielder,https://s3.eu-west-1.amazonaws.com/image.mpg/2025-empt-427-125x125.png
l1_championship_player_2024_37_105467,2024,105467,619025,Harouna,Djibirin,2006-11-05,Cameroon,CMR,,l1_championship_club_2024_37,,4,,https://s3.eu-west-1.amazonaws.com/image.mpg/2025-empt-2128-125x125.png
l1_championship_player_2024_6_59371,2024,59371,431422,Goduine,Koyalipou,2000-02-15,Central African Republic,CAF,right,l1_championship_club_2024_6,19,4,striker,https://s3.eu-west-1.amazonaws.com/image.mpg/2025-empt-142-125x125.png
l1_championship_player_2025_6_59371,2025,59371,431422,Goduine,Koyalipou,2000-02-15,Central African Republic,CAF,right,l1_championship_club_2025_6,19,4,striker,https://s3.eu-west-1.amazonaws.com/image.mpg/2025-empt-142-125x125.png
l1_championship_player_2024_37_99066,2024,99066,695695,Prosper,Peter,2007-08-09,France,FRA,,l1_championship_club_2024_37,35,2,striker,https://s3.eu-west-1.amazonaws.com/image.mpg/2025-empt-2128-125x125.png
l1_championship_player_2022_38_98700,2022,98700,532112,Amine,Sbaï,2000-11-05,France,FRA,right,l1_championship_club_2022_38,11,4,striker,https://s3.eu-west-1.amazonaws.com/image.mpg/2025-empt-1272-125x125.png
l1_championship_player_2023_38_98700,2023,98700,532112,Amine,Sbaï,2000-11-05,Morocco,MAR,right,l1_championship_club_2023_38,11,4,striker,https://s3.eu-west-1.amazonaws.com/image.mpg/2025-empt-1272-125x125.png
l1_championship_player_2024_38_98700,2024,98700,532112,Amine,Sbaï,2000-11-05,France,FRA,right,l1_championship_club_2024_38,11,4,striker,https://s3.eu-west-1.amazonaws.com/image.mpg/2025-empt-1272-125x125.png
l1_championship_player_2025_38_98700,2025,98700,532112,Amine,Sbaï,2000-11-05,Réunion,REU,,l1_championship_club_2025_38,,4,,https://s3.eu-west-1.amazonaws.com/image.mpg/2025-empt-1272-125x125.png
l1_championship_player_2021_44_63157,2021,63157,431426,Grégoire,Coudert,1999-04-03,France,FRA,left,l1_championship_club_2021_44,30,1,goalkeeper,https://s3.eu-west-1.amazonaws.com/image.mpg/2025-empt-862-125x125.png
l1_championship_player_2022_44_63157,2022,63157,431426,Grégoire,Coudert,1999-04-03,France,FRA,left,l1_championship_club_2022_44,30,1,goalkeeper,https://s3.eu-west-1.amazonaws.com/image.mpg/2025-empt-862-125x125.png
l1_championship_player_2023_44_63157,2023,63157,431426,Grégoire,Coudert,1999-04-03,France,FRA,left,l1_championship_club_2023_44,30,1,goalkeeper,https://s3.eu-west-1.amazonaws.com/image.mpg/2025-empt-862-125x125.png
l1_championship_player_2024_44_63157,2024,63157,431426,Grégoire,Coudert,1999-04-03,France,FRA,left,l1_championship_club_2024_44,30,1,goalkeeper,https://s3.eu-west-1.amazonaws.com/image.mpg/2025-empt-862-125x125.png
l1_championship_player_2020_44_91316,2020,91316,664943,Noah,Jauny,2004-08-26,Réunion,REU,,l1_championship_club_2020_44,,,,https://s3.eu-west-1.amazonaws.com/image.mpg/2025-empt-862-125x125.png
l1_championship_player_2021_44_91316,2021,91316,664943,Noah,Jauny,2004-08-26,Réunion,REU,,l1_championship_club_2021_44,,,,https://s3.eu-west-1.amazonaws.com/image.mpg/2025-empt-862-125x125.png
l1_championship_player_2024_44_91316,2024,91316,664943,Noah,Jauny,2004-08-26,Republic of Ireland,IRL,right,l1_championship_club_2024_44,50,1,goalkeeper,https://s3.eu-west-1.amazonaws.com/image.mpg/2025-empt-862-125x125.png
l1_championship_player_2019_9_90521,2019,90521,228539,Radoslaw,Majecki,1999-11-16,Poland,POL,,l1_championship_club_2019_9,,,,https://s3.eu-west-1.amazonaws.com/image.mpg/2025-empt-146-125x125.png
l1_championship_player_2020_9_90521,2020,90521,228539,Radoslaw,Majecki,1999-11-16,Poland,POL,,l1_championship_club_2020_9,1,1,,https://s3.eu-west-1.amazonaws.com/image.mpg/2025-empt-146-125x125.png
l1_championship_player_2021_9_90521,2021,90521,228539,Radoslaw,Majecki,1999-11-16,Poland,POL,right,l1_championship_club_2021_9,1,1,goalkeeper,https://s3.eu-west-1.amazonaws.com/image.mpg/2025-empt-146-125x125.png
l1_championship_player_2022_9_90521,2022,90521,228539,Radoslaw,Majecki,1999-11-16,Poland,POL,right,l1_championship_club_2022_9,1,1,goalkeeper,https://s3.eu-west-1.amazonaws.com/image.mpg/2025-empt-146-125x125.png
l1_championship_player_2023_9_90521,2023,90521,228539,Radoslaw,Majecki,1999-11-16,Poland,POL,right,l1_championship_club_2023_9,1,1,goalkeeper,https://s3.eu-west-1.amazonaws.com/image.mpg/2025-empt-146-125x125.png
l1_championship_player_2024_9_90521,2024,90521,228539,Radoslaw,Majecki,1999-11-16,Poland,POL,right,l1_championship_club_2024_9,1,1,goalkeeper,https://s3.eu-west-1.amazonaws.com/image.mpg/2025-empt-146-125x125.png
l1_championship_player_2025_9_90521,2025,90521,228539,Radoslaw,Majecki,1999-11-16,Poland,POL,right,l1_championship_club_2025_9,1,1,goalkeeper,https://s3.eu-west-1.amazonaws.com/image.mpg/2025-empt-146-125x125.png
l1_championship_player_2019_44_52212,2019,52212,162316,Brendan,Chardonnet,1994-12-22,Réunion,REU,,l1_championship_club_2019_44,5,2,,https://s3.eu-west-1.amazonaws.com/image.mpg/2025-empt-862-125x125.png
l1_championship_player_2020_44_52212,2020,52212,162316,Brendan,Chardonnet,1994-12-22,Réunion,REU,,l1_championship_club_2020_44,5,2,,https://s3.eu-west-1.amazonaws.com/image.mpg/2025-empt-862-125x125.png
l1_championship_player_2021_44_52212,2021,52212,162316,Brendan,Chardonnet,1994-12-22,France,FRA,right,l1_championship_club_2021_44,5,2,centralDefender,https://s3.eu-west-1.amazonaws.com/image.mpg/2025-empt-862-125x125.png
l1_championship_player_2022_44_52212,2022,52212,162316,Brendan,Chardonnet,1994-12-22,France,FRA,right,l1_championship_club_2022_44,5,2,centralDefender,https://s3.eu-west-1.amazonaws.com/image.mpg/2025-empt-862-125x125.png
l1_championship_player_2023_44_52212,2023,52212,162316,Brendan,Chardonnet,1994-12-22,France,FRA,right,l1_championship_club_2023_44,5,2,centralDefender,https://s3.eu-west-1.amazonaws.com/image.mpg/2025-empt-862-125x125.png
l1_championship_player_2024_44_52212,2024,52212,162316,Brendan,Chardonnet,1994-12-22,France,FRA,right,l1_championship_club_2024_44,5,2,centralDefender,https://s3.eu-west-1.amazonaws.com/image.mpg/2025-empt-862-125x125.png
l1_championship_player_2018_13_76703,2018,76703,493357,Soumaïla,Coulibaly,2003-10-14,Réunion,REU,,l1_championship_club_2018_13,,,,https://s3.eu-west-1.amazonaws.com/image.mpg/2025-empt-149-125x125.png
l1_championship_player_2019_13_76703,2019,76703,493357,Soumaïla,Coulibaly,2003-10-14,Réunion,REU,,l1_championship_club_2019_13,,,,https://s3.eu-west-1.amazonaws.com/image.mpg/2025-empt-149-125x125.png
l1_championship_player_2020_13_76703,2020,76703,493357,Soumaïla,Coulibaly,2003-10-14,Réunion,REU,,l1_championship_club_2020_13,,,,https://s3.eu-west-1.amazonaws.com/image.mpg/2025-empt-149-125x125.png
l1_championship_player_2024_44_76703,2024,76703,493357,Soumaïla,Coulibaly,2003-10-14,France,FRA,left,l1_championship_club_2024_44,44,2,centralDefender,https://s3.eu-west-1.amazonaws.com/image.mpg/2025-empt-862-125x125.png
l1_championship_player_2025_15_76703,2025,76703,493357,Soumaïla,Coulibaly,2003-10-14,France,FRA,left,l1_championship_club_2025_15,44,2,centralDefender,https://s3.eu-west-3.amazonaws.com/ligue1.image/players/2025/all/player_official_2025_153_493357-125x125.png
l1_championship_player_2023_12_85103,2023,85103,592507,Junior,Diaz,2003-07-23,Côte d'Ivoire,CIV,right,l1_championship_club_2023_12,63,2,centralDefender,https://s3.eu-west-1.amazonaws.com/image.mpg/2025-empt-430-125x125.png
l1_championship_player_2023_1782_85103,2023,85103,592507,Junior,Diaz,2003-07-23,Côte d'Ivoire,CIV,right,l1_championship_club_2023_1782,4,2,centralDefender,https://s3.eu-west-1.amazonaws.com/image.mpg/2025-empt-11426-125x125.png
l1_championship_player_2024_12_85103,2024,85103,592507,Junior,Diaz,2003-07-23,Côte d'Ivoire,CIV,right,l1_championship_club_2024_12,63,2,centralDefender,https://s3.eu-west-1.amazonaws.com/image.mpg/2025-empt-430-125x125.png
l1_championship_player_2024_33_85103,2024,85103,592507,Junior,Diaz,2003-07-23,Côte d'Ivoire,CIV,right,l1_championship_club_2024_33,4,2,centralDefender,https://s3.eu-west-1.amazonaws.com/image.mpg/2025-empt-154-125x125.png
l1_championship_player_2024_1782_85103,2024,85103,592507,Junior,Diaz,2003-07-23,Côte d'Ivoire,CIV,right,l1_championship_club_2024_1782,4,2,centralDefender,https://s3.eu-west-1.amazonaws.com/image.mpg/2025-empt-11426-125x125.png
l1_championship_player_2025_33_85103,2025,85103,592507,Junior,Diaz,2003-07-23,Côte d'Ivoire,CIV,right,l1_championship_club_2025_33,4,2,centralDefender,https://s3.eu-west-1.amazonaws.com/image.mpg/2025-empt-154-125x125.png
l1_championship_player_2017_15_41971,2017,41971,92527,Kenny,Lala,1991-10-03,France,FRA,right,l1_championship_club_2017_15,27,2,rightWingBack,https://s3.eu-west-1.amazonaws.com/image.mpg/2025-empt-153-125x125.png
l1_championship_player_2018_15_41971,2018,41971,92527,Kenny,Lala,1991-10-03,Réunion,REU,,l1_championship_club_2018_15,27,,,https://s3.eu-west-1.amazonaws.com/image.mpg/2025-empt-153-125x125.png
l1_championship_player_2019_15_41971,2019,41971,92527,Kenny,Lala,1991-10-03,Réunion,REU,,l1_championship_club_2019_15,27,2,,https://s3.eu-west-1.amazonaws.com/image.mpg/2025-empt-153-125x125.png
l1_championship_player_2020_15_41971,2020,41971,92527,Kenny,Lala,1991-10-03,Réunion,REU,,l1_championship_club_2020_15,,2,,https://s3.eu-west-1.amazonaws.com/image.mpg/2025-empt-153-125x125.png
l1_championship_player_2022_44_41971,2022,41971,92527,Kenny,Lala,1991-10-03,France,FRA,right,l1_championship_club_2022_44,27,3,rightWingBack,https://s3.eu-west-1.amazonaws.com/image.mpg/2025-empt-862-125x125.png
l1_championship_player_2023_44_41971,2023,41971,92527,Kenny,Lala,1991-10-03,France,FRA,right,l1_championship_club_2023_44,27,2,rightWingBack,https://s3.eu-west-1.amazonaws.com/image.mpg/2025-empt-862-125x125.png
l1_championship_player_2024_44_41971,2024,41971,92527,Kenny,Lala,1991-10-03,France,FRA,right,l1_championship_club_2024_44,7,2,rightWingBack,https://s3.eu-west-1.amazonaws.com/image.mpg/2025-empt-862-125x125.png
l1_championship_player_2020_41_86468,2020,86468,546635,Bradley,Locko,2002-05-06,Réunion,REU,,l1_championship_club_2020_41,,2,,https://s3.eu-west-1.amazonaws.com/image.mpg/2025-empt-1423-125x125.png
l1_championship_player_2021_41_86468,2021,86468,546635,Bradley,Locko,2002-05-06,France,FRA,left,l1_championship_club_2021_41,28,2,leftWingBack,https://s3.eu-west-1.amazonaws.com/image.mpg/2025-empt-1423-125x125.png
l1_championship_player_2022_41_86468,2022,86468,546635,Bradley,Locko,2002-05-06,France,FRA,left,l1_championship_club_2022_41,28,2,leftWingBack,https://s3.eu-west-1.amazonaws.com/image.mpg/2025-empt-1423-125x125.png
l1_championship_player_2022_44_86468,2022,86468,546635,Bradley,Locko,2002-05-06,France,FRA,left,l1_championship_club_2022_44,28,2,leftWingBack,https://s3.eu-west-1.amazonaws.com/image.mpg/2025-empt-862-125x125.png
l1_championship_player_2023_41_86468,2023,86468,546635,Bradley,Locko,2002-05-06,Réunion,REU,,l1_championship_club_2023_41,,2,,https://s3.eu-west-1.amazonaws.com/image.mpg/2025-empt-1423-125x125.png
l1_championship_player_2023_44_86468,2023,86468,546635,Bradley,Locko,2002-05-06,France,FRA,left,l1_championship_club_2023_44,2,2,leftWingBack,https://s3.eu-west-1.amazonaws.com/image.mpg/2025-empt-862-125x125.png
l1_championship_player_2024_44_86468,2024,86468,546635,Bradley,Locko,2002-05-06,France,FRA,left,l1_championship_club_2024_44,2,2,leftWingBack,https://s3.eu-west-1.amazonaws.com/image.mpg/2025-empt-862-125x125.png
l1_championship_player_2023_44_101882,2023,101882,622398,Luck,Zogbe,2005-03-24,Côte d'Ivoire,CIV,right,l1_championship_club_2023_44,12,2,centralDefender,https://s3.eu-west-1.amazonaws.com/image.mpg/2025-empt-862-125x125.png
l1_championship_player_2024_44_101882,2024,101882,622398,Luck,Zogbe,2005-03-24,Côte d'Ivoire,CIV,right,l1_championship_club_2024_44,12,2,centralDefender,https://s3.eu-west-1.amazonaws.com/image.mpg/2025-empt-862-125x125.png
l1_championship_player_2016_10_78140,2016,78140,477711,Joris,Chotard,2001-09-24,Réunion,REU,,l1_championship_club_2016_10,,,,https://s3.eu-west-1.amazonaws.com/image.mpg/2025-empt-147-125x125.png
l1_championship_player_2017_10_78140,2017,78140,477711,Joris,Chotard,2001-09-24,Réunion,REU,,l1_championship_club_2017_10,,,,https://s3.eu-west-1.amazonaws.com/image.mpg/2025-empt-147-125x125.png
l1_championship_player_2018_10_78140,2018,78140,477711,Joris,Chotard,2001-09-24,Réunion,REU,,l1_championship_club_2018_10,,3,,https://s3.eu-west-1.amazonaws.com/image.mpg/2025-empt-147-125x125.png
l1_championship_player_2019_10_78140,2019,78140,477711,Joris,Chotard,2001-09-24,Réunion,REU,,l1_championship_club_2019_10,13,3,,https://s3.eu-west-1.amazonaws.com/image.mpg/2025-empt-147-125x125.png
l1_championship_player_2020_10_78140,2020,78140,477711,Joris,Chotard,2001-09-24,Réunion,REU,,l1_championship_club_2020_10,13,3,,https://s3.eu-west-1.amazonaws.com/image.mpg/2025-empt-147-125x125.png
l1_championship_player_2021_10_78140,2021,78140,477711,Joris,Chotard,2001-09-24,France,FRA,right,l1_championship_club_2021_10,13,3,defensiveMidfielder,https://s3.eu-west-1.amazonaws.com/image.mpg/2025-empt-147-125x125.png
l1_championship_player_2022_10_78140,2022,78140,477711,Joris,Chotard,2001-09-24,France,FRA,right,l1_championship_club_2022_10,13,3,defensiveMidfielder,https://s3.eu-west-1.amazonaws.com/image.mpg/2025-empt-147-125x125.png
l1_championship_player_2023_10_78140,2023,78140,477711,Joris,Chotard,2001-09-24,France,FRA,right,l1_championship_club_2023_10,13,3,defensiveMidfielder,https://s3.eu-west-1.amazonaws.com/image.mpg/2025-empt-147-125x125.png
l1_championship_player_2024_10_78140,2024,78140,477711,Joris,Chotard,2001-09-24,France,FRA,right,l1_championship_club_2024_10,13,3,defensiveMidfielder,https://s3.eu-west-1.amazonaws.com/image.mpg/2025-empt-147-125x125.png
l1_championship_player_2025_10_78140,2025,78140,477711,Joris,Chotard,2001-09-24,France,FRA,right,l1_championship_club_2025_10,13,3,defensiveMidfielder,https://s3.eu-west-3.amazonaws.com/ligue1.image/players/2025/all/player_official_2025_147_477711-125x125.png
l1_championship_player_2015_13_62484,2015,62484,438309,Junior,Dina Ebimbe,2000-11-21,Réunion,REU,,l1_championship_club_2015_13,,,,https://s3.eu-west-1.amazonaws.com/image.mpg/2025-empt-149-125x125.png
l1_championship_player_2016_13_62484,2016,62484,438309,Junior,Dina Ebimbe,2000-11-21,Réunion,REU,,l1_championship_club_2016_13,,3,,https://s3.eu-west-1.amazonaws.com/image.mpg/2025-empt-149-125x125.png
l1_championship_player_2017_13_62484,2017,62484,438309,Junior,Dina Ebimbe,2000-11-21,Réunion,REU,,l1_championship_club_2017_13,,3,,https://s3.eu-west-1.amazonaws.com/image.mpg/2025-empt-149-125x125.png
l1_championship_player_2018_13_62484,2018,62484,438309,Junior,Dina Ebimbe,2000-11-21,Réunion,REU,,l1_championship_club_2018_13,,3,,https://s3.eu-west-1.amazonaws.com/image.mpg/2025-empt-149-125x125.png
l1_championship_player_2019_13_62484,2019,62484,438309,Junior,Dina Ebimbe,2000-11-21,Réunion,REU,,l1_championship_club_2019_13,,3,,https://s3.eu-west-1.amazonaws.com/image.mpg/2025-empt-149-125x125.png
l1_championship_player_2020_13_62484,2020,62484,438309,Junior,Dina Ebimbe,2000-11-21,France,FRA,right,l1_championship_club_2020_13,28,3,centralMidfielder,https://s3.eu-west-1.amazonaws.com/image.mpg/2025-empt-149-125x125.png
l1_championship_player_2020_74_62484,2020,62484,438309,Junior,Dina,2000-11-21,France,FRA,right,l1_championship_club_2020_74,8,3,winger,https://s3.eu-west-1.amazonaws.com/image.mpg/68494634-38f4-4935-b478-50c75e8d8ae6
l1_championship_player_2021_13_62484,2021,62484,438309,Junior,Dina Ebimbe,2000-11-21,Cameroon,CMR,right,l1_championship_club_2021_13,28,3,centralMidfielder,https://s3.eu-west-1.amazonaws.com/image.mpg/2025-empt-149-125x125.png
l1_championship_player_2022_13_62484,2022,62484,438309,Junior,Dina Ebimbe,2000-11-21,France,FRA,right,l1_championship_club_2022_13,28,3,centralMidfielder,https://s3.eu-west-1.amazonaws.com/image.mpg/2025-empt-149-125x125.png
l1_championship_player_2023_13_62484,2023,62484,438309,Junior,Dina Ebimbe,2000-11-21,Réunion,REU,,l1_championship_club_2023_13,,3,,https://s3.eu-west-1.amazonaws.com/image.mpg/2025-empt-149-125x125.png
l1_championship_player_2024_13_62484,2024,62484,438309,Junior,Dina,2000-11-21,Réunion,REU,,l1_championship_club_2024_13,,3,,https://s3.eu-west-1.amazonaws.com/image.mpg/2025-empt-149-125x125.png
l1_championship_player_2021_41_93599,2021,93599,559827,Kamory,Doumbia,2003-02-18,Mali,MLI,right,l1_championship_club_2021_41,3,3,attackingMidfielder,https://s3.eu-west-1.amazonaws.com/image.mpg/2025-empt-1423-125x125.png
l1_championship_player_2022_41_93599,2022,93599,559827,Kamory,Doumbia,2003-02-18,Mali,MLI,right,l1_championship_club_2022_41,3,3,attackingMidfielder,https://s3.eu-west-1.amazonaws.com/image.mpg/2025-empt-1423-125x125.png
l1_championship_player_2023_41_93599,2023,93599,559827,Kamory,Doumbia,2003-02-18,Mali,MLI,right,l1_championship_club_2023_41,3,3,attackingMidfielder,https://s3.eu-west-1.amazonaws.com/image.mpg/2025-empt-1423-125x125.png
l1_championship_player_2023_44_93599,2023,93599,559827,Kamory,Doumbia,2003-02-18,Mali,MLI,right,l1_championship_club_2023_44,23,3,attackingMidfielder,https://s3.eu-west-1.amazonaws.com/image.mpg/2025-empt-862-125x125.png
l1_championship_player_2024_41_93599,2024,93599,559827,Kamory,Doumbia,2003-02-18,Mali,MLI,right,l1_championship_club_2024_41,3,3,attackingMidfielder,https://s3.eu-west-1.amazonaws.com/image.mpg/2025-empt-1423-125x125.png
l1_championship_player_2024_44_93599,2024,93599,559827,Kamory,Doumbia,2003-02-18,Mali,MLI,right,l1_championship_club_2024_44,9,3,attackingMidfielder,https://s3.eu-west-1.amazonaws.com/image.mpg/2025-empt-862-125x125.png
l1_championship_player_2015_3_64091,2015,64091,243741,Hugo,Magnetti,1998-05-30,Réunion,REU,,l1_championship_club_2015_3,8,,,https://s3.eu-west-3.amazonaws.com/ligue1.image/players/defaultAssets/default_facePicturesNB-125x125.png
l1_championship_player_2019_44_64091,2019,64091,243741,Hugo,Magnetti,1998-05-30,Réunion,REU,,l1_championship_club_2019_44,27,3,,https://s3.eu-west-1.amazonaws.com/image.mpg/2025-empt-862-125x125.png
l1_championship_player_2020_44_64091,2020,64091,243741,Hugo,Magnetti,1998-05-30,Réunion,REU,,l1_championship_club_2020_44,27,3,,https://s3.eu-west-1.amazonaws.com/image.mpg/2025-empt-862-125x125.png
l1_championship_player_2021_44_64091,2021,64091,243741,Hugo,Magnetti,1998-05-30,France,FRA,right,l1_championship_club_2021_44,27,3,centralMidfielder,https://s3.eu-west-1.amazonaws.com/image.mpg/2025-empt-862-125x125.png
l1_championship_player_2022_44_64091,2022,64091,243741,Hugo,Magnetti,1998-05-30,France,FRA,right,l1_championship_club_2022_44,8,3,centralMidfielder,https://s3.eu-west-1.amazonaws.com/image.mpg/2025-empt-862-125x125.png
l1_championship_player_2023_44_64091,2023,64091,243741,Hugo,Magnetti,1998-05-30,France,FRA,right,l1_championship_club_2023_44,8,3,centralMidfielder,https://s3.eu-west-1.amazonaws.com/image.mpg/2025-empt-862-125x125.png
l1_championship_player_2024_44_64091,2024,64091,243741,Hugo,Magnetti,1998-05-30,France,FRA,right,l1_championship_club_2024_44,8,3,centralMidfielder,https://s3.eu-west-1.amazonaws.com/image.mpg/2025-empt-862-125x125.png
l1_championship_player_2024_44_104507,2024,104507,641036,Hamidou,Makalou,2006-07-15,Mali,MLI,right,l1_championship_club_2024_44,33,3,defensiveMidfielder,https://s3.eu-west-1.amazonaws.com/image.mpg/2025-empt-862-125x125.png
l1_championship_player_2015_159_57458,2015,57458,203349,Lucas,Tousart,1997-04-29,Réunion,REU,,l1_championship_club_2015_159,29,,,https://s3.eu-west-1.amazonaws.com/image.mpg/2025-empt-143-125x125.png
l1_championship_player_2016_159_57458,2016,57458,203349,Lucas,Tousart,1997-04-29,Réunion,REU,,l1_championship_club_2016_159,29,3,,https://s3.eu-west-1.amazonaws.com/image.mpg/2025-empt-143-125x125.png
l1_championship_player_2017_159_57458,2017,57458,203349,Lucas,Tousart,1997-04-29,France,FRA,right,l1_championship_club_2017_159,29,3,centralMidfielder,https://s3.eu-west-1.amazonaws.com/image.mpg/2025-empt-143-125x125.png
l1_championship_player_2018_159_57458,2018,57458,203349,Lucas,Tousart,1997-04-29,Réunion,REU,,l1_championship_club_2018_159,29,3,,https://s3.eu-west-1.amazonaws.com/image.mpg/2025-empt-143-125x125.png
l1_championship_player_2019_159_57458,2019,57458,203349,Lucas,Tousart,1997-04-29,Réunion,REU,,l1_championship_club_2019_159,29,3,,https://s3.eu-west-1.amazonaws.com/image.mpg/2025-empt-143-125x125.png
l1_championship_player_2016_37_56118,2016,56118,168539,Ludovic,Ajorque,1994-02-25,Réunion,REU,,l1_championship_club_2016_37,,,,https://s3.eu-west-1.amazonaws.com/image.mpg/2025-empt-2128-125x125.png
l1_championship_player_2018_15_56118,2018,56118,168539,Ludovic,Ajorque,1994-02-25,Réunion,REU,,l1_championship_club_2018_15,25,4,,https://s3.eu-west-1.amazonaws.com/image.mpg/2025-empt-153-125x125.png
l1_championship_player_2019_15_56118,2019,56118,168539,Ludovic,Ajorque,1994-02-25,Réunion,REU,,l1_championship_club_2019_15,25,4,,https://s3.eu-west-1.amazonaws.com/image.mpg/2025-empt-153-125x125.png
l1_championship_player_2020_15_56118,2020,56118,168539,Ludovic,Ajorque,1994-02-25,Réunion,REU,,l1_championship_club_2020_15,25,4,,https://s3.eu-west-1.amazonaws.com/image.mpg/2025-empt-153-125x125.png
l1_championship_player_2021_15_56118,2021,56118,168539,Ludovic,Ajorque,1994-02-25,France,FRA,left,l1_championship_club_2021_15,25,4,striker,https://s3.eu-west-1.amazonaws.com/image.mpg/2025-empt-153-125x125.png
l1_championship_player_2022_15_56118,2022,56118,168539,Ludovic,Ajorque,1994-02-25,Réunion,REU,,l1_championship_club_2022_15,,4,,https://s3.eu-west-1.amazonaws.com/image.mpg/2025-empt-153-125x125.png
l1_championship_player_2024_44_56118,2024,56118,168539,Ludovic,Ajorque,1994-02-25,France,FRA,left,l1_championship_club_2024_44,19,4,striker,https://s3.eu-west-1.amazonaws.com/image.mpg/2025-empt-862-125x125.png
l1_championship_player_2020_74_88827,2020,88827,430510,Mama,Baldé,1995-11-06,Guinea-Bissau,GNB,right,l1_championship_club_2020_74,17,4,rightWinger,https://s3.eu-west-1.amazonaws.com/image.mpg/68494634-38f4-4935-b478-50c75e8d8ae6
l1_championship_player_2021_33_88827,2021,88827,430510,Mama,Baldé,1995-11-06,Guinea-Bissau,GNB,right,l1_championship_club_2021_33,25,4,rightWinger,https://s3.eu-west-1.amazonaws.com/image.mpg/2025-empt-154-125x125.png
l1_championship_player_2021_74_88827,2021,88827,430510,Mama,Baldé,1995-11-06,Portugal,PRT,,l1_championship_club_2021_74,14,3,,https://s3.eu-west-1.amazonaws.com/image.mpg/68494634-38f4-4935-b478-50c75e8d8ae6
l1_championship_player_2022_33_88827,2022,88827,430510,Mama,Baldé,1995-11-06,Guinea-Bissau,GNB,right,l1_championship_club_2022_33,7,4,rightWinger,https://s3.eu-west-3.amazonaws.com/ligue1.image/players/defaultAssets/154_facePicturesNB-125x125.png
l1_championship_player_2023_159_88827,2023,88827,430510,Mama,Baldé,1995-11-06,Guinea-Bissau,GNB,right,l1_championship_club_2023_159,7,4,rightWinger,https://s3.eu-west-1.amazonaws.com/image.mpg/2025-empt-143-125x125.png
l1_championship_player_2023_33_88827,2023,88827,430510,Mama,Baldé,1995-11-06,Guinea-Bissau,GNB,right,l1_championship_club_2023_33,14,4,rightWinger,https://s3.eu-west-1.amazonaws.com/image.mpg/2025-empt-154-125x125.png
l1_championship_player_2024_44_88827,2024,88827,430510,Mama,Baldé,1995-11-06,Guinea-Bissau,GNB,right,l1_championship_club_2024_44,14,4,striker,https://s3.eu-west-1.amazonaws.com/image.mpg/2025-empt-862-125x125.png
l1_championship_player_2024_159_88827,2024,88827,430510,Mama,Baldé,1995-11-06,Guinea-Bissau,GNB,right,l1_championship_club_2024_159,7,4,rightWinger,https://s3.eu-west-1.amazonaws.com/image.mpg/2025-empt-143-125x125.png
l1_championship_player_2024_33_88827,2024,88827,430510,Mama,Baldé,1995-11-06,Portugal,PRT,,l1_championship_club_2024_33,,4,,https://s3.eu-west-1.amazonaws.com/image.mpg/2025-empt-154-125x125.png
l1_championship_player_2013_159_48039,2013,48039,219873,Romain,Del Castillo,1996-03-29,Réunion,REU,,l1_championship_club_2013_159,,,,https://s3.eu-west-1.amazonaws.com/image.mpg/2025-empt-143-125x125.png
l1_championship_player_2014_159_48039,2014,48039,219873,Romain,Del Castillo,1996-03-29,Réunion,REU,,l1_championship_club_2014_159,,3,,https://s3.eu-west-1.amazonaws.com/image.mpg/2025-empt-143-125x125.png
l1_championship_player_2015_159_48039,2015,48039,219873,Romain,Del Castillo,1996-03-29,Réunion,REU,,l1_championship_club_2015_159,25,3,,https://s3.eu-west-1.amazonaws.com/image.mpg/2025-empt-143-125x125.png
l1_championship_player_2017_159_48039,2017,48039,219873,Romain,Del Castillo,1996-03-29,France,FRA,left,l1_championship_club_2017_159,39,4,centralMidfielder,https://s3.eu-west-1.amazonaws.com/image.mpg/2025-empt-143-125x125.png
l1_championship_player_2018_14_48039,2018,48039,219873,Romain,Del Castillo,1996-03-29,Réunion,REU,,l1_championship_club_2018_14,22,3,,https://s3.eu-west-1.amazonaws.com/image.mpg/2025-empt-150-125x125.png
l1_championship_player_2019_14_48039,2019,48039,219873,Romain,Del Castillo,1996-03-29,Réunion,REU,,l1_championship_club_2019_14,22,3,,https://s3.eu-west-1.amazonaws.com/image.mpg/2025-empt-150-125x125.png
l1_championship_player_2020_14_48039,2020,48039,219873,Romain,Del Castillo,1996-03-29,Réunion,REU,,l1_championship_club_2020_14,22,3,,https://s3.eu-west-1.amazonaws.com/image.mpg/2025-empt-150-125x125.png
l1_championship_player_2021_14_48039,2021,48039,219873,Romain,Del Castillo,1996-03-29,Réunion,REU,,l1_championship_club_2021_14,,4,,https://s3.eu-west-1.amazonaws.com/image.mpg/2025-empt-150-125x125.png
l1_championship_player_2021_44_48039,2021,48039,219873,Romain,Del Castillo,1996-03-29,France,FRA,left,l1_championship_club_2021_44,25,3,winger,https://s3.eu-west-1.amazonaws.com/image.mpg/2025-empt-862-125x125.png
l1_championship_player_2022_44_48039,2022,48039,219873,Romain,Del Castillo,1996-03-29,France,FRA,left,l1_championship_club_2022_44,10,3,winger,https://s3.eu-west-1.amazonaws.com/image.mpg/2025-empt-862-125x125.png
l1_championship_player_2023_44_48039,2023,48039,219873,Romain,Del Castillo,1996-03-29,France,FRA,left,l1_championship_club_2023_44,10,4,winger,https://s3.eu-west-1.amazonaws.com/image.mpg/2025-empt-862-125x125.png
l1_championship_player_2024_44_48039,2024,48039,219873,Romain,Del Castillo,1996-03-29,France,FRA,left,l1_championship_club_2024_44,10,3,winger,https://s3.eu-west-1.amazonaws.com/image.mpg/2025-empt-862-125x125.png
l1_championship_player_2018_6_72579,2018,72579,592515,Rémy,Labeau Lascary,2003-03-03,Réunion,REU,,l1_championship_club_2018_6,36,,,https://s3.eu-west-3.amazonaws.com/ligue1.image/players/defaultAssets/142_facePicturesNB-125x125.png
l1_championship_player_2019_6_72579,2019,72579,592515,Rémy,Labeau Lascary,2003-03-03,Réunion,REU,,l1_championship_club_2019_6,36,,,https://s3.eu-west-3.amazonaws.com/ligue1.image/players/defaultAssets/142_facePicturesNB-125x125.png
l1_championship_player_2020_6_72579,2020,72579,592515,Rémy,Labeau Lascary,2003-03-03,Réunion,REU,,l1_championship_club_2020_6,,,,https://s3.eu-west-1.amazonaws.com/image.mpg/2025-empt-142-125x125.png
l1_championship_player_2021_6_72579,2021,72579,592515,Rémy,Labeau Lascary,2003-03-03,Réunion,REU,,l1_championship_club_2021_6,,4,,https://s3.eu-west-1.amazonaws.com/image.mpg/2025-empt-142-125x125.png
l1_championship_player_2023_25_72579,2023,72579,592515,Rémy,Labeau Lascary,2003-03-03,France,FRA,right,l1_championship_club_2023_25,11,4,winger,https://s3.eu-west-1.amazonaws.com/image.mpg/2025-empt-2298-125x125.png
l1_championship_player_2024_6_72579,2024,72579,592515,Rémy,Labeau Lascary,2003-03-03,France,FRA,right,l1_championship_club_2024_6,36,4,striker,https://s3.eu-west-1.amazonaws.com/image.mpg/2025-empt-142-125x125.png
l1_championship_player_2024_25_72579,2024,72579,592515,Rémy,Labeau Lascary,2003-03-03,France,FRA,right,l1_championship_club_2024_25,11,4,winger,https://s3.eu-west-1.amazonaws.com/image.mpg/2025-empt-2298-125x125.png
l1_championship_player_2025_6_72579,2025,72579,592515,Rémy,Labeau Lascary,2003-03-03,France,FRA,right,l1_championship_club_2025_6,36,4,striker,https://s3.eu-west-3.amazonaws.com/ligue1.image/players/2025/all/player_official_2025_142_592515-125x125.png
l1_championship_player_2022_159_100455,2022,100455,586343,Pathé,Mboup,2003-10-19,Senegal,SEN,,l1_championship_club_2022_159,,3,,https://s3.eu-west-1.amazonaws.com/image.mpg/2025-empt-143-125x125.png
l1_championship_player_2023_159_100455,2023,100455,586343,Pathé,Mboup,2003-10-19,Senegal,SEN,,l1_championship_club_2023_159,,3,,https://s3.eu-west-1.amazonaws.com/image.mpg/2025-empt-143-125x125.png
l1_championship_player_2024_159_100455,2024,100455,586343,Pathé,Mboup,2003-10-19,Senegal,SEN,,l1_championship_club_2024_159,,3,,https://s3.eu-west-1.amazonaws.com/image.mpg/2025-empt-143-125x125.png
l1_championship_player_2024_73_100455,2024,100455,586343,Pathé,Mboup,2003-10-19,Senegal,SEN,right,l1_championship_club_2024_73,9,4,striker,https://s3.eu-west-1.amazonaws.com/image.mpg/2025-empt-5420-125x125.png
l1_championship_player_2025_73_100455,2025,100455,586343,Pathé,Mboup,2003-10-19,Senegal,SEN,right,l1_championship_club_2025_73,99,4,striker,https://s3.eu-west-3.amazonaws.com/ligue1.image/players/2025/all/player_official_2025_5420_586343-125x125.png
l1_championship_player_2020_90_88741,2020,88741,502436,Obed,Nkambadio,2003-02-07,Réunion,REU,,l1_championship_club_2020_90,16,1,,https://s3.eu-west-3.amazonaws.com/ligue1.image/players/defaultAssets/2338_facePicturesNB-125x125.png
l1_championship_player_2021_90_88741,2021,88741,502436,Obed,Nkambadio,2003-02-07,France,FRA,right,l1_championship_club_2021_90,16,1,goalkeeper,https://s3.eu-west-1.amazonaws.com/image.mpg/2025-empt-2338-125x125.png
l1_championship_player_2022_90_88741,2022,88741,502436,Obed,Nkambadio,2003-02-07,France,FRA,right,l1_championship_club_2022_90,16,1,goalkeeper,https://s3.eu-west-1.amazonaws.com/image.mpg/2025-empt-2338-125x125.png
l1_championship_player_2023_90_88741,2023,88741,502436,Obed,Nkambadio,2003-02-07,France,FRA,right,l1_championship_club_2023_90,16,1,goalkeeper,https://s3.eu-west-1.amazonaws.com/image.mpg/2025-empt-2338-125x125.png
l1_championship_player_2024_90_88741,2024,88741,502436,Obed,Nkambadio,2003-02-07,France,FRA,right,l1_championship_club_2024_90,16,1,goalkeeper,https://s3.eu-west-1.amazonaws.com/image.mpg/2025-2-2338_125x125.png
l1_championship_player_2006_159_19175,2006,19175,37838,Rémy,Riou,1987-08-06,Réunion,REU,,l1_championship_club_2006_159,,,,https://s3.eu-west-1.amazonaws.com/image.mpg/2025-empt-143-125x125.png
l1_championship_player_2009_2_19175,2009,19175,37838,Rémy,Riou,1987-08-06,Réunion,REU,,l1_championship_club_2009_2,16,,,https://s3.eu-west-1.amazonaws.com/image.mpg/2025-empt-138-125x125.png
l1_championship_player_2010_2_19175,2010,19175,37838,Rémy,Riou,1987-08-06,Réunion,REU,,l1_championship_club_2010_2,16,1,,https://s3.eu-west-1.amazonaws.com/image.mpg/2025-empt-138-125x125.png
l1_championship_player_2012_12_19175,2012,19175,37838,Rémy,Riou,1987-08-06,Réunion,REU,,l1_championship_club_2012_12,1,1,,https://s3.eu-west-3.amazonaws.com/ligue1.image/players/defaultAssets/430_facePicturesNB-125x125.png
l1_championship_player_2013_12_19175,2013,19175,37838,Rémy,Riou,1987-08-06,Réunion,REU,,l1_championship_club_2013_12,1,1,,https://s3.eu-west-1.amazonaws.com/image.mpg/2025-empt-430-125x125.png
l1_championship_player_2014_12_19175,2014,19175,37838,Rémy,Riou,1987-08-06,Réunion,REU,,l1_championship_club_2014_12,1,,,https://s3.eu-west-1.amazonaws.com/image.mpg/2025-empt-430-125x125.png
l1_championship_player_2015_12_19175,2015,19175,37838,Rémy,Riou,1987-08-06,Réunion,REU,,l1_championship_club_2015_12,1,,,https://s3.eu-west-1.amazonaws.com/image.mpg/2025-empt-430-125x125.png
l1_championship_player_2016_12_19175,2016,19175,37838,Rémy,Riou,1987-08-06,Réunion,REU,,l1_championship_club_2016_12,1,,,https://s3.eu-west-1.amazonaws.com/image.mpg/2025-empt-430-125x125.png
l1_championship_player_2017_12_19175,2017,19175,37838,Rémy,Riou,1987-08-06,Réunion,REU,,l1_championship_club_2017_12,,,,https://s3.eu-west-1.amazonaws.com/image.mpg/2025-empt-430-125x125.png
l1_championship_player_2019_20_19175,2019,19175,37838,Rémy,Riou,1987-08-06,Réunion,REU,,l1_championship_club_2019_20,30,1,,https://s3.eu-west-3.amazonaws.com/ligue1.image/players/defaultAssets/1028_facePicturesNB-125x125.png
l1_championship_player_2020_20_19175,2020,19175,37838,Rémy,Riou,1987-08-06,Réunion,REU,,l1_championship_club_2020_20,30,1,,https://s3.eu-west-3.amazonaws.com/ligue1.image/players/defaultAssets/1028_facePicturesNB-125x125.png
l1_championship_player_2021_20_19175,2021,19175,37838,Rémy,Riou,1987-08-06,France,FRA,right,l1_championship_club_2021_20,1,1,goalkeeper,https://s3.eu-west-1.amazonaws.com/image.mpg/assets/players/cdcac60e-c751-4b5e-afda-63b8a06daf29
l1_championship_player_2022_159_19175,2022,19175,37838,Rémy,Riou,1987-08-06,France,FRA,right,l1_championship_club_2022_159,35,1,goalkeeper,https://s3.eu-west-1.amazonaws.com/image.mpg/2025-empt-143-125x125.png
l1_championship_player_2023_159_19175,2023,19175,37838,Rémy,Riou,1987-08-06,Réunion,REU,,l1_championship_club_2023_159,,1,,https://s3.eu-west-1.amazonaws.com/image.mpg/2025-empt-143-125x125.png
l1_championship_player_2023_90_19175,2023,19175,37838,Rémy,Riou,1987-08-06,France,FRA,right,l1_championship_club_2023_90,1,1,goalkeeper,https://s3.eu-west-1.amazonaws.com/image.mpg/2025-empt-2338-2-125x125.png
l1_championship_player_2024_90_19175,2024,19175,37838,Rémy,Riou,1987-08-06,France,FRA,right,l1_championship_club_2024_90,1,1,goalkeeper,https://s3.eu-west-1.amazonaws.com/image.mpg/2025-2-2338_125x125.png
l1_championship_player_2015_13_67904,2015,67904,52482,Kevin,Trapp,1990-07-08,,,,l1_championship_club_2015_13,16,1,,https://s3.eu-west-1.amazonaws.com/image.mpg/2025-empt-149-125x125.png
l1_championship_player_2016_13_67904,2016,67904,52482,Kevin,Trapp,1990-07-08,,,,l1_championship_club_2016_13,1,1,,https://s3.eu-west-1.amazonaws.com/image.mpg/2025-empt-149-125x125.png
l1_championship_player_2017_13_67904,2017,67904,52482,Kevin,Trapp,1990-07-08,Germany,DEU,right,l1_championship_club_2017_13,1,1,goalkeeper,https://s3.eu-west-1.amazonaws.com/image.mpg/2025-empt-149-125x125.png
l1_championship_player_2018_13_67904,2018,67904,52482,Kevin,Trapp,1990-07-08,,,,l1_championship_club_2018_13,,1,,https://s3.eu-west-1.amazonaws.com/image.mpg/2025-empt-149-125x125.png
l1_championship_player_2019_13_67904,2019,67904,52482,Kevin,Trapp,1990-07-08,,,,l1_championship_club_2019_13,,1,,https://s3.eu-west-1.amazonaws.com/image.mpg/2025-empt-149-125x125.png
l1_championship_player_2021_8_60726,2021,60726,225997,Sofiane,Alakouch,1998-07-29,Morocco,MAR,right,l1_championship_club_2021_8,22,2,rightWingBack,https://s3.eu-west-1.amazonaws.com/image.mpg/2025-empt-145-125x125.png
l1_championship_player_2022_8_60726,2022,60726,225997,Sofiane,Alakouch,1998-07-29,Morocco,MAR,right,l1_championship_club_2022_8,22,2,rightWingBack,https://s3.eu-west-1.amazonaws.com/image.mpg/2025-empt-145-125x125.png
l1_championship_player_2023_8_60726,2023,60726,225997,Sofiane,Alakouch,1998-07-29,Réunion,REU,,l1_championship_club_2023_8,,2,,https://s3.eu-west-1.amazonaws.com/image.mpg/2025-empt-145-125x125.png
l1_championship_player_2023_90_60726,2023,60726,225997,Sofiane,Alakouch,1998-07-29,Morocco,MAR,right,l1_championship_club_2023_90,22,2,centralDefender,https://s3.eu-west-1.amazonaws.com/image.mpg/2025-empt-2338-2-125x125.png
l1_championship_player_2024_90_60726,2024,60726,225997,Sofiane,Alakouch,1998-07-29,Morocco,MAR,right,l1_championship_club_2024_90,22,2,centralDefender,https://s3.eu-west-1.amazonaws.com/image.mpg/2025-2-2338_125x125.png
l1_championship_player_2015_2_62315,2015,62315,482380,Samir,Chergui,1999-02-06,Réunion,REU,,l1_championship_club_2015_2,31,,,https://s3.eu-west-3.amazonaws.com/ligue1.image/players/defaultAssets/138_facePicturesNB-125x125.png
l1_championship_player_2016_2_62315,2016,62315,482380,Samir,Chergui,1999-02-06,Réunion,REU,,l1_championship_club_2016_2,31,,,https://s3.eu-west-3.amazonaws.com/ligue1.image/players/defaultAssets/138_facePicturesNB-125x125.png
l1_championship_player_2017_2_62315,2017,62315,482380,Samir,Chergui,1999-02-06,Réunion,REU,,l1_championship_club_2017_2,31,3,,https://s3.eu-west-3.amazonaws.com/ligue1.image/players/defaultAssets/138_facePicturesNB-125x125.png
l1_championship_player_2018_2_62315,2018,62315,482380,Samir,Chergui,1999-02-06,Réunion,REU,,l1_championship_club_2018_2,31,3,,https://s3.eu-west-3.amazonaws.com/ligue1.image/players/defaultAssets/138_facePicturesNB-125x125.png
l1_championship_player_2019_2_62315,2019,62315,482380,Samir,Chergui,1999-02-06,Réunion,REU,,l1_championship_club_2019_2,23,3,,https://s3.eu-west-3.amazonaws.com/ligue1.image/players/defaultAssets/138_facePicturesNB-125x125.png
l1_championship_player_2020_90_62315,2020,62315,482380,Samir,Chergui,1999-02-06,Réunion,REU,,l1_championship_club_2020_90,31,2,,https://s3.eu-west-3.amazonaws.com/ligue1.image/players/defaultAssets/2338_facePicturesNB-125x125.png
l1_championship_player_2021_90_62315,2021,62315,482380,Samir,Chergui,1999-02-06,France,FRA,right,l1_championship_club_2021_90,31,2,attackingMidfielder,https://s3.eu-west-1.amazonaws.com/image.mpg/2025-empt-2338-125x125.png
l1_championship_player_2022_90_62315,2022,62315,482380,Samir,Chergui,1999-02-06,France,FRA,right,l1_championship_club_2022_90,31,2,attackingMidfielder,https://s3.eu-west-1.amazonaws.com/image.mpg/2025-empt-2338-125x125.png
l1_championship_player_2023_90_62315,2023,62315,482380,Samir,Chergui,1999-02-06,France,FRA,right,l1_championship_club_2023_90,31,2,attackingMidfielder,https://s3.eu-west-1.amazonaws.com/image.mpg/2025-empt-2338-125x125.png
l1_championship_player_2024_90_62315,2024,62315,482380,Samir,Chergui,1999-02-06,France,FRA,right,l1_championship_club_2024_90,6,4,attackingMidfielder,https://s3.eu-west-1.amazonaws.com/image.mpg/2025-2-2338_125x125.png
l1_championship_player_2020_41_90544,2020,90544,241059,Thibault,De Smet,1998-06-05,Belgium,BEL,,l1_championship_club_2020_41,28,2,,https://s3.eu-west-1.amazonaws.com/image.mpg/2025-empt-1423-125x125.png
l1_championship_player_2022_41_90544,2022,90544,241059,Thibault,De Smet,1998-06-05,Belgium,BEL,left,l1_championship_club_2022_41,25,2,leftWingBack,https://s3.eu-west-1.amazonaws.com/image.mpg/2025-empt-1423-125x125.png
l1_championship_player_2023_41_90544,2023,90544,241059,Thibault,De Smet,1998-06-05,Belgium,BEL,left,l1_championship_club_2023_41,25,2,leftWingBack,https://s3.eu-west-1.amazonaws.com/image.mpg/2025-empt-1423-125x125.png
l1_championship_player_2024_41_90544,2024,90544,241059,Thibault,De Smet,1998-06-05,Belgium,BEL,left,l1_championship_club_2024_41,25,2,leftWingBack,https://s3.eu-west-1.amazonaws.com/image.mpg/2025-empt-1423-125x125.png
l1_championship_player_2024_90_90544,2024,90544,241059,Thibault,De Smet,1998-06-05,Belgium,BEL,left,l1_championship_club_2024_90,28,2,centralDefender,https://s3.eu-west-1.amazonaws.com/image.mpg/2025-empt-2338-2-125x125.png
l1_championship_player_2025_41_90544,2025,90544,241059,Thibault,De Smet,1998-06-05,Belgium,BEL,left,l1_championship_club_2025_41,25,2,leftWingBack,https://s3.eu-west-1.amazonaws.com/image.mpg/2025-empt-1423-125x125.png
l1_championship_player_2006_6_18719,2006,18719,57136,Timothée,Kolodziejczak,1991-10-01,Réunion,REU,,l1_championship_club_2006_6,,,,https://s3.eu-west-1.amazonaws.com/image.mpg/2025-empt-142-125x125.png
l1_championship_player_2007_6_18719,2007,18719,57136,Timothée,Kolodziejczak,1991-10-01,Réunion,REU,,l1_championship_club_2007_6,,,,https://s3.eu-west-1.amazonaws.com/image.mpg/2025-empt-142-125x125.png
l1_championship_player_2008_159_18719,2008,18719,57136,Timothée,Kolodziejczak,1991-10-01,Réunion,REU,,l1_championship_club_2008_159,12,,,https://s3.eu-west-1.amazonaws.com/image.mpg/2025-empt-143-125x125.png
l1_championship_player_2008_6_18719,2008,18719,57136,Timothée,Kolodziejczak,1991-10-01,Réunion,REU,,l1_championship_club_2008_6,15,,,https://s3.eu-west-1.amazonaws.com/image.mpg/2025-empt-142-125x125.png
l1_championship_player_2009_159_18719,2009,18719,57136,Timothée,Kolodziejczak,1991-10-01,Réunion,REU,,l1_championship_club_2009_159,12,,,https://s3.eu-west-1.amazonaws.com/image.mpg/2025-empt-143-125x125.png
l1_championship_player_2010_159_18719,2010,18719,57136,Timothée,Kolodziejczak,1991-10-01,Réunion,REU,,l1_championship_club_2010_159,12,2,,https://s3.eu-west-1.amazonaws.com/image.mpg/2025-empt-143-125x125.png
l1_championship_player_2011_159_18719,2011,18719,57136,Timothée,Kolodziejczak,1991-10-01,Réunion,REU,,l1_championship_club_2011_159,12,2,,https://s3.eu-west-1.amazonaws.com/image.mpg/2025-empt-143-125x125.png
l1_championship_player_2012_30_18719,2012,18719,57136,Timothée,Kolodziejczak,1991-10-01,Réunion,REU,,l1_championship_club_2012_30,3,4,,https://s3.eu-west-1.amazonaws.com/image.mpg/2025-empt-1395-125x125.png
l1_championship_player_2013_30_18719,2013,18719,57136,Timothée,Kolodziejczak,1991-10-01,Réunion,REU,,l1_championship_club_2013_30,3,2,,https://s3.eu-west-1.amazonaws.com/image.mpg/2025-empt-1395-125x125.png
l1_championship_player_2014_30_18719,2014,18719,57136,Timothée,Kolodziejczak,1991-10-01,Réunion,REU,,l1_championship_club_2014_30,,2,,https://s3.eu-west-1.amazonaws.com/image.mpg/2025-empt-1395-125x125.png
l1_championship_player_2018_31_18719,2018,18719,57136,Timothée,Kolodziejczak,1991-10-01,Réunion,REU,,l1_championship_club_2018_31,5,2,,https://s3.eu-west-1.amazonaws.com/image.mpg/2025-empt-152-125x125.png
l1_championship_player_2019_31_18719,2019,18719,57136,Timothée,Kolodziejczak,1991-10-01,Réunion,REU,,l1_championship_club_2019_31,,,,https://s3.eu-west-1.amazonaws.com/image.mpg/2025-empt-152-125x125.png
l1_championship_player_2020_31_18719,2020,18719,57136,Timothée,Kolodziejczak,1991-10-01,France,FRA,left,l1_championship_club_2020_31,5,2,centralDefender,https://s3.eu-west-1.amazonaws.com/image.mpg/2025-empt-152-125x125.png
l1_championship_player_2021_31_18719,2021,18719,57136,Timothée,Kolodziejczak,1991-10-01,France,FRA,left,l1_championship_club_2021_31,5,2,centralDefender,https://s3.eu-west-1.amazonaws.com/image.mpg/2025-empt-152-125x125.png
l1_championship_player_2023_90_18719,2023,18719,57136,Timothée,Kolodziejczak,1991-10-01,France,FRA,left,l1_championship_club_2023_90,15,2,centralDefender,https://s3.eu-west-1.amazonaws.com/image.mpg/2025-empt-2338-125x125.png
l1_championship_player_2024_90_18719,2024,18719,57136,Timothée,Kolodziejczak,1991-10-01,France,FRA,left,l1_championship_club_2024_90,15,2,centralDefender,https://s3.eu-west-1.amazonaws.com/image.mpg/2025-2-2338_125x125.png
l1_championship_player_2018_41_86437,2018,86437,476404,Moustapha,Mbow,2000-03-08,Senegal,SEN,,l1_championship_club_2018_41,,,,https://s3.eu-west-1.amazonaws.com/image.mpg/2025-empt-1423-125x125.png
l1_championship_player_2019_41_86437,2019,86437,476404,Moustapha,Mbow,2000-03-08,Senegal,SEN,,l1_championship_club_2019_41,,2,,https://s3.eu-west-1.amazonaws.com/image.mpg/2025-empt-1423-125x125.png
l1_championship_player_2020_41_86437,2020,86437,476404,Moustapha,Mbow,2000-03-08,Senegal,SEN,right,l1_championship_club_2020_41,65,2,centralDefender,https://s3.eu-west-1.amazonaws.com/image.mpg/2025-empt-1423-125x125.png
l1_championship_player_2021_41_86437,2021,86437,476404,Moustapha,Mbow,2000-03-08,Senegal,SEN,right,l1_championship_club_2021_41,65,2,centralDefender,https://s3.eu-west-1.amazonaws.com/image.mpg/2025-empt-1423-125x125.png
l1_championship_player_2021_27_86437,2021,86437,476404,Moustapha,Mbow,2000-03-08,Senegal,SEN,right,l1_championship_club_2021_27,5,2,centralDefender,https://s3.eu-west-1.amazonaws.com/image.mpg/68494634-38f4-4935-b478-50c75e8d8ae6
l1_championship_player_2022_41_86437,2022,86437,476404,Moustapha,Mbow,2000-03-08,Senegal,SEN,right,l1_championship_club_2022_41,65,2,centralDefender,https://s3.eu-west-1.amazonaws.com/image.mpg/2025-empt-1423-125x125.png
l1_championship_player_2023_41_86437,2023,86437,476404,Moustapha,Mbow,2000-03-08,Senegal,SEN,,l1_championship_club_2023_41,,2,,https://s3.eu-west-1.amazonaws.com/image.mpg/2025-empt-1423-125x125.png
l1_championship_player_2023_90_86437,2023,86437,476404,Moustapha,Mbow,2000-03-08,Senegal,SEN,right,l1_championship_club_2023_90,5,2,centralDefender,https://s3.eu-west-1.amazonaws.com/image.mpg/2025-empt-2338-2-125x125.png
l1_championship_player_2024_90_86437,2024,86437,476404,Moustapha,Mbow,2000-03-08,Senegal,SEN,right,l1_championship_club_2024_90,5,2,centralDefender,https://s3.eu-west-1.amazonaws.com/image.mpg/2025-2-2338_125x125.png
l1_championship_player_2023_90_102076,2023,102076,530635,Tuomas,Ollila,2000-04-25,Finland,FIN,left,l1_championship_club_2023_90,2,2,centralDefender,https://s3.eu-west-1.amazonaws.com/image.mpg/2025-empt-2338-125x125.png
l1_championship_player_2024_90_102076,2024,102076,530635,Tuomas,Ollila,2000-04-25,Finland,FIN,left,l1_championship_club_2024_90,2,2,centralDefender,https://s3.eu-west-1.amazonaws.com/image.mpg/2025-2-2338_125x125.png
l1_championship_player_2021_41_92662,2021,92662,560247,Nhoa,Sangui,2006-02-27,Réunion,REU,,l1_championship_club_2021_41,,,,https://s3.eu-west-1.amazonaws.com/image.mpg/2025-empt-1423-125x125.png
l1_championship_player_2023_41_92662,2023,92662,560247,Nhoa,Sangui,2006-02-27,France,FRA,left,l1_championship_club_2023_41,55,2,leftWingBack,https://s3.eu-west-1.amazonaws.com/image.mpg/2025-empt-1423-125x125.png
l1_championship_player_2024_41_92662,2024,92662,560247,Nhoa,Sangui,2006-02-27,France,FRA,left,l1_championship_club_2024_41,55,2,leftWingBack,https://s3.eu-west-1.amazonaws.com/image.mpg/2025-empt-1423-125x125.png
l1_championship_player_2025_41_92662,2025,92662,560247,Nhoa,Sangui,2006-02-27,France,FRA,left,l1_championship_club_2025_41,55,2,leftWingBack,https://s3.eu-west-1.amazonaws.com/image.mpg/2025-empt-1423-125x125.png
l1_championship_player_2015_41_67860,2015,67860,174528,Hamari,Traore,1992-01-27,Mali,MLI,,l1_championship_club_2015_41,27,2,,https://s3.eu-west-1.amazonaws.com/image.mpg/2025-empt-1423-125x125.png
l1_championship_player_2016_41_67860,2016,67860,174528,Hamari,Traore,1992-01-27,Mali,MLI,,l1_championship_club_2016_41,27,2,,https://s3.eu-west-1.amazonaws.com/image.mpg/2025-empt-1423-125x125.png
l1_championship_player_2017_14_67860,2017,67860,174528,Hamari,Traore,1992-01-27,Mali,MLI,right,l1_championship_club_2017_14,27,2,rightWingBack,https://s3.eu-west-1.amazonaws.com/image.mpg/2025-empt-150-125x125.png
l1_championship_player_2018_14_67860,2018,67860,174528,Hamari,Traore,1992-01-27,Mali,MLI,,l1_championship_club_2018_14,27,2,,https://s3.eu-west-1.amazonaws.com/image.mpg/2025-empt-150-125x125.png
l1_championship_player_2019_14_67860,2019,67860,174528,Hamari,Traore,1992-01-27,Mali,MLI,,l1_championship_club_2019_14,27,2,,https://s3.eu-west-1.amazonaws.com/image.mpg/2025-empt-150-125x125.png
l1_championship_player_2020_14_67860,2020,67860,174528,Hamari,Traore,1992-01-27,Mali,MLI,right,l1_championship_club_2020_14,27,2,rightWingBack,https://s3.eu-west-1.amazonaws.com/image.mpg/2025-empt-150-125x125.png
l1_championship_player_2021_14_67860,2021,67860,174528,Hamari,Traore,1992-01-27,Mali,MLI,right,l1_championship_club_2021_14,27,2,rightWingBack,https://s3.eu-west-1.amazonaws.com/image.mpg/2025-empt-150-125x125.png
l1_championship_player_2022_14_67860,2022,67860,174528,Hamari,Traore,1992-01-27,Mali,MLI,right,l1_championship_club_2022_14,27,2,rightWingBack,https://s3.eu-west-1.amazonaws.com/image.mpg/2025-empt-150-125x125.png
l1_championship_player_2023_90_101093,2023,101093,624926,Adama,Camara,1996-10-18,France,FRA,right,l1_championship_club_2023_90,17,3,centralMidfielder,https://s3.eu-west-1.amazonaws.com/image.mpg/2025-empt-2338-125x125.png
l1_championship_player_2024_90_101093,2024,101093,624926,Adama,Camara,1996-10-18,France,FRA,right,l1_championship_club_2024_90,17,3,centralMidfielder,https://s3.eu-west-1.amazonaws.com/image.mpg/2025-2-2338_125x125.png
l1_championship_player_2019_41_79500,2019,79500,511182,Ilan,Kebbal,1998-07-10,Réunion,REU,,l1_championship_club_2019_41,,3,,https://s3.eu-west-1.amazonaws.com/image.mpg/2025-empt-1423-125x125.png
l1_championship_player_2020_48_79500,2020,79500,511182,Ilan,Kebbal,1998-07-10,Réunion,REU,,l1_championship_club_2020_48,20,3,,https://s3.eu-west-3.amazonaws.com/ligue1.image/players/defaultAssets/3288_facePicturesNB-125x125.png
l1_championship_player_2021_41_79500,2021,79500,511182,Ilan,Kebbal,1998-07-10,Algeria,DZA,left,l1_championship_club_2021_41,20,3,attackingMidfielder,https://s3.eu-west-1.amazonaws.com/image.mpg/2025-empt-1423-125x125.png
l1_championship_player_2022_41_79500,2022,79500,511182,Ilan,Kebbal,1998-07-10,Algeria,DZA,left,l1_championship_club_2022_41,20,3,attackingMidfielder,https://s3.eu-west-1.amazonaws.com/image.mpg/2025-empt-1423-125x125.png
l1_championship_player_2022_90_79500,2022,79500,511182,Ilan,Kebbal,1998-07-10,Algeria,DZA,left,l1_championship_club_2022_90,11,3,centralMidfielder,https://s3.eu-west-1.amazonaws.com/image.mpg/2025-empt-2338-2-125x125.png
l1_championship_player_2023_41_79500,2023,79500,511182,Ilan,Kebbal,1998-07-10,Réunion,REU,,l1_championship_club_2023_41,,3,,https://s3.eu-west-1.amazonaws.com/image.mpg/2025-empt-1423-125x125.png
l1_championship_player_2023_90_79500,2023,79500,511182,Ilan,Kebbal,1998-07-10,Algeria,DZA,left,l1_championship_club_2023_90,10,3,attackingMidfielder,https://s3.eu-west-1.amazonaws.com/image.mpg/2025-empt-2338-2-125x125.png
l1_championship_player_2024_90_79500,2024,79500,511182,Ilan,Kebbal,1998-07-10,Algeria,DZA,left,l1_championship_club_2024_90,10,3,attackingMidfielder,https://s3.eu-west-1.amazonaws.com/image.mpg/2025-2-2338_125x125.png
l1_championship_player_2017_30_28858,2017,28858,212325,Pierre,Lees-Melou,1993-05-25,France,FRA,right,l1_championship_club_2017_30,8,3,centralMidfielder,https://s3.eu-west-1.amazonaws.com/image.mpg/2025-empt-1395-125x125.png
l1_championship_player_2018_30_28858,2018,28858,212325,Pierre,Lees-Melou,1993-05-25,Réunion,REU,,l1_championship_club_2018_30,8,3,,https://s3.eu-west-1.amazonaws.com/image.mpg/2025-empt-1395-125x125.png
l1_championship_player_2019_30_28858,2019,28858,212325,Pierre,Lees-Melou,1993-05-25,Réunion,REU,,l1_championship_club_2019_30,8,3,,https://s3.eu-west-1.amazonaws.com/image.mpg/2025-empt-1395-125x125.png
l1_championship_player_2020_30_28858,2020,28858,212325,Pierre,Lees-Melou,1993-05-25,Réunion,REU,,l1_championship_club_2020_30,8,3,,https://s3.eu-west-1.amazonaws.com/image.mpg/2025-empt-1395-125x125.png
l1_championship_player_2021_30_28858,2021,28858,212325,Pierre,Lees-Melou,1993-05-25,Réunion,REU,,l1_championship_club_2021_30,,3,,https://s3.eu-west-1.amazonaws.com/image.mpg/2025-empt-1395-125x125.png
l1_championship_player_2022_44_28858,2022,28858,212325,Pierre,Lees-Melou,1993-05-25,France,FRA,right,l1_championship_club_2022_44,20,3,centralMidfielder,https://s3.eu-west-1.amazonaws.com/image.mpg/2025-empt-862-125x125.png
l1_championship_player_2023_44_28858,2023,28858,212325,Pierre,Lees-Melou,1993-05-25,France,FRA,right,l1_championship_club_2023_44,20,3,centralMidfielder,https://s3.eu-west-1.amazonaws.com/image.mpg/2025-empt-862-125x125.png
l1_championship_player_2024_44_28858,2024,28858,212325,Pierre,Lees-Melou,1993-05-25,France,FRA,right,l1_championship_club_2024_44,20,3,centralMidfielder,https://s3.eu-west-1.amazonaws.com/image.mpg/2025-empt-862-125x125.png
l1_championship_player_2025_44_28858,2025,28858,212325,Pierre,Lees-Melou,1993-05-25,France,FRA,right,l1_championship_club_2025_44,20,3,centralMidfielder,https://s3.eu-west-3.amazonaws.com/ligue1.image/players/2025/all/player_official_2025_862_212325-125x125.png
l1_championship_player_2013_1_48671,2013,48671,213965,Maxime,Lopez,1997-12-04,Réunion,REU,,l1_championship_club_2013_1,,,,https://s3.eu-west-1.amazonaws.com/image.mpg/2025-empt-144-125x125.png
l1_championship_player_2014_1_48671,2014,48671,213965,Maxime,Lopez,1997-12-04,Réunion,REU,,l1_championship_club_2014_1,,,,https://s3.eu-west-1.amazonaws.com/image.mpg/2025-empt-144-125x125.png
l1_championship_player_2015_1_48671,2015,48671,213965,Maxime,Lopez,1997-12-04,Réunion,REU,,l1_championship_club_2015_1,27,3,,https://s3.eu-west-1.amazonaws.com/image.mpg/2025-empt-144-125x125.png
l1_championship_player_2016_1_48671,2016,48671,213965,Maxime,Lopez,1997-12-04,Réunion,REU,,l1_championship_club_2016_1,27,3,,https://s3.eu-west-1.amazonaws.com/image.mpg/2025-empt-144-125x125.png
l1_championship_player_2017_1_48671,2017,48671,213965,Maxime,Lopez,1997-12-04,France,FRA,right,l1_championship_club_2017_1,27,3,attackingMidfielder,https://s3.eu-west-1.amazonaws.com/image.mpg/2025-empt-144-125x125.png
l1_championship_player_2018_1_48671,2018,48671,213965,Maxime,Lopez,1997-12-04,Réunion,REU,,l1_championship_club_2018_1,27,,,https://s3.eu-west-1.amazonaws.com/image.mpg/2025-empt-144-125x125.png
l1_championship_player_2019_1_48671,2019,48671,213965,Maxime,Lopez,1997-12-04,Réunion,REU,,l1_championship_club_2019_1,27,3,,https://s3.eu-west-1.amazonaws.com/image.mpg/2025-empt-144-125x125.png
l1_championship_player_2020_1_48671,2020,48671,213965,Maxime,Lopez,1997-12-04,Réunion,REU,,l1_championship_club_2020_1,,3,,https://s3.eu-west-1.amazonaws.com/image.mpg/2025-empt-144-125x125.png
l1_championship_player_2024_90_48671,2024,48671,213965,Maxime,Lopez,1997-12-04,France,FRA,right,l1_championship_club_2024_90,21,3,centralMidfielder,https://s3.eu-west-1.amazonaws.com/image.mpg/2025-2-2338_125x125.png
l1_championship_player_2017_90_17313,2017,17313,119582,Julien,Lopez,1992-03-01,Réunion,REU,,l1_championship_club_2017_90,20,3,,https://s3.eu-west-3.amazonaws.com/ligue1.image/players/defaultAssets/2338_facePicturesNB-125x125.png
l1_championship_player_2018_90_17313,2018,17313,119582,Julien,Lopez,1992-03-01,Réunion,REU,,l1_championship_club_2018_90,20,,,https://s3.eu-west-3.amazonaws.com/ligue1.image/players/defaultAssets/2338_facePicturesNB-125x125.png
l1_championship_player_2019_90_17313,2019,17313,119582,Julien,Lopez,1992-03-01,Réunion,REU,,l1_championship_club_2019_90,20,3,,https://s3.eu-west-3.amazonaws.com/ligue1.image/players/defaultAssets/2338_facePicturesNB-125x125.png
l1_championship_player_2020_90_17313,2020,17313,119582,Julien,Lopez,1992-03-01,Réunion,REU,,l1_championship_club_2020_90,20,3,,https://s3.eu-west-3.amazonaws.com/ligue1.image/players/defaultAssets/2338_facePicturesNB-125x125.png
l1_championship_player_2021_90_17313,2021,17313,119582,Julien,Lopez,1992-03-01,Algeria,DZA,right,l1_championship_club_2021_90,20,3,winger,https://s3.eu-west-1.amazonaws.com/image.mpg/2025-empt-2338-125x125.png
l1_championship_player_2022_90_17313,2022,17313,119582,Julien,Lopez,1992-03-01,Algeria,DZA,right,l1_championship_club_2022_90,20,3,winger,https://s3.eu-west-1.amazonaws.com/image.mpg/2025-empt-2338-125x125.png
l1_championship_player_2023_90_17313,2023,17313,119582,Julien,Lopez,1992-03-01,Algeria,DZA,right,l1_championship_club_2023_90,20,4,winger,https://s3.eu-west-1.amazonaws.com/image.mpg/2025-empt-2338-125x125.png
l1_championship_player_2024_90_17313,2024,17313,119582,Julien,Lopez,1992-03-01,Algeria,DZA,right,l1_championship_club_2024_90,20,3,winger,https://s3.eu-west-1.amazonaws.com/image.mpg/2025-2-2338_125x125.png
l1_championship_player_2014_17_59698,2014,59698,209874,Vincent,Marchetti,1997-07-04,Réunion,REU,,l1_championship_club_2014_17,4,,,https://s3.eu-west-3.amazonaws.com/ligue1.image/players/defaultAssets/1163_facePicturesNB-125x125.png
l1_championship_player_2015_17_59698,2015,59698,209874,Vincent,Marchetti,1997-07-04,Réunion,REU,,l1_championship_club_2015_17,4,4,,https://s3.eu-west-3.amazonaws.com/ligue1.image/players/defaultAssets/1163_facePicturesNB-125x125.png
l1_championship_player_2016_17_59698,2016,59698,209874,Vincent,Marchetti,1997-07-04,Réunion,REU,,l1_championship_club_2016_17,4,,,https://s3.eu-west-3.amazonaws.com/ligue1.image/players/defaultAssets/1163_facePicturesNB-125x125.png
l1_championship_player_2020_17_59698,2020,59698,209874,Vincent,Marchetti,1997-07-04,Réunion,REU,,l1_championship_club_2020_17,27,3,,https://s3.eu-west-3.amazonaws.com/ligue1.image/players/defaultAssets/1163_facePicturesNB-125x125.png
l1_championship_player_2021_17_59698,2021,59698,209874,Vincent,Marchetti,1997-07-04,France,FRA,left,l1_championship_club_2021_17,8,3,defensiveMidfielder,https://s3.eu-west-1.amazonaws.com/image.mpg/2025-1163-125x125.png
l1_championship_player_2023_17_59698,2023,59698,209874,Vincent,Marchetti,1997-07-04,Réunion,REU,,l1_championship_club_2023_17,8,3,,https://s3.eu-west-1.amazonaws.com/image.mpg/2025-1163-125x125.png
l1_championship_player_2023_90_59698,2023,59698,209874,Vincent,Marchetti,1997-07-04,France,FRA,left,l1_championship_club_2023_90,4,3,centralMidfielder,https://s3.eu-west-1.amazonaws.com/image.mpg/2025-empt-2338-125x125.png
l1_championship_player_2024_90_59698,2024,59698,209874,Vincent,Marchetti,1997-07-04,France,FRA,left,l1_championship_club_2024_90,4,3,centralMidfielder,https://s3.eu-west-1.amazonaws.com/image.mpg/2025-2-2338_125x125.png
l1_championship_player_2025_2_101110,2025,101110,694358,Rudy,Matondo,2008-03-13,France,FRA,left,l1_championship_club_2025_2,34,3,defensiveMidfielder,https://s3.eu-west-3.amazonaws.com/ligue1.image/players/2025/all/player_official_2025_138_694358-125x125.png
l1_championship_player_2019_41_88576,2019,88576,433312,Marshall,Munetsi,1996-06-22,,,,l1_championship_club_2019_41,15,3,,https://s3.eu-west-1.amazonaws.com/image.mpg/2025-empt-1423-125x125.png
l1_championship_player_2020_41_88576,2020,88576,433312,Marshall,Munetsi,1996-06-22,,,,l1_championship_club_2020_41,15,2,,https://s3.eu-west-1.amazonaws.com/image.mpg/2025-empt-1423-125x125.png
l1_championship_player_2021_41_88576,2021,88576,433312,Marshall,Munetsi,1996-06-22,Zimbabwe,ZWE,right,l1_championship_club_2021_41,15,3,defensiveMidfielder,https://s3.eu-west-1.amazonaws.com/image.mpg/2025-empt-1423-125x125.png
l1_championship_player_2022_41_88576,2022,88576,433312,Marshall,Munetsi,1996-06-22,Zimbabwe,ZWE,right,l1_championship_club_2022_41,15,3,defensiveMidfielder,https://s3.eu-west-1.amazonaws.com/image.mpg/2025-empt-1423-125x125.png
l1_championship_player_2023_41_88576,2023,88576,433312,Marshall,Munetsi,1996-06-22,Zimbabwe,ZWE,right,l1_championship_club_2023_41,15,3,defensiveMidfielder,https://s3.eu-west-1.amazonaws.com/image.mpg/2025-empt-1423-125x125.png
l1_championship_player_2024_41_88576,2024,88576,433312,Marshall,Munetsi,1996-06-22,Zimbabwe,ZWE,right,l1_championship_club_2024_41,15,3,defensiveMidfielder,https://s3.eu-west-1.amazonaws.com/image.mpg/2025-empt-1423-125x125.png
l1_championship_player_2025_41_88576,2025,88576,433312,Marshall,Munetsi,1996-06-22,,,,l1_championship_club_2025_41,15,3,,https://s3.eu-west-1.amazonaws.com/image.mpg/2025-empt-1423-125x125.png
l1_championship_player_2012_16_39732,2012,39732,217597,Mathieu,Cafaro,1997-03-25,Réunion,REU,,l1_championship_club_2012_16,,,,https://s3.eu-west-1.amazonaws.com/image.mpg/2025-empt-427-125x125.png
l1_championship_player_2013_16_39732,2013,39732,217597,Mathieu,Cafaro,1997-03-25,Réunion,REU,,l1_championship_club_2013_16,,,,https://s3.eu-west-1.amazonaws.com/image.mpg/2025-empt-427-125x125.png
l1_championship_player_2014_16_39732,2014,39732,217597,Mathieu,Cafaro,1997-03-25,Réunion,REU,,l1_championship_club_2014_16,,,,https://s3.eu-west-1.amazonaws.com/image.mpg/2025-empt-427-125x125.png
l1_championship_player_2015_16_39732,2015,39732,217597,Mathieu,Cafaro,1997-03-25,Réunion,REU,,l1_championship_club_2015_16,,3,,https://s3.eu-west-1.amazonaws.com/image.mpg/2025-empt-427-125x125.png
l1_championship_player_2016_16_39732,2016,39732,217597,Mathieu,Cafaro,1997-03-25,Réunion,REU,,l1_championship_club_2016_16,26,3,,https://s3.eu-west-1.amazonaws.com/image.mpg/2025-empt-427-125x125.png
l1_championship_player_2017_41_39732,2017,39732,217597,Mathieu,Cafaro,1997-03-25,Réunion,REU,,,,,,https://s3.eu-west-3.amazonaws.com/ligue1.image/players/defaultAssets/1423_facePicturesNB-125x125.png
l1_championship_player_2018_41_39732,2018,39732,217597,Mathieu,Cafaro,1997-03-25,Réunion,REU,,l1_championship_club_2018_41,24,3,,https://s3.eu-west-1.amazonaws.com/image.mpg/2025-empt-1423-125x125.png
l1_championship_player_2019_41_39732,2019,39732,217597,Mathieu,Cafaro,1997-03-25,Réunion,REU,,l1_championship_club_2019_41,24,3,,https://s3.eu-west-1.amazonaws.com/image.mpg/2025-empt-1423-125x125.png
l1_championship_player_2020_41_39732,2020,39732,217597,Mathieu,Cafaro,1997-03-25,Réunion,REU,,l1_championship_club_2020_41,24,2,,https://s3.eu-west-1.amazonaws.com/image.mpg/2025-empt-1423-125x125.png
l1_championship_player_2021_41_39732,2021,39732,217597,Mathieu,Cafaro,1997-03-25,Réunion,REU,,l1_championship_club_2021_41,,3,,https://s3.eu-west-1.amazonaws.com/image.mpg/2025-empt-1423-125x125.png
l1_championship_player_2022_31_39732,2022,39732,217597,Mathieu,Cafaro,1997-03-25,France,FRA,right,l1_championship_club_2022_31,18,3,centralMidfielder,https://s3.eu-west-1.amazonaws.com/image.mpg/2025-empt-152-125x125.png
l1_championship_player_2023_31_39732,2023,39732,217597,Mathieu,Cafaro,1997-03-25,France,FRA,right,l1_championship_club_2023_31,18,3,centralMidfielder,https://s3.eu-west-1.amazonaws.com/image.mpg/2025-empt-152-125x125.png
l1_championship_player_2024_31_39732,2024,39732,217597,Mathieu,Cafaro,1997-03-25,France,FRA,right,l1_championship_club_2024_31,18,3,rightWinger,https://s3.eu-west-1.amazonaws.com/image.mpg/2025-empt-152-125x125.png
l1_championship_player_2024_90_39732,2024,39732,217597,Mathieu,Cafaro,1997-03-25,France,FRA,right,l1_championship_club_2024_90,13,4,rightWinger,https://s3.eu-west-1.amazonaws.com/image.mpg/2025-empt-2338-2-125x125.png
l1_championship_player_2016_159_77378,2016,77378,242894,Willem,Geubbels,2001-08-16,Réunion,REU,,l1_championship_club_2016_159,,,,https://s3.eu-west-1.amazonaws.com/image.mpg/2025-empt-143-125x125.png
l1_championship_player_2017_159_77378,2017,77378,242894,Willem,Geubbels,2001-08-16,France,FRA,right,l1_championship_club_2017_159,13,4,striker,https://s3.eu-west-1.amazonaws.com/image.mpg/2025-empt-143-125x125.png
l1_championship_player_2018_9_77378,2018,77378,242894,Willem,Geubbels,2001-08-16,Réunion,REU,,l1_championship_club_2018_9,13,4,,https://s3.eu-west-1.amazonaws.com/image.mpg/2025-empt-146-125x125.png
l1_championship_player_2019_9_77378,2019,77378,242894,Willem,Geubbels,2001-08-16,Réunion,REU,,l1_championship_club_2019_9,13,4,,https://s3.eu-west-1.amazonaws.com/image.mpg/2025-empt-146-125x125.png
l1_championship_player_2020_9_77378,2020,77378,242894,Willem,Geubbels,2001-08-16,France,FRA,right,l1_championship_club_2020_9,13,4,striker,https://s3.eu-west-1.amazonaws.com/image.mpg/2025-empt-146-125x125.png
l1_championship_player_2021_9_77378,2021,77378,242894,Willem,Geubbels,2001-08-16,France,FRA,right,l1_championship_club_2021_9,13,4,striker,https://s3.eu-west-1.amazonaws.com/image.mpg/2025-empt-146-125x125.png
l1_championship_player_2021_12_77378,2021,77378,242894,Willem,Geubbels,2001-08-16,France,FRA,right,l1_championship_club_2021_12,19,4,striker,https://s3.eu-west-1.amazonaws.com/image.mpg/2025-empt-430-125x125.png
l1_championship_player_2022_9_77378,2022,77378,242894,Willem,Geubbels,2001-08-16,Réunion,REU,,l1_championship_club_2022_9,,4,,https://s3.eu-west-1.amazonaws.com/image.mpg/2025-empt-146-125x125.png
l1_championship_player_2014_5_57025,2014,57025,229225,Alimami,Gory,1996-08-30,Réunion,REU,,l1_championship_club_2014_5,7,4,,https://s3.eu-west-3.amazonaws.com/ligue1.image/players/defaultAssets/141_facePicturesNB-125x125.png
l1_championship_player_2016_5_57025,2016,57025,229225,Alimami,Gory,1996-08-30,Réunion,REU,,l1_championship_club_2016_5,28,4,,https://s3.eu-west-3.amazonaws.com/ligue1.image/players/defaultAssets/141_facePicturesNB-125x125.png
l1_championship_player_2017_5_57025,2017,57025,229225,Alimami,Gory,1996-08-30,Réunion,REU,,l1_championship_club_2017_5,28,4,,https://s3.eu-west-3.amazonaws.com/ligue1.image/players/defaultAssets/141_facePicturesNB-125x125.png
l1_championship_player_2018_5_57025,2018,57025,229225,Alimami,Gory,1996-08-30,Réunion,REU,,l1_championship_club_2018_5,7,4,,https://s3.eu-west-3.amazonaws.com/ligue1.image/players/defaultAssets/141_facePicturesNB-125x125.png
l1_championship_player_2019_5_57025,2019,57025,229225,Alimami,Gory,1996-08-30,Réunion,REU,,l1_championship_club_2019_5,7,,,https://s3.eu-west-3.amazonaws.com/ligue1.image/players/defaultAssets/141_facePicturesNB-125x125.png
l1_championship_player_2020_33_57025,2020,57025,229225,Alimami,Gory,1996-08-30,Réunion,REU,,l1_championship_club_2020_33,24,4,,https://s3.eu-west-3.amazonaws.com/ligue1.image/players/defaultAssets/154_facePicturesNB-125x125.png
l1_championship_player_2021_90_57025,2021,57025,229225,Alimami,Gory,1996-08-30,France,FRA,right,l1_championship_club_2021_90,11,3,centralMidfielder,https://s3.eu-west-1.amazonaws.com/image.mpg/2025-empt-2338-125x125.png
l1_championship_player_2022_90_57025,2022,57025,229225,Alimami,Gory,1996-08-30,France,FRA,right,l1_championship_club_2022_90,27,3,striker,https://s3.eu-west-1.amazonaws.com/image.mpg/2025-empt-2338-125x125.png
l1_championship_player_2023_90_57025,2023,57025,229225,Alimami,Gory,1996-08-30,France,FRA,right,l1_championship_club_2023_90,7,4,striker,https://s3.eu-west-1.amazonaws.com/image.mpg/2025-empt-2338-125x125.png
l1_championship_player_2024_90_57025,2024,57025,229225,Alimami,Gory,1996-08-30,France,FRA,right,l1_championship_club_2024_90,7,4,striker,https://s3.eu-west-1.amazonaws.com/image.mpg/2025-2-2338_125x125.png
l1_championship_player_2020_8_84629,2020,84629,501334,Lamine,Gueye,1998-03-13,Senegal,SEN,right,l1_championship_club_2020_8,13,4,rightWinger,https://s3.eu-west-1.amazonaws.com/image.mpg/2025-empt-145-125x125.png
l1_championship_player_2021_8_84629,2021,84629,501334,Lamine,Gueye,1998-03-13,Senegal,SEN,right,l1_championship_club_2021_8,20,4,rightWinger,https://s3.eu-west-1.amazonaws.com/image.mpg/2025-empt-145-125x125.png
l1_championship_player_2021_90_84629,2021,84629,501334,Lamine,Gueye,1998-03-13,Senegal,SEN,,l1_championship_club_2021_90,26,4,striker,https://s3.eu-west-1.amazonaws.com/image.mpg/2025-empt-2338-2-125x125.png
l1_championship_player_2022_8_84629,2022,84629,501334,Lamine,Gueye,1998-03-13,Senegal,SEN,,l1_championship_club_2022_8,20,4,rightWinger,https://s3.eu-west-1.amazonaws.com/image.mpg/2025-empt-145-125x125.png
l1_championship_player_2023_90_84629,2023,84629,501334,Lamine,Gueye,1998-03-13,Senegal,SEN,right,l1_championship_club_2023_90,26,4,winger,https://s3.eu-west-1.amazonaws.com/image.mpg/2025-empt-2338-125x125.png
l1_championship_player_2024_90_84629,2024,84629,501334,Lamine,Gueye,1998-03-13,Senegal,SEN,right,l1_championship_club_2024_90,26,4,winger,https://s3.eu-west-1.amazonaws.com/image.mpg/2025-2-2338_125x125.png
l1_championship_player_2009_14_26832,2009,26832,242167,Pierre-Yves,Hamel,1994-02-03,Réunion,REU,,l1_championship_club_2009_14,,,,https://s3.eu-west-1.amazonaws.com/image.mpg/2025-empt-150-125x125.png
l1_championship_player_2010_14_26832,2010,26832,242167,Pierre-Yves,Hamel,1994-02-03,Réunion,REU,,l1_championship_club_2010_14,,,,https://s3.eu-west-1.amazonaws.com/image.mpg/2025-empt-150-125x125.png
l1_championship_player_2011_14_26832,2011,26832,242167,Pierre-Yves,Hamel,1994-02-03,Réunion,REU,,l1_championship_club_2011_14,,,,https://s3.eu-west-1.amazonaws.com/image.mpg/2025-empt-150-125x125.png
l1_championship_player_2012_14_26832,2012,26832,242167,Pierre-Yves,Hamel,1994-02-03,Réunion,REU,,l1_championship_club_2012_14,,4,,https://s3.eu-west-1.amazonaws.com/image.mpg/2025-empt-150-125x125.png
l1_championship_player_2013_14_26832,2013,26832,242167,Pierre-Yves,Hamel,1994-02-03,Réunion,REU,,l1_championship_club_2013_14,,4,,https://s3.eu-west-1.amazonaws.com/image.mpg/2025-empt-150-125x125.png
l1_championship_player_2014_14_26832,2014,26832,242167,Pierre-Yves,Hamel,1994-02-03,Réunion,REU,,l1_championship_club_2014_14,,4,,https://s3.eu-west-1.amazonaws.com/image.mpg/2025-empt-150-125x125.png
l1_championship_player_2016_7_26832,2016,26832,242167,Pierre-Yves,Hamel,1994-02-03,Réunion,REU,,l1_championship_club_2016_7,31,4,,https://s3.eu-west-1.amazonaws.com/image.mpg/2025-empt-694-125x125.png
l1_championship_player_2017_7_26832,2017,26832,242167,Pierre-Yves,Hamel,1994-02-03,Réunion,REU,,l1_championship_club_2017_7,29,,,https://s3.eu-west-3.amazonaws.com/ligue1.image/players/defaultAssets/694_facePicturesNB-125x125.png
l1_championship_player_2018_7_26832,2018,26832,242167,Pierre-Yves,Hamel,1994-02-03,Réunion,REU,,l1_championship_club_2018_7,29,,,https://s3.eu-west-3.amazonaws.com/ligue1.image/players/defaultAssets/694_facePicturesNB-125x125.png
l1_championship_player_2019_7_26832,2019,26832,242167,Pierre-Yves,Hamel,1994-02-03,Réunion,REU,,l1_championship_club_2019_7,29,4,,https://s3.eu-west-3.amazonaws.com/ligue1.image/players/defaultAssets/694_facePicturesNB-125x125.png
l1_championship_player_2020_7_26832,2020,26832,242167,Pierre-Yves,Hamel,1994-02-03,France,FRA,right,l1_championship_club_2020_7,29,4,striker,https://s3.eu-west-1.amazonaws.com/image.mpg/2025-empt-694-125x125.png
l1_championship_player_2021_7_26832,2021,26832,242167,Pierre-Yves,Hamel,1994-02-03,France,FRA,right,l1_championship_club_2021_7,29,4,striker,https://s3.eu-west-1.amazonaws.com/image.mpg/2025-empt-694-125x125.png
l1_championship_player_2021_40_26832,2021,26832,242167,Pierre-Yves,Hamel,1994-02-03,France,FRA,right,l1_championship_club_2021_40,26,4,striker,https://s3.eu-west-1.amazonaws.com/image.mpg/2025-empt-1983-125x125.png
l1_championship_player_2022_90_26832,2022,26832,242167,Pierre-Yves,Hamel,1994-02-03,France,FRA,right,l1_championship_club_2022_90,17,4,striker,https://s3.eu-west-1.amazonaws.com/image.mpg/2025-empt-2338-125x125.png
l1_championship_player_2023_90_26832,2023,26832,242167,Pierre-Yves,Hamel,1994-02-03,France,FRA,right,l1_championship_club_2023_90,29,4,striker,https://s3.eu-west-1.amazonaws.com/image.mpg/2025-empt-2338-125x125.png
l1_championship_player_2024_90_26832,2024,26832,242167,Pierre-Yves,Hamel,1994-02-03,France,FRA,right,l1_championship_club_2024_90,29,4,striker,https://s3.eu-west-1.amazonaws.com/image.mpg/2025-2-2338_125x125.png
l1_championship_player_2013_13_55821,2013,55821,199672,Jonathan,Ikone,1998-05-02,Réunion,REU,,l1_championship_club_2013_13,,,,https://s3.eu-west-1.amazonaws.com/image.mpg/2025-empt-149-125x125.png
l1_championship_player_2014_13_55821,2014,55821,199672,Jonathan,Ikone,1998-05-02,Réunion,REU,,l1_championship_club_2014_13,,3,,https://s3.eu-west-1.amazonaws.com/image.mpg/2025-empt-149-125x125.png
l1_championship_player_2015_13_55821,2015,55821,199672,Jonathan,Ikone,1998-05-02,Réunion,REU,,l1_championship_club_2015_13,,3,,https://s3.eu-west-1.amazonaws.com/image.mpg/2025-empt-149-125x125.png
l1_championship_player_2016_10_55821,2016,55821,199672,Jonathan,Ikone,1998-05-02,Réunion,REU,,l1_championship_club_2016_10,,,,https://s3.eu-west-1.amazonaws.com/image.mpg/2025-empt-147-125x125.png
l1_championship_player_2016_13_55821,2016,55821,199672,Jonathan,Ikone,1998-05-02,Réunion,REU,,l1_championship_club_2016_13,36,3,,https://s3.eu-west-1.amazonaws.com/image.mpg/2025-empt-149-125x125.png
l1_championship_player_2017_10_55821,2017,55821,199672,Jonathan,Ikone,1998-05-02,France,FRA,left,l1_championship_club_2017_10,9,3,leftWinger,https://s3.eu-west-1.amazonaws.com/image.mpg/2025-empt-147-125x125.png
l1_championship_player_2017_13_55821,2017,55821,199672,Jonathan,Ikone,1998-05-02,France,FRA,left,l1_championship_club_2017_13,,4,centralMidfielder,https://s3.eu-west-1.amazonaws.com/image.mpg/2025-empt-149-125x125.png
l1_championship_player_2018_158_55821,2018,55821,199672,Jonathan,Ikone,1998-05-02,Réunion,REU,,l1_championship_club_2018_158,12,3,,https://s3.eu-west-1.amazonaws.com/image.mpg/2025-empt-429-125x125.png
l1_championship_player_2019_158_55821,2019,55821,199672,Jonathan,Ikone,1998-05-02,Réunion,REU,,l1_championship_club_2019_158,10,4,,https://s3.eu-west-1.amazonaws.com/image.mpg/2025-empt-429-125x125.png
l1_championship_player_2020_158_55821,2020,55821,199672,Jonathan,Ikone,1998-05-02,France,FRA,left,l1_championship_club_2020_158,10,4,attackingMidfielder,https://s3.eu-west-1.amazonaws.com/image.mpg/2025-empt-429-125x125.png
l1_championship_player_2021_158_55821,2021,55821,199672,Jonathan,Ikone,1998-05-02,Réunion,REU,,l1_championship_club_2021_158,,4,,https://s3.eu-west-1.amazonaws.com/image.mpg/2025-empt-429-125x125.png
l1_championship_player_2012_7_45928,2012,45928,424920,Jean-Philippe,Krasso,1997-07-17,Réunion,REU,,l1_championship_club_2012_7,,,,https://s3.eu-west-1.amazonaws.com/image.mpg/2025-empt-694-125x125.png
l1_championship_player_2013_7_45928,2013,45928,424920,Jean-Philippe,Krasso,1997-07-17,Réunion,REU,,l1_championship_club_2013_7,,,,https://s3.eu-west-1.amazonaws.com/image.mpg/2025-empt-694-125x125.png
l1_championship_player_2014_7_45928,2014,45928,424920,Jean-Philippe,Krasso,1997-07-17,Réunion,REU,,l1_championship_club_2014_7,,,,https://s3.eu-west-1.amazonaws.com/image.mpg/2025-empt-694-125x125.png
l1_championship_player_2015_7_45928,2015,45928,424920,Jean-Philippe,Krasso,1997-07-17,Réunion,REU,,l1_championship_club_2015_7,,4,,https://s3.eu-west-1.amazonaws.com/image.mpg/2025-empt-694-125x125.png
l1_championship_player_2016_7_45928,2016,45928,424920,Jean-Philippe,Krasso,1997-07-17,Réunion,REU,,l1_championship_club_2016_7,,4,,https://s3.eu-west-1.amazonaws.com/image.mpg/2025-empt-694-125x125.png
l1_championship_player_2020_31_45928,2020,45928,424920,Jean-Philippe,Krasso,1997-07-17,Côte d'Ivoire,CIV,left,l1_championship_club_2020_31,17,4,striker,https://s3.eu-west-1.amazonaws.com/image.mpg/2025-empt-152-125x125.png
l1_championship_player_2021_31_45928,2021,45928,424920,Jean-Philippe,Krasso,1997-07-17,Côte d'Ivoire,CIV,left,l1_championship_club_2021_31,17,4,striker,https://s3.eu-west-1.amazonaws.com/image.mpg/2025-empt-152-125x125.png
l1_championship_player_2021_17_45928,2021,45928,424920,Jean-Philippe,Krasso,1997-07-17,Côte d'Ivoire,CIV,left,l1_championship_club_2021_17,17,4,striker,https://s3.eu-west-1.amazonaws.com/image.mpg/2025-1163-125x125.png
l1_championship_player_2022_31_45928,2022,45928,424920,Jean-Philippe,Krasso,1997-07-17,Côte d'Ivoire,CIV,left,l1_championship_club_2022_31,17,4,striker,https://s3.eu-west-1.amazonaws.com/image.mpg/2025-empt-152-125x125.png
l1_championship_player_2024_90_45928,2024,45928,424920,Jean-Philippe,Krasso,1997-07-17,Côte d'Ivoire,CIV,left,l1_championship_club_2024_90,11,4,striker,https://s3.eu-west-1.amazonaws.com/image.mpg/2025-2-2338_125x125.png
l1_championship_player_2019_12_89637,2019,89637,181441,Moses,Simon,1995-07-12,Nigeria,NGA,,l1_championship_club_2019_12,27,,,https://s3.eu-west-1.amazonaws.com/image.mpg/2025-empt-430-125x125.png
l1_championship_player_2020_12_89637,2020,89637,181441,Moses,Simon,1995-07-12,Nigeria,NGA,,l1_championship_club_2020_12,27,4,,https://s3.eu-west-1.amazonaws.com/image.mpg/2025-empt-430-125x125.png
l1_championship_player_2021_12_89637,2021,89637,181441,Moses,Simon,1995-07-12,Nigeria,NGA,right,l1_championship_club_2021_12,27,4,winger,https://s3.eu-west-1.amazonaws.com/image.mpg/2025-empt-430-125x125.png
l1_championship_player_2022_12_89637,2022,89637,181441,Moses,Simon,1995-07-12,Nigeria,NGA,right,l1_championship_club_2022_12,27,4,winger,https://s3.eu-west-1.amazonaws.com/image.mpg/2025-empt-430-125x125.png
l1_championship_player_2023_12_89637,2023,89637,181441,Moses,Simon,1995-07-12,Nigeria,NGA,right,l1_championship_club_2023_12,27,4,winger,https://s3.eu-west-1.amazonaws.com/image.mpg/2025-empt-430-125x125.png
l1_championship_player_2024_12_89637,2024,89637,181441,Moses,Simon,1995-07-12,Nigeria,NGA,right,l1_championship_club_2024_12,27,4,winger,https://s3.eu-west-1.amazonaws.com/image.mpg/2025-empt-430-125x125.png
l1_championship_player_2024_8_104360,2024,104360,422215,Arnaud,Bodart,1998-03-11,Belgium,BEL,right,l1_championship_club_2024_8,29,1,goalkeeper,https://s3.eu-west-1.amazonaws.com/image.mpg/2025-2-145_125x125.png
l1_championship_player_2025_8_104360,2025,104360,422215,Arnaud,Bodart,1998-03-11,Belgium,BEL,right,l1_championship_club_2025_8,29,1,goalkeeper,https://s3.eu-west-1.amazonaws.com/image.mpg/2025-empt-145-125x125.png
l1_championship_player_2010_9_36573,2010,36573,107925,Marc-Aurèle,Caillard,1994-05-12,Réunion,REU,,l1_championship_club_2010_9,,,,https://s3.eu-west-3.amazonaws.com/ligue1.image/players/defaultAssets/146_facePicturesNB-125x125.png
l1_championship_player_2013_9_36573,2013,36573,107925,Marc-Aurèle,Caillard,1994-05-12,Réunion,REU,,l1_championship_club_2013_9,40,1,,https://s3.eu-west-3.amazonaws.com/ligue1.image/players/defaultAssets/146_facePicturesNB-125x125.png
l1_championship_player_2014_9_36573,2014,36573,107925,Marc-Aurèle,Caillard,1994-05-12,Réunion,REU,,l1_championship_club_2014_9,40,1,,https://s3.eu-west-3.amazonaws.com/ligue1.image/players/defaultAssets/146_facePicturesNB-125x125.png
l1_championship_player_2015_40_36573,2015,36573,107925,Marc-Aurèle,Caillard,1994-05-12,Réunion,REU,,l1_championship_club_2015_40,1,1,,https://s3.eu-west-3.amazonaws.com/ligue1.image/players/defaultAssets/1983_facePicturesNB-125x125.png
l1_championship_player_2016_40_36573,2016,36573,107925,Marc-Aurèle,Caillard,1994-05-12,Réunion,REU,,l1_championship_club_2016_40,1,,,https://s3.eu-west-3.amazonaws.com/ligue1.image/players/defaultAssets/1983_facePicturesNB-125x125.png
l1_championship_player_2017_24_36573,2017,36573,107925,Marc-Aurèle,Caillard,1994-05-12,France,FRA,right,l1_championship_club_2017_24,16,1,goalkeeper,https://s3.eu-west-1.amazonaws.com/image.mpg/2025-empt-428-125x125.png
l1_championship_player_2018_24_36573,2018,36573,107925,Marc-Aurèle,Caillard,1994-05-12,Réunion,REU,,l1_championship_club_2018_24,16,,,https://s3.eu-west-3.amazonaws.com/ligue1.image/players/defaultAssets/428_facePicturesNB-125x125.png
l1_championship_player_2019_24_36573,2019,36573,107925,Marc-Aurèle,Caillard,1994-05-12,Réunion,REU,,l1_championship_club_2019_24,16,1,,https://s3.eu-west-3.amazonaws.com/ligue1.image/players/defaultAssets/428_facePicturesNB-125x125.png
l1_championship_player_2020_8_36573,2020,36573,107925,Marc-Aurèle,Caillard,1994-05-12,France,FRA,right,l1_championship_club_2020_8,30,1,goalkeeper,https://s3.eu-west-1.amazonaws.com/image.mpg/2025-empt-145-125x125.png
l1_championship_player_2021_8_36573,2021,36573,107925,Marc-Aurèle,Caillard,1994-05-12,France,FRA,right,l1_championship_club_2021_8,30,1,goalkeeper,https://s3.eu-west-1.amazonaws.com/image.mpg/2025-empt-145-125x125.png
l1_championship_player_2022_8_36573,2022,36573,107925,Marc-Aurèle,Caillard,1994-05-12,France,FRA,right,l1_championship_club_2022_8,30,1,goalkeeper,https://s3.eu-west-1.amazonaws.com/image.mpg/2025-empt-145-125x125.png
l1_championship_player_2023_8_36573,2023,36573,107925,Marc-Aurèle,Caillard,1994-05-12,France,FRA,right,l1_championship_club_2023_8,30,1,goalkeeper,https://s3.eu-west-1.amazonaws.com/image.mpg/2025-empt-145-125x125.png
l1_championship_player_2024_158_36573,2024,36573,107925,Marc-Aurèle,Caillard,1994-05-12,France,FRA,right,l1_championship_club_2024_158,30,1,goalkeeper,https://s3.eu-west-1.amazonaws.com/image.mpg/2025-empt-429-125x125.png
l1_championship_player_2024_8_36573,2024,36573,107925,Marc-Aurèle,Caillard,1994-05-12,France,FRA,right,l1_championship_club_2024_8,30,1,goalkeeper,https://s3.eu-west-1.amazonaws.com/image.mpg/2025-empt-145-125x125.png
l1_championship_player_2022_158_98501,2022,98501,512253,Alexsandro-Victor,De Souza Ribeiro,1999-08-09,Brazil,BRA,,l1_championship_club_2022_158,4,2,centralDefender,https://s3.eu-west-1.amazonaws.com/image.mpg/2025-empt-429-125x125.png
l1_championship_player_2023_158_98501,2023,98501,512253,Alexsandro-Victor,De Souza Ribeiro,1999-08-09,Brazil,BRA,left,l1_championship_club_2023_158,4,2,centralDefender,https://s3.eu-west-1.amazonaws.com/image.mpg/2025-empt-429-125x125.png
l1_championship_player_2024_158_98501,2024,98501,512253,Alexsandro-Victor,De Souza Ribeiro,1999-08-09,Brazil,BRA,left,l1_championship_club_2024_158,4,2,centralDefender,https://s3.eu-west-1.amazonaws.com/image.mpg/2025-empt-429-125x125.png
l1_championship_player_2012_41_34834,2012,34834,86813,Aissa,Mandi,1991-10-22,Réunion,REU,,l1_championship_club_2012_41,23,2,,https://s3.eu-west-3.amazonaws.com/ligue1.image/players/defaultAssets/1423_facePicturesNB-125x125.png
l1_championship_player_2013_41_34834,2013,34834,86813,Aissa,Mandi,1991-10-22,Réunion,REU,,l1_championship_club_2013_41,23,2,,https://s3.eu-west-3.amazonaws.com/ligue1.image/players/defaultAssets/1423_facePicturesNB-125x125.png
l1_championship_player_2014_41_34834,2014,34834,86813,Aissa,Mandi,1991-10-22,Réunion,REU,,l1_championship_club_2014_41,23,,,https://s3.eu-west-1.amazonaws.com/image.mpg/2025-empt-1423-125x125.png
l1_championship_player_2015_41_34834,2015,34834,86813,Aissa,Mandi,1991-10-22,Réunion,REU,,l1_championship_club_2015_41,23,,,https://s3.eu-west-1.amazonaws.com/image.mpg/2025-empt-1423-125x125.png
l1_championship_player_2024_158_34834,2024,34834,86813,Aissa,Mandi,1991-10-22,Algeria,DZA,right,l1_championship_club_2024_158,2,2,centralDefender,https://s3.eu-west-1.amazonaws.com/image.mpg/2025-empt-429-125x125.png
l1_championship_player_2022_1_99199,2022,99199,149736,Chancel,Mbemba,1994-08-08,Congo DR,COD,right,l1_championship_club_2022_1,99,2,centralDefender,https://s3.eu-west-1.amazonaws.com/image.mpg/2025-empt-144-125x125.png
l1_championship_player_2023_1_99199,2023,99199,149736,Chancel,Mbemba,1994-08-08,Congo DR,COD,right,l1_championship_club_2023_1,99,2,centralDefender,https://s3.eu-west-1.amazonaws.com/image.mpg/2025-empt-144-125x125.png
l1_championship_player_2024_1_99199,2024,99199,149736,Chancel,Mbemba,1994-08-08,Congo DR,COD,right,l1_championship_club_2024_1,99,2,centralDefender,https://s3.eu-west-1.amazonaws.com/image.mpg/2025-empt-144-125x125.png
l1_championship_player_2025_1_99199,2025,99199,149736,Chancel,Mbemba,1994-08-08,Congo DR,COD,right,l1_championship_club_2025_1,99,2,centralDefender,https://s3.eu-west-1.amazonaws.com/image.mpg/2025-empt-144-125x125.png
l1_championship_player_2016_13_78371,2016,78371,93605,Thomas,Meunier,1991-09-12,Belgium,BEL,,l1_championship_club_2016_13,12,2,,https://s3.eu-west-1.amazonaws.com/image.mpg/2025-empt-149-125x125.png
l1_championship_player_2017_13_78371,2017,78371,93605,Thomas,Meunier,1991-09-12,Belgium,BEL,right,l1_championship_club_2017_13,12,2,wingBack,https://s3.eu-west-1.amazonaws.com/image.mpg/2025-empt-149-125x125.png
l1_championship_player_2018_13_78371,2018,78371,93605,Thomas,Meunier,1991-09-12,Belgium,BEL,,l1_championship_club_2018_13,12,2,,https://s3.eu-west-1.amazonaws.com/image.mpg/2025-empt-149-125x125.png
l1_championship_player_2019_13_78371,2019,78371,93605,Thomas,Meunier,1991-09-12,Belgium,BEL,,l1_championship_club_2019_13,12,2,,https://s3.eu-west-1.amazonaws.com/image.mpg/2025-empt-149-125x125.png
l1_championship_player_2024_158_78371,2024,78371,93605,Thomas,Meunier,1991-09-12,Belgium,BEL,right,l1_championship_club_2024_158,12,2,centralDefender,https://s3.eu-west-1.amazonaws.com/image.mpg/2025-empt-429-125x125.png
l1_championship_player_2024_158_104513,2024,104513,619040,Stéphane Aris,Noumbissie,2006-12-25,Cameroon,CMR,,l1_championship_club_2024_158,,2,,https://s3.eu-west-1.amazonaws.com/image.mpg/2025-empt-429-125x125.png
l1_championship_player_2014_30_62366,2014,62366,244560,Romain,Perraud,1997-09-22,Réunion,REU,,l1_championship_club_2014_30,,3,,https://s3.eu-west-1.amazonaws.com/image.mpg/2025-empt-1395-125x125.png
l1_championship_player_2015_30_62366,2015,62366,244560,Romain,Perraud,1997-09-22,Réunion,REU,,l1_championship_club_2015_30,,3,,https://s3.eu-west-1.amazonaws.com/image.mpg/2025-empt-1395-125x125.png
l1_championship_player_2016_30_62366,2016,62366,244560,Romain,Perraud,1997-09-22,Réunion,REU,,l1_championship_club_2016_30,,3,,https://s3.eu-west-1.amazonaws.com/image.mpg/2025-empt-1395-125x125.png
l1_championship_player_2017_30_62366,2017,62366,244560,Romain,Perraud,1997-09-22,France,FRA,left,l1_championship_club_2017_30,22,2,leftWingBack,https://s3.eu-west-1.amazonaws.com/image.mpg/2025-empt-1395-125x125.png
l1_championship_player_2018_30_62366,2018,62366,244560,Romain,Perraud,1997-09-22,Réunion,REU,,l1_championship_club_2018_30,22,2,,https://s3.eu-west-1.amazonaws.com/image.mpg/2025-empt-1395-125x125.png
l1_championship_player_2019_30_62366,2019,62366,244560,Romain,Perraud,1997-09-22,Réunion,REU,,l1_championship_club_2019_30,,2,,https://s3.eu-west-1.amazonaws.com/image.mpg/2025-empt-1395-125x125.png
l1_championship_player_2019_44_62366,2019,62366,244560,Romain,Perraud,1997-09-22,Réunion,REU,,l1_championship_club_2019_44,18,2,,https://s3.eu-west-1.amazonaws.com/image.mpg/2025-empt-862-125x125.png
l1_championship_player_2020_44_62366,2020,62366,244560,Romain,Perraud,1997-09-22,France,FRA,left,l1_championship_club_2020_44,18,2,leftWingBack,https://s3.eu-west-1.amazonaws.com/image.mpg/2025-empt-862-125x125.png
l1_championship_player_2023_30_62366,2023,62366,244560,Romain,Perraud,1997-09-22,France,FRA,left,l1_championship_club_2023_30,15,2,leftWingBack,https://s3.eu-west-1.amazonaws.com/image.mpg/2025-empt-1395-125x125.png
l1_championship_player_2024_30_62366,2024,62366,244560,Romain,Perraud,1997-09-22,France,FRA,left,l1_championship_club_2024_30,15,2,leftWingBack,https://s3.eu-west-1.amazonaws.com/image.mpg/2025-empt-1395-125x125.png
l1_championship_player_2023_158_101141,2023,101141,588181,Tiago,Santos,2002-07-23,Portugal,PRT,right,l1_championship_club_2023_158,22,2,centralDefender,https://s3.eu-west-1.amazonaws.com/image.mpg/2025-empt-429-125x125.png
l1_championship_player_2024_158_101141,2024,101141,588181,Tiago,Santos,2002-07-23,Portugal,PRT,right,l1_championship_club_2024_158,22,2,centralDefender,https://s3.eu-west-1.amazonaws.com/image.mpg/2025-empt-429-125x125.png
l1_championship_player_2020_158_87404,2020,87404,550867,Ousmane,Touré,2005-02-18,Réunion,REU,,l1_championship_club_2020_158,,,,https://s3.eu-west-1.amazonaws.com/image.mpg/2025-empt-429-125x125.png
l1_championship_player_2021_158_87404,2021,87404,550867,Ousmane,Touré,2005-02-18,Réunion,REU,,l1_championship_club_2021_158,,,,https://s3.eu-west-1.amazonaws.com/image.mpg/2025-empt-429-125x125.png
l1_championship_player_2022_158_87404,2022,87404,550867,Ousmane,Touré,2005-02-18,Réunion,REU,,l1_championship_club_2022_158,,2,,https://s3.eu-west-1.amazonaws.com/image.mpg/2025-empt-429-125x125.png
l1_championship_player_2023_158_87404,2023,87404,550867,Ousmane,Touré,2005-02-18,France,FRA,right,l1_championship_club_2023_158,36,2,centralDefender,https://s3.eu-west-1.amazonaws.com/image.mpg/2025-empt-429-125x125.png
l1_championship_player_2024_158_87404,2024,87404,550867,Ousmane,Touré,2005-02-18,France,FRA,right,l1_championship_club_2024_158,36,2,centralDefender,https://s3.eu-west-1.amazonaws.com/image.mpg/2025-empt-429-125x125.png
l1_championship_player_2014_14_701,2014,701,55948,Benjamin,Andre,1990-08-03,Réunion,REU,,l1_championship_club_2014_14,21,3,,https://s3.eu-west-1.amazonaws.com/image.mpg/2025-empt-150-125x125.png
l1_championship_player_2015_14_701,2015,701,55948,Benjamin,Andre,1990-08-03,Réunion,REU,,l1_championship_club_2015_14,21,3,,https://s3.eu-west-1.amazonaws.com/image.mpg/2025-empt-150-125x125.png
l1_championship_player_2016_14_701,2016,701,55948,Benjamin,Andre,1990-08-03,Réunion,REU,,l1_championship_club_2016_14,21,3,,https://s3.eu-west-1.amazonaws.com/image.mpg/2025-empt-150-125x125.png
l1_championship_player_2017_14_701,2017,701,55948,Benjamin,Andre,1990-08-03,France,FRA,right,l1_championship_club_2017_14,21,2,attackingMidfielder,https://s3.eu-west-1.amazonaws.com/image.mpg/2025-empt-150-125x125.png
l1_championship_player_2018_14_701,2018,701,55948,Benjamin,Andre,1990-08-03,Réunion,REU,,l1_championship_club_2018_14,21,,,https://s3.eu-west-1.amazonaws.com/image.mpg/2025-empt-150-125x125.png
l1_championship_player_2019_14_701,2019,701,55948,Benjamin,Andre,1990-08-03,Réunion,REU,,l1_championship_club_2019_14,,,,https://s3.eu-west-1.amazonaws.com/image.mpg/2025-empt-150-125x125.png
l1_championship_player_2019_158_701,2019,701,55948,Benjamin,Andre,1990-08-03,Réunion,REU,,l1_championship_club_2019_158,21,2,,https://s3.eu-west-1.amazonaws.com/image.mpg/2025-empt-429-125x125.png
l1_championship_player_2020_158_701,2020,701,55948,Benjamin,Andre,1990-08-03,Réunion,REU,,l1_championship_club_2020_158,21,3,,https://s3.eu-west-1.amazonaws.com/image.mpg/2025-empt-429-125x125.png
l1_championship_player_2021_158_701,2021,701,55948,Benjamin,Andre,1990-08-03,France,FRA,right,l1_championship_club_2021_158,21,3,attackingMidfielder,https://s3.eu-west-1.amazonaws.com/image.mpg/2025-empt-429-125x125.png
l1_championship_player_2022_158_701,2022,701,55948,Benjamin,Andre,1990-08-03,France,FRA,right,l1_championship_club_2022_158,21,3,attackingMidfielder,https://s3.eu-west-1.amazonaws.com/image.mpg/2025-empt-429-125x125.png
l1_championship_player_2023_158_701,2023,701,55948,Benjamin,Andre,1990-08-03,France,FRA,right,l1_championship_club_2023_158,21,3,attackingMidfielder,https://s3.eu-west-1.amazonaws.com/image.mpg/2025-empt-429-125x125.png
l1_championship_player_2024_158_701,2024,701,55948,Benjamin,Andre,1990-08-03,France,FRA,right,l1_championship_club_2024_158,21,3,attackingMidfielder,https://s3.eu-west-1.amazonaws.com/image.mpg/2025-empt-429-125x125.png
l1_championship_player_2021_158_91059,2021,91059,639171,Lilian,Baret,2006-05-25,Réunion,REU,,l1_championship_club_2021_158,,,,https://s3.eu-west-1.amazonaws.com/image.mpg/2025-empt-429-125x125.png
l1_championship_player_2024_158_91059,2024,91059,639171,Lilian,Baret,2006-05-25,France,FRA,right,l1_championship_club_2024_158,39,3,centralMidfielder,https://s3.eu-west-1.amazonaws.com/image.mpg/2025-empt-429-125x125.png
l1_championship_player_2021_37_95633,2021,95633,126407,Nabil,Bentaleb,1994-11-24,Algeria,DZA,left,l1_championship_club_2021_37,23,3,centralMidfielder,https://s3.eu-west-1.amazonaws.com/image.mpg/2025-empt-2128-125x125.png
l1_championship_player_2022_37_95633,2022,95633,126407,Nabil,Bentaleb,1994-11-24,Algeria,DZA,left,l1_championship_club_2022_37,6,3,centralMidfielder,https://s3.eu-west-1.amazonaws.com/image.mpg/2025-empt-2128-125x125.png
l1_championship_player_2023_158_95633,2023,95633,126407,Nabil,Bentaleb,1994-11-24,Algeria,DZA,left,l1_championship_club_2023_158,6,3,centralMidfielder,https://s3.eu-west-1.amazonaws.com/image.mpg/2025-empt-429-125x125.png
l1_championship_player_2024_158_95633,2024,95633,126407,Nabil,Bentaleb,1994-11-24,Algeria,DZA,left,l1_championship_club_2024_158,6,3,centralMidfielder,https://s3.eu-west-1.amazonaws.com/image.mpg/2025-empt-429-125x125.png
l1_championship_player_2023_158_90486,2023,90486,637238,Ayyoub,Bouaddi,2007-10-02,France,FRA,right,l1_championship_club_2023_158,32,3,centralMidfielder,https://s3.eu-west-1.amazonaws.com/image.mpg/2025-empt-429-125x125.png
l1_championship_player_2024_158_90486,2024,90486,637238,Ayyoub,Bouaddi,2007-10-02,France,FRA,right,l1_championship_club_2024_158,32,3,centralMidfielder,https://s3.eu-west-1.amazonaws.com/image.mpg/2025-empt-429-125x125.png
l1_championship_player_2023_158_101344,2023,101344,484842,Hákon,Haraldsson,2003-04-10,Iceland,ISL,right,l1_championship_club_2023_158,7,3,attackingMidfielder,https://s3.eu-west-1.amazonaws.com/image.mpg/2025-empt-429-125x125.png
l1_championship_player_2024_158_101344,2024,101344,484842,Hákon,Haraldsson,2003-04-10,Iceland,ISL,right,l1_championship_club_2024_158,7,3,attackingMidfielder,https://s3.eu-west-1.amazonaws.com/image.mpg/2025-empt-429-125x125.png
l1_championship_player_2021_13_93229,2021,93229,499450,Ethan,Mbappe,2006-12-29,Réunion,REU,,l1_championship_club_2021_13,,,,https://s3.eu-west-1.amazonaws.com/image.mpg/2025-empt-149-125x125.png
l1_championship_player_2024_158_93229,2024,93229,499450,Ethan,Mbappe,2006-12-29,France,FRA,left,l1_championship_club_2024_158,29,3,centralMidfielder,https://s3.eu-west-1.amazonaws.com/image.mpg/2025-empt-429-125x125.png
l1_championship_player_2024_158_103513,2024,103513,586855,Ngal'ayel,Mukau,2004-11-03,Congo DR,COD,left,l1_championship_club_2024_158,17,3,defensiveMidfielder,https://s3.eu-west-1.amazonaws.com/image.mpg/2025-empt-429-125x125.png
l1_championship_player_2013_159_42500,2013,42500,220560,Gaëtan,Perrin,1996-06-07,Réunion,REU,,l1_championship_club_2013_159,,,,https://s3.eu-west-1.amazonaws.com/image.mpg/2025-empt-143-125x125.png
l1_championship_player_2014_159_42500,2014,42500,220560,Gaëtan,Perrin,1996-06-07,Réunion,REU,,l1_championship_club_2014_159,,3,,https://s3.eu-west-1.amazonaws.com/image.mpg/2025-empt-143-125x125.png
l1_championship_player_2015_159_42500,2015,42500,220560,Gaëtan,Perrin,1996-06-07,Réunion,REU,,l1_championship_club_2015_159,22,3,,https://s3.eu-west-1.amazonaws.com/image.mpg/2025-empt-143-125x125.png
l1_championship_player_2016_159_42500,2016,42500,220560,Gaëtan,Perrin,1996-06-07,Réunion,REU,,l1_championship_club_2016_159,22,4,,https://s3.eu-west-1.amazonaws.com/image.mpg/2025-empt-143-125x125.png
l1_championship_player_2021_2_42500,2021,42500,220560,Gaëtan,Perrin,1996-06-07,France,FRA,right,l1_championship_club_2021_2,10,4,rightWinger,https://s3.eu-west-1.amazonaws.com/image.mpg/2025-empt-138-125x125.png
l1_championship_player_2022_2_42500,2022,42500,220560,Gaëtan,Perrin,1996-06-07,France,FRA,right,l1_championship_club_2022_2,10,4,rightWinger,https://s3.eu-west-1.amazonaws.com/image.mpg/2025-empt-138-125x125.png
l1_championship_player_2023_2_42500,2023,42500,220560,Gaetan,Perrin,1996-06-07,France,FRA,right,l1_championship_club_2023_2,10,4,rightWinger,https://s3.eu-west-1.amazonaws.com/image.mpg/2025-empt-138-125x125.png
l1_championship_player_2024_2_42500,2024,42500,220560,Gaëtan,Perrin,1996-06-07,France,FRA,right,l1_championship_club_2024_2,10,3,rightWinger,https://s3.eu-west-1.amazonaws.com/image.mpg/2025-empt-138-125x125.png
l1_championship_player_2025_2_42500,2025,42500,220560,Gaëtan,Perrin,1996-06-07,France,FRA,right,l1_championship_club_2025_2,28,3,rightWinger,https://s3.eu-west-1.amazonaws.com/image.mpg/2025-empt-138-125x125.png
l1_championship_player_2024_158_103778,2024,103778,471203,Osame,Sahraoui,2001-06-11,Morocco,MAR,right,l1_championship_club_2024_158,11,3,leftWinger,https://s3.eu-west-1.amazonaws.com/image.mpg/2025-empt-429-125x125.png
l1_championship_player_2021_16_84098,2021,84098,628698,Noah,Edjouma,2005-10-04,,,,,31,,,https://s3.eu-west-3.amazonaws.com/ligue1.image/players/defaultAssets/427_facePicturesNB-125x125.png
l1_championship_player_2023_16_84098,2023,84098,628698,Noah,Edjouma,2005-10-04,France,FRA,right,l1_championship_club_2023_16,31,4,winger,https://s3.eu-west-1.amazonaws.com/image.mpg/2025-empt-427-125x125.png
l1_championship_player_2024_16_84098,2024,84098,628698,Noah,Edjouma,2005-10-04,France,FRA,right,l1_championship_club_2024_16,31,4,winger,https://s3.eu-west-1.amazonaws.com/image.mpg/2025-empt-427-125x125.png
l1_championship_player_2025_16_84098,2025,84098,628698,Noah,Edjouma,2005-10-04,France,FRA,right,l1_championship_club_2025_16,31,4,winger,https://s3.eu-west-3.amazonaws.com/ligue1.image/players/2025/all/player_official_2025_427_628698-125x125.png
l1_championship_player_2024_158_90768,2024,90768,613221,Matias,Fernandez Pardo,2005-02-03,Spain,ESP,right,l1_championship_club_2024_158,19,4,leftWinger,https://s3.eu-west-1.amazonaws.com/image.mpg/2025-empt-429-125x125.png
l1_championship_player_2020_158_87402,2020,87402,669996,Younes,Lachaab,2005-01-06,Réunion,REU,,l1_championship_club_2020_158,,,,https://s3.eu-west-1.amazonaws.com/image.mpg/2025-empt-429-125x125.png
l1_championship_player_2021_158_87402,2021,87402,669996,Younes,Lachaab,2005-01-06,Réunion,REU,,l1_championship_club_2021_158,,,,https://s3.eu-west-1.amazonaws.com/image.mpg/2025-empt-429-125x125.png
l1_championship_player_2013_13_56648,2013,56648,213199,Remy,Descamps,1996-06-25,Réunion,REU,,l1_championship_club_2013_13,,1,,https://s3.eu-west-1.amazonaws.com/image.mpg/2025-empt-149-125x125.png
l1_championship_player_2014_13_56648,2014,56648,213199,Remy,Descamps,1996-06-25,Réunion,REU,,l1_championship_club_2014_13,,1,,https://s3.eu-west-1.amazonaws.com/image.mpg/2025-empt-149-125x125.png
l1_championship_player_2015_13_56648,2015,56648,213199,Remy,Descamps,1996-06-25,Réunion,REU,,l1_championship_club_2015_13,,1,,https://s3.eu-west-1.amazonaws.com/image.mpg/2025-empt-149-125x125.png
l1_championship_player_2016_13_56648,2016,56648,213199,Remy,Descamps,1996-06-25,Réunion,REU,,l1_championship_club_2016_13,40,1,,https://s3.eu-west-1.amazonaws.com/image.mpg/2025-empt-149-125x125.png
l1_championship_player_2017_13_56648,2017,56648,213199,Remy,Descamps,1996-06-25,France,FRA,left,l1_championship_club_2017_13,40,1,goalkeeper,https://s3.eu-west-1.amazonaws.com/image.mpg/2025-empt-149-125x125.png
l1_championship_player_2018_13_56648,2018,56648,213199,Remy,Descamps,1996-06-25,Réunion,REU,,l1_championship_club_2018_13,,1,,https://s3.eu-west-1.amazonaws.com/image.mpg/2025-empt-149-125x125.png
l1_championship_player_2019_13_56648,2019,56648,213199,Remy,Descamps,1996-06-25,Réunion,REU,,l1_championship_club_2019_13,,1,,https://s3.eu-west-1.amazonaws.com/image.mpg/2025-empt-149-125x125.png
l1_championship_player_2021_12_56648,2021,56648,213199,Remy,Descamps,1996-06-25,France,FRA,left,l1_championship_club_2021_12,16,1,goalkeeper,https://s3.eu-west-1.amazonaws.com/image.mpg/2025-empt-430-125x125.png
l1_championship_player_2022_12_56648,2022,56648,213199,Remy,Descamps,1996-06-25,France,FRA,left,l1_championship_club_2022_12,16,1,goalkeeper,https://s3.eu-west-1.amazonaws.com/image.mpg/2025-empt-430-125x125.png
l1_championship_player_2023_12_56648,2023,56648,213199,Remy,Descamps,1996-06-25,France,FRA,left,l1_championship_club_2023_12,16,1,goalkeeper,https://s3.eu-west-1.amazonaws.com/image.mpg/2025-empt-430-125x125.png
l1_championship_player_2024_12_56648,2024,56648,213199,Remy,Descamps,1996-06-25,France,FRA,left,l1_championship_club_2024_12,16,1,goalkeeper,https://s3.eu-west-1.amazonaws.com/image.mpg/2025-empt-430-125x125.png
l1_championship_player_2024_159_56648,2024,56648,213199,Remy,Descamps,1996-06-25,France,FRA,left,l1_championship_club_2024_159,40,1,goalkeeper,https://s3.eu-west-1.amazonaws.com/image.mpg/2025-empt-143-125x125.png
l1_championship_player_2023_159_98716,2023,98716,624190,Lassine,Diarra,2002-11-11,Mali,MLI,,l1_championship_club_2023_159,,1,,https://s3.eu-west-1.amazonaws.com/image.mpg/2025-empt-143-125x125.png
l1_championship_player_2024_159_98716,2024,98716,624190,Lassine,Diarra,2002-11-11,Mali,MLI,right,l1_championship_club_2024_159,50,1,goalkeeper,https://s3.eu-west-1.amazonaws.com/image.mpg/2025-empt-143-125x125.png
l1_championship_player_2024_159_103734,2024,103734,475344,Abner Vinicius,Da Silva Santos,2000-05-27,Brazil,BRA,left,l1_championship_club_2024_159,16,2,leftWingBack,https://s3.eu-west-1.amazonaws.com/image.mpg/2025-empt-143-125x125.png
l1_championship_player_2024_14_103830,2024,103830,170135,Hans,Hateboer,1994-01-09,Netherlands,NLD,right,l1_championship_club_2024_14,33,2,rightWinger,https://s3.eu-west-1.amazonaws.com/image.mpg/2025-empt-150-125x125.png
l1_championship_player_2025_14_103830,2025,103830,170135,Hans,Hateboer,1994-01-09,Netherlands,NLD,right,l1_championship_club_2025_14,33,2,rightWinger,https://s3.eu-west-3.amazonaws.com/ligue1.image/players/2025/all/player_official_2025_150_170135-125x125.png
l1_championship_player_2023_159_101569,2023,101569,154043,Ainsley,Maitland-Niles,1997-08-29,England,ENG,right,l1_championship_club_2023_159,98,3,rightWingBack,https://s3.eu-west-1.amazonaws.com/image.mpg/2025-empt-143-125x125.png
l1_championship_player_2024_159_101569,2024,101569,154043,Ainsley,Maitland-Niles,1997-08-29,England,ENG,right,l1_championship_club_2024_159,98,3,rightWingBack,https://s3.eu-west-1.amazonaws.com/image.mpg/2025-empt-143-125x125.png
l1_championship_player_2023_159_101530,2023,101530,189781,Clinton,Mata,1992-11-07,Angola,AGO,right,l1_championship_club_2023_159,22,2,rightWingBack,https://s3.eu-west-1.amazonaws.com/image.mpg/2025-empt-143-125x125.png
l1_championship_player_2024_159_101530,2024,101530,189781,Clinton,Mata,1992-11-07,Angola,AGO,right,l1_championship_club_2024_159,22,2,rightWingBack,https://s3.eu-west-1.amazonaws.com/image.mpg/2025-empt-143-125x125.png
l1_championship_player_2017_8_57857,2017,57857,199170,Moussa,Niakhate,1996-03-08,Senegal,SEN,left,l1_championship_club_2017_8,21,2,leftWingBack,https://s3.eu-west-1.amazonaws.com/image.mpg/2025-empt-145-125x125.png
l1_championship_player_2024_159_57857,2024,57857,199170,Moussa,Niakhate,1996-03-08,Senegal,SEN,left,l1_championship_club_2024_159,19,2,centralDefender,https://s3.eu-west-1.amazonaws.com/image.mpg/2025-empt-143-125x125.png
l1_championship_player_2022_159_99162,2022,99162,86479,Nicolás,Tagliafico,1992-08-31,Argentina,ARG,left,l1_championship_club_2022_159,3,2,leftWingBack,https://s3.eu-west-1.amazonaws.com/image.mpg/2025-empt-143-125x125.png
l1_championship_player_2023_159_99162,2023,99162,86479,Nicolás,Tagliafico,1992-08-31,Argentina,ARG,left,l1_championship_club_2023_159,3,2,leftWingBack,https://s3.eu-west-1.amazonaws.com/image.mpg/2025-empt-143-125x125.png
l1_championship_player_2024_159_99162,2024,99162,86479,Nicolás,Tagliafico,1992-08-31,Argentina,ARG,left,l1_championship_club_2024_159,3,2,leftWingBack,https://s3.eu-west-1.amazonaws.com/image.mpg/2025-empt-143-125x125.png
l1_championship_player_2021_159_92392,2021,92392,633103,Mathys,De Carvalho,2005-05-01,Réunion,REU,,l1_championship_club_2021_159,,,,https://s3.eu-west-1.amazonaws.com/image.mpg/2025-empt-143-125x125.png
l1_championship_player_2024_159_104224,2024,104224,619060,Fallou,Fall,2006-03-08,Senegal,SEN,,l1_championship_club_2024_159,,3,,https://s3.eu-west-1.amazonaws.com/image.mpg/2025-empt-143-125x125.png
l1_championship_player_2023_159_102091,2023,102091,179519,Orel,Mangala,1998-03-18,Belgium,BEL,right,l1_championship_club_2023_159,25,3,centralMidfielder,https://s3.eu-west-1.amazonaws.com/image.mpg/2025-empt-143-125x125.png
l1_championship_player_2024_159_102091,2024,102091,179519,Orel,Mangala,1998-03-18,Belgium,BEL,right,l1_championship_club_2024_159,5,3,centralMidfielder,https://s3.eu-west-1.amazonaws.com/image.mpg/2025-empt-143-125x125.png
l1_championship_player_2024_159_91416,2024,91416,695367,Khalis,Merah,2007-02-24,Réunion,REU,,l1_championship_club_2024_159,,3,,https://s3.eu-west-1.amazonaws.com/image.mpg/2025-empt-143-125x125.png
l1_championship_player_2024_159_104049,2024,104049,426634,Tanner,Tessmann,2001-09-24,USA,USA,right,l1_championship_club_2024_159,15,3,defensiveMidfielder,https://s3.eu-west-1.amazonaws.com/image.mpg/2025-empt-143-125x125.png
l1_championship_player_2012_159_38233,2012,38233,168568,Corentin,Tolisso,1994-08-03,Réunion,REU,,l1_championship_club_2012_159,,3,,https://s3.eu-west-1.amazonaws.com/image.mpg/2025-empt-143-125x125.png
l1_championship_player_2013_159_38233,2013,38233,168568,Corentin,Tolisso,1994-08-03,Réunion,REU,,l1_championship_club_2013_159,24,3,,https://s3.eu-west-1.amazonaws.com/image.mpg/2025-empt-143-125x125.png
l1_championship_player_2014_159_38233,2014,38233,168568,Corentin,Tolisso,1994-08-03,Réunion,REU,,l1_championship_club_2014_159,24,2,,https://s3.eu-west-1.amazonaws.com/image.mpg/2025-empt-143-125x125.png
l1_championship_player_2015_159_38233,2015,38233,168568,Corentin,Tolisso,1994-08-03,Réunion,REU,,l1_championship_club_2015_159,8,3,,https://s3.eu-west-1.amazonaws.com/image.mpg/2025-empt-143-125x125.png
l1_championship_player_2016_159_38233,2016,38233,168568,Corentin,Tolisso,1994-08-03,Réunion,REU,,l1_championship_club_2016_159,8,3,,https://s3.eu-west-1.amazonaws.com/image.mpg/2025-empt-143-125x125.png
l1_championship_player_2022_159_38233,2022,38233,168568,Corentin,Tolisso,1994-08-03,France,FRA,right,l1_championship_club_2022_159,88,3,centralMidfielder,https://s3.eu-west-1.amazonaws.com/image.mpg/2025-empt-143-125x125.png
l1_championship_player_2023_159_38233,2023,38233,168568,Corentin,Tolisso,1994-08-03,France,FRA,right,l1_championship_club_2023_159,8,3,centralMidfielder,https://s3.eu-west-1.amazonaws.com/image.mpg/2025-empt-143-125x125.png
l1_championship_player_2024_159_38233,2024,38233,168568,Corentin,Tolisso,1994-08-03,France,FRA,right,l1_championship_club_2024_159,8,3,centralMidfielder,https://s3.eu-west-1.amazonaws.com/image.mpg/2025-empt-143-125x125.png
l1_championship_player_2023_159_102019,2023,102019,549940,Malick,Fofana,2005-03-31,Belgium,BEL,left,l1_championship_club_2023_159,11,4,rightWinger,https://s3.eu-west-1.amazonaws.com/image.mpg/2025-empt-143-125x125.png
l1_championship_player_2024_159_102019,2024,102019,549940,Malick,Fofana,2005-03-31,Belgium,BEL,left,l1_championship_club_2024_159,11,4,rightWinger,https://s3.eu-west-1.amazonaws.com/image.mpg/2025-empt-143-125x125.png
l1_championship_player_2008_159_27689,2008,27689,115858,Rachid,Ghezzal,1992-05-09,Réunion,REU,,l1_championship_club_2008_159,,,,https://s3.eu-west-1.amazonaws.com/image.mpg/2025-empt-143-125x125.png
l1_championship_player_2009_159_27689,2009,27689,115858,Rachid,Ghezzal,1992-05-09,Réunion,REU,,l1_championship_club_2009_159,,,,https://s3.eu-west-1.amazonaws.com/image.mpg/2025-empt-143-125x125.png
l1_championship_player_2010_159_27689,2010,27689,115858,Rachid,Ghezzal,1992-05-09,Réunion,REU,,l1_championship_club_2010_159,47,3,,https://s3.eu-west-1.amazonaws.com/image.mpg/2025-empt-143-125x125.png
l1_championship_player_2011_159_27689,2011,27689,115858,Rachid,Ghezzal,1992-05-09,Réunion,REU,,l1_championship_club_2011_159,,3,,https://s3.eu-west-1.amazonaws.com/image.mpg/2025-empt-143-125x125.png
l1_championship_player_2012_159_27689,2012,27689,115858,Rachid,Ghezzal,1992-05-09,Réunion,REU,,l1_championship_club_2012_159,31,4,,https://s3.eu-west-1.amazonaws.com/image.mpg/2025-empt-143-125x125.png
l1_championship_player_2013_159_27689,2013,27689,115858,Rachid,Ghezzal,1992-05-09,Réunion,REU,,l1_championship_club_2013_159,11,4,,https://s3.eu-west-1.amazonaws.com/image.mpg/2025-empt-143-125x125.png
l1_championship_player_2014_159_27689,2014,27689,115858,Rachid,Ghezzal,1992-05-09,Réunion,REU,,l1_championship_club_2014_159,11,4,,https://s3.eu-west-1.amazonaws.com/image.mpg/2025-empt-143-125x125.png
l1_championship_player_2015_159_27689,2015,27689,115858,Rachid,Ghezzal,1992-05-09,Réunion,REU,,l1_championship_club_2015_159,11,4,,https://s3.eu-west-1.amazonaws.com/image.mpg/2025-empt-143-125x125.png
l1_championship_player_2016_159_27689,2016,27689,115858,Rachid,Ghezzal,1992-05-09,Réunion,REU,,l1_championship_club_2016_159,11,3,,https://s3.eu-west-1.amazonaws.com/image.mpg/2025-empt-143-125x125.png
l1_championship_player_2017_9_27689,2017,27689,115858,Rachid,Ghezzal,1992-05-09,Algeria,DZA,left,l1_championship_club_2017_9,7,4,winger,https://s3.eu-west-1.amazonaws.com/image.mpg/2025-empt-146-125x125.png
l1_championship_player_2018_9_27689,2018,27689,115858,Rachid,Ghezzal,1992-05-09,Réunion,REU,,l1_championship_club_2018_9,,4,,https://s3.eu-west-1.amazonaws.com/image.mpg/2025-empt-146-125x125.png
l1_championship_player_2023_159_101722,2023,101722,564992,Ernest,Nuamah,2003-11-01,Ghana,GHA,left,l1_championship_club_2023_159,37,4,striker,https://s3.eu-west-1.amazonaws.com/image.mpg/2025-empt-143-125x125.png
l1_championship_player_2024_159_101722,2024,101722,564992,Ernest,Nuamah,2003-11-01,Ghana,GHA,left,l1_championship_club_2024_159,37,4,striker,https://s3.eu-west-1.amazonaws.com/image.mpg/2025-empt-143-125x125.png
