player_id,season,total_matches_played,total_goals,total_assists,total_yellow_cards,total_red_cards
l1_championship_player_2025_1_103843,2025,88,0,0,8,0
l1_championship_player_2025_1_89638,2025,434,0,0,36,3
l1_championship_player_2025_1_66951,2025,80,0,0,2,1
l1_championship_player_2025_1_98694,2025,36,0,0,4,0
l1_championship_player_2025_1_84688,2025,252,17,5,40,3
l1_championship_player_2025_1_91272,2025,188,7,2,54,6
l1_championship_player_2025_1_504316,2025,12,0,0,2,0
l1_championship_player_2025_1_505974,2025,0,0,0,0,0
l1_championship_player_2025_1_104679,2025,95,2,1,15,3
l1_championship_player_2025_1_89782,2025,5,0,0,0,0
l1_championship_player_2025_1_91113,2025,225,9,12,81,2
l1_championship_player_2025_1_98605,2025,0,0,0,0,0
l1_championship_player_2025_1_504315,2025,3,0,0,1,0
l1_championship_player_2025_1_94776,2025,341,13,21,44,3
l1_championship_player_2025_1_17566,2025,400,17,20,61,2
l1_championship_player_2025_1_69685,2025,262,28,18,29,1
l1_championship_player_2025_1_62437,2025,248,31,11,39,2
l1_championship_player_2025_1_103700,2025,504,35,33,81,3
l1_championship_player_2025_1_101167,2025,0,0,0,0,0
l1_championship_player_2025_1_28673,2025,478,17,19,101,7
l1_championship_player_2025_1_90528,2025,0,0,0,0,0
l1_championship_player_2025_1_84358,2025,92,5,5,16,1
l1_championship_player_2025_1_506095,2025,23,0,1,7,1
l1_championship_player_2025_1_500906,2025,23,3,1,3,0
l1_championship_player_2025_1_92581,2025,20,0,0,3,1
l1_championship_player_2025_1_500758,2025,36,4,4,5,0
l1_championship_player_2025_1_105460,2025,138,4,12,16,1
l1_championship_player_2025_1_27361,2025,259,26,23,35,1
l1_championship_player_2025_1_507664,2025,0,0,0,0,0
l1_championship_player_2025_1_62575,2025,281,94,36,23,1
l1_championship_player_2025_1_103656,2025,242,92,31,19,1
l1_championship_player_2025_1_100680,2025,60,15,0,1,0
l1_championship_player_2025_1_105296,2025,294,76,36,25,0
l1_championship_player_2025_1_104050,2025,223,34,14,27,0
l1_championship_player_2025_1_99142,2025,183,0,0,21,3
l1_championship_player_2025_1_102045,2025,276,15,34,43,4
l1_championship_player_2025_1_101741,2025,353,29,32,62,6
l1_championship_player_2025_1_92851,2025,276,11,21,23,1
l1_championship_player_2025_1_93674,2025,22,1,2,3,0
l1_championship_player_2025_1_91446,2025,207,20,24,37,2
l1_championship_player_2025_1_105466,2025,237,41,52,17,0
l1_championship_player_2025_1_94779,2025,37,6,0,1,0
l1_championship_player_2025_1_36098,2025,429,120,34,63,3
l1_championship_player_2025_1_98852,2025,47,11,2,3,1
l1_championship_player_2025_2_77229,2025,57,0,0,0,0
l1_championship_player_2025_2_18307,2025,323,0,2,17,5
l1_championship_player_2025_2_103603,2025,5,0,0,0,0
l1_championship_player_2025_2_87050,2025,60,0,0,6,0
l1_championship_player_2025_2_86892,2025,147,1,2,26,2
l1_championship_player_2025_2_504336,2025,17,0,0,6,0
l1_championship_player_2025_2_89545,2025,148,5,3,22,4
l1_championship_player_2025_2_101309,2025,16,1,0,3,1
l1_championship_player_2025_2_94516,2025,250,0,11,45,2
l1_championship_player_2025_2_502542,2025,39,3,3,7,1
l1_championship_player_2025_2_104421,2025,137,1,9,4,1
l1_championship_player_2025_2_503228,2025,19,0,0,4,0
l1_championship_player_2025_2_81386,2025,167,6,4,26,2
l1_championship_player_2025_2_104726,2025,193,7,1,53,0
l1_championship_player_2025_2_100379,2025,55,1,0,5,2
l1_championship_player_2025_2_81342,2025,108,3,2,13,1
l1_championship_player_2025_2_104062,2025,87,2,2,10,3
l1_championship_player_2025_2_83680,2025,24,0,0,1,0
l1_championship_player_2025_2_86432,2025,112,10,1,14,0
l1_championship_player_2025_2_98440,2025,30,4,0,3,0
l1_championship_player_2025_2_505586,2025,20,5,0,5,0
l1_championship_player_2025_2_82393,2025,249,5,1,39,2
l1_championship_player_2025_2_105203,2025,104,6,6,12,2
l1_championship_player_2025_2_63146,2025,254,41,21,13,0
l1_championship_player_2025_2_48113,2025,302,4,5,52,2
l1_championship_player_2025_2_79828,2025,184,14,11,26,1
l1_championship_player_2025_2_504857,2025,2,0,0,0,0
l1_championship_player_2025_2_103884,2025,102,9,13,13,1
l1_championship_player_2025_2_66914,2025,165,23,9,8,0
l1_championship_player_2025_2_105418,2025,230,41,10,29,1
l1_championship_player_2025_2_87068,2025,49,14,0,4,1
l1_championship_player_2025_2_83293,2025,232,51,21,29,1
l1_championship_player_2025_2_504285,2025,14,1,0,3,0
l1_championship_player_2025_5_87318,2025,20,0,0,0,0
l1_championship_player_2025_5_18529,2025,231,0,1,13,1
l1_championship_player_2025_5_6105,2025,176,1,0,17,3
l1_championship_player_2025_5_90630,2025,0,0,0,0,0
l1_championship_player_2025_5_87310,2025,154,6,3,10,1
l1_championship_player_2025_5_93647,2025,1,0,0,1,0
l1_championship_player_2025_5_47709,2025,244,15,6,27,2
l1_championship_player_2025_5_505592,2025,0,0,0,0,0
l1_championship_player_2025_5_34992,2025,433,41,6,68,3
l1_championship_player_2025_5_66261,2025,82,5,2,8,0
l1_championship_player_2025_5_81328,2025,174,8,2,39,5
l1_championship_player_2025_5_105158,2025,244,6,3,34,2
l1_championship_player_2025_5_80322,2025,87,0,0,15,1
l1_championship_player_2025_5_98806,2025,8,1,0,0,1
l1_championship_player_2025_5_103617,2025,189,10,7,43,2
l1_championship_player_2025_5_505651,2025,0,0,0,0,0
l1_championship_player_2025_5_505593,2025,0,0,0,0,0
l1_championship_player_2025_5_80671,2025,84,5,2,12,0
l1_championship_player_2025_5_72857,2025,17,0,0,5,0
l1_championship_player_2025_5_80954,2025,159,10,4,25,1
l1_championship_player_2025_5_101486,2025,107,11,8,3,0
l1_championship_player_2025_5_104982,2025,180,20,18,10,0
l1_championship_player_2025_5_86624,2025,10,0,0,1,0
l1_championship_player_2025_5_78389,2025,207,15,7,22,2
l1_championship_player_2025_5_505650,2025,0,0,0,0,0
l1_championship_player_2025_5_29510,2025,344,29,7,32,4
l1_championship_player_2025_5_90468,2025,11,2,0,1,0
l1_championship_player_2025_5_505652,2025,0,0,0,0,0
l1_championship_player_2025_5_51620,2025,28,1,5,2,0
l1_championship_player_2025_5_86896,2025,31,4,0,4,0
l1_championship_player_2025_5_74429,2025,215,36,12,15,1
l1_championship_player_2025_5_504858,2025,6,1,0,0,0
l1_championship_player_2025_5_504886,2025,10,1,0,1,0
l1_championship_player_2025_5_94915,2025,429,130,31,36,1
l1_championship_player_2025_5_89760,2025,201,29,14,15,2
l1_championship_player_2025_6_93308,2025,19,0,0,2,0
l1_championship_player_2025_6_36584,2025,154,0,0,6,1
l1_championship_player_2025_6_19005,2025,459,0,0,14,1
l1_championship_player_2025_6_100821,2025,0,0,0,0,0
l1_championship_player_2025_6_506488,2025,0,0,0,0,0
l1_championship_player_2025_6_86608,2025,92,0,1,8,0
l1_championship_player_2025_6_105309,2025,247,11,36,43,2
l1_championship_player_2025_6_28718,2025,412,10,21,61,6
l1_championship_player_2025_6_93202,2025,12,0,0,1,0
l1_championship_player_2025_6_104992,2025,139,5,3,14,1
l1_championship_player_2025_6_104449,2025,40,0,0,8,1
l1_championship_player_2025_6_87458,2025,82,7,2,13,2
l1_championship_player_2025_6_26455,2025,433,5,9,73,8
l1_championship_player_2025_6_93335,2025,33,3,0,5,0
l1_championship_player_2025_6_35628,2025,0,0,0,0,0
l1_championship_player_2025_6_62498,2025,253,5,4,27,0
l1_championship_player_2025_6_41943,2025,282,23,31,27,1
l1_championship_player_2025_6_91200,2025,70,8,1,6,0
l1_championship_player_2025_6_104468,2025,95,10,2,11,0
l1_championship_player_2025_6_86987,2025,31,1,0,2,0
l1_championship_player_2025_6_93960,2025,0,0,0,0,0
l1_championship_player_2025_6_505617,2025,8,1,0,0,0
l1_championship_player_2025_6_105409,2025,178,16,12,42,3
l1_championship_player_2025_6_92140,2025,60,3,1,7,1
l1_championship_player_2025_6_47824,2025,479,78,52,80,5
l1_championship_player_2025_6_41166,2025,355,132,37,25,0
l1_championship_player_2025_6_86482,2025,50,8,0,0,0
l1_championship_player_2025_6_36641,2025,342,75,9,30,0
l1_championship_player_2025_6_44581,2025,380,48,53,24,1
l1_championship_player_2025_6_98732,2025,181,55,12,17,1
l1_championship_player_2025_6_66024,2025,444,91,36,71,3
l1_championship_player_2025_6_27080,2025,491,131,77,52,5
l1_championship_player_2025_7_50284,2025,233,0,0,22,0
l1_championship_player_2025_7_16695,2025,394,0,0,11,3
l1_championship_player_2025_7_99141,2025,345,0,1,5,0
l1_championship_player_2025_7_102065,2025,93,1,0,10,1
l1_championship_player_2025_7_98414,2025,0,0,0,0,0
l1_championship_player_2025_7_105204,2025,50,2,0,19,1
l1_championship_player_2025_7_102060,2025,86,7,3,15,0
l1_championship_player_2025_7_95754,2025,83,4,6,13,2
l1_championship_player_2025_7_505692,2025,17,0,0,0,0
l1_championship_player_2025_7_105347,2025,37,2,0,5,0
l1_championship_player_2025_7_94715,2025,132,1,2,27,3
l1_championship_player_2025_7_503294,2025,34,0,0,6,1
l1_championship_player_2025_7_506504,2025,0,0,0,0,0
l1_championship_player_2025_7_98407,2025,36,0,0,4,0
l1_championship_player_2025_7_94206,2025,248,4,5,55,1
l1_championship_player_2025_7_99053,2025,240,5,4,28,1
l1_championship_player_2025_7_83687,2025,92,4,1,19,5
l1_championship_player_2025_7_86590,2025,187,3,11,27,4
l1_championship_player_2025_7_18329,2025,428,15,19,86,5
l1_championship_player_2025_7_101714,2025,81,3,5,8,0
l1_championship_player_2025_7_105423,2025,19,0,0,6,2
l1_championship_player_2025_7_93800,2025,218,15,8,25,2
l1_championship_player_2025_7_505666,2025,18,1,0,1,0
l1_championship_player_2025_7_62487,2025,71,2,2,13,0
l1_championship_player_2025_7_105331,2025,94,7,9,15,1
l1_championship_player_2025_7_70987,2025,159,9,10,8,0
l1_championship_player_2025_7_40461,2025,271,16,8,29,2
l1_championship_player_2025_7_102066,2025,173,55,12,29,1
l1_championship_player_2025_7_92486,2025,138,39,4,15,1
l1_championship_player_2025_7_105495,2025,0,0,0,0,0
l1_championship_player_2025_7_84609,2025,141,35,9,11,3
l1_championship_player_2025_7_105483,2025,6,1,1,0,0
l1_championship_player_2025_7_94102,2025,187,65,5,7,2
l1_championship_player_2025_7_101363,2025,268,83,14,27,3
l1_championship_player_2025_8_91173,2025,49,0,0,6,1
l1_championship_player_2025_8_105143,2025,104,0,0,2,0
l1_championship_player_2025_8_504283,2025,10,0,0,1,0
l1_championship_player_2025_8_103746,2025,29,0,0,0,0
l1_championship_player_2025_8_36407,2025,235,2,7,32,2
l1_championship_player_2025_8_37043,2025,510,12,19,58,0
l1_championship_player_2025_8_105510,2025,0,0,0,0,0
l1_championship_player_2025_8_104502,2025,45,2,2,6,1
l1_championship_player_2025_8_104434,2025,71,2,1,16,2
l1_championship_player_2025_8_91395,2025,50,6,0,3,0
l1_championship_player_2025_8_101409,2025,67,4,1,12,3
l1_championship_player_2025_8_506096,2025,8,0,0,1,0
l1_championship_player_2025_8_105458,2025,132,6,5,21,2
l1_championship_player_2025_8_505562,2025,11,0,0,3,0
l1_championship_player_2025_8_52840,2025,275,24,20,39,0
l1_championship_player_2025_8_36604,2025,341,14,9,36,8
l1_championship_player_2025_8_88814,2025,78,10,0,8,0
l1_championship_player_2025_8_41517,2025,342,65,32,47,2
l1_championship_player_2025_8_99286,2025,217,8,8,61,2
l1_championship_player_2025_8_504267,2025,13,0,0,2,0
l1_championship_player_2025_8_17172,2025,447,11,21,60,4
l1_championship_player_2025_8_103210,2025,58,2,1,9,0
l1_championship_player_2025_8_87118,2025,101,6,2,18,1
l1_championship_player_2025_8_105181,2025,93,24,0,7,1
l1_championship_player_2025_8_56360,2025,384,128,29,21,2
l1_championship_player_2025_8_506094,2025,27,9,0,3,0
l1_championship_player_2025_8_98357,2025,42,12,1,3,0
l1_championship_player_2025_8_505563,2025,22,6,0,0,0
l1_championship_player_2025_8_84398,2025,26,0,0,1,0
l1_championship_player_2025_8_507594,2025,19,5,0,2,0
l1_championship_player_2025_8_105176,2025,188,20,11,21,0
l1_championship_player_2025_9_503288,2025,0,0,0,0,0
l1_championship_player_2025_9_105304,2025,535,0,0,21,3
l1_championship_player_2025_9_101297,2025,203,0,0,11,0
l1_championship_player_2025_9_86613,2025,14,0,0,0,0
l1_championship_player_2025_9_90029,2025,4,0,0,1,0
l1_championship_player_2025_9_104830,2025,472,21,13,59,1
l1_championship_player_2025_9_90543,2025,29,1,1,5,0
l1_championship_player_2025_9_91927,2025,281,5,43,25,1
l1_championship_player_2025_9_85836,2025,350,14,7,56,4
l1_championship_player_2025_9_92548,2025,14,0,0,2,0
l1_championship_player_2025_9_87320,2025,89,2,0,17,2
l1_championship_player_2025_9_101650,2025,0,0,0,0,0
l1_championship_player_2025_9_90829,2025,101,2,7,15,0
l1_championship_player_2025_9_101564,2025,208,7,3,40,1
l1_championship_player_2025_9_103943,2025,296,13,34,40,1
l1_championship_player_2025_9_88939,2025,0,0,0,0,0
l1_championship_player_2025_9_95629,2025,208,14,18,41,4
l1_championship_player_2025_9_69307,2025,153,27,22,23,0
l1_championship_player_2025_9_88835,2025,22,0,1,2,0
l1_championship_player_2025_9_91448,2025,6,0,0,0,0
l1_championship_player_2025_9_100765,2025,106,4,16,22,2
l1_championship_player_2025_9_81928,2025,40,3,5,7,2
l1_championship_player_2025_9_92856,2025,265,33,25,28,1
l1_championship_player_2025_9_85395,2025,378,52,51,65,6
l1_championship_player_2025_9_28553,2025,427,73,79,70,4
l1_championship_player_2025_9_105481,2025,6,1,0,2,0
l1_championship_player_2025_9_101596,2025,334,30,15,82,4
l1_championship_player_2025_9_506097,2025,28,4,0,2,0
l1_championship_player_2025_9_99215,2025,157,57,13,12,1
l1_championship_player_2025_9_104370,2025,133,49,17,12,0
l1_championship_player_2025_9_103894,2025,36,6,0,4,0
l1_championship_player_2025_9_104735,2025,176,43,8,13,1
l1_championship_player_2025_9_105468,2025,65,8,4,2,1
l1_championship_player_2025_9_98502,2025,467,118,47,36,2
l1_championship_player_2025_12_104089,2025,354,0,0,19,1
l1_championship_player_2025_12_18357,2025,560,0,2,23,2
l1_championship_player_2025_12_90785,2025,54,0,0,3,1
l1_championship_player_2025_12_81781,2025,72,2,0,3,0
l1_championship_player_2025_12_56530,2025,332,7,10,51,4
l1_championship_player_2025_12_105070,2025,322,11,10,100,7
l1_championship_player_2025_12_84347,2025,50,6,0,11,2
l1_championship_player_2025_12_59420,2025,303,15,15,52,6
l1_championship_player_2025_12_62568,2025,217,6,6,21,3
l1_championship_player_2025_12_86548,2025,31,0,0,3,1
l1_championship_player_2025_12_26393,2025,7,0,0,1,0
l1_championship_player_2025_12_91746,2025,348,16,19,64,4
l1_championship_player_2025_12_104835,2025,299,11,2,48,8
l1_championship_player_2025_12_101469,2025,88,5,1,19,3
l1_championship_player_2025_12_93006,2025,23,0,0,5,1
l1_championship_player_2025_12_505958,2025,0,0,0,0,0
l1_championship_player_2025_12_15792,2025,497,90,64,59,3
l1_championship_player_2025_12_36931,2025,404,9,8,77,4
l1_championship_player_2025_12_93632,2025,37,4,0,6,1
l1_championship_player_2025_12_90092,2025,26,1,1,4,0
l1_championship_player_2025_12_78753,2025,165,3,5,24,0
l1_championship_player_2025_12_93631,2025,55,4,2,3,0
l1_championship_player_2025_12_66094,2025,18,3,0,6,0
l1_championship_player_2025_12_83801,2025,62,3,0,6,1
l1_championship_player_2025_12_85106,2025,72,3,0,16,2
l1_championship_player_2025_12_78356,2025,163,39,10,13,0
l1_championship_player_2025_12_105344,2025,79,12,4,0,0
l1_championship_player_2025_12_19323,2025,551,276,43,44,1
l1_championship_player_2025_12_81490,2025,211,38,7,8,0
l1_championship_player_2025_12_93628,2025,48,7,1,2,0
l1_championship_player_2025_12_505649,2025,17,1,0,1,0
l1_championship_player_2025_12_94926,2025,272,90,14,29,3
l1_championship_player_2025_13_77349,2025,223,0,1,9,0
l1_championship_player_2025_13_504350,2025,0,0,0,0,0
l1_championship_player_2025_13_104436,2025,1,0,0,0,0
l1_championship_player_2025_13_103328,2025,230,0,1,9,1
l1_championship_player_2025_13_505653,2025,0,0,0,0,0
l1_championship_player_2025_13_101997,2025,132,5,0,26,2
l1_championship_player_2025_13_504330,2025,1,0,0,0,0
l1_championship_player_2025_13_93940,2025,369,50,65,58,6
l1_championship_player_2025_13_101121,2025,341,6,11,62,3
l1_championship_player_2025_13_57282,2025,564,43,11,46,2
l1_championship_player_2025_13_94930,2025,219,15,25,29,0
l1_championship_player_2025_13_103891,2025,232,2,6,20,1
l1_championship_player_2025_13_105341,2025,202,3,1,29,5
l1_championship_player_2025_13_83697,2025,184,37,24,16,0
l1_championship_player_2025_13_500470,2025,16,1,1,0,0
l1_championship_player_2025_13_98392,2025,2,0,0,0,0
l1_championship_player_2025_13_101421,2025,283,29,26,32,3
l1_championship_player_2025_13_503333,2025,0,0,0,0,0
l1_championship_player_2025_13_86814,2025,77,12,8,5,0
l1_championship_player_2025_13_103829,2025,174,17,15,12,1
l1_championship_player_2025_13_505582,2025,2,0,0,0,0
l1_championship_player_2025_13_100334,2025,428,45,48,41,2
l1_championship_player_2025_13_93223,2025,0,0,0,0,0
l1_championship_player_2025_13_98896,2025,295,39,27,16,0
l1_championship_player_2025_13_86879,2025,178,10,13,14,0
l1_championship_player_2025_13_81445,2025,211,50,46,19,1
l1_championship_player_2025_13_36082,2025,416,132,101,42,2
l1_championship_player_2025_13_104402,2025,297,75,50,35,1
l1_championship_player_2025_13_100727,2025,32,2,4,0,0
l1_championship_player_2025_13_90314,2025,14,1,2,1,0
l1_championship_player_2025_13_101567,2025,271,101,14,26,1
l1_championship_player_2025_13_103305,2025,5,0,0,0,0
l1_championship_player_2025_14_90416,2025,6,0,0,0,0
l1_championship_player_2025_14_86562,2025,0,0,0,0,0
l1_championship_player_2025_14_36344,2025,378,0,0,39,1
l1_championship_player_2025_14_83691,2025,38,0,0,3,0
l1_championship_player_2025_14_103452,2025,32,2,2,6,1
l1_championship_player_2025_14_506465,2025,19,0,0,7,0
l1_championship_player_2025_14_47707,2025,242,8,5,40,3
l1_championship_player_2025_14_94583,2025,439,62,32,51,2
l1_championship_player_2025_14_83692,2025,89,5,3,13,3
l1_championship_player_2025_14_101633,2025,46,3,0,5,0
l1_championship_player_2025_14_78166,2025,188,9,4,24,3
l1_championship_player_2025_14_89884,2025,135,0,2,38,5
l1_championship_player_2025_14_507638,2025,20,1,0,3,1
l1_championship_player_2025_14_52480,2025,422,75,41,55,2
l1_championship_player_2025_14_40204,2025,323,39,10,53,3
l1_championship_player_2025_14_80554,2025,104,10,0,21,1
l1_championship_player_2025_14_103607,2025,345,9,19,31,1
l1_championship_player_2025_14_84357,2025,0,0,0,0,0
l1_championship_player_2025_14_83140,2025,154,8,16,10,1
l1_championship_player_2025_14_86564,2025,59,8,0,4,0
l1_championship_player_2025_14_38582,2025,400,19,25,50,2
l1_championship_player_2025_14_501655,2025,39,3,3,1,0
l1_championship_player_2025_14_506446,2025,14,1,0,0,0
l1_championship_player_2025_14_101002,2025,267,43,13,27,1
l1_championship_player_2025_14_86774,2025,43,8,0,10,0
l1_championship_player_2025_14_99014,2025,376,99,40,51,1
l1_championship_player_2025_14_504364,2025,14,3,0,0,1
l1_championship_player_2025_14_67548,2025,184,74,7,14,0
l1_championship_player_2025_14_51819,2025,292,53,16,21,1
l1_championship_player_2025_14_90613,2025,0,0,0,0,0
l1_championship_player_2025_14_506098,2025,18,4,0,3,0
l1_championship_player_2025_15_76869,2025,65,0,0,0,0
l1_championship_player_2025_15_78369,2025,351,0,1,9,1
l1_championship_player_2025_15_500447,2025,25,0,0,0,0
l1_championship_player_2025_15_105144,2025,114,0,0,8,1
l1_championship_player_2025_15_501078,2025,13,1,1,1,0
l1_championship_player_2025_15_506455,2025,0,0,0,0,0
l1_championship_player_2025_15_105503,2025,281,14,24,32,2
l1_championship_player_2025_15_90432,2025,25,0,0,2,2
l1_championship_player_2025_15_81244,2025,120,3,10,22,3
l1_championship_player_2025_15_84409,2025,163,5,3,32,2
l1_championship_player_2025_15_105280,2025,69,0,1,9,1
l1_championship_player_2025_15_100631,2025,11,1,0,1,0
l1_championship_player_2025_15_104405,2025,116,3,0,23,1
l1_championship_player_2025_15_86651,2025,59,3,0,5,0
l1_championship_player_2025_15_104435,2025,105,4,15,22,1
l1_championship_player_2025_15_100380,2025,81,4,3,10,0
l1_championship_player_2025_15_105478,2025,174,39,22,13,0
l1_championship_player_2025_15_92549,2025,33,5,0,2,0
l1_championship_player_2025_15_105383,2025,68,0,0,10,0
l1_championship_player_2025_15_500449,2025,14,1,0,0,0
l1_championship_player_2025_15_101736,2025,107,9,13,18,3
l1_championship_player_2025_15_88871,2025,130,8,6,13,3
l1_championship_player_2025_15_105404,2025,0,0,0,0,0
l1_championship_player_2025_15_86909,2025,77,8,1,3,0
l1_championship_player_2025_15_104989,2025,54,5,1,10,0
l1_championship_player_2025_15_102031,2025,88,8,8,7,1
l1_championship_player_2025_15_104444,2025,55,4,3,6,0
l1_championship_player_2025_15_505283,2025,12,4,0,1,0
l1_championship_player_2025_15_101362,2025,161,45,10,26,0
l1_championship_player_2025_15_503566,2025,23,8,0,0,0
l1_championship_player_2025_15_105477,2025,81,18,11,8,0
l1_championship_player_2025_15_103999,2025,188,45,34,7,0
l1_championship_player_2025_15_105245,2025,102,43,12,10,0
l1_championship_player_2025_15_98456,2025,11,5,0,1,1
l1_championship_player_2025_16_101394,2025,91,0,0,8,1
l1_championship_player_2025_16_98512,2025,107,0,1,7,0
l1_championship_player_2025_16_84101,2025,121,0,1,10,2
l1_championship_player_2025_16_85901,2025,17,0,0,0,0
l1_championship_player_2025_16_86308,2025,62,3,0,8,0
l1_championship_player_2025_16_103736,2025,107,12,7,18,0
l1_championship_player_2025_16_86605,2025,41,1,0,1,0
l1_championship_player_2025_16_100547,2025,161,8,7,15,0
l1_championship_player_2025_16_95531,2025,31,1,0,4,0
l1_championship_player_2025_16_103900,2025,267,8,7,35,2
l1_championship_player_2025_16_93199,2025,40,1,0,11,0
l1_championship_player_2025_16_94783,2025,242,16,10,34,3
l1_championship_player_2025_16_505688,2025,7,0,0,0,0
l1_championship_player_2025_16_26588,2025,468,24,36,71,3
l1_championship_player_2025_16_84646,2025,71,6,0,15,0
l1_championship_player_2025_16_101540,2025,277,23,23,63,1
l1_championship_player_2025_16_105335,2025,73,8,7,16,0
l1_championship_player_2025_16_83977,2025,49,3,0,2,0
l1_championship_player_2025_16_507595,2025,19,1,0,5,0
l1_championship_player_2025_16_105239,2025,165,11,11,27,4
l1_championship_player_2025_16_62357,2025,218,32,19,8,1
l1_championship_player_2025_16_84000,2025,56,1,0,11,1
l1_championship_player_2025_16_80032,2025,58,0,1,5,0
l1_championship_player_2025_16_104681,2025,146,24,15,11,0
l1_championship_player_2025_16_98651,2025,25,1,1,4,1
l1_championship_player_2025_16_95630,2025,15,2,0,0,0
l1_championship_player_2025_16_105462,2025,61,7,3,6,1
l1_championship_player_2025_16_101719,2025,294,42,35,66,2
l1_championship_player_2025_16_97007,2025,29,8,0,4,0
l1_championship_player_2025_16_105212,2025,75,9,6,12,0
l1_championship_player_2025_16_79939,2025,200,57,9,42,5
l1_championship_player_2025_16_506093,2025,12,0,0,0,0
l1_championship_player_2025_16_105405,2025,53,9,3,2,0
l1_championship_player_2025_16_98449,2025,26,3,0,1,0
l1_championship_player_2025_30_500568,2025,0,0,0,0,0
l1_championship_player_2025_30_52965,2025,216,0,0,11,1
l1_championship_player_2025_30_29031,2025,271,0,1,6,0
l1_championship_player_2025_30_505993,2025,0,0,0,0,0
l1_championship_player_2025_30_95645,2025,4,0,0,0,0
l1_championship_player_2025_30_104039,2025,171,10,1,37,3
l1_championship_player_2025_30_88734,2025,327,45,13,48,6
l1_championship_player_2025_30_505699,2025,0,0,0,0,0
l1_championship_player_2025_30_104420,2025,60,0,0,12,0
l1_championship_player_2025_30_78302,2025,240,8,6,37,4
l1_championship_player_2025_30_103944,2025,75,2,0,18,2
l1_championship_player_2025_30_18101,2025,397,31,77,37,3
l1_championship_player_2025_30_4050,2025,532,14,17,112,8
l1_championship_player_2025_30_504302,2025,5,0,0,1,0
l1_championship_player_2025_30_80642,2025,103,4,1,17,0
l1_championship_player_2025_30_87542,2025,16,0,0,2,1
l1_championship_player_2025_30_100603,2025,176,16,6,31,3
l1_championship_player_2025_30_105177,2025,101,1,0,17,2
l1_championship_player_2025_30_506058,2025,0,0,0,0,0
l1_championship_player_2025_30_504214,2025,1,0,0,0,0
l1_championship_player_2025_30_88969,2025,160,2,2,25,3
l1_championship_player_2025_30_105345,2025,43,4,9,5,0
l1_championship_player_2025_30_89873,2025,243,15,13,57,2
l1_championship_player_2025_30_505587,2025,1,0,0,0,0
l1_championship_player_2025_30_100768,2025,4,0,0,0,0
l1_championship_player_2025_30_56749,2025,262,39,21,24,1
l1_championship_player_2025_30_87554,2025,130,11,3,10,1
l1_championship_player_2025_30_45022,2025,363,22,38,32,1
l1_championship_player_2025_30_100368,2025,0,0,0,0,0
l1_championship_player_2025_30_34429,2025,427,58,39,59,1
l1_championship_player_2025_30_105461,2025,253,5,18,58,2
l1_championship_player_2025_30_506059,2025,1,0,0,0,0
l1_championship_player_2025_30_504303,2025,0,0,0,0,0
l1_championship_player_2025_30_505700,2025,14,2,0,1,0
l1_championship_player_2025_30_105384,2025,194,63,5,35,0
l1_championship_player_2025_30_90481,2025,182,18,12,13,2
l1_championship_player_2025_30_90936,2025,0,0,0,0,0
l1_championship_player_2025_30_105459,2025,144,24,14,19,0
l1_championship_player_2025_30_105161,2025,199,23,14,22,0
l1_championship_player_2025_30_505995,2025,0,0,0,0,0
l1_championship_player_2025_30_83638,2025,161,57,18,26,3
l1_championship_player_2025_37_81428,2025,205,0,0,19,0
l1_championship_player_2025_37_507606,2025,1,0,0,0,0
l1_championship_player_2025_37_93646,2025,42,0,0,5,0
l1_championship_player_2025_37_80763,2025,42,0,0,2,0
l1_championship_player_2025_37_66080,2025,330,5,23,58,4
l1_championship_player_2025_37_35684,2025,339,3,6,53,2
l1_championship_player_2025_37_91705,2025,58,4,0,6,0
l1_championship_player_2025_37_84687,2025,100,2,0,19,0
l1_championship_player_2025_37_92528,2025,120,1,0,10,2
l1_championship_player_2025_37_505551,2025,8,1,0,1,0
l1_championship_player_2025_37_17091,2025,455,7,30,43,2
l1_championship_player_2025_37_37008,2025,429,7,18,45,2
l1_championship_player_2025_37_99086,2025,36,0,0,5,1
l1_championship_player_2025_37_81801,2025,166,5,11,12,2
l1_championship_player_2025_37_86655,2025,28,0,0,2,0
l1_championship_player_2025_37_505552,2025,6,0,0,0,0
l1_championship_player_2025_37_44183,2025,412,10,3,67,4
l1_championship_player_2025_37_90790,2025,139,8,3,31,0
l1_championship_player_2025_37_41919,2025,429,43,15,57,2
l1_championship_player_2025_37_93640,2025,44,0,0,2,0
l1_championship_player_2025_37_507655,2025,0,0,0,0,0
l1_championship_player_2025_37_500571,2025,23,1,0,3,0
l1_championship_player_2025_37_81139,2025,135,10,5,19,1
l1_championship_player_2025_37_91473,2025,379,56,75,60,1
l1_championship_player_2025_37_105467,2025,0,0,0,0,0
l1_championship_player_2025_37_506456,2025,0,0,0,0,0
l1_championship_player_2025_37_59371,2025,212,71,7,8,0
l1_championship_player_2025_37_90955,2025,69,10,0,5,0
l1_championship_player_2025_37_101195,2025,40,2,0,5,0
l1_championship_player_2025_37_99066,2025,52,15,0,2,1
l1_championship_player_2025_37_98700,2025,25,3,1,1,1
l1_championship_player_2025_44_63157,2025,105,0,0,6,1
l1_championship_player_2025_44_91316,2025,26,0,0,4,1
l1_championship_player_2025_44_90521,2025,184,0,0,11,1
l1_championship_player_2025_44_52212,2025,353,18,5,57,4
l1_championship_player_2025_44_76703,2025,93,0,0,13,0
l1_championship_player_2025_44_85103,2025,106,2,1,20,1
l1_championship_player_2025_44_105443,2025,108,5,4,17,3
l1_championship_player_2025_44_41971,2025,478,23,35,59,4
l1_championship_player_2025_44_100340,2025,14,0,0,1,0
l1_championship_player_2025_44_86468,2025,124,1,6,15,1
l1_championship_player_2025_44_101882,2025,31,0,0,2,0
l1_championship_player_2025_44_78140,2025,229,5,12,31,1
l1_championship_player_2025_44_62484,2025,202,25,9,31,2
l1_championship_player_2025_44_93599,2025,144,27,14,10,0
l1_championship_player_2025_44_504212,2025,22,6,0,0,0
l1_championship_player_2025_44_505553,2025,20,3,0,1,0
l1_championship_player_2025_44_506447,2025,4,0,0,1,0
l1_championship_player_2025_44_64091,2025,268,14,4,43,1
l1_championship_player_2025_44_104507,2025,22,0,0,3,0
l1_championship_player_2025_44_57458,2025,374,16,11,56,3
l1_championship_player_2025_44_56118,2025,425,127,35,73,2
l1_championship_player_2025_44_88827,2025,321,49,18,46,4
l1_championship_player_2025_44_48039,2025,382,48,54,31,2
l1_championship_player_2025_44_102141,2025,20,5,0,3,0
l1_championship_player_2025_44_90803,2025,19,3,0,2,0
l1_championship_player_2025_44_72579,2025,133,27,7,15,1
l1_championship_player_2025_44_100455,2025,106,23,6,24,1
l1_championship_player_2025_90_88741,2025,118,0,0,5,0
l1_championship_player_2025_90_19175,2025,289,0,2,15,1
l1_championship_player_2025_90_67904,2025,7,1,0,2,0
l1_championship_player_2025_90_60726,2025,170,2,9,28,1
l1_championship_player_2025_90_62315,2025,167,5,2,23,1
l1_championship_player_2025_90_506047,2025,0,0,0,0,0
l1_championship_player_2025_90_90544,2025,155,1,7,37,7
l1_championship_player_2025_90_86894,2025,0,0,0,0,0
l1_championship_player_2025_90_18719,2025,378,18,14,68,6
l1_championship_player_2025_90_86437,2025,160,4,2,18,4
l1_championship_player_2025_90_102076,2025,199,25,3,13,0
l1_championship_player_2025_90_105187,2025,99,5,2,29,2
l1_championship_player_2025_90_91151,2025,0,0,0,0,0
l1_championship_player_2025_90_92662,2025,77,1,3,4,0
l1_championship_player_2025_90_67860,2025,453,11,33,96,4
l1_championship_player_2025_90_101093,2025,176,23,1,29,2
l1_championship_player_2025_90_79500,2025,264,39,38,30,0
l1_championship_player_2025_90_93421,2025,0,0,0,0,0
l1_championship_player_2025_90_28858,2025,401,57,28,77,6
l1_championship_player_2025_90_48671,2025,363,16,29,84,1
l1_championship_player_2025_90_17313,2025,371,53,14,44,4
l1_championship_player_2025_90_59698,2025,266,17,14,42,4
l1_championship_player_2025_90_101110,2025,35,0,0,9,1
l1_championship_player_2025_90_88576,2025,250,25,11,52,4
l1_championship_player_2025_90_98542,2025,2,0,0,0,0
l1_championship_player_2025_90_39732,2025,262,45,24,55,6
l1_championship_player_2025_90_77378,2025,178,43,11,11,2
l1_championship_player_2025_90_57025,2025,315,65,26,27,1
l1_championship_player_2025_90_84629,2025,142,34,8,5,0
l1_championship_player_2025_90_26832,2025,289,91,12,29,1
l1_championship_player_2025_90_55821,2025,391,52,38,38,1
l1_championship_player_2025_90_500667,2025,0,0,0,0,0
l1_championship_player_2025_90_505684,2025,0,0,0,0,0
l1_championship_player_2025_90_45928,2025,301,83,25,31,4
l1_championship_player_2025_90_89637,2025,426,79,60,23,2
l1_championship_player_2025_158_104360,2025,212,1,1,5,1
l1_championship_player_2025_158_36573,2025,166,0,0,4,0
l1_championship_player_2025_158_504846,2025,7,0,0,0,0
l1_championship_player_2025_158_503325,2025,5,0,0,0,0
l1_championship_player_2025_158_500457,2025,12,0,0,1,0
l1_championship_player_2025_158_105338,2025,186,0,1,18,0
l1_championship_player_2025_158_98501,2025,213,11,3,38,6
l1_championship_player_2025_158_90972,2025,38,0,0,3,0
l1_championship_player_2025_158_100831,2025,25,2,0,2,1
l1_championship_player_2025_158_34834,2025,478,26,13,85,8
l1_championship_player_2025_158_99199,2025,382,31,6,44,3
l1_championship_player_2025_158_78371,2025,509,39,55,74,0
l1_championship_player_2025_158_105084,2025,88,4,2,23,2
l1_championship_player_2025_158_104513,2025,20,1,0,7,0
l1_championship_player_2025_158_62366,2025,324,27,18,44,2
l1_championship_player_2025_158_101141,2025,118,3,8,17,0
l1_championship_player_2025_158_87404,2025,53,2,1,7,0
l1_championship_player_2025_158_105464,2025,265,10,14,44,3
l1_championship_player_2025_158_701,2025,568,32,30,143,5
l1_championship_player_2025_158_91059,2025,65,2,0,14,1
l1_championship_player_2025_158_95633,2025,320,28,23,70,2
l1_championship_player_2025_158_90486,2025,95,0,4,13,3
l1_championship_player_2025_158_505639,2025,19,3,0,2,0
l1_championship_player_2025_158_104671,2025,116,25,2,6,0
l1_championship_player_2025_158_104997,2025,205,33,19,19,1
l1_championship_player_2025_158_101344,2025,177,30,20,33,1
l1_championship_player_2025_158_93229,2025,37,3,1,4,0
l1_championship_player_2025_158_103513,2025,112,4,1,13,0
l1_championship_player_2025_158_42500,2025,375,65,30,17,0
l1_championship_player_2025_158_103778,2025,221,27,30,9,1
l1_championship_player_2025_158_91065,2025,46,9,2,1,0
l1_championship_player_2025_158_84098,2025,59,10,0,3,1
l1_championship_player_2025_158_90768,2025,134,25,11,17,0
l1_championship_player_2025_158_14932,2025,626,234,82,63,6
l1_championship_player_2025_158_105456,2025,125,41,6,18,0
l1_championship_player_2025_158_87402,2025,57,23,0,5,1
l1_championship_player_2025_158_505640,2025,19,10,0,1,0
l1_championship_player_2025_159_98562,2025,16,0,0,0,1
l1_championship_player_2025_159_56648,2025,165,0,2,8,2
l1_championship_player_2025_159_98716,2025,30,0,0,1,0
l1_championship_player_2025_159_105401,2025,236,0,1,9,0
l1_championship_player_2025_159_98444,2025,12,0,0,2,0
l1_championship_player_2025_159_103734,2025,266,13,20,37,1
l1_championship_player_2025_159_103830,2025,403,17,30,75,2
l1_championship_player_2025_159_103305,2025,5,0,0,0,0
l1_championship_player_2025_159_506503,2025,20,1,0,6,0
l1_championship_player_2025_159_105138,2025,136,5,3,24,1
l1_championship_player_2025_159_101569,2025,329,10,23,29,4
l1_championship_player_2025_159_101530,2025,501,9,28,86,3
l1_championship_player_2025_159_506055,2025,15,0,0,6,1
l1_championship_player_2025_159_57857,2025,402,12,8,58,4
l1_championship_player_2025_159_99162,2025,490,31,34,117,13
l1_championship_player_2025_159_92392,2025,60,3,1,14,0
l1_championship_player_2025_159_104224,2025,34,1,0,5,0
l1_championship_player_2025_159_102091,2025,244,9,13,34,2
l1_championship_player_2025_159_91416,2025,34,1,2,3,0
l1_championship_player_2025_159_105281,2025,142,5,13,28,2
l1_championship_player_2025_159_505957,2025,38,9,3,2,1
l1_championship_player_2025_159_105242,2025,282,72,40,33,1
l1_championship_player_2025_159_104049,2025,219,14,6,25,2
l1_championship_player_2025_159_500458,2025,19,4,0,2,0
l1_championship_player_2025_159_38233,2025,425,76,44,41,3
l1_championship_player_2025_159_501393,2025,21,8,6,4,2
l1_championship_player_2025_159_102019,2025,153,26,13,5,0
l1_championship_player_2025_159_27689,2025,398,47,55,53,4
l1_championship_player_2025_159_504337,2025,13,0,1,0,0
l1_championship_player_2025_159_500459,2025,19,5,1,1,0
l1_championship_player_2025_159_105314,2025,214,19,15,17,1
l1_championship_player_2025_159_105118,2025,100,19,8,16,0
l1_championship_player_2025_159_101722,2025,115,30,9,14,1
l1_championship_player_2025_159_501328,2025,389,109,28,55,2
l1_championship_player_2024_1_103843,2024,88,0,0,8,0
l1_championship_player_2019_10_89638,2019,434,0,0,36,3
l1_championship_player_2024_1_89638,2024,434,0,0,36,3
l1_championship_player_2022_1_98694,2022,36,0,0,4,0
l1_championship_player_2023_1_98694,2023,36,0,0,4,0
l1_championship_player_2024_1_98694,2024,36,0,0,4,0
l1_championship_player_2015_31_66951,2015,80,0,0,2,1
l1_championship_player_2016_31_66951,2016,80,0,0,2,1
l1_championship_player_2018_31_66951,2018,80,0,0,2,1
l1_championship_player_2019_31_66951,2019,80,0,0,2,1
l1_championship_player_2024_1_66951,2024,80,0,0,2,1
l1_championship_player_2020_14_84688,2020,252,17,5,40,3
l1_championship_player_2021_14_84688,2021,252,17,5,40,3
l1_championship_player_2020_1_91272,2020,188,7,2,54,6
l1_championship_player_2021_1_91272,2021,188,7,2,54,6
l1_championship_player_2022_1_91272,2022,188,7,2,54,6
l1_championship_player_2023_1_91272,2023,188,7,2,54,6
l1_championship_player_2024_1_91272,2024,188,7,2,54,6
l1_championship_player_2021_1_89782,2021,5,0,0,0,0
l1_championship_player_2024_1_89782,2024,5,0,0,0,0
l1_championship_player_2020_6_91113,2020,225,9,12,81,2
l1_championship_player_2021_6_91113,2021,225,9,12,81,2
l1_championship_player_2022_6_91113,2022,225,9,12,81,2
l1_championship_player_2023_6_91113,2023,225,9,12,81,2
l1_championship_player_2024_6_91113,2024,225,9,12,81,2
l1_championship_player_2025_6_91113,2025,225,9,12,81,2
l1_championship_player_2025_10_98605,2025,0,0,0,0,0
l1_championship_player_2021_159_94776,2021,341,13,21,44,3
l1_championship_player_2011_158_17566,2011,400,17,20,61,2
l1_championship_player_2012_158_17566,2012,400,17,20,61,2
l1_championship_player_2013_158_17566,2013,400,17,20,61,2
l1_championship_player_2014_158_17566,2014,400,17,20,61,2
l1_championship_player_2015_158_17566,2015,400,17,20,61,2
l1_championship_player_2016_158_17566,2016,400,17,20,61,2
l1_championship_player_2016_13_69685,2016,262,28,18,29,1
l1_championship_player_2017_13_69685,2017,262,28,18,29,1
l1_championship_player_2018_13_69685,2018,262,28,18,29,1
l1_championship_player_2019_158_69685,2019,262,28,18,29,1
l1_championship_player_2020_158_69685,2020,262,28,18,29,1
l1_championship_player_2021_158_69685,2021,262,28,18,29,1
l1_championship_player_2022_158_69685,2022,262,28,18,29,1
l1_championship_player_2021_5_62437,2021,248,31,11,39,2
l1_championship_player_2022_37_62437,2022,248,31,11,39,2
l1_championship_player_2023_37_62437,2023,248,31,11,39,2
l1_championship_player_2024_37_62437,2024,248,31,11,39,2
l1_championship_player_2025_37_62437,2025,248,31,11,39,2
l1_championship_player_2024_1_103700,2024,504,35,33,81,3
l1_championship_player_2023_1_101167,2023,0,0,0,0,0
l1_championship_player_2024_1_101167,2024,0,0,0,0,0
l1_championship_player_2009_6_28673,2009,478,17,19,101,7
l1_championship_player_2010_6_28673,2010,478,17,19,101,7
l1_championship_player_2013_9_28673,2013,478,17,19,101,7
l1_championship_player_2014_9_28673,2014,478,17,19,101,7
l1_championship_player_2023_1_28673,2023,478,17,19,101,7
l1_championship_player_2024_1_28673,2024,478,17,19,101,7
l1_championship_player_2018_30_84358,2018,92,5,5,16,1
l1_championship_player_2019_30_84358,2019,92,5,5,16,1
l1_championship_player_2020_30_84358,2020,92,5,5,16,1
l1_championship_player_2021_1_84358,2021,92,5,5,16,1
l1_championship_player_2022_1_84358,2022,92,5,5,16,1
l1_championship_player_2023_1_84358,2023,92,5,5,16,1
l1_championship_player_2024_1_84358,2024,92,5,5,16,1
l1_championship_player_2024_1_92581,2024,20,0,0,3,1
l1_championship_player_2009_158_27361,2009,259,26,23,35,1
l1_championship_player_2010_9_27361,2010,259,26,23,35,1
l1_championship_player_2010_31_27361,2010,259,26,23,35,1
l1_championship_player_2011_31_27361,2011,259,26,23,35,1
l1_championship_player_2012_31_27361,2012,259,26,23,35,1
l1_championship_player_2023_1_27361,2023,259,26,23,35,1
l1_championship_player_2024_1_27361,2024,259,26,23,35,1
l1_championship_player_2015_159_62575,2015,281,94,36,23,1
l1_championship_player_2016_159_62575,2016,281,94,36,23,1
l1_championship_player_2017_159_62575,2017,281,94,36,23,1
l1_championship_player_2018_159_62575,2018,281,94,36,23,1
l1_championship_player_2019_159_62575,2019,281,94,36,23,1
l1_championship_player_2020_30_62575,2020,281,94,36,23,1
l1_championship_player_2021_30_62575,2021,281,94,36,23,1
l1_championship_player_2022_14_62575,2022,281,94,36,23,1
l1_championship_player_2022_30_62575,2022,281,94,36,23,1
l1_championship_player_2023_14_62575,2023,281,94,36,23,1
l1_championship_player_2024_1_62575,2024,281,94,36,23,1
l1_championship_player_2024_14_62575,2024,281,94,36,23,1
l1_championship_player_2024_1_103656,2024,242,92,31,19,1
l1_championship_player_2022_1_100680,2022,60,15,0,1,0
l1_championship_player_2023_1_100680,2023,60,15,0,1,0
l1_championship_player_2024_1_100680,2024,60,15,0,1,0
l1_championship_player_2024_2_104050,2024,223,34,14,27,0
l1_championship_player_2025_2_104050,2025,223,34,14,27,0
l1_championship_player_2022_1_99142,2022,183,0,0,21,3
l1_championship_player_2023_1_99142,2023,183,0,0,21,3
l1_championship_player_2024_1_99142,2024,183,0,0,21,3
l1_championship_player_2023_1_102045,2023,276,15,34,43,4
l1_championship_player_2024_1_102045,2024,276,15,34,43,4
l1_championship_player_2023_1_101741,2023,353,29,32,62,6
l1_championship_player_2024_1_101741,2024,353,29,32,62,6
l1_championship_player_2020_1_92851,2020,276,11,21,23,1
l1_championship_player_2021_1_92851,2021,276,11,21,23,1
l1_championship_player_2022_1_92851,2022,276,11,21,23,1
l1_championship_player_2023_1_92851,2023,276,11,21,23,1
l1_championship_player_2024_1_92851,2024,276,11,21,23,1
l1_championship_player_2024_1_93674,2024,22,1,2,3,0
l1_championship_player_2020_158_91446,2020,207,20,24,37,2
l1_championship_player_2021_158_91446,2021,207,20,24,37,2
l1_championship_player_2022_158_91446,2022,207,20,24,37,2
l1_championship_player_2023_158_91446,2023,207,20,24,37,2
l1_championship_player_2024_158_91446,2024,207,20,24,37,2
l1_championship_player_2011_30_36098,2011,429,120,34,63,3
l1_championship_player_2012_30_36098,2012,429,120,34,63,3
l1_championship_player_2013_30_36098,2013,429,120,34,63,3
l1_championship_player_2014_30_36098,2014,429,120,34,63,3
l1_championship_player_2015_30_36098,2015,429,120,34,63,3
l1_championship_player_2015_31_36098,2015,429,120,34,63,3
l1_championship_player_2016_31_36098,2016,429,120,34,63,3
l1_championship_player_2016_44_36098,2016,429,120,34,63,3
l1_championship_player_2017_31_36098,2017,429,120,34,63,3
l1_championship_player_2024_1_36098,2024,429,120,34,63,3
l1_championship_player_2024_1_98852,2024,47,11,2,3,1
l1_championship_player_2021_2_77229,2021,57,0,0,0,0
l1_championship_player_2022_2_77229,2022,57,0,0,0,0
l1_championship_player_2023_2_77229,2023,57,0,0,0,0
l1_championship_player_2024_2_77229,2024,57,0,0,0,0
l1_championship_player_2009_2_18307,2009,323,0,2,17,5
l1_championship_player_2010_2_18307,2010,323,0,2,17,5
l1_championship_player_2011_2_18307,2011,323,0,2,17,5
l1_championship_player_2012_2_18307,2012,323,0,2,17,5
l1_championship_player_2013_2_18307,2013,323,0,2,17,5
l1_championship_player_2014_2_18307,2014,323,0,2,17,5
l1_championship_player_2015_44_18307,2015,323,0,2,17,5
l1_championship_player_2016_44_18307,2016,323,0,2,17,5
l1_championship_player_2017_44_18307,2017,323,0,2,17,5
l1_championship_player_2018_44_18307,2018,323,0,2,17,5
l1_championship_player_2019_44_18307,2019,323,0,2,17,5
l1_championship_player_2020_2_18307,2020,323,0,2,17,5
l1_championship_player_2021_2_18307,2021,323,0,2,17,5
l1_championship_player_2022_2_18307,2022,323,0,2,17,5
l1_championship_player_2023_2_18307,2023,323,0,2,17,5
l1_championship_player_2024_2_18307,2024,323,0,2,17,5
l1_championship_player_2021_158_87050,2021,60,0,0,6,0
l1_championship_player_2022_158_87050,2022,60,0,0,6,0
l1_championship_player_2023_158_87050,2023,60,0,0,6,0
l1_championship_player_2024_2_87050,2024,60,0,0,6,0
l1_championship_player_2024_158_87050,2024,60,0,0,6,0
l1_championship_player_2019_8_86892,2019,147,1,2,26,2
l1_championship_player_2020_8_86892,2020,147,1,2,26,2
l1_championship_player_2022_2_86892,2022,147,1,2,26,2
l1_championship_player_2023_2_86892,2023,147,1,2,26,2
l1_championship_player_2024_2_86892,2024,147,1,2,26,2
l1_championship_player_2019_159_89545,2019,148,5,3,22,4
l1_championship_player_2020_159_89545,2020,148,5,3,22,4
l1_championship_player_2021_159_89545,2021,148,5,3,22,4
l1_championship_player_2022_159_89545,2022,148,5,3,22,4
l1_championship_player_2023_159_89545,2023,148,5,3,22,4
l1_championship_player_2024_2_89545,2024,148,5,3,22,4
l1_championship_player_2024_159_89545,2024,148,5,3,22,4
l1_championship_player_2021_4_94516,2021,250,0,11,45,2
l1_championship_player_2022_2_94516,2022,250,0,11,45,2
l1_championship_player_2023_2_94516,2023,250,0,11,45,2
l1_championship_player_2024_2_94516,2024,250,0,11,45,2
l1_championship_player_2024_2_104421,2024,137,1,9,4,1
l1_championship_player_2017_15_81386,2017,167,6,4,26,2
l1_championship_player_2018_15_81386,2018,167,6,4,26,2
l1_championship_player_2019_15_81386,2019,167,6,4,26,2
l1_championship_player_2020_15_81386,2020,167,6,4,26,2
l1_championship_player_2021_15_81386,2021,167,6,4,26,2
l1_championship_player_2022_15_81386,2022,167,6,4,26,2
l1_championship_player_2023_15_81386,2023,167,6,4,26,2
l1_championship_player_2024_15_81386,2024,167,6,4,26,2
l1_championship_player_2025_15_81386,2025,167,6,4,26,2
l1_championship_player_2024_2_100379,2024,55,1,0,5,2
l1_championship_player_2017_20_81342,2017,108,3,2,13,1
l1_championship_player_2019_20_81342,2019,108,3,2,13,1
l1_championship_player_2020_20_81342,2020,108,3,2,13,1
l1_championship_player_2021_20_81342,2021,108,3,2,13,1
l1_championship_player_2022_20_81342,2022,108,3,2,13,1
l1_championship_player_2023_20_81342,2023,108,3,2,13,1
l1_championship_player_2024_20_81342,2024,108,3,2,13,1
l1_championship_player_2024_14_104062,2024,87,2,2,10,3
l1_championship_player_2025_14_104062,2025,87,2,2,10,3
l1_championship_player_2019_158_83680,2019,24,0,0,1,0
l1_championship_player_2020_158_83680,2020,24,0,0,1,0
l1_championship_player_2021_158_83680,2021,24,0,0,1,0
l1_championship_player_2023_2_83680,2023,24,0,0,1,0
l1_championship_player_2024_2_83680,2024,24,0,0,1,0
l1_championship_player_2021_2_86432,2021,112,10,1,14,0
l1_championship_player_2022_2_86432,2022,112,10,1,14,0
l1_championship_player_2023_2_86432,2023,112,10,1,14,0
l1_championship_player_2024_2_86432,2024,112,10,1,14,0
l1_championship_player_2017_31_82393,2017,249,5,1,39,2
l1_championship_player_2018_31_82393,2018,249,5,1,39,2
l1_championship_player_2019_31_82393,2019,249,5,1,39,2
l1_championship_player_2020_31_82393,2020,249,5,1,39,2
l1_championship_player_2021_31_82393,2021,249,5,1,39,2
l1_championship_player_2023_2_82393,2023,249,5,1,39,2
l1_championship_player_2024_2_82393,2024,249,5,1,39,2
l1_championship_player_2017_9_63146,2017,254,41,21,13,0
l1_championship_player_2018_9_63146,2018,254,41,21,13,0
l1_championship_player_2019_9_63146,2019,254,41,21,13,0
l1_championship_player_2020_44_63146,2020,254,41,21,13,0
l1_championship_player_2021_44_63146,2021,254,41,21,13,0
l1_championship_player_2021_159_63146,2021,254,41,21,13,0
l1_championship_player_2022_7_63146,2022,254,41,21,13,0
l1_championship_player_2022_159_63146,2022,254,41,21,13,0
l1_championship_player_2023_7_63146,2023,254,41,21,13,0
l1_championship_player_2023_159_63146,2023,254,41,21,13,0
l1_championship_player_2024_44_63146,2024,254,41,21,13,0
l1_championship_player_2024_7_63146,2024,254,41,21,13,0
l1_championship_player_2025_44_63146,2025,254,41,21,13,0
l1_championship_player_2014_159_48113,2014,302,4,5,52,2
l1_championship_player_2015_159_48113,2015,302,4,5,52,2
l1_championship_player_2016_159_48113,2016,302,4,5,52,2
l1_championship_player_2017_159_48113,2017,302,4,5,52,2
l1_championship_player_2022_2_48113,2022,302,4,5,52,2
l1_championship_player_2023_2_48113,2023,302,4,5,52,2
l1_championship_player_2024_2_48113,2024,302,4,5,52,2
l1_championship_player_2021_5_79828,2021,184,14,11,26,1
l1_championship_player_2022_5_79828,2022,184,14,11,26,1
l1_championship_player_2023_5_79828,2023,184,14,11,26,1
l1_championship_player_2024_5_79828,2024,184,14,11,26,1
l1_championship_player_2025_5_79828,2025,184,14,11,26,1
l1_championship_player_2024_2_103884,2024,102,9,13,13,1
l1_championship_player_2017_4_66914,2017,165,23,9,8,0
l1_championship_player_2018_4_66914,2018,165,23,9,8,0
l1_championship_player_2019_4_66914,2019,165,23,9,8,0
l1_championship_player_2020_4_66914,2020,165,23,9,8,0
l1_championship_player_2021_4_66914,2021,165,23,9,8,0
l1_championship_player_2022_4_66914,2022,165,23,9,8,0
l1_championship_player_2024_15_66914,2024,165,23,9,8,0
l1_championship_player_2025_15_66914,2025,165,23,9,8,0
l1_championship_player_2021_2_83293,2021,232,51,21,29,1
l1_championship_player_2022_2_83293,2022,232,51,21,29,1
l1_championship_player_2023_2_83293,2023,232,51,21,29,1
l1_championship_player_2024_2_83293,2024,232,51,21,29,1
l1_championship_player_2024_5_87318,2024,20,0,0,0,0
l1_championship_player_2012_13_18529,2012,231,0,1,13,1
l1_championship_player_2013_13_18529,2013,231,0,1,13,1
l1_championship_player_2014_13_18529,2014,231,0,1,13,1
l1_championship_player_2022_40_18529,2022,231,0,1,13,1
l1_championship_player_2023_40_18529,2023,231,0,1,13,1
l1_championship_player_2024_40_18529,2024,231,0,1,13,1
l1_championship_player_2024_64_18529,2024,231,0,1,13,1
l1_championship_player_2025_40_18529,2025,231,0,1,13,1
l1_championship_player_2025_64_18529,2025,231,0,1,13,1
l1_championship_player_2011_13_6105,2011,176,1,0,17,3
l1_championship_player_2012_16_6105,2012,176,1,0,17,3
l1_championship_player_2013_16_6105,2013,176,1,0,17,3
l1_championship_player_2014_16_6105,2014,176,1,0,17,3
l1_championship_player_2019_64_6105,2019,176,1,0,17,3
l1_championship_player_2020_64_6105,2020,176,1,0,17,3
l1_championship_player_2021_64_6105,2021,176,1,0,17,3
l1_championship_player_2022_64_6105,2022,176,1,0,17,3
l1_championship_player_2023_64_6105,2023,176,1,0,17,3
l1_championship_player_2024_64_6105,2024,176,1,0,17,3
l1_championship_player_2025_64_6105,2025,176,1,0,17,3
l1_championship_player_2019_41_87310,2019,154,6,3,10,1
l1_championship_player_2020_41_87310,2020,154,6,3,10,1
l1_championship_player_2021_41_87310,2021,154,6,3,10,1
l1_championship_player_2022_41_87310,2022,154,6,3,10,1
l1_championship_player_2024_29_87310,2024,154,6,3,10,1
l1_championship_player_2025_29_87310,2025,154,6,3,10,1
l1_championship_player_2012_30_47709,2012,244,15,6,27,2
l1_championship_player_2013_30_47709,2013,244,15,6,27,2
l1_championship_player_2014_30_47709,2014,244,15,6,27,2
l1_championship_player_2015_30_47709,2015,244,15,6,27,2
l1_championship_player_2016_30_47709,2016,244,15,6,27,2
l1_championship_player_2017_30_47709,2017,244,15,6,27,2
l1_championship_player_2018_30_47709,2018,244,15,6,27,2
l1_championship_player_2019_30_47709,2019,244,15,6,27,2
l1_championship_player_2022_5_47709,2022,244,15,6,27,2
l1_championship_player_2023_5_47709,2023,244,15,6,27,2
l1_championship_player_2024_5_47709,2024,244,15,6,27,2
l1_championship_player_2008_12_34992,2008,433,41,6,68,3
l1_championship_player_2023_5_34992,2023,433,41,6,68,3
l1_championship_player_2024_5_34992,2024,433,41,6,68,3
l1_championship_player_2017_13_66261,2017,82,5,2,8,0
l1_championship_player_2018_13_66261,2018,82,5,2,8,0
l1_championship_player_2019_13_66261,2019,82,5,2,8,0
l1_championship_player_2020_13_66261,2020,82,5,2,8,0
l1_championship_player_2021_4_66261,2021,82,5,2,8,0
l1_championship_player_2021_13_66261,2021,82,5,2,8,0
l1_championship_player_2022_13_66261,2022,82,5,2,8,0
l1_championship_player_2023_13_66261,2023,82,5,2,8,0
l1_championship_player_2024_5_66261,2024,82,5,2,8,0
l1_championship_player_2024_13_66261,2024,82,5,2,8,0
l1_championship_player_2021_5_81328,2021,174,8,2,39,5
l1_championship_player_2022_5_81328,2022,174,8,2,39,5
l1_championship_player_2023_5_81328,2023,174,8,2,39,5
l1_championship_player_2024_5_81328,2024,174,8,2,39,5
l1_championship_player_2017_33_80322,2017,87,0,0,15,1
l1_championship_player_2022_5_80322,2022,87,0,0,15,1
l1_championship_player_2023_5_80322,2023,87,0,0,15,1
l1_championship_player_2024_5_80322,2024,87,0,0,15,1
l1_championship_player_2024_5_103617,2024,189,10,7,43,2
l1_championship_player_2019_5_80671,2019,84,5,2,12,0
l1_championship_player_2020_5_80671,2020,84,5,2,12,0
l1_championship_player_2021_5_80671,2021,84,5,2,12,0
l1_championship_player_2022_5_80671,2022,84,5,2,12,0
l1_championship_player_2023_5_80671,2023,84,5,2,12,0
l1_championship_player_2024_5_80671,2024,84,5,2,12,0
l1_championship_player_2018_31_72857,2018,17,0,0,5,0
l1_championship_player_2019_31_72857,2019,17,0,0,5,0
l1_championship_player_2020_31_72857,2020,17,0,0,5,0
l1_championship_player_2021_31_72857,2021,17,0,0,5,0
l1_championship_player_2021_5_80954,2021,159,10,4,25,1
l1_championship_player_2022_5_80954,2022,159,10,4,25,1
l1_championship_player_2023_5_80954,2023,159,10,4,25,1
l1_championship_player_2022_31_72857,2022,17,0,0,5,0
l1_championship_player_2024_5_80954,2024,159,10,4,25,1
l1_championship_player_2023_41_101486,2023,107,11,8,3,0
l1_championship_player_2024_41_101486,2024,107,11,8,3,0
l1_championship_player_2025_41_101486,2025,107,11,8,3,0
l1_championship_player_2024_5_86624,2024,10,0,0,1,0
l1_championship_player_2023_5_78389,2023,207,15,7,22,2
l1_championship_player_2024_5_78389,2024,207,15,7,22,2
l1_championship_player_2013_12_29510,2013,344,29,7,32,4
l1_championship_player_2014_12_29510,2014,344,29,7,32,4
l1_championship_player_2015_12_29510,2015,344,29,7,32,4
l1_championship_player_2016_12_29510,2016,344,29,7,32,4
l1_championship_player_2017_12_29510,2017,344,29,7,32,4
l1_championship_player_2018_12_29510,2018,344,29,7,32,4
l1_championship_player_2019_12_29510,2019,344,29,7,32,4
l1_championship_player_2020_12_29510,2020,344,29,7,32,4
l1_championship_player_2021_12_29510,2021,344,29,7,32,4
l1_championship_player_2023_5_29510,2023,344,29,7,32,4
l1_championship_player_2024_5_29510,2024,344,29,7,32,4
l1_championship_player_2024_5_90468,2024,11,2,0,1,0
l1_championship_player_2014_158_51620,2014,28,1,5,2,0
l1_championship_player_2015_158_51620,2015,28,1,5,2,0
l1_championship_player_2016_158_51620,2016,28,1,5,2,0
l1_championship_player_2020_37_51620,2020,28,1,5,2,0
l1_championship_player_2021_37_51620,2021,28,1,5,2,0
l1_championship_player_2022_37_51620,2022,28,1,5,2,0
l1_championship_player_2017_20_74429,2017,215,36,12,15,1
l1_championship_player_2018_20_74429,2018,215,36,12,15,1
l1_championship_player_2019_20_74429,2019,215,36,12,15,1
l1_championship_player_2020_20_74429,2020,215,36,12,15,1
l1_championship_player_2022_20_74429,2022,215,36,12,15,1
l1_championship_player_2023_20_74429,2023,215,36,12,15,1
l1_championship_player_2024_20_74429,2024,215,36,12,15,1
l1_championship_player_2021_226_89760,2021,201,29,14,15,2
l1_championship_player_2022_226_89760,2022,201,29,14,15,2
l1_championship_player_2023_5_89760,2023,201,29,14,15,2
l1_championship_player_2023_2_89760,2023,201,29,14,15,2
l1_championship_player_2024_2_89760,2024,201,29,14,15,2
l1_championship_player_2024_5_89760,2024,201,29,14,15,2
l1_championship_player_2006_159_36584,2006,154,0,0,6,1
l1_championship_player_2007_159_36584,2007,154,0,0,6,1
l1_championship_player_2008_159_36584,2008,154,0,0,6,1
l1_championship_player_2009_159_36584,2009,154,0,0,6,1
l1_championship_player_2010_159_36584,2010,154,0,0,6,1
l1_championship_player_2011_159_36584,2011,154,0,0,6,1
l1_championship_player_2012_159_36584,2012,154,0,0,6,1
l1_championship_player_2013_159_36584,2013,154,0,0,6,1
l1_championship_player_2014_159_36584,2014,154,0,0,6,1
l1_championship_player_2015_159_36584,2015,154,0,0,6,1
l1_championship_player_2016_159_36584,2016,154,0,0,6,1
l1_championship_player_2017_159_36584,2017,154,0,0,6,1
l1_championship_player_2018_159_36584,2018,154,0,0,6,1
l1_championship_player_2021_5_36584,2021,154,0,0,6,1
l1_championship_player_2022_5_36584,2022,154,0,0,6,1
l1_championship_player_2023_5_36584,2023,154,0,0,6,1
l1_championship_player_2024_5_36584,2024,154,0,0,6,1
l1_championship_player_2025_5_36584,2025,154,0,0,6,1
l1_championship_player_2007_15_19005,2007,459,0,0,14,1
l1_championship_player_2011_84_19005,2011,459,0,0,14,1
l1_championship_player_2014_5_19005,2014,459,0,0,14,1
l1_championship_player_2016_18_19005,2016,459,0,0,14,1
l1_championship_player_2017_18_19005,2017,459,0,0,14,1
l1_championship_player_2018_18_19005,2018,459,0,0,14,1
l1_championship_player_2019_18_19005,2019,459,0,0,14,1
l1_championship_player_2020_18_19005,2020,459,0,0,14,1
l1_championship_player_2021_18_19005,2021,459,0,0,14,1
l1_championship_player_2022_18_19005,2022,459,0,0,14,1
l1_championship_player_2023_18_19005,2023,459,0,0,14,1
l1_championship_player_2024_18_19005,2024,459,0,0,14,1
l1_championship_player_2024_6_100821,2024,0,0,0,0,0
l1_championship_player_2025_18_19005,2025,459,0,0,14,1
l1_championship_player_2019_15_86608,2019,92,0,1,8,0
l1_championship_player_2020_15_86608,2020,92,0,1,8,0
l1_championship_player_2021_15_86608,2021,92,0,1,8,0
l1_championship_player_2022_15_86608,2022,92,0,1,8,0
l1_championship_player_2023_15_86608,2023,92,0,1,8,0
l1_championship_player_2024_15_86608,2024,92,0,1,8,0
l1_championship_player_2024_29_86608,2024,92,0,1,8,0
l1_championship_player_2025_15_86608,2025,92,0,1,8,0
l1_championship_player_2025_29_86608,2025,92,0,1,8,0
l1_championship_player_2008_38_28718,2008,412,10,21,61,6
l1_championship_player_2009_38_28718,2009,412,10,21,61,6
l1_championship_player_2011_31_28718,2011,412,10,21,61,6
l1_championship_player_2012_31_28718,2012,412,10,21,61,6
l1_championship_player_2017_10_28718,2017,412,10,21,61,6
l1_championship_player_2018_10_28718,2018,412,10,21,61,6
l1_championship_player_2019_9_28718,2019,412,10,21,61,6
l1_championship_player_2019_10_28718,2019,412,10,21,61,6
l1_championship_player_2020_9_28718,2020,412,10,21,61,6
l1_championship_player_2021_9_28718,2021,412,10,21,61,6
l1_championship_player_2022_9_28718,2022,412,10,21,61,6
l1_championship_player_2023_6_28718,2023,412,10,21,61,6
l1_championship_player_2023_9_28718,2023,412,10,21,61,6
l1_championship_player_2024_6_28718,2024,412,10,21,61,6
l1_championship_player_2024_6_104449,2024,40,0,0,8,1
l1_championship_player_2020_6_87458,2020,82,7,2,13,2
l1_championship_player_2021_6_87458,2021,82,7,2,13,2
l1_championship_player_2024_6_87458,2024,82,7,2,13,2
l1_championship_player_2024_1782_87458,2024,82,7,2,13,2
l1_championship_player_2025_1782_87458,2025,82,7,2,13,2
l1_championship_player_2018_20_26455,2018,433,5,9,73,8
l1_championship_player_2020_6_26455,2020,433,5,9,73,8
l1_championship_player_2021_6_26455,2021,433,5,9,73,8
l1_championship_player_2022_6_26455,2022,433,5,9,73,8
l1_championship_player_2023_6_26455,2023,433,5,9,73,8
l1_championship_player_2024_6_26455,2024,433,5,9,73,8
l1_championship_player_2014_30_62498,2014,253,5,4,27,0
l1_championship_player_2015_30_62498,2015,253,5,4,27,0
l1_championship_player_2016_30_62498,2016,253,5,4,27,0
l1_championship_player_2017_30_62498,2017,253,5,4,27,0
l1_championship_player_2018_30_62498,2018,253,5,4,27,0
l1_championship_player_2019_30_62498,2019,253,5,4,27,0
l1_championship_player_2022_9_62498,2022,253,5,4,27,0
l1_championship_player_2024_6_62498,2024,253,5,4,27,0
l1_championship_player_2013_8_41943,2013,282,23,31,27,1
l1_championship_player_2014_8_41943,2014,282,23,31,27,1
l1_championship_player_2015_8_41943,2015,282,23,31,27,1
l1_championship_player_2016_8_41943,2016,282,23,31,27,1
l1_championship_player_2017_8_41943,2017,282,23,31,27,1
l1_championship_player_2018_8_41943,2018,282,23,31,27,1
l1_championship_player_2019_8_41943,2019,282,23,31,27,1
l1_championship_player_2020_8_41943,2020,282,23,31,27,1
l1_championship_player_2021_8_41943,2021,282,23,31,27,1
l1_championship_player_2022_8_41943,2022,282,23,31,27,1
l1_championship_player_2023_8_41943,2023,282,23,31,27,1
l1_championship_player_2024_8_41943,2024,282,23,31,27,1
l1_championship_player_2025_8_41943,2025,282,23,31,27,1
l1_championship_player_2024_1782_91200,2024,70,8,1,6,0
l1_championship_player_2025_1782_91200,2025,70,8,1,6,0
l1_championship_player_2024_6_104468,2024,95,10,2,11,0
l1_championship_player_2021_4_86987,2021,31,1,0,2,0
l1_championship_player_2024_6_86987,2024,31,1,0,2,0
l1_championship_player_2025_159_93960,2025,0,0,0,0,0
l1_championship_player_2021_6_92140,2021,60,3,1,7,1
l1_championship_player_2023_6_92140,2023,60,3,1,7,1
l1_championship_player_2024_6_92140,2024,60,3,1,7,1
l1_championship_player_2015_12_47824,2015,479,78,52,80,5
l1_championship_player_2016_12_47824,2016,479,78,52,80,5
l1_championship_player_2017_12_47824,2017,479,78,52,80,5
l1_championship_player_2018_15_47824,2018,479,78,52,80,5
l1_championship_player_2019_15_47824,2019,479,78,52,80,5
l1_championship_player_2020_15_47824,2020,479,78,52,80,5
l1_championship_player_2021_15_47824,2021,479,78,52,80,5
l1_championship_player_2022_6_47824,2022,479,78,52,80,5
l1_championship_player_2022_15_47824,2022,479,78,52,80,5
l1_championship_player_2023_6_47824,2023,479,78,52,80,5
l1_championship_player_2024_6_47824,2024,479,78,52,80,5
l1_championship_player_2013_13_41166,2013,355,132,37,25,0
l1_championship_player_2014_13_41166,2014,355,132,37,25,0
l1_championship_player_2015_13_41166,2015,355,132,37,25,0
l1_championship_player_2016_13_41166,2016,355,132,37,25,0
l1_championship_player_2016_16_41166,2016,355,132,37,25,0
l1_championship_player_2017_13_41166,2017,355,132,37,25,0
l1_championship_player_2021_6_86482,2021,50,8,0,0,0
l1_championship_player_2024_6_86482,2024,50,8,0,0,0
l1_championship_player_2010_14_36641,2010,342,75,9,30,0
l1_championship_player_2011_14_36641,2011,342,75,9,30,0
l1_championship_player_2012_14_36641,2012,342,75,9,30,0
l1_championship_player_2013_14_36641,2013,342,75,9,30,0
l1_championship_player_2014_14_36641,2014,342,75,9,30,0
l1_championship_player_2015_14_36641,2015,342,75,9,30,0
l1_championship_player_2016_14_36641,2016,342,75,9,30,0
l1_championship_player_2017_14_36641,2017,342,75,9,30,0
l1_championship_player_2017_74_36641,2017,342,75,9,30,0
l1_championship_player_2019_16_36641,2019,342,75,9,30,0
l1_championship_player_2021_6_36641,2021,342,75,9,30,0
l1_championship_player_2022_6_36641,2022,342,75,9,30,0
l1_championship_player_2023_6_36641,2023,342,75,9,30,0
l1_championship_player_2024_6_36641,2024,342,75,9,30,0
l1_championship_player_2017_9_44581,2017,380,48,53,24,1
l1_championship_player_2017_30_44581,2017,380,48,53,24,1
l1_championship_player_2018_30_44581,2018,380,48,53,24,1
l1_championship_player_2019_30_44581,2019,380,48,53,24,1
l1_championship_player_2022_37_98732,2022,181,55,12,17,1
l1_championship_player_2024_44_98732,2024,181,55,12,17,1
l1_championship_player_2025_44_98732,2025,181,55,12,17,1
l1_championship_player_2014_10_66024,2014,444,91,36,71,3
l1_championship_player_2015_10_66024,2015,444,91,36,71,3
l1_championship_player_2020_6_66024,2020,444,91,36,71,3
l1_championship_player_2021_6_66024,2021,444,91,36,71,3
l1_championship_player_2022_6_66024,2022,444,91,36,71,3
l1_championship_player_2023_6_66024,2023,444,91,36,71,3
l1_championship_player_2024_6_66024,2024,444,91,36,71,3
l1_championship_player_2013_1_27080,2013,491,131,77,52,5
l1_championship_player_2013_158_27080,2013,491,131,77,52,5
l1_championship_player_2014_1_27080,2014,491,131,77,52,5
l1_championship_player_2015_1_27080,2015,491,131,77,52,5
l1_championship_player_2016_1_27080,2016,491,131,77,52,5
l1_championship_player_2017_1_27080,2017,491,131,77,52,5
l1_championship_player_2018_1_27080,2018,491,131,77,52,5
l1_championship_player_2019_1_27080,2019,491,131,77,52,5
l1_championship_player_2020_1_27080,2020,491,131,77,52,5
l1_championship_player_2017_15_50284,2017,233,0,0,22,0
l1_championship_player_2018_15_50284,2018,233,0,0,22,0
l1_championship_player_2019_15_50284,2019,233,0,0,22,0
l1_championship_player_2020_15_50284,2020,233,0,0,22,0
l1_championship_player_2021_15_50284,2021,233,0,0,22,0
l1_championship_player_2022_10_50284,2022,233,0,0,22,0
l1_championship_player_2022_15_50284,2022,233,0,0,22,0
l1_championship_player_2023_73_50284,2023,233,0,0,22,0
l1_championship_player_2024_73_50284,2024,233,0,0,22,0
l1_championship_player_2025_73_50284,2025,233,0,0,22,0
l1_championship_player_2017_74_16695,2017,394,0,0,11,3
l1_championship_player_2018_17_16695,2018,394,0,0,11,3
l1_championship_player_2019_17_16695,2019,394,0,0,11,3
l1_championship_player_2020_17_16695,2020,394,0,0,11,3
l1_championship_player_2021_17_16695,2021,394,0,0,11,3
l1_championship_player_2022_17_16695,2022,394,0,0,11,3
l1_championship_player_2023_226_16695,2023,394,0,0,11,3
l1_championship_player_2024_7_16695,2024,394,0,0,11,3
l1_championship_player_2022_7_99141,2022,345,0,1,5,0
l1_championship_player_2023_7_99141,2023,345,0,1,5,0
l1_championship_player_2024_7_99141,2024,345,0,1,5,0
l1_championship_player_2023_7_102065,2023,93,1,0,10,1
l1_championship_player_2024_7_102065,2024,93,1,0,10,1
l1_championship_player_2023_7_102060,2023,86,7,3,15,0
l1_championship_player_2024_7_102060,2024,86,7,3,15,0
l1_championship_player_2021_17_95754,2021,83,4,6,13,2
l1_championship_player_2024_17_95754,2024,83,4,6,13,2
l1_championship_player_2025_17_95754,2025,83,4,6,13,2
l1_championship_player_2021_7_94715,2021,132,1,2,27,3
l1_championship_player_2022_7_94715,2022,132,1,2,27,3
l1_championship_player_2023_1_94715,2023,132,1,2,27,3
l1_championship_player_2023_7_94715,2023,132,1,2,27,3
l1_championship_player_2024_1_94715,2024,132,1,2,27,3
l1_championship_player_2024_10_94715,2024,132,1,2,27,3
l1_championship_player_2024_7_94715,2024,132,1,2,27,3
l1_championship_player_2025_1_94715,2025,132,1,2,27,3
l1_championship_player_2025_10_94715,2025,132,1,2,27,3
l1_championship_player_2021_7_94206,2021,248,4,5,55,1
l1_championship_player_2022_7_94206,2022,248,4,5,55,1
l1_championship_player_2023_7_94206,2023,248,4,5,55,1
l1_championship_player_2024_7_94206,2024,248,4,5,55,1
l1_championship_player_2022_7_99053,2022,240,5,4,28,1
l1_championship_player_2023_7_99053,2023,240,5,4,28,1
l1_championship_player_2024_7_99053,2024,240,5,4,28,1
l1_championship_player_2018_5_83687,2018,92,4,1,19,5
l1_championship_player_2019_5_83687,2019,92,4,1,19,5
l1_championship_player_2020_5_83687,2020,92,4,1,19,5
l1_championship_player_2021_5_83687,2021,92,4,1,19,5
l1_championship_player_2022_1_83687,2022,92,4,1,19,5
l1_championship_player_2022_2_83687,2022,92,4,1,19,5
l1_championship_player_2023_1_83687,2023,92,4,1,19,5
l1_championship_player_2023_7_83687,2023,92,4,1,19,5
l1_championship_player_2024_7_83687,2024,92,4,1,19,5
l1_championship_player_2021_28_86590,2021,187,3,11,27,4
l1_championship_player_2022_7_86590,2022,187,3,11,27,4
l1_championship_player_2023_7_86590,2023,187,3,11,27,4
l1_championship_player_2024_7_86590,2024,187,3,11,27,4
l1_championship_player_2012_1_18329,2012,428,15,19,86,5
l1_championship_player_2013_1_18329,2013,428,15,19,86,5
l1_championship_player_2014_1_18329,2014,428,15,19,86,5
l1_championship_player_2014_17_18329,2014,428,15,19,86,5
l1_championship_player_2015_1_18329,2015,428,15,19,86,5
l1_championship_player_2015_17_18329,2015,428,15,19,86,5
l1_championship_player_2016_17_18329,2016,428,15,19,86,5
l1_championship_player_2017_17_18329,2017,428,15,19,86,5
l1_championship_player_2019_7_18329,2019,428,15,19,86,5
l1_championship_player_2020_7_18329,2020,428,15,19,86,5
l1_championship_player_2021_7_18329,2021,428,15,19,86,5
l1_championship_player_2022_7_18329,2022,428,15,19,86,5
l1_championship_player_2023_7_18329,2023,428,15,19,86,5
l1_championship_player_2024_7_18329,2024,428,15,19,86,5
l1_championship_player_2023_7_101714,2023,81,3,5,8,0
l1_championship_player_2024_7_101714,2024,81,3,5,8,0
l1_championship_player_2023_226_93800,2023,218,15,8,25,2
l1_championship_player_2024_64_93800,2024,218,15,8,25,2
l1_championship_player_2025_64_93800,2025,218,15,8,25,2
l1_championship_player_2016_13_62487,2016,71,2,2,13,0
l1_championship_player_2017_13_62487,2017,71,2,2,13,0
l1_championship_player_2018_13_62487,2018,71,2,2,13,0
l1_championship_player_2019_13_62487,2019,71,2,2,13,0
l1_championship_player_2020_13_62487,2020,71,2,2,13,0
l1_championship_player_2020_44_62487,2020,71,2,2,13,0
l1_championship_player_2021_13_62487,2021,71,2,2,13,0
l1_championship_player_2024_7_62487,2024,71,2,2,13,0
l1_championship_player_2017_7_70987,2017,159,9,10,8,0
l1_championship_player_2018_7_70987,2018,159,9,10,8,0
l1_championship_player_2019_7_70987,2019,159,9,10,8,0
l1_championship_player_2020_7_70987,2020,159,9,10,8,0
l1_championship_player_2021_7_70987,2021,159,9,10,8,0
l1_championship_player_2022_7_70987,2022,159,9,10,8,0
l1_championship_player_2023_7_70987,2023,159,9,10,8,0
l1_championship_player_2024_7_70987,2024,159,9,10,8,0
l1_championship_player_2024_24_70987,2024,159,9,10,8,0
l1_championship_player_2025_24_70987,2025,159,9,10,8,0
l1_championship_player_2013_20_40461,2013,271,16,8,29,2
l1_championship_player_2017_30_40461,2017,271,16,8,29,2
l1_championship_player_2018_30_40461,2018,271,16,8,29,2
l1_championship_player_2019_16_40461,2019,271,16,8,29,2
l1_championship_player_2020_30_40461,2020,271,16,8,29,2
l1_championship_player_2022_7_40461,2022,271,16,8,29,2
l1_championship_player_2023_7_40461,2023,271,16,8,29,2
l1_championship_player_2024_7_40461,2024,271,16,8,29,2
l1_championship_player_2023_7_102066,2023,173,55,12,29,1
l1_championship_player_2024_7_102066,2024,173,55,12,29,1
l1_championship_player_2020_1_92486,2020,138,39,4,15,1
l1_championship_player_2021_1_92486,2021,138,39,4,15,1
l1_championship_player_2022_1_92486,2022,138,39,4,15,1
l1_championship_player_2022_7_92486,2022,138,39,4,15,1
l1_championship_player_2023_7_92486,2023,138,39,4,15,1
l1_championship_player_2024_37_92486,2024,138,39,4,15,1
l1_championship_player_2024_7_92486,2024,138,39,4,15,1
l1_championship_player_2018_7_84609,2018,141,35,9,11,3
l1_championship_player_2019_7_84609,2019,141,35,9,11,3
l1_championship_player_2025_37_92486,2025,138,39,4,15,1
l1_championship_player_2021_7_84609,2021,141,35,9,11,3
l1_championship_player_2022_7_84609,2022,141,35,9,11,3
l1_championship_player_2020_7_84609,2020,141,35,9,11,3
l1_championship_player_2022_27_84609,2022,141,35,9,11,3
l1_championship_player_2023_7_84609,2023,141,35,9,11,3
l1_championship_player_2023_25_84609,2023,141,35,9,11,3
l1_championship_player_2024_7_84609,2024,141,35,9,11,3
l1_championship_player_2024_25_84609,2024,141,35,9,11,3
l1_championship_player_2021_7_94102,2021,187,65,5,7,2
l1_championship_player_2022_7_94102,2022,187,65,5,7,2
l1_championship_player_2022_64_94102,2022,187,65,5,7,2
l1_championship_player_2023_226_94102,2023,187,65,5,7,2
l1_championship_player_2024_7_94102,2024,187,65,5,7,2
l1_championship_player_2023_7_94102,2023,187,65,5,7,2
l1_championship_player_2023_7_101363,2023,268,83,14,27,3
l1_championship_player_2024_7_101363,2024,268,83,14,27,3
l1_championship_player_2020_8_91173,2020,49,0,0,6,1
l1_championship_player_2021_8_91173,2021,49,0,0,6,1
l1_championship_player_2022_8_91173,2022,49,0,0,6,1
l1_championship_player_2023_8_91173,2023,49,0,0,6,1
l1_championship_player_2024_8_91173,2024,49,0,0,6,1
l1_championship_player_2024_8_103746,2024,29,0,0,0,0
l1_championship_player_2013_13_36407,2013,235,2,7,32,2
l1_championship_player_2014_13_36407,2014,235,2,7,32,2
l1_championship_player_2012_13_36407,2012,235,2,7,32,2
l1_championship_player_2016_13_36407,2016,235,2,7,32,2
l1_championship_player_2015_13_36407,2015,235,2,7,32,2
l1_championship_player_2017_158_36407,2017,235,2,7,32,2
l1_championship_player_2018_9_36407,2018,235,2,7,32,2
l1_championship_player_2019_9_36407,2019,235,2,7,32,2
l1_championship_player_2020_9_36407,2020,235,2,7,32,2
l1_championship_player_2021_9_36407,2021,235,2,7,32,2
l1_championship_player_2018_158_36407,2018,235,2,7,32,2
l1_championship_player_2025_5_36407,2025,235,2,7,32,2
l1_championship_player_2024_5_36407,2024,235,2,7,32,2
l1_championship_player_2013_33_37043,2013,510,12,19,58,0
l1_championship_player_2023_8_37043,2023,510,12,19,58,0
l1_championship_player_2014_33_37043,2014,510,12,19,58,0
l1_championship_player_2024_8_37043,2024,510,12,19,58,0
l1_championship_player_2024_8_104434,2024,71,2,1,16,2
l1_championship_player_2023_8_101409,2023,67,4,1,12,3
l1_championship_player_2024_8_101409,2024,67,4,1,12,3
l1_championship_player_2021_8_505562,2021,11,0,0,3,0
l1_championship_player_2014_20_52840,2014,275,24,20,39,0
l1_championship_player_2013_20_52840,2013,275,24,20,39,0
l1_championship_player_2016_20_52840,2016,275,24,20,39,0
l1_championship_player_2017_20_52840,2017,275,24,20,39,0
l1_championship_player_2018_20_52840,2018,275,24,20,39,0
l1_championship_player_2019_20_52840,2019,275,24,20,39,0
l1_championship_player_2015_20_52840,2015,275,24,20,39,0
l1_championship_player_2020_20_52840,2020,275,24,20,39,0
l1_championship_player_2021_20_52840,2021,275,24,20,39,0
l1_championship_player_2022_20_52840,2022,275,24,20,39,0
l1_championship_player_2023_15_52840,2023,275,24,20,39,0
l1_championship_player_2024_15_52840,2024,275,24,20,39,0
l1_championship_player_2024_8_52840,2024,275,24,20,39,0
l1_championship_player_2010_6_36604,2010,341,14,9,36,8
l1_championship_player_2013_6_36604,2013,341,14,9,36,8
l1_championship_player_2014_6_36604,2014,341,14,9,36,8
l1_championship_player_2015_6_36604,2015,341,14,9,36,8
l1_championship_player_2016_6_36604,2016,341,14,9,36,8
l1_championship_player_2023_48_36604,2023,341,14,9,36,8
l1_championship_player_2024_12_36604,2024,341,14,9,36,8
l1_championship_player_2020_6_88814,2020,78,10,0,8,0
l1_championship_player_2021_6_88814,2021,78,10,0,8,0
l1_championship_player_2013_8_41517,2013,342,65,32,47,2
l1_championship_player_2024_48_36604,2024,341,14,9,36,8
l1_championship_player_2014_8_41517,2014,342,65,32,47,2
l1_championship_player_2015_8_41517,2015,342,65,32,47,2
l1_championship_player_2016_8_41517,2016,342,65,32,47,2
l1_championship_player_2017_8_41517,2017,342,65,32,47,2
l1_championship_player_2018_8_41517,2018,342,65,32,47,2
l1_championship_player_2020_2_41517,2020,342,65,32,47,2
l1_championship_player_2021_2_41517,2021,342,65,32,47,2
l1_championship_player_2022_2_41517,2022,342,65,32,47,2
l1_championship_player_2023_2_41517,2023,342,65,32,47,2
l1_championship_player_2024_2_41517,2024,342,65,32,47,2
l1_championship_player_2024_8_41517,2024,342,65,32,47,2
l1_championship_player_2022_8_99286,2022,217,8,8,61,2
l1_championship_player_2023_8_99286,2023,217,8,8,61,2
l1_championship_player_2024_8_99286,2024,217,8,8,61,2
l1_championship_player_2013_10_17172,2013,447,11,21,60,4
l1_championship_player_2014_10_17172,2014,447,11,21,60,4
l1_championship_player_2015_13_17172,2015,447,11,21,60,4
l1_championship_player_2016_13_17172,2016,447,11,21,60,4
l1_championship_player_2024_8_17172,2024,447,11,21,60,4
l1_championship_player_2023_8_103210,2023,58,2,1,9,0
l1_championship_player_2024_8_103210,2024,58,2,1,9,0
l1_championship_player_2019_8_87118,2019,101,6,2,18,1
l1_championship_player_2020_8_87118,2020,101,6,2,18,1
l1_championship_player_2021_8_87118,2021,101,6,2,18,1
l1_championship_player_2022_8_87118,2022,101,6,2,18,1
l1_championship_player_2013_8_56360,2013,384,128,29,21,2
l1_championship_player_2014_8_56360,2014,384,128,29,21,2
l1_championship_player_2015_8_56360,2015,384,128,29,21,2
l1_championship_player_2016_8_56360,2016,384,128,29,21,2
l1_championship_player_2016_44_56360,2016,384,128,29,21,2
l1_championship_player_2017_8_56360,2017,384,128,29,21,2
l1_championship_player_2018_8_56360,2018,384,128,29,21,2
l1_championship_player_2017_44_56360,2017,384,128,29,21,2
l1_championship_player_2019_8_56360,2019,384,128,29,21,2
l1_championship_player_2020_8_56360,2020,384,128,29,21,2
l1_championship_player_2020_15_56360,2020,384,128,29,21,2
l1_championship_player_2021_15_56360,2021,384,128,29,21,2
l1_championship_player_2022_15_56360,2022,384,128,29,21,2
l1_championship_player_2023_15_56360,2023,384,128,29,21,2
l1_championship_player_2024_15_56360,2024,384,128,29,21,2
l1_championship_player_2023_9_84398,2023,26,0,0,1,0
l1_championship_player_2021_9_84398,2021,26,0,0,1,0
l1_championship_player_2024_9_84398,2024,26,0,0,1,0
l1_championship_player_2020_9_84398,2020,26,0,0,1,0
l1_championship_player_2025_9_84398,2025,26,0,0,1,0
l1_championship_player_2023_9_101297,2023,203,0,0,11,0
l1_championship_player_2024_9_101297,2024,203,0,0,11,0
l1_championship_player_2019_9_86613,2019,14,0,0,0,0
l1_championship_player_2020_9_86613,2020,14,0,0,0,0
l1_championship_player_2021_9_86613,2021,14,0,0,0,0
l1_championship_player_2022_9_86613,2022,14,0,0,0,0
l1_championship_player_2023_9_86613,2023,14,0,0,0,0
l1_championship_player_2024_9_86613,2024,14,0,0,0,0
l1_championship_player_2023_9_90029,2023,4,0,0,1,0
l1_championship_player_2024_9_90029,2024,4,0,0,1,0
l1_championship_player_2020_41_90543,2020,29,1,1,5,0
l1_championship_player_2021_41_90543,2021,29,1,1,5,0
l1_championship_player_2022_41_90543,2022,29,1,1,5,0
l1_championship_player_2020_9_91927,2020,281,5,43,25,1
l1_championship_player_2021_9_91927,2021,281,5,43,25,1
l1_championship_player_2022_9_91927,2022,281,5,43,25,1
l1_championship_player_2023_9_91927,2023,281,5,43,25,1
l1_championship_player_2024_9_91927,2024,281,5,43,25,1
l1_championship_player_2018_13_85836,2018,350,14,7,56,4
l1_championship_player_2019_13_85836,2019,350,14,7,56,4
l1_championship_player_2020_13_85836,2020,350,14,7,56,4
l1_championship_player_2021_13_85836,2021,350,14,7,56,4
l1_championship_player_2022_13_85836,2022,350,14,7,56,4
l1_championship_player_2023_9_85836,2023,350,14,7,56,4
l1_championship_player_2024_9_85836,2024,350,14,7,56,4
l1_championship_player_2021_15_92548,2021,14,0,0,2,0
l1_championship_player_2024_9_92548,2024,14,0,0,2,0
l1_championship_player_2021_16_87320,2021,89,2,0,17,2
l1_championship_player_2022_16_87320,2022,89,2,0,17,2
l1_championship_player_2023_16_87320,2023,89,2,0,17,2
l1_championship_player_2024_9_87320,2024,89,2,0,17,2
l1_championship_player_2024_16_87320,2024,89,2,0,17,2
l1_championship_player_2023_9_101650,2023,0,0,0,0,0
l1_championship_player_2024_9_101650,2024,0,0,0,0,0
l1_championship_player_2023_9_90829,2023,101,2,7,15,0
l1_championship_player_2024_9_90829,2024,101,2,7,15,0
l1_championship_player_2023_9_101564,2023,208,7,3,40,1
l1_championship_player_2024_9_101564,2024,208,7,3,40,1
l1_championship_player_2024_9_103943,2024,296,13,34,40,1
l1_championship_player_2021_9_88939,2021,0,0,0,0,0
l1_championship_player_2021_9_95629,2021,208,14,18,41,4
l1_championship_player_2022_9_95629,2022,208,14,18,41,4
l1_championship_player_2023_9_95629,2023,208,14,18,41,4
l1_championship_player_2024_9_95629,2024,208,14,18,41,4
l1_championship_player_2019_9_69307,2019,153,27,22,23,0
l1_championship_player_2018_9_69307,2018,153,27,22,23,0
l1_championship_player_2021_9_69307,2021,153,27,22,23,0
l1_championship_player_2017_9_69307,2017,153,27,22,23,0
l1_championship_player_2020_9_69307,2020,153,27,22,23,0
l1_championship_player_2022_9_69307,2022,153,27,22,23,0
l1_championship_player_2023_9_69307,2023,153,27,22,23,0
l1_championship_player_2024_9_69307,2024,153,27,22,23,0
l1_championship_player_2021_9_88835,2021,22,0,1,2,0
l1_championship_player_2023_9_88835,2023,22,0,1,2,0
l1_championship_player_2024_9_88835,2024,22,0,1,2,0
l1_championship_player_2022_8_100765,2022,106,4,16,22,2
l1_championship_player_2023_8_100765,2023,106,4,16,22,2
l1_championship_player_2024_9_100765,2024,106,4,16,22,2
l1_championship_player_2024_8_100765,2024,106,4,16,22,2
l1_championship_player_2019_9_81928,2019,40,3,5,7,2
l1_championship_player_2020_9_81928,2020,40,3,5,7,2
l1_championship_player_2021_9_81928,2021,40,3,5,7,2
l1_championship_player_2022_9_81928,2022,40,3,5,7,2
l1_championship_player_2023_9_81928,2023,40,3,5,7,2
l1_championship_player_2024_9_81928,2024,40,3,5,7,2
l1_championship_player_2020_9_92856,2020,265,33,25,28,1
l1_championship_player_2021_9_92856,2021,265,33,25,28,1
l1_championship_player_2022_9_92856,2022,265,33,25,28,1
l1_championship_player_2023_9_92856,2023,265,33,25,28,1
l1_championship_player_2024_9_92856,2024,265,33,25,28,1
l1_championship_player_2018_9_85395,2018,378,52,51,65,6
l1_championship_player_2019_9_85395,2019,378,52,51,65,6
l1_championship_player_2020_9_85395,2020,378,52,51,65,6
l1_championship_player_2021_9_85395,2021,378,52,51,65,6
l1_championship_player_2022_9_85395,2022,378,52,51,65,6
l1_championship_player_2023_9_85395,2023,378,52,51,65,6
l1_championship_player_2024_9_85395,2024,378,52,51,65,6
l1_championship_player_2023_9_101596,2023,334,30,15,82,4
l1_championship_player_2024_9_101596,2024,334,30,15,82,4
l1_championship_player_2022_41_99215,2022,157,57,13,12,1
l1_championship_player_2023_9_99215,2023,157,57,13,12,1
l1_championship_player_2024_9_99215,2024,157,57,13,12,1
l1_championship_player_2024_9_104370,2024,133,49,17,12,0
l1_championship_player_2024_9_103894,2024,36,6,0,4,0
l1_championship_player_2022_9_98502,2022,467,118,47,36,2
l1_championship_player_2023_9_98502,2023,467,118,47,36,2
l1_championship_player_2024_9_98502,2024,467,118,47,36,2
l1_championship_player_2024_12_104089,2024,354,0,0,19,1
l1_championship_player_2007_159_18357,2007,560,0,2,23,2
l1_championship_player_2008_159_18357,2008,560,0,2,23,2
l1_championship_player_2009_159_18357,2009,560,0,2,23,2
l1_championship_player_2010_159_18357,2010,560,0,2,23,2
l1_championship_player_2011_159_18357,2011,560,0,2,23,2
l1_championship_player_2012_159_18357,2012,560,0,2,23,2
l1_championship_player_2013_159_18357,2013,560,0,2,23,2
l1_championship_player_2014_159_18357,2014,560,0,2,23,2
l1_championship_player_2015_159_18357,2015,560,0,2,23,2
l1_championship_player_2016_159_18357,2016,560,0,2,23,2
l1_championship_player_2017_159_18357,2017,560,0,2,23,2
l1_championship_player_2018_159_18357,2018,560,0,2,23,2
l1_championship_player_2019_159_18357,2019,560,0,2,23,2
l1_championship_player_2020_159_18357,2020,560,0,2,23,2
l1_championship_player_2021_159_18357,2021,560,0,2,23,2
l1_championship_player_2022_159_18357,2022,560,0,2,23,2
l1_championship_player_2023_159_18357,2023,560,0,2,23,2
l1_championship_player_2024_12_18357,2024,560,0,2,23,2
l1_championship_player_2024_159_18357,2024,560,0,2,23,2
l1_championship_player_2020_8_90785,2020,54,0,0,3,1
l1_championship_player_2021_8_90785,2021,54,0,0,3,1
l1_championship_player_2019_12_81781,2019,72,2,0,3,0
l1_championship_player_2020_12_81781,2020,72,2,0,3,0
l1_championship_player_2021_12_81781,2021,72,2,0,3,0
l1_championship_player_2022_12_81781,2022,72,2,0,3,0
l1_championship_player_2023_12_81781,2023,72,2,0,3,0
l1_championship_player_2024_12_81781,2024,72,2,0,3,0
l1_championship_player_2014_16_56530,2014,332,7,10,51,4
l1_championship_player_2015_16_56530,2015,332,7,10,51,4
l1_championship_player_2016_16_56530,2016,332,7,10,51,4
l1_championship_player_2017_16_56530,2017,332,7,10,51,4
l1_championship_player_2018_16_56530,2018,332,7,10,51,4
l1_championship_player_2019_16_56530,2019,332,7,10,51,4
l1_championship_player_2023_12_56530,2023,332,7,10,51,4
l1_championship_player_2024_12_56530,2024,332,7,10,51,4
l1_championship_player_2018_13_84347,2018,50,6,0,11,2
l1_championship_player_2019_13_84347,2019,50,6,0,11,2
l1_championship_player_2020_13_84347,2020,50,6,0,11,2
l1_championship_player_2021_13_84347,2021,50,6,0,11,2
l1_championship_player_2022_13_84347,2022,50,6,0,11,2
l1_championship_player_2023_12_84347,2023,50,6,0,11,2
l1_championship_player_2023_13_84347,2023,50,6,0,11,2
l1_championship_player_2024_12_84347,2024,50,6,0,11,2
l1_championship_player_2016_40_59420,2016,303,15,15,52,6
l1_championship_player_2017_40_59420,2017,303,15,15,52,6
l1_championship_player_2018_6_59420,2018,303,15,15,52,6
l1_championship_player_2019_8_59420,2019,303,15,15,52,6
l1_championship_player_2020_8_59420,2020,303,15,15,52,6
l1_championship_player_2021_8_59420,2021,303,15,15,52,6
l1_championship_player_2022_12_59420,2022,303,15,15,52,6
l1_championship_player_2022_8_59420,2022,303,15,15,52,6
l1_championship_player_2023_12_59420,2023,303,15,15,52,6
l1_championship_player_2024_12_59420,2024,303,15,15,52,6
l1_championship_player_2014_10_62568,2014,217,6,6,21,3
l1_championship_player_2015_10_62568,2015,217,6,6,21,3
l1_championship_player_2016_10_62568,2016,217,6,6,21,3
l1_championship_player_2017_10_62568,2017,217,6,6,21,3
l1_championship_player_2018_10_62568,2018,217,6,6,21,3
l1_championship_player_2019_10_62568,2019,217,6,6,21,3
l1_championship_player_2020_10_62568,2020,217,6,6,21,3
l1_championship_player_2021_10_62568,2021,217,6,6,21,3
l1_championship_player_2022_10_62568,2022,217,6,6,21,3
l1_championship_player_2023_12_62568,2023,217,6,6,21,3
l1_championship_player_2024_12_62568,2024,217,6,6,21,3
l1_championship_player_2020_13_86548,2020,31,0,0,3,1
l1_championship_player_2021_13_86548,2021,31,0,0,3,1
l1_championship_player_2024_12_86548,2024,31,0,0,3,1
l1_championship_player_2024_13_86548,2024,31,0,0,3,1
l1_championship_player_2016_4_26393,2016,7,0,0,1,0
l1_championship_player_2016_20_26393,2016,7,0,0,1,0
l1_championship_player_2017_4_26393,2017,7,0,0,1,0
l1_championship_player_2017_20_26393,2017,7,0,0,1,0
l1_championship_player_2018_20_26393,2018,7,0,0,1,0
l1_championship_player_2020_15_26393,2020,7,0,0,1,0
l1_championship_player_2021_15_26393,2021,7,0,0,1,0
l1_championship_player_2022_15_26393,2022,7,0,0,1,0
l1_championship_player_2023_15_26393,2023,7,0,0,1,0
l1_championship_player_2024_15_26393,2024,7,0,0,1,0
l1_championship_player_2021_6_91746,2021,348,16,19,64,4
l1_championship_player_2022_6_91746,2022,348,16,19,64,4
l1_championship_player_2023_6_91746,2023,348,16,19,64,4
l1_championship_player_2024_6_91746,2024,348,16,19,64,4
l1_championship_player_2025_6_91746,2025,348,16,19,64,4
l1_championship_player_2023_15_101469,2023,88,5,1,19,3
l1_championship_player_2024_15_101469,2024,88,5,1,19,3
l1_championship_player_2025_15_101469,2025,88,5,1,19,3
l1_championship_player_2009_10_15792,2009,497,90,64,59,3
l1_championship_player_2010_10_15792,2010,497,90,64,59,3
l1_championship_player_2011_10_15792,2011,497,90,64,59,3
l1_championship_player_2012_10_15792,2012,497,90,64,59,3
l1_championship_player_2013_10_15792,2013,497,90,64,59,3
l1_championship_player_2015_1_15792,2015,497,90,64,59,3
l1_championship_player_2016_1_15792,2016,497,90,64,59,3
l1_championship_player_2017_1_15792,2017,497,90,64,59,3
l1_championship_player_2017_31_15792,2017,497,90,64,59,3
l1_championship_player_2018_1_15792,2018,497,90,64,59,3
l1_championship_player_2018_31_15792,2018,497,90,64,59,3
l1_championship_player_2019_31_15792,2019,497,90,64,59,3
l1_championship_player_2021_10_15792,2021,497,90,64,59,3
l1_championship_player_2022_158_15792,2022,497,90,64,59,3
l1_championship_player_2023_158_15792,2023,497,90,64,59,3
l1_championship_player_2024_158_15792,2024,497,90,64,59,3
l1_championship_player_2025_158_15792,2025,497,90,64,59,3
l1_championship_player_2010_7_36931,2010,404,9,8,77,4
l1_championship_player_2024_12_36931,2024,404,9,8,77,4
l1_championship_player_2021_12_93632,2021,37,4,0,6,1
l1_championship_player_2021_68_90092,2021,26,1,1,4,0
l1_championship_player_2022_68_90092,2022,26,1,1,4,0
l1_championship_player_2023_68_90092,2023,26,1,1,4,0
l1_championship_player_2017_20_78753,2017,165,3,5,24,0
l1_championship_player_2018_20_78753,2018,165,3,5,24,0
l1_championship_player_2022_159_78753,2022,165,3,5,24,0
l1_championship_player_2023_159_78753,2023,165,3,5,24,0
l1_championship_player_2024_159_78753,2024,165,3,5,24,0
l1_championship_player_2021_12_93631,2021,55,4,2,3,0
l1_championship_player_2024_12_78753,2024,165,3,5,24,0
l1_championship_player_2018_15_66094,2018,18,3,0,6,0
l1_championship_player_2019_15_66094,2019,18,3,0,6,0
l1_championship_player_2021_15_66094,2021,18,3,0,6,0
l1_championship_player_2022_15_66094,2022,18,3,0,6,0
l1_championship_player_2020_15_66094,2020,18,3,0,6,0
l1_championship_player_2023_15_66094,2023,18,3,0,6,0
l1_championship_player_2024_15_66094,2024,18,3,0,6,0
l1_championship_player_2020_12_83801,2020,62,3,0,6,1
l1_championship_player_2021_12_83801,2021,62,3,0,6,1
l1_championship_player_2023_12_83801,2023,62,3,0,6,1
l1_championship_player_2024_12_83801,2024,62,3,0,6,1
l1_championship_player_2020_12_85106,2020,72,3,0,16,2
l1_championship_player_2021_12_85106,2021,72,3,0,16,2
l1_championship_player_2023_12_85106,2023,72,3,0,16,2
l1_championship_player_2024_12_85106,2024,72,3,0,16,2
l1_championship_player_2018_14_78356,2018,163,39,10,13,0
l1_championship_player_2019_14_78356,2019,163,39,10,13,0
l1_championship_player_2020_14_78356,2020,163,39,10,13,0
l1_championship_player_2021_14_78356,2021,163,39,10,13,0
l1_championship_player_2022_2_78356,2022,163,39,10,13,0
l1_championship_player_2022_14_78356,2022,163,39,10,13,0
l1_championship_player_2023_12_78356,2023,163,39,10,13,0
l1_championship_player_2023_14_78356,2023,163,39,10,13,0
l1_championship_player_2024_12_78356,2024,163,39,10,13,0
l1_championship_player_2017_30_81490,2017,211,38,7,8,0
l1_championship_player_2018_30_81490,2018,211,38,7,8,0
l1_championship_player_2019_30_81490,2019,211,38,7,8,0
l1_championship_player_2020_6_81490,2020,211,38,7,8,0
l1_championship_player_2020_30_81490,2020,211,38,7,8,0
l1_championship_player_2021_6_81490,2021,211,38,7,8,0
l1_championship_player_2022_6_81490,2022,211,38,7,8,0
l1_championship_player_2022_12_81490,2022,211,38,7,8,0
l1_championship_player_2023_12_81490,2023,211,38,7,8,0
l1_championship_player_2024_12_81490,2024,211,38,7,8,0
l1_championship_player_2021_12_93628,2021,48,7,1,2,0
l1_championship_player_2022_12_94926,2022,272,90,14,29,3
l1_championship_player_2023_12_94926,2023,272,90,14,29,3
l1_championship_player_2024_12_94926,2024,272,90,14,29,3
l1_championship_player_2016_158_77349,2016,223,0,1,9,0
l1_championship_player_2017_158_77349,2017,223,0,1,9,0
l1_championship_player_2018_158_77349,2018,223,0,1,9,0
l1_championship_player_2019_158_77349,2019,223,0,1,9,0
l1_championship_player_2020_158_77349,2020,223,0,1,9,0
l1_championship_player_2021_158_77349,2021,223,0,1,9,0
l1_championship_player_2022_158_77349,2022,223,0,1,9,0
l1_championship_player_2023_158_77349,2023,223,0,1,9,0
l1_championship_player_2024_158_77349,2024,223,0,1,9,0
l1_championship_player_2025_158_77349,2025,223,0,1,9,0
l1_championship_player_2024_13_103328,2024,230,0,1,9,1
l1_championship_player_2023_13_101997,2023,132,5,0,26,2
l1_championship_player_2024_13_101997,2024,132,5,0,26,2
l1_championship_player_2021_13_93940,2021,369,50,65,58,6
l1_championship_player_2022_13_93940,2022,369,50,65,58,6
l1_championship_player_2023_13_93940,2023,369,50,65,58,6
l1_championship_player_2024_13_93940,2024,369,50,65,58,6
l1_championship_player_2023_13_101121,2023,341,6,11,62,3
l1_championship_player_2024_13_101121,2024,341,6,11,62,3
l1_championship_player_2013_13_57282,2013,564,43,11,46,2
l1_championship_player_2014_13_57282,2014,564,43,11,46,2
l1_championship_player_2015_13_57282,2015,564,43,11,46,2
l1_championship_player_2016_13_57282,2016,564,43,11,46,2
l1_championship_player_2017_13_57282,2017,564,43,11,46,2
l1_championship_player_2018_13_57282,2018,564,43,11,46,2
l1_championship_player_2019_13_57282,2019,564,43,11,46,2
l1_championship_player_2020_13_57282,2020,564,43,11,46,2
l1_championship_player_2021_13_57282,2021,564,43,11,46,2
l1_championship_player_2022_13_57282,2022,564,43,11,46,2
l1_championship_player_2023_13_57282,2023,564,43,11,46,2
l1_championship_player_2024_13_57282,2024,564,43,11,46,2
l1_championship_player_2021_13_94930,2021,219,15,25,29,0
l1_championship_player_2022_13_94930,2022,219,15,25,29,0
l1_championship_player_2023_13_94930,2023,219,15,25,29,0
l1_championship_player_2024_13_94930,2024,219,15,25,29,0
l1_championship_player_2024_13_103891,2024,232,2,6,20,1
l1_championship_player_2020_14_83697,2020,184,37,24,16,0
l1_championship_player_2021_14_83697,2021,184,37,24,16,0
l1_championship_player_2022_14_83697,2022,184,37,24,16,0
l1_championship_player_2023_14_83697,2023,184,37,24,16,0
l1_championship_player_2024_13_83697,2024,184,37,24,16,0
l1_championship_player_2024_14_83697,2024,184,37,24,16,0
l1_championship_player_2023_13_101421,2023,283,29,26,32,3
l1_championship_player_2024_13_101421,2024,283,29,26,32,3
l1_championship_player_2021_13_86814,2021,77,12,8,5,0
l1_championship_player_2024_13_86814,2024,77,12,8,5,0
l1_championship_player_2024_13_103829,2024,174,17,15,12,1
l1_championship_player_2022_13_100334,2022,428,45,48,41,2
l1_championship_player_2023_13_100334,2023,428,45,48,41,2
l1_championship_player_2024_13_100334,2024,428,45,48,41,2
l1_championship_player_2022_13_98896,2022,295,39,27,16,0
l1_championship_player_2023_13_98896,2023,295,39,27,16,0
l1_championship_player_2024_13_98896,2024,295,39,27,16,0
l1_championship_player_2021_13_86879,2021,178,10,13,14,0
l1_championship_player_2022_13_86879,2022,178,10,13,14,0
l1_championship_player_2023_13_86879,2023,178,10,13,14,0
l1_championship_player_2024_13_86879,2024,178,10,13,14,0
l1_championship_player_2019_159_81445,2019,211,50,46,19,1
l1_championship_player_2020_159_81445,2020,211,50,46,19,1
l1_championship_player_2021_159_81445,2021,211,50,46,19,1
l1_championship_player_2022_159_81445,2022,211,50,46,19,1
l1_championship_player_2023_13_81445,2023,211,50,46,19,1
l1_championship_player_2023_159_81445,2023,211,50,46,19,1
l1_championship_player_2024_13_81445,2024,211,50,46,19,1
l1_championship_player_2012_14_36082,2012,416,132,101,42,2
l1_championship_player_2013_14_36082,2013,416,132,101,42,2
l1_championship_player_2014_14_36082,2014,416,132,101,42,2
l1_championship_player_2015_14_36082,2015,416,132,101,42,2
l1_championship_player_2023_13_36082,2023,416,132,101,42,2
l1_championship_player_2024_13_36082,2024,416,132,101,42,2
l1_championship_player_2024_13_104402,2024,297,75,50,35,1
l1_championship_player_2024_13_100727,2024,32,2,4,0,0
l1_championship_player_2023_13_101567,2023,271,101,14,26,1
l1_championship_player_2024_13_101567,2024,271,101,14,26,1
l1_championship_player_2021_14_86562,2021,0,0,0,0,0
l1_championship_player_2012_1_36344,2012,378,0,0,39,1
l1_championship_player_2013_1_36344,2013,378,0,0,39,1
l1_championship_player_2014_1_36344,2014,378,0,0,39,1
l1_championship_player_2015_1_36344,2015,378,0,0,39,1
l1_championship_player_2016_1_36344,2016,378,0,0,39,1
l1_championship_player_2017_20_36344,2017,378,0,0,39,1
l1_championship_player_2018_20_36344,2018,378,0,0,39,1
l1_championship_player_2022_6_36344,2022,378,0,0,39,1
l1_championship_player_2023_6_36344,2023,378,0,0,39,1
l1_championship_player_2024_6_36344,2024,378,0,0,39,1
l1_championship_player_2024_14_36344,2024,378,0,0,39,1
l1_championship_player_2020_14_83691,2020,38,0,0,3,0
l1_championship_player_2021_14_83691,2021,38,0,0,3,0
l1_championship_player_2024_14_103452,2024,32,2,2,6,1
l1_championship_player_2024_18_103452,2024,32,2,2,6,1
l1_championship_player_2025_18_103452,2025,32,2,2,6,1
l1_championship_player_2014_14_47707,2014,242,8,5,40,3
l1_championship_player_2015_14_47707,2015,242,8,5,40,3
l1_championship_player_2016_14_47707,2016,242,8,5,40,3
l1_championship_player_2017_14_47707,2017,242,8,5,40,3
l1_championship_player_2018_14_47707,2018,242,8,5,40,3
l1_championship_player_2019_14_47707,2019,242,8,5,40,3
l1_championship_player_2020_14_47707,2020,242,8,5,40,3
l1_championship_player_2020_44_47707,2020,242,8,5,40,3
l1_championship_player_2021_44_47707,2021,242,8,5,40,3
l1_championship_player_2022_44_47707,2022,242,8,5,40,3
l1_championship_player_2023_44_47707,2023,242,8,5,40,3
l1_championship_player_2024_1_47707,2024,242,8,5,40,3
l1_championship_player_2024_14_47707,2024,242,8,5,40,3
l1_championship_player_2024_44_47707,2024,242,8,5,40,3
l1_championship_player_2025_44_47707,2025,242,8,5,40,3
l1_championship_player_2021_6_94583,2021,439,62,32,51,2
l1_championship_player_2022_6_94583,2022,439,62,32,51,2
l1_championship_player_2023_6_94583,2023,439,62,32,51,2
l1_championship_player_2024_6_94583,2024,439,62,32,51,2
l1_championship_player_2020_14_83692,2020,89,5,3,13,3
l1_championship_player_2021_14_83692,2021,89,5,3,13,3
l1_championship_player_2023_14_83692,2023,89,5,3,13,3
l1_championship_player_2023_40_83692,2023,89,5,3,13,3
l1_championship_player_2024_14_83692,2024,89,5,3,13,3
l1_championship_player_2024_40_83692,2024,89,5,3,13,3
l1_championship_player_2023_14_101633,2023,46,3,0,5,0
l1_championship_player_2024_14_101633,2024,46,3,0,5,0
l1_championship_player_2016_16_78166,2016,188,9,4,24,3
l1_championship_player_2017_16_78166,2017,188,9,4,24,3
l1_championship_player_2018_16_78166,2018,188,9,4,24,3
l1_championship_player_2019_16_78166,2019,188,9,4,24,3
l1_championship_player_2020_16_78166,2020,188,9,4,24,3
l1_championship_player_2021_16_78166,2021,188,9,4,24,3
l1_championship_player_2022_16_78166,2022,188,9,4,24,3
l1_championship_player_2023_16_78166,2023,188,9,4,24,3
l1_championship_player_2024_14_78166,2024,188,9,4,24,3
l1_championship_player_2024_16_78166,2024,188,9,4,24,3
l1_championship_player_2021_40_89884,2021,135,0,2,38,5
l1_championship_player_2022_40_89884,2022,135,0,2,38,5
l1_championship_player_2023_14_89884,2023,135,0,2,38,5
l1_championship_player_2023_40_89884,2023,135,0,2,38,5
l1_championship_player_2024_14_89884,2024,135,0,2,38,5
l1_championship_player_2014_24_52480,2014,422,75,41,55,2
l1_championship_player_2015_24_52480,2015,422,75,41,55,2
l1_championship_player_2016_24_52480,2016,422,75,41,55,2
l1_championship_player_2017_24_52480,2017,422,75,41,55,2
l1_championship_player_2018_24_52480,2018,422,75,41,55,2
l1_championship_player_2019_12_52480,2019,422,75,41,55,2
l1_championship_player_2020_12_52480,2020,422,75,41,55,2
l1_championship_player_2021_12_52480,2021,422,75,41,55,2
l1_championship_player_2022_12_52480,2022,422,75,41,55,2
l1_championship_player_2023_12_52480,2023,422,75,41,55,2
l1_championship_player_2023_14_52480,2023,422,75,41,55,2
l1_championship_player_2024_14_52480,2024,422,75,41,55,2
l1_championship_player_2013_31_40204,2013,323,39,10,53,3
l1_championship_player_2014_31_40204,2014,323,39,10,53,3
l1_championship_player_2015_31_40204,2015,323,39,10,53,3
l1_championship_player_2016_31_40204,2016,323,39,10,53,3
l1_championship_player_2017_31_40204,2017,323,39,10,53,3
l1_championship_player_2018_31_40204,2018,323,39,10,53,3
l1_championship_player_2019_31_40204,2019,323,39,10,53,3
l1_championship_player_2020_31_40204,2020,323,39,10,53,3
l1_championship_player_2021_31_40204,2021,323,39,10,53,3
l1_championship_player_2022_44_40204,2022,323,39,10,53,3
l1_championship_player_2023_44_40204,2023,323,39,10,53,3
l1_championship_player_2024_44_40204,2024,323,39,10,53,3
l1_championship_player_2025_44_40204,2025,323,39,10,53,3
l1_championship_player_2019_14_80554,2019,104,10,0,21,1
l1_championship_player_2020_14_80554,2020,104,10,0,21,1
l1_championship_player_2021_14_80554,2021,104,10,0,21,1
l1_championship_player_2024_14_80554,2024,104,10,0,21,1
l1_championship_player_2024_14_103607,2024,345,9,19,31,1
l1_championship_player_2020_14_84357,2020,0,0,0,0,0
l1_championship_player_2021_14_84357,2021,0,0,0,0,0
l1_championship_player_2018_12_83140,2018,154,8,16,10,1
l1_championship_player_2019_12_83140,2019,154,8,16,10,1
l1_championship_player_2020_12_83140,2020,154,8,16,10,1
l1_championship_player_2021_12_83140,2021,154,8,16,10,1
l1_championship_player_2022_12_83140,2022,154,8,16,10,1
l1_championship_player_2023_1_83140,2023,154,8,16,10,1
l1_championship_player_2023_12_83140,2023,154,8,16,10,1
l1_championship_player_2024_1_83140,2024,154,8,16,10,1
l1_championship_player_2025_1_83140,2025,154,8,16,10,1
l1_championship_player_2021_14_86564,2021,59,8,0,4,0
l1_championship_player_2024_14_86564,2024,59,8,0,4,0
l1_championship_player_2013_12_38582,2013,400,19,25,50,2
l1_championship_player_2014_12_38582,2014,400,19,25,50,2
l1_championship_player_2015_12_38582,2015,400,19,25,50,2
l1_championship_player_2016_12_38582,2016,400,19,25,50,2
l1_championship_player_2017_12_38582,2017,400,19,25,50,2
l1_championship_player_2018_12_38582,2018,400,19,25,50,2
l1_championship_player_2019_1_38582,2019,400,19,25,50,2
l1_championship_player_2019_12_38582,2019,400,19,25,50,2
l1_championship_player_2020_1_38582,2020,400,19,25,50,2
l1_championship_player_2021_1_38582,2021,400,19,25,50,2
l1_championship_player_2022_1_38582,2022,400,19,25,50,2
l1_championship_player_2023_1_38582,2023,400,19,25,50,2
l1_championship_player_2024_1_38582,2024,400,19,25,50,2
l1_championship_player_2025_1_38582,2025,400,19,25,50,2
l1_championship_player_2023_10_101002,2023,267,43,13,27,1
l1_championship_player_2024_10_101002,2024,267,43,13,27,1
l1_championship_player_2024_14_101002,2024,267,43,13,27,1
l1_championship_player_2021_14_86774,2021,43,8,0,10,0
l1_championship_player_2022_9_99014,2022,376,99,40,51,1
l1_championship_player_2023_9_99014,2023,376,99,40,51,1
l1_championship_player_2024_9_99014,2024,376,99,40,51,1
l1_championship_player_2025_9_99014,2025,376,99,40,51,1
l1_championship_player_2015_159_67548,2015,184,74,7,14,0
l1_championship_player_2016_159_67548,2016,184,74,7,14,0
l1_championship_player_2017_159_67548,2017,184,74,7,14,0
l1_championship_player_2018_159_67548,2018,184,74,7,14,0
l1_championship_player_2019_159_67548,2019,184,74,7,14,0
l1_championship_player_2023_37_67548,2023,184,74,7,14,0
l1_championship_player_2024_37_67548,2024,184,74,7,14,0
l1_championship_player_2025_37_67548,2025,184,74,7,14,0
l1_championship_player_2013_31_51819,2013,292,53,16,21,1
l1_championship_player_2014_31_51819,2014,292,53,16,21,1
l1_championship_player_2015_31_51819,2015,292,53,16,21,1
l1_championship_player_2016_31_51819,2016,292,53,16,21,1
l1_championship_player_2017_31_51819,2017,292,53,16,21,1
l1_championship_player_2017_11_51819,2017,292,53,16,21,1
l1_championship_player_2018_31_51819,2018,292,53,16,21,1
l1_championship_player_2019_31_51819,2019,292,53,16,21,1
l1_championship_player_2020_31_51819,2020,292,53,16,21,1
l1_championship_player_2021_31_51819,2021,292,53,16,21,1
l1_championship_player_2022_10_51819,2022,292,53,16,21,1
l1_championship_player_2023_10_51819,2023,292,53,16,21,1
l1_championship_player_2024_10_51819,2024,292,53,16,21,1
l1_championship_player_2025_10_51819,2025,292,53,16,21,1
l1_championship_player_2017_31_76869,2017,65,0,0,0,0
l1_championship_player_2018_31_76869,2018,65,0,0,0,0
l1_championship_player_2019_31_76869,2019,65,0,0,0,0
l1_championship_player_2020_31_76869,2020,65,0,0,0,0
l1_championship_player_2021_31_76869,2021,65,0,0,0,0
l1_championship_player_2022_68_76869,2022,65,0,0,0,0
l1_championship_player_2016_24_78369,2016,351,0,1,9,1
l1_championship_player_2017_24_78369,2017,351,0,1,9,1
l1_championship_player_2018_24_78369,2018,351,0,1,9,1
l1_championship_player_2023_4_78369,2023,351,0,1,9,1
l1_championship_player_2024_15_78369,2024,351,0,1,9,1
l1_championship_player_2024_4_78369,2024,351,0,1,9,1
l1_championship_player_2025_26_90432,2025,25,0,0,2,2
l1_championship_player_2017_14_81244,2017,120,3,10,22,3
l1_championship_player_2018_14_81244,2018,120,3,10,22,3
l1_championship_player_2019_14_81244,2019,120,3,10,22,3
l1_championship_player_2020_14_81244,2020,120,3,10,22,3
l1_championship_player_2021_14_81244,2021,120,3,10,22,3
l1_championship_player_2022_14_81244,2022,120,3,10,22,3
l1_championship_player_2023_14_81244,2023,120,3,10,22,3
l1_championship_player_2024_14_81244,2024,120,3,10,22,3
l1_championship_player_2024_15_81244,2024,120,3,10,22,3
l1_championship_player_2021_15_84409,2021,163,5,3,32,2
l1_championship_player_2022_15_84409,2022,163,5,3,32,2
l1_championship_player_2023_15_84409,2023,163,5,3,32,2
l1_championship_player_2024_15_84409,2024,163,5,3,32,2
l1_championship_player_2024_15_104405,2024,116,3,0,23,1
l1_championship_player_2021_31_86651,2021,59,3,0,5,0
l1_championship_player_2022_31_86651,2022,59,3,0,5,0
l1_championship_player_2023_31_86651,2023,59,3,0,5,0
l1_championship_player_2024_31_86651,2024,59,3,0,5,0
l1_championship_player_2025_31_86651,2025,59,3,0,5,0
l1_championship_player_2024_15_104435,2024,105,4,15,22,1
l1_championship_player_2024_15_100380,2024,81,4,3,10,0
l1_championship_player_2023_159_101736,2023,107,9,13,18,3
l1_championship_player_2024_15_101736,2024,107,9,13,18,3
l1_championship_player_2024_159_101736,2024,107,9,13,18,3
l1_championship_player_2019_4_88871,2019,130,8,6,13,3
l1_championship_player_2020_4_88871,2020,130,8,6,13,3
l1_championship_player_2021_4_88871,2021,130,8,6,13,3
l1_championship_player_2023_15_88871,2023,130,8,6,13,3
l1_championship_player_2024_5_88871,2024,130,8,6,13,3
l1_championship_player_2024_15_88871,2024,130,8,6,13,3
l1_championship_player_2025_5_88871,2025,130,8,6,13,3
l1_championship_player_2025_12_88871,2025,130,8,6,13,3
l1_championship_player_2020_15_86909,2020,77,8,1,3,0
l1_championship_player_2021_15_86909,2021,77,8,1,3,0
l1_championship_player_2023_15_86909,2023,77,8,1,3,0
l1_championship_player_2024_15_86909,2024,77,8,1,3,0
l1_championship_player_2024_48_102031,2024,88,8,8,7,1
l1_championship_player_2025_48_102031,2025,88,8,8,7,1
l1_championship_player_2024_15_104444,2024,55,4,3,6,0
l1_championship_player_2023_15_101362,2023,161,45,10,26,0
l1_championship_player_2024_15_101362,2024,161,45,10,26,0
l1_championship_player_2024_15_103999,2024,188,45,34,7,0
l1_championship_player_2024_15_98456,2024,11,5,0,1,1
l1_championship_player_2023_16_101394,2023,91,0,0,8,1
l1_championship_player_2024_16_101394,2024,91,0,0,8,1
l1_championship_player_2022_16_98512,2022,107,0,1,7,0
l1_championship_player_2023_16_98512,2023,107,0,1,7,0
l1_championship_player_2024_16_98512,2024,107,0,1,7,0
l1_championship_player_2021_16_84101,2021,121,0,1,10,2
l1_championship_player_2022_16_84101,2022,121,0,1,10,2
l1_championship_player_2023_16_84101,2023,121,0,1,10,2
l1_championship_player_2024_16_84101,2024,121,0,1,10,2
l1_championship_player_2024_16_103736,2024,107,12,7,18,0
l1_championship_player_2021_16_86605,2021,41,1,0,1,0
l1_championship_player_2022_16_100547,2022,161,8,7,15,0
l1_championship_player_2023_16_100547,2023,161,8,7,15,0
l1_championship_player_2024_16_100547,2024,161,8,7,15,0
l1_championship_player_2024_16_103900,2024,267,8,7,35,2
l1_championship_player_2024_16_93199,2024,40,1,0,11,0
l1_championship_player_2021_16_94783,2021,242,16,10,34,3
l1_championship_player_2022_16_94783,2022,242,16,10,34,3
l1_championship_player_2023_16_94783,2023,242,16,10,34,3
l1_championship_player_2024_16_94783,2024,242,16,10,34,3
l1_championship_player_2012_33_26588,2012,468,24,36,71,3
l1_championship_player_2012_158_26588,2012,468,24,36,71,3
l1_championship_player_2013_158_26588,2013,468,24,36,71,3
l1_championship_player_2014_158_26588,2014,468,24,36,71,3
l1_championship_player_2015_158_26588,2015,468,24,36,71,3
l1_championship_player_2016_9_26588,2016,468,24,36,71,3
l1_championship_player_2017_9_26588,2017,468,24,36,71,3
l1_championship_player_2018_9_26588,2018,468,24,36,71,3
l1_championship_player_2019_9_26588,2019,468,24,36,71,3
l1_championship_player_2020_9_26588,2020,468,24,36,71,3
l1_championship_player_2021_9_26588,2021,468,24,36,71,3
l1_championship_player_2024_16_26588,2024,468,24,36,71,3
l1_championship_player_2019_16_84646,2019,71,6,0,15,0
l1_championship_player_2024_16_84646,2024,71,6,0,15,0
l1_championship_player_2023_16_101540,2023,277,23,23,63,1
l1_championship_player_2024_16_101540,2024,277,23,23,63,1
l1_championship_player_2025_15_105335,2025,73,8,7,16,0
l1_championship_player_2016_14_62357,2016,218,32,19,8,1
l1_championship_player_2017_14_62357,2017,218,32,19,8,1
l1_championship_player_2018_14_62357,2018,218,32,19,8,1
l1_championship_player_2019_14_62357,2019,218,32,19,8,1
l1_championship_player_2020_14_62357,2020,218,32,19,8,1
l1_championship_player_2021_14_62357,2021,218,32,19,8,1
l1_championship_player_2022_14_62357,2022,218,32,19,8,1
l1_championship_player_2023_16_62357,2023,218,32,19,8,1
l1_championship_player_2024_16_62357,2024,218,32,19,8,1
l1_championship_player_2021_16_84000,2021,56,1,0,11,1
l1_championship_player_2023_16_84000,2023,56,1,0,11,1
l1_championship_player_2024_16_84000,2024,56,1,0,11,1
l1_championship_player_2018_16_80032,2018,58,0,1,5,0
l1_championship_player_2019_16_80032,2019,58,0,1,5,0
l1_championship_player_2021_16_80032,2021,58,0,1,5,0
l1_championship_player_2024_16_80032,2024,58,0,1,5,0
l1_championship_player_2024_16_104681,2024,146,24,15,11,0
l1_championship_player_2023_16_101719,2023,294,42,35,66,2
l1_championship_player_2024_16_101719,2024,294,42,35,66,2
l1_championship_player_2021_33_97007,2021,29,8,0,4,0
l1_championship_player_2017_37_79939,2017,200,57,9,42,5
l1_championship_player_2018_37_79939,2018,200,57,9,42,5
l1_championship_player_2023_16_79939,2023,200,57,9,42,5
l1_championship_player_2024_16_79939,2024,200,57,9,42,5
l1_championship_player_2014_33_52965,2014,216,0,0,11,1
l1_championship_player_2015_33_52965,2015,216,0,0,11,1
l1_championship_player_2016_33_52965,2016,216,0,0,11,1
l1_championship_player_2017_33_52965,2017,216,0,0,11,1
l1_championship_player_2018_33_52965,2018,216,0,0,11,1
l1_championship_player_2019_41_52965,2019,216,0,0,11,1
l1_championship_player_2020_41_52965,2020,216,0,0,11,1
l1_championship_player_2021_41_52965,2021,216,0,0,11,1
l1_championship_player_2022_41_52965,2022,216,0,0,11,1
l1_championship_player_2023_41_52965,2023,216,0,0,11,1
l1_championship_player_2024_41_52965,2024,216,0,0,11,1
l1_championship_player_2025_41_52965,2025,216,0,0,11,1
l1_championship_player_2008_12_29031,2008,271,0,1,6,0
l1_championship_player_2013_12_29031,2013,271,0,1,6,0
l1_championship_player_2014_12_29031,2014,271,0,1,6,0
l1_championship_player_2015_12_29031,2015,271,0,1,6,0
l1_championship_player_2016_12_29031,2016,271,0,1,6,0
l1_championship_player_2017_12_29031,2017,271,0,1,6,0
l1_championship_player_2018_12_29031,2018,271,0,1,6,0
l1_championship_player_2019_12_29031,2019,271,0,1,6,0
l1_championship_player_2022_16_29031,2022,271,0,1,6,0
l1_championship_player_2023_30_29031,2023,271,0,1,6,0
l1_championship_player_2024_30_29031,2024,271,0,1,6,0
l1_championship_player_2021_30_95645,2021,4,0,0,0,0
l1_championship_player_2024_30_104039,2024,171,10,1,37,3
l1_championship_player_2019_90_88734,2019,327,45,13,48,6
l1_championship_player_2020_90_88734,2020,327,45,13,48,6
l1_championship_player_2021_20_88734,2021,327,45,13,48,6
l1_championship_player_2022_20_88734,2022,327,45,13,48,6
l1_championship_player_2023_20_88734,2023,327,45,13,48,6
l1_championship_player_2024_30_88734,2024,327,45,13,48,6
l1_championship_player_2024_20_88734,2024,327,45,13,48,6
l1_championship_player_2024_6_104420,2024,60,0,0,12,0
l1_championship_player_2025_6_104420,2025,60,0,0,12,0
l1_championship_player_2017_159_78302,2017,240,8,6,37,4
l1_championship_player_2018_159_78302,2018,240,8,6,37,4
l1_championship_player_2019_159_78302,2019,240,8,6,37,4
l1_championship_player_2020_159_78302,2020,240,8,6,37,4
l1_championship_player_2021_30_78302,2021,240,8,6,37,4
l1_championship_player_2021_159_78302,2021,240,8,6,37,4
l1_championship_player_2022_30_78302,2022,240,8,6,37,4
l1_championship_player_2023_30_78302,2023,240,8,6,37,4
l1_championship_player_2024_30_78302,2024,240,8,6,37,4
l1_championship_player_2024_30_103944,2024,75,2,0,18,2
l1_championship_player_2020_6_18101,2020,397,31,77,37,3
l1_championship_player_2021_6_18101,2021,397,31,77,37,3
l1_championship_player_2022_1_18101,2022,397,31,77,37,3
l1_championship_player_2022_6_18101,2022,397,31,77,37,3
l1_championship_player_2023_1_18101,2023,397,31,77,37,3
l1_championship_player_2024_1_18101,2024,397,31,77,37,3
l1_championship_player_2024_30_18101,2024,397,31,77,37,3
l1_championship_player_2016_30_4050,2016,532,14,17,112,8
l1_championship_player_2017_30_4050,2017,532,14,17,112,8
l1_championship_player_2018_30_4050,2018,532,14,17,112,8
l1_championship_player_2019_30_4050,2019,532,14,17,112,8
l1_championship_player_2020_30_4050,2020,532,14,17,112,8
l1_championship_player_2021_30_4050,2021,532,14,17,112,8
l1_championship_player_2022_30_4050,2022,532,14,17,112,8
l1_championship_player_2023_30_4050,2023,532,14,17,112,8
l1_championship_player_2024_30_4050,2024,532,14,17,112,8
l1_championship_player_2019_30_80642,2019,103,4,1,17,0
l1_championship_player_2020_30_80642,2020,103,4,1,17,0
l1_championship_player_2021_30_80642,2021,103,4,1,17,0
l1_championship_player_2022_30_80642,2022,103,4,1,17,0
l1_championship_player_2023_30_80642,2023,103,4,1,17,0
l1_championship_player_2024_30_80642,2024,103,4,1,17,0
l1_championship_player_2022_30_100603,2022,176,16,6,31,3
l1_championship_player_2024_30_100603,2024,176,16,6,31,3
l1_championship_player_2023_30_100603,2023,176,16,6,31,3
l1_championship_player_2021_40_88969,2021,160,2,2,25,3
l1_championship_player_2022_6_88969,2022,160,2,2,25,3
l1_championship_player_2023_6_88969,2023,160,2,2,25,3
l1_championship_player_2024_6_88969,2024,160,2,2,25,3
l1_championship_player_2025_6_88969,2025,160,2,2,25,3
l1_championship_player_2019_30_89873,2019,243,15,13,57,2
l1_championship_player_2020_30_89873,2020,243,15,13,57,2
l1_championship_player_2021_30_89873,2021,243,15,13,57,2
l1_championship_player_2022_30_89873,2022,243,15,13,57,2
l1_championship_player_2023_30_89873,2023,243,15,13,57,2
l1_championship_player_2024_30_89873,2024,243,15,13,57,2
l1_championship_player_2015_14_56749,2015,262,39,21,24,1
l1_championship_player_2016_14_56749,2016,262,39,21,24,1
l1_championship_player_2017_14_56749,2017,262,39,21,24,1
l1_championship_player_2018_9_56749,2018,262,39,21,24,1
l1_championship_player_2019_9_56749,2019,262,39,21,24,1
l1_championship_player_2020_9_56749,2020,262,39,21,24,1
l1_championship_player_2021_9_56749,2021,262,39,21,24,1
l1_championship_player_2022_9_56749,2022,262,39,21,24,1
l1_championship_player_2022_30_56749,2022,262,39,21,24,1
l1_championship_player_2023_30_56749,2023,262,39,21,24,1
l1_championship_player_2024_30_56749,2024,262,39,21,24,1
l1_championship_player_2019_30_87554,2019,130,11,3,10,1
l1_championship_player_2020_30_87554,2020,130,11,3,10,1
l1_championship_player_2021_30_87554,2021,130,11,3,10,1
l1_championship_player_2022_30_87554,2022,130,11,3,10,1
l1_championship_player_2023_30_87554,2023,130,11,3,10,1
l1_championship_player_2024_30_87554,2024,130,11,3,10,1
l1_championship_player_2013_24_45022,2013,363,22,38,32,1
l1_championship_player_2017_18_45022,2017,363,22,38,32,1
l1_championship_player_2017_159_45022,2017,363,22,38,32,1
l1_championship_player_2018_159_45022,2018,363,22,38,32,1
l1_championship_player_2021_159_45022,2021,363,22,38,32,1
l1_championship_player_2024_30_45022,2024,363,22,38,32,1
l1_championship_player_2013_10_34429,2013,427,58,39,59,1
l1_championship_player_2014_10_34429,2014,427,58,39,59,1
l1_championship_player_2015_10_34429,2015,427,58,39,59,1
l1_championship_player_2016_1_34429,2016,427,58,39,59,1
l1_championship_player_2016_10_34429,2016,427,58,39,59,1
l1_championship_player_2017_1_34429,2017,427,58,39,59,1
l1_championship_player_2018_1_34429,2018,427,58,39,59,1
l1_championship_player_2019_1_34429,2019,427,58,39,59,1
l1_championship_player_2020_1_34429,2020,427,58,39,59,1
l1_championship_player_2022_15_34429,2022,427,58,39,59,1
l1_championship_player_2023_30_34429,2023,427,58,39,59,1
l1_championship_player_2024_30_34429,2024,427,58,39,59,1
l1_championship_player_2019_37_90481,2019,182,18,12,13,2
l1_championship_player_2020_37_90481,2020,182,18,12,13,2
l1_championship_player_2021_37_90481,2021,182,18,12,13,2
l1_championship_player_2023_30_90481,2023,182,18,12,13,2
l1_championship_player_2024_30_90481,2024,182,18,12,13,2
l1_championship_player_2021_15_90936,2021,0,0,0,0,0
l1_championship_player_2018_10_83638,2018,161,57,18,26,3
l1_championship_player_2019_10_83638,2019,161,57,18,26,3
l1_championship_player_2020_10_83638,2020,161,57,18,26,3
l1_championship_player_2021_10_83638,2021,161,57,18,26,3
l1_championship_player_2022_10_83638,2022,161,57,18,26,3
l1_championship_player_2023_6_83638,2023,161,57,18,26,3
l1_championship_player_2023_10_83638,2023,161,57,18,26,3
l1_championship_player_2024_1_83638,2024,161,57,18,26,3
l1_championship_player_2024_6_83638,2024,161,57,18,26,3
l1_championship_player_2017_158_81428,2017,205,0,0,19,0
l1_championship_player_2018_158_81428,2018,205,0,0,19,0
l1_championship_player_2020_158_81428,2020,205,0,0,19,0
l1_championship_player_2024_6_81428,2024,205,0,0,19,0
l1_championship_player_2021_37_93646,2021,42,0,0,5,0
l1_championship_player_2024_37_93646,2024,42,0,0,5,0
l1_championship_player_2020_37_80763,2020,42,0,0,2,0
l1_championship_player_2020_5_80763,2020,42,0,0,2,0
l1_championship_player_2021_37_80763,2021,42,0,0,2,0
l1_championship_player_2022_37_80763,2022,42,0,0,2,0
l1_championship_player_2023_37_80763,2023,42,0,0,2,0
l1_championship_player_2014_33_66080,2014,330,5,23,58,4
l1_championship_player_2024_37_80763,2024,42,0,0,2,0
l1_championship_player_2015_33_66080,2015,330,5,23,58,4
l1_championship_player_2019_2_66080,2019,330,5,23,58,4
l1_championship_player_2021_2_66080,2021,330,5,23,58,4
l1_championship_player_2020_2_66080,2020,330,5,23,58,4
l1_championship_player_2024_37_66080,2024,330,5,23,58,4
l1_championship_player_2018_37_35684,2018,339,3,6,53,2
l1_championship_player_2016_37_35684,2016,339,3,6,53,2
l1_championship_player_2017_37_35684,2017,339,3,6,53,2
l1_championship_player_2019_37_35684,2019,339,3,6,53,2
l1_championship_player_2020_37_35684,2020,339,3,6,53,2
l1_championship_player_2021_37_35684,2021,339,3,6,53,2
l1_championship_player_2023_4_91705,2023,58,4,0,6,0
l1_championship_player_2024_37_35684,2024,339,3,6,53,2
l1_championship_player_2023_37_35684,2023,339,3,6,53,2
l1_championship_player_2024_37_91705,2024,58,4,0,6,0
l1_championship_player_2022_37_35684,2022,339,3,6,53,2
l1_championship_player_2024_4_91705,2024,58,4,0,6,0
l1_championship_player_2021_90_84687,2021,100,2,0,19,0
l1_championship_player_2022_37_84687,2022,100,2,0,19,0
l1_championship_player_2022_90_84687,2022,100,2,0,19,0
l1_championship_player_2023_37_84687,2023,100,2,0,19,0
l1_championship_player_2024_37_84687,2024,100,2,0,19,0
l1_championship_player_2021_4_92528,2021,120,1,0,10,2
l1_championship_player_2022_4_92528,2022,120,1,0,10,2
l1_championship_player_2023_4_92528,2023,120,1,0,10,2
l1_championship_player_2024_37_92528,2024,120,1,0,10,2
l1_championship_player_2024_4_92528,2024,120,1,0,10,2
l1_championship_player_2008_5_17091,2008,455,7,30,43,2
l1_championship_player_2020_90_17091,2020,455,7,30,43,2
l1_championship_player_2021_90_17091,2021,455,7,30,43,2
l1_championship_player_2022_90_17091,2022,455,7,30,43,2
l1_championship_player_2023_37_17091,2023,455,7,30,43,2
l1_championship_player_2024_37_17091,2024,455,7,30,43,2
l1_championship_player_2018_18_37008,2018,429,7,18,45,2
l1_championship_player_2019_18_37008,2019,429,7,18,45,2
l1_championship_player_2022_37_37008,2022,429,7,18,45,2
l1_championship_player_2022_90_37008,2022,429,7,18,45,2
l1_championship_player_2023_37_37008,2023,429,7,18,45,2
l1_championship_player_2024_37_37008,2024,429,7,18,45,2
l1_championship_player_2017_37_81801,2017,166,5,11,12,2
l1_championship_player_2018_37_81801,2018,166,5,11,12,2
l1_championship_player_2019_37_81801,2019,166,5,11,12,2
l1_championship_player_2023_37_81801,2023,166,5,11,12,2
l1_championship_player_2024_37_81801,2024,166,5,11,12,2
l1_championship_player_2021_9_86655,2021,28,0,0,2,0
l1_championship_player_2023_9_86655,2023,28,0,0,2,0
l1_championship_player_2024_9_86655,2024,28,0,0,2,0
l1_championship_player_2019_44_44183,2019,412,10,3,67,4
l1_championship_player_2020_44_44183,2020,412,10,3,67,4
l1_championship_player_2021_44_44183,2021,412,10,3,67,4
l1_championship_player_2022_44_44183,2022,412,10,3,67,4
l1_championship_player_2024_37_44183,2024,412,10,3,67,4
l1_championship_player_2020_37_90790,2020,139,8,3,31,0
l1_championship_player_2021_37_90790,2021,139,8,3,31,0
l1_championship_player_2022_37_90790,2022,139,8,3,31,0
l1_championship_player_2023_37_90790,2023,139,8,3,31,0
l1_championship_player_2024_37_90790,2024,139,8,3,31,0
l1_championship_player_2015_37_41919,2015,429,43,15,57,2
l1_championship_player_2016_37_41919,2016,429,43,15,57,2
l1_championship_player_2017_37_41919,2017,429,43,15,57,2
l1_championship_player_2018_37_41919,2018,429,43,15,57,2
l1_championship_player_2019_37_41919,2019,429,43,15,57,2
l1_championship_player_2020_37_41919,2020,429,43,15,57,2
l1_championship_player_2021_37_41919,2021,429,43,15,57,2
l1_championship_player_2022_37_41919,2022,429,43,15,57,2
l1_championship_player_2023_37_41919,2023,429,43,15,57,2
l1_championship_player_2024_37_41919,2024,429,43,15,57,2
l1_championship_player_2023_37_93640,2023,44,0,0,2,0
l1_championship_player_2024_37_93640,2024,44,0,0,2,0
l1_championship_player_2017_31_81139,2017,135,10,5,19,1
l1_championship_player_2018_31_81139,2018,135,10,5,19,1
l1_championship_player_2019_31_81139,2019,135,10,5,19,1
l1_championship_player_2020_31_81139,2020,135,10,5,19,1
l1_championship_player_2021_31_81139,2021,135,10,5,19,1
l1_championship_player_2022_31_81139,2022,135,10,5,19,1
l1_championship_player_2023_31_81139,2023,135,10,5,19,1
l1_championship_player_2023_73_81139,2023,135,10,5,19,1
l1_championship_player_2024_31_81139,2024,135,10,5,19,1
l1_championship_player_2024_73_81139,2024,135,10,5,19,1
l1_championship_player_2025_31_81139,2025,135,10,5,19,1
l1_championship_player_2021_16_91473,2021,379,56,75,60,1
l1_championship_player_2022_16_91473,2022,379,56,75,60,1
l1_championship_player_2024_37_105467,2024,0,0,0,0,0
l1_championship_player_2024_6_59371,2024,212,71,7,8,0
l1_championship_player_2025_6_59371,2025,212,71,7,8,0
l1_championship_player_2024_37_99066,2024,52,15,0,2,1
l1_championship_player_2022_38_98700,2022,25,3,1,1,1
l1_championship_player_2023_38_98700,2023,25,3,1,1,1
l1_championship_player_2024_38_98700,2024,25,3,1,1,1
l1_championship_player_2025_38_98700,2025,25,3,1,1,1
l1_championship_player_2021_44_63157,2021,105,0,0,6,1
l1_championship_player_2022_44_63157,2022,105,0,0,6,1
l1_championship_player_2023_44_63157,2023,105,0,0,6,1
l1_championship_player_2024_44_63157,2024,105,0,0,6,1
l1_championship_player_2020_44_91316,2020,26,0,0,4,1
l1_championship_player_2021_44_91316,2021,26,0,0,4,1
l1_championship_player_2024_44_91316,2024,26,0,0,4,1
l1_championship_player_2019_9_90521,2019,184,0,0,11,1
l1_championship_player_2020_9_90521,2020,184,0,0,11,1
l1_championship_player_2021_9_90521,2021,184,0,0,11,1
l1_championship_player_2022_9_90521,2022,184,0,0,11,1
l1_championship_player_2023_9_90521,2023,184,0,0,11,1
l1_championship_player_2024_9_90521,2024,184,0,0,11,1
l1_championship_player_2025_9_90521,2025,184,0,0,11,1
l1_championship_player_2019_44_52212,2019,353,18,5,57,4
l1_championship_player_2020_44_52212,2020,353,18,5,57,4
l1_championship_player_2021_44_52212,2021,353,18,5,57,4
l1_championship_player_2022_44_52212,2022,353,18,5,57,4
l1_championship_player_2023_44_52212,2023,353,18,5,57,4
l1_championship_player_2024_44_52212,2024,353,18,5,57,4
l1_championship_player_2018_13_76703,2018,93,0,0,13,0
l1_championship_player_2019_13_76703,2019,93,0,0,13,0
l1_championship_player_2020_13_76703,2020,93,0,0,13,0
l1_championship_player_2024_44_76703,2024,93,0,0,13,0
l1_championship_player_2025_15_76703,2025,93,0,0,13,0
l1_championship_player_2023_12_85103,2023,106,2,1,20,1
l1_championship_player_2023_1782_85103,2023,106,2,1,20,1
l1_championship_player_2024_12_85103,2024,106,2,1,20,1
l1_championship_player_2024_33_85103,2024,106,2,1,20,1
l1_championship_player_2024_1782_85103,2024,106,2,1,20,1
l1_championship_player_2025_33_85103,2025,106,2,1,20,1
l1_championship_player_2017_15_41971,2017,478,23,35,59,4
l1_championship_player_2018_15_41971,2018,478,23,35,59,4
l1_championship_player_2019_15_41971,2019,478,23,35,59,4
l1_championship_player_2020_15_41971,2020,478,23,35,59,4
l1_championship_player_2022_44_41971,2022,478,23,35,59,4
l1_championship_player_2023_44_41971,2023,478,23,35,59,4
l1_championship_player_2024_44_41971,2024,478,23,35,59,4
l1_championship_player_2020_41_86468,2020,124,1,6,15,1
l1_championship_player_2021_41_86468,2021,124,1,6,15,1
l1_championship_player_2022_41_86468,2022,124,1,6,15,1
l1_championship_player_2022_44_86468,2022,124,1,6,15,1
l1_championship_player_2023_41_86468,2023,124,1,6,15,1
l1_championship_player_2023_44_86468,2023,124,1,6,15,1
l1_championship_player_2024_44_86468,2024,124,1,6,15,1
l1_championship_player_2023_44_101882,2023,31,0,0,2,0
l1_championship_player_2024_44_101882,2024,31,0,0,2,0
l1_championship_player_2016_10_78140,2016,229,5,12,31,1
l1_championship_player_2017_10_78140,2017,229,5,12,31,1
l1_championship_player_2018_10_78140,2018,229,5,12,31,1
l1_championship_player_2019_10_78140,2019,229,5,12,31,1
l1_championship_player_2020_10_78140,2020,229,5,12,31,1
l1_championship_player_2021_10_78140,2021,229,5,12,31,1
l1_championship_player_2022_10_78140,2022,229,5,12,31,1
l1_championship_player_2023_10_78140,2023,229,5,12,31,1
l1_championship_player_2024_10_78140,2024,229,5,12,31,1
l1_championship_player_2025_10_78140,2025,229,5,12,31,1
l1_championship_player_2015_13_62484,2015,202,25,9,31,2
l1_championship_player_2016_13_62484,2016,202,25,9,31,2
l1_championship_player_2017_13_62484,2017,202,25,9,31,2
l1_championship_player_2018_13_62484,2018,202,25,9,31,2
l1_championship_player_2019_13_62484,2019,202,25,9,31,2
l1_championship_player_2020_13_62484,2020,202,25,9,31,2
l1_championship_player_2020_74_62484,2020,202,25,9,31,2
l1_championship_player_2021_13_62484,2021,202,25,9,31,2
l1_championship_player_2022_13_62484,2022,202,25,9,31,2
l1_championship_player_2023_13_62484,2023,202,25,9,31,2
l1_championship_player_2024_13_62484,2024,202,25,9,31,2
l1_championship_player_2021_41_93599,2021,144,27,14,10,0
l1_championship_player_2022_41_93599,2022,144,27,14,10,0
l1_championship_player_2023_41_93599,2023,144,27,14,10,0
l1_championship_player_2023_44_93599,2023,144,27,14,10,0
l1_championship_player_2024_41_93599,2024,144,27,14,10,0
l1_championship_player_2024_44_93599,2024,144,27,14,10,0
l1_championship_player_2015_3_64091,2015,268,14,4,43,1
l1_championship_player_2019_44_64091,2019,268,14,4,43,1
l1_championship_player_2020_44_64091,2020,268,14,4,43,1
l1_championship_player_2021_44_64091,2021,268,14,4,43,1
l1_championship_player_2022_44_64091,2022,268,14,4,43,1
l1_championship_player_2023_44_64091,2023,268,14,4,43,1
l1_championship_player_2024_44_64091,2024,268,14,4,43,1
l1_championship_player_2024_44_104507,2024,22,0,0,3,0
l1_championship_player_2015_159_57458,2015,374,16,11,56,3
l1_championship_player_2016_159_57458,2016,374,16,11,56,3
l1_championship_player_2017_159_57458,2017,374,16,11,56,3
l1_championship_player_2018_159_57458,2018,374,16,11,56,3
l1_championship_player_2019_159_57458,2019,374,16,11,56,3
l1_championship_player_2016_37_56118,2016,425,127,35,73,2
l1_championship_player_2018_15_56118,2018,425,127,35,73,2
l1_championship_player_2019_15_56118,2019,425,127,35,73,2
l1_championship_player_2020_15_56118,2020,425,127,35,73,2
l1_championship_player_2021_15_56118,2021,425,127,35,73,2
l1_championship_player_2022_15_56118,2022,425,127,35,73,2
l1_championship_player_2024_44_56118,2024,425,127,35,73,2
l1_championship_player_2020_74_88827,2020,321,49,18,46,4
l1_championship_player_2021_33_88827,2021,321,49,18,46,4
l1_championship_player_2021_74_88827,2021,321,49,18,46,4
l1_championship_player_2022_33_88827,2022,321,49,18,46,4
l1_championship_player_2023_159_88827,2023,321,49,18,46,4
l1_championship_player_2023_33_88827,2023,321,49,18,46,4
l1_championship_player_2024_44_88827,2024,321,49,18,46,4
l1_championship_player_2024_159_88827,2024,321,49,18,46,4
l1_championship_player_2024_33_88827,2024,321,49,18,46,4
l1_championship_player_2013_159_48039,2013,382,48,54,31,2
l1_championship_player_2014_159_48039,2014,382,48,54,31,2
l1_championship_player_2015_159_48039,2015,382,48,54,31,2
l1_championship_player_2017_159_48039,2017,382,48,54,31,2
l1_championship_player_2018_14_48039,2018,382,48,54,31,2
l1_championship_player_2019_14_48039,2019,382,48,54,31,2
l1_championship_player_2020_14_48039,2020,382,48,54,31,2
l1_championship_player_2021_14_48039,2021,382,48,54,31,2
l1_championship_player_2021_44_48039,2021,382,48,54,31,2
l1_championship_player_2022_44_48039,2022,382,48,54,31,2
l1_championship_player_2023_44_48039,2023,382,48,54,31,2
l1_championship_player_2024_44_48039,2024,382,48,54,31,2
l1_championship_player_2018_6_72579,2018,133,27,7,15,1
l1_championship_player_2019_6_72579,2019,133,27,7,15,1
l1_championship_player_2020_6_72579,2020,133,27,7,15,1
l1_championship_player_2021_6_72579,2021,133,27,7,15,1
l1_championship_player_2023_25_72579,2023,133,27,7,15,1
l1_championship_player_2024_6_72579,2024,133,27,7,15,1
l1_championship_player_2024_25_72579,2024,133,27,7,15,1
l1_championship_player_2025_6_72579,2025,133,27,7,15,1
l1_championship_player_2022_159_100455,2022,106,23,6,24,1
l1_championship_player_2023_159_100455,2023,106,23,6,24,1
l1_championship_player_2024_159_100455,2024,106,23,6,24,1
l1_championship_player_2024_73_100455,2024,106,23,6,24,1
l1_championship_player_2025_73_100455,2025,106,23,6,24,1
l1_championship_player_2020_90_88741,2020,118,0,0,5,0
l1_championship_player_2021_90_88741,2021,118,0,0,5,0
l1_championship_player_2022_90_88741,2022,118,0,0,5,0
l1_championship_player_2023_90_88741,2023,118,0,0,5,0
l1_championship_player_2024_90_88741,2024,118,0,0,5,0
l1_championship_player_2006_159_19175,2006,289,0,2,15,1
l1_championship_player_2009_2_19175,2009,289,0,2,15,1
l1_championship_player_2010_2_19175,2010,289,0,2,15,1
l1_championship_player_2012_12_19175,2012,289,0,2,15,1
l1_championship_player_2013_12_19175,2013,289,0,2,15,1
l1_championship_player_2014_12_19175,2014,289,0,2,15,1
l1_championship_player_2015_12_19175,2015,289,0,2,15,1
l1_championship_player_2016_12_19175,2016,289,0,2,15,1
l1_championship_player_2017_12_19175,2017,289,0,2,15,1
l1_championship_player_2019_20_19175,2019,289,0,2,15,1
l1_championship_player_2020_20_19175,2020,289,0,2,15,1
l1_championship_player_2021_20_19175,2021,289,0,2,15,1
l1_championship_player_2022_159_19175,2022,289,0,2,15,1
l1_championship_player_2023_159_19175,2023,289,0,2,15,1
l1_championship_player_2023_90_19175,2023,289,0,2,15,1
l1_championship_player_2024_90_19175,2024,289,0,2,15,1
l1_championship_player_2015_13_67904,2015,7,1,0,2,0
l1_championship_player_2016_13_67904,2016,7,1,0,2,0
l1_championship_player_2017_13_67904,2017,7,1,0,2,0
l1_championship_player_2018_13_67904,2018,7,1,0,2,0
l1_championship_player_2019_13_67904,2019,7,1,0,2,0
l1_championship_player_2021_8_60726,2021,170,2,9,28,1
l1_championship_player_2022_8_60726,2022,170,2,9,28,1
l1_championship_player_2023_8_60726,2023,170,2,9,28,1
l1_championship_player_2023_90_60726,2023,170,2,9,28,1
l1_championship_player_2024_90_60726,2024,170,2,9,28,1
l1_championship_player_2015_2_62315,2015,167,5,2,23,1
l1_championship_player_2016_2_62315,2016,167,5,2,23,1
l1_championship_player_2017_2_62315,2017,167,5,2,23,1
l1_championship_player_2018_2_62315,2018,167,5,2,23,1
l1_championship_player_2019_2_62315,2019,167,5,2,23,1
l1_championship_player_2020_90_62315,2020,167,5,2,23,1
l1_championship_player_2021_90_62315,2021,167,5,2,23,1
l1_championship_player_2022_90_62315,2022,167,5,2,23,1
l1_championship_player_2023_90_62315,2023,167,5,2,23,1
l1_championship_player_2024_90_62315,2024,167,5,2,23,1
l1_championship_player_2020_41_90544,2020,155,1,7,37,7
l1_championship_player_2022_41_90544,2022,155,1,7,37,7
l1_championship_player_2023_41_90544,2023,155,1,7,37,7
l1_championship_player_2024_41_90544,2024,155,1,7,37,7
l1_championship_player_2024_90_90544,2024,155,1,7,37,7
l1_championship_player_2025_41_90544,2025,155,1,7,37,7
l1_championship_player_2006_6_18719,2006,378,18,14,68,6
l1_championship_player_2007_6_18719,2007,378,18,14,68,6
l1_championship_player_2008_159_18719,2008,378,18,14,68,6
l1_championship_player_2008_6_18719,2008,378,18,14,68,6
l1_championship_player_2009_159_18719,2009,378,18,14,68,6
l1_championship_player_2010_159_18719,2010,378,18,14,68,6
l1_championship_player_2011_159_18719,2011,378,18,14,68,6
l1_championship_player_2012_30_18719,2012,378,18,14,68,6
l1_championship_player_2013_30_18719,2013,378,18,14,68,6
l1_championship_player_2014_30_18719,2014,378,18,14,68,6
l1_championship_player_2018_31_18719,2018,378,18,14,68,6
l1_championship_player_2019_31_18719,2019,378,18,14,68,6
l1_championship_player_2020_31_18719,2020,378,18,14,68,6
l1_championship_player_2021_31_18719,2021,378,18,14,68,6
l1_championship_player_2023_90_18719,2023,378,18,14,68,6
l1_championship_player_2024_90_18719,2024,378,18,14,68,6
l1_championship_player_2018_41_86437,2018,160,4,2,18,4
l1_championship_player_2019_41_86437,2019,160,4,2,18,4
l1_championship_player_2020_41_86437,2020,160,4,2,18,4
l1_championship_player_2021_41_86437,2021,160,4,2,18,4
l1_championship_player_2021_27_86437,2021,160,4,2,18,4
l1_championship_player_2022_41_86437,2022,160,4,2,18,4
l1_championship_player_2023_41_86437,2023,160,4,2,18,4
l1_championship_player_2023_90_86437,2023,160,4,2,18,4
l1_championship_player_2024_90_86437,2024,160,4,2,18,4
l1_championship_player_2023_90_102076,2023,199,25,3,13,0
l1_championship_player_2024_90_102076,2024,199,25,3,13,0
l1_championship_player_2021_41_92662,2021,77,1,3,4,0
l1_championship_player_2023_41_92662,2023,77,1,3,4,0
l1_championship_player_2024_41_92662,2024,77,1,3,4,0
l1_championship_player_2025_41_92662,2025,77,1,3,4,0
l1_championship_player_2015_41_67860,2015,453,11,33,96,4
l1_championship_player_2016_41_67860,2016,453,11,33,96,4
l1_championship_player_2017_14_67860,2017,453,11,33,96,4
l1_championship_player_2018_14_67860,2018,453,11,33,96,4
l1_championship_player_2019_14_67860,2019,453,11,33,96,4
l1_championship_player_2020_14_67860,2020,453,11,33,96,4
l1_championship_player_2021_14_67860,2021,453,11,33,96,4
l1_championship_player_2022_14_67860,2022,453,11,33,96,4
l1_championship_player_2023_90_101093,2023,176,23,1,29,2
l1_championship_player_2024_90_101093,2024,176,23,1,29,2
l1_championship_player_2019_41_79500,2019,264,39,38,30,0
l1_championship_player_2020_48_79500,2020,264,39,38,30,0
l1_championship_player_2021_41_79500,2021,264,39,38,30,0
l1_championship_player_2022_41_79500,2022,264,39,38,30,0
l1_championship_player_2022_90_79500,2022,264,39,38,30,0
l1_championship_player_2023_41_79500,2023,264,39,38,30,0
l1_championship_player_2023_90_79500,2023,264,39,38,30,0
l1_championship_player_2024_90_79500,2024,264,39,38,30,0
l1_championship_player_2017_30_28858,2017,401,57,28,77,6
l1_championship_player_2018_30_28858,2018,401,57,28,77,6
l1_championship_player_2019_30_28858,2019,401,57,28,77,6
l1_championship_player_2020_30_28858,2020,401,57,28,77,6
l1_championship_player_2021_30_28858,2021,401,57,28,77,6
l1_championship_player_2022_44_28858,2022,401,57,28,77,6
l1_championship_player_2023_44_28858,2023,401,57,28,77,6
l1_championship_player_2024_44_28858,2024,401,57,28,77,6
l1_championship_player_2025_44_28858,2025,401,57,28,77,6
l1_championship_player_2013_1_48671,2013,363,16,29,84,1
l1_championship_player_2014_1_48671,2014,363,16,29,84,1
l1_championship_player_2015_1_48671,2015,363,16,29,84,1
l1_championship_player_2016_1_48671,2016,363,16,29,84,1
l1_championship_player_2017_1_48671,2017,363,16,29,84,1
l1_championship_player_2018_1_48671,2018,363,16,29,84,1
l1_championship_player_2019_1_48671,2019,363,16,29,84,1
l1_championship_player_2020_1_48671,2020,363,16,29,84,1
l1_championship_player_2024_90_48671,2024,363,16,29,84,1
l1_championship_player_2017_90_17313,2017,371,53,14,44,4
l1_championship_player_2018_90_17313,2018,371,53,14,44,4
l1_championship_player_2019_90_17313,2019,371,53,14,44,4
l1_championship_player_2020_90_17313,2020,371,53,14,44,4
l1_championship_player_2021_90_17313,2021,371,53,14,44,4
l1_championship_player_2022_90_17313,2022,371,53,14,44,4
l1_championship_player_2023_90_17313,2023,371,53,14,44,4
l1_championship_player_2024_90_17313,2024,371,53,14,44,4
l1_championship_player_2014_17_59698,2014,266,17,14,42,4
l1_championship_player_2015_17_59698,2015,266,17,14,42,4
l1_championship_player_2016_17_59698,2016,266,17,14,42,4
l1_championship_player_2020_17_59698,2020,266,17,14,42,4
l1_championship_player_2021_17_59698,2021,266,17,14,42,4
l1_championship_player_2023_17_59698,2023,266,17,14,42,4
l1_championship_player_2023_90_59698,2023,266,17,14,42,4
l1_championship_player_2024_90_59698,2024,266,17,14,42,4
l1_championship_player_2025_2_101110,2025,35,0,0,9,1
l1_championship_player_2019_41_88576,2019,250,25,11,52,4
l1_championship_player_2020_41_88576,2020,250,25,11,52,4
l1_championship_player_2021_41_88576,2021,250,25,11,52,4
l1_championship_player_2022_41_88576,2022,250,25,11,52,4
l1_championship_player_2023_41_88576,2023,250,25,11,52,4
l1_championship_player_2024_41_88576,2024,250,25,11,52,4
l1_championship_player_2025_41_88576,2025,250,25,11,52,4
l1_championship_player_2012_16_39732,2012,262,45,24,55,6
l1_championship_player_2013_16_39732,2013,262,45,24,55,6
l1_championship_player_2014_16_39732,2014,262,45,24,55,6
l1_championship_player_2015_16_39732,2015,262,45,24,55,6
l1_championship_player_2016_16_39732,2016,262,45,24,55,6
l1_championship_player_2017_41_39732,2017,262,45,24,55,6
l1_championship_player_2018_41_39732,2018,262,45,24,55,6
l1_championship_player_2019_41_39732,2019,262,45,24,55,6
l1_championship_player_2020_41_39732,2020,262,45,24,55,6
l1_championship_player_2021_41_39732,2021,262,45,24,55,6
l1_championship_player_2022_31_39732,2022,262,45,24,55,6
l1_championship_player_2023_31_39732,2023,262,45,24,55,6
l1_championship_player_2024_31_39732,2024,262,45,24,55,6
l1_championship_player_2024_90_39732,2024,262,45,24,55,6
l1_championship_player_2016_159_77378,2016,178,43,11,11,2
l1_championship_player_2017_159_77378,2017,178,43,11,11,2
l1_championship_player_2018_9_77378,2018,178,43,11,11,2
l1_championship_player_2019_9_77378,2019,178,43,11,11,2
l1_championship_player_2020_9_77378,2020,178,43,11,11,2
l1_championship_player_2021_9_77378,2021,178,43,11,11,2
l1_championship_player_2021_12_77378,2021,178,43,11,11,2
l1_championship_player_2022_9_77378,2022,178,43,11,11,2
l1_championship_player_2014_5_57025,2014,315,65,26,27,1
l1_championship_player_2016_5_57025,2016,315,65,26,27,1
l1_championship_player_2017_5_57025,2017,315,65,26,27,1
l1_championship_player_2018_5_57025,2018,315,65,26,27,1
l1_championship_player_2019_5_57025,2019,315,65,26,27,1
l1_championship_player_2020_33_57025,2020,315,65,26,27,1
l1_championship_player_2021_90_57025,2021,315,65,26,27,1
l1_championship_player_2022_90_57025,2022,315,65,26,27,1
l1_championship_player_2023_90_57025,2023,315,65,26,27,1
l1_championship_player_2024_90_57025,2024,315,65,26,27,1
l1_championship_player_2020_8_84629,2020,142,34,8,5,0
l1_championship_player_2021_8_84629,2021,142,34,8,5,0
l1_championship_player_2021_90_84629,2021,142,34,8,5,0
l1_championship_player_2022_8_84629,2022,142,34,8,5,0
l1_championship_player_2023_90_84629,2023,142,34,8,5,0
l1_championship_player_2024_90_84629,2024,142,34,8,5,0
l1_championship_player_2009_14_26832,2009,289,91,12,29,1
l1_championship_player_2010_14_26832,2010,289,91,12,29,1
l1_championship_player_2011_14_26832,2011,289,91,12,29,1
l1_championship_player_2012_14_26832,2012,289,91,12,29,1
l1_championship_player_2013_14_26832,2013,289,91,12,29,1
l1_championship_player_2014_14_26832,2014,289,91,12,29,1
l1_championship_player_2016_7_26832,2016,289,91,12,29,1
l1_championship_player_2017_7_26832,2017,289,91,12,29,1
l1_championship_player_2018_7_26832,2018,289,91,12,29,1
l1_championship_player_2019_7_26832,2019,289,91,12,29,1
l1_championship_player_2020_7_26832,2020,289,91,12,29,1
l1_championship_player_2021_7_26832,2021,289,91,12,29,1
l1_championship_player_2021_40_26832,2021,289,91,12,29,1
l1_championship_player_2022_90_26832,2022,289,91,12,29,1
l1_championship_player_2023_90_26832,2023,289,91,12,29,1
l1_championship_player_2024_90_26832,2024,289,91,12,29,1
l1_championship_player_2013_13_55821,2013,391,52,38,38,1
l1_championship_player_2014_13_55821,2014,391,52,38,38,1
l1_championship_player_2015_13_55821,2015,391,52,38,38,1
l1_championship_player_2016_10_55821,2016,391,52,38,38,1
l1_championship_player_2016_13_55821,2016,391,52,38,38,1
l1_championship_player_2017_10_55821,2017,391,52,38,38,1
l1_championship_player_2017_13_55821,2017,391,52,38,38,1
l1_championship_player_2018_158_55821,2018,391,52,38,38,1
l1_championship_player_2019_158_55821,2019,391,52,38,38,1
l1_championship_player_2020_158_55821,2020,391,52,38,38,1
l1_championship_player_2021_158_55821,2021,391,52,38,38,1
l1_championship_player_2012_7_45928,2012,301,83,25,31,4
l1_championship_player_2013_7_45928,2013,301,83,25,31,4
l1_championship_player_2014_7_45928,2014,301,83,25,31,4
l1_championship_player_2015_7_45928,2015,301,83,25,31,4
l1_championship_player_2016_7_45928,2016,301,83,25,31,4
l1_championship_player_2020_31_45928,2020,301,83,25,31,4
l1_championship_player_2021_31_45928,2021,301,83,25,31,4
l1_championship_player_2021_17_45928,2021,301,83,25,31,4
l1_championship_player_2022_31_45928,2022,301,83,25,31,4
l1_championship_player_2024_90_45928,2024,301,83,25,31,4
l1_championship_player_2019_12_89637,2019,426,79,60,23,2
l1_championship_player_2020_12_89637,2020,426,79,60,23,2
l1_championship_player_2021_12_89637,2021,426,79,60,23,2
l1_championship_player_2022_12_89637,2022,426,79,60,23,2
l1_championship_player_2023_12_89637,2023,426,79,60,23,2
l1_championship_player_2024_12_89637,2024,426,79,60,23,2
l1_championship_player_2024_8_104360,2024,212,1,1,5,1
l1_championship_player_2025_8_104360,2025,212,1,1,5,1
l1_championship_player_2010_9_36573,2010,166,0,0,4,0
l1_championship_player_2013_9_36573,2013,166,0,0,4,0
l1_championship_player_2014_9_36573,2014,166,0,0,4,0
l1_championship_player_2015_40_36573,2015,166,0,0,4,0
l1_championship_player_2016_40_36573,2016,166,0,0,4,0
l1_championship_player_2017_24_36573,2017,166,0,0,4,0
l1_championship_player_2018_24_36573,2018,166,0,0,4,0
l1_championship_player_2019_24_36573,2019,166,0,0,4,0
l1_championship_player_2020_8_36573,2020,166,0,0,4,0
l1_championship_player_2021_8_36573,2021,166,0,0,4,0
l1_championship_player_2022_8_36573,2022,166,0,0,4,0
l1_championship_player_2023_8_36573,2023,166,0,0,4,0
l1_championship_player_2024_158_36573,2024,166,0,0,4,0
l1_championship_player_2024_8_36573,2024,166,0,0,4,0
l1_championship_player_2022_158_98501,2022,213,11,3,38,6
l1_championship_player_2023_158_98501,2023,213,11,3,38,6
l1_championship_player_2024_158_98501,2024,213,11,3,38,6
l1_championship_player_2012_41_34834,2012,478,26,13,85,8
l1_championship_player_2013_41_34834,2013,478,26,13,85,8
l1_championship_player_2014_41_34834,2014,478,26,13,85,8
l1_championship_player_2015_41_34834,2015,478,26,13,85,8
l1_championship_player_2024_158_34834,2024,478,26,13,85,8
l1_championship_player_2022_1_99199,2022,382,31,6,44,3
l1_championship_player_2023_1_99199,2023,382,31,6,44,3
l1_championship_player_2024_1_99199,2024,382,31,6,44,3
l1_championship_player_2025_1_99199,2025,382,31,6,44,3
l1_championship_player_2016_13_78371,2016,509,39,55,74,0
l1_championship_player_2017_13_78371,2017,509,39,55,74,0
l1_championship_player_2018_13_78371,2018,509,39,55,74,0
l1_championship_player_2019_13_78371,2019,509,39,55,74,0
l1_championship_player_2024_158_78371,2024,509,39,55,74,0
l1_championship_player_2024_158_104513,2024,20,1,0,7,0
l1_championship_player_2014_30_62366,2014,324,27,18,44,2
l1_championship_player_2015_30_62366,2015,324,27,18,44,2
l1_championship_player_2016_30_62366,2016,324,27,18,44,2
l1_championship_player_2017_30_62366,2017,324,27,18,44,2
l1_championship_player_2018_30_62366,2018,324,27,18,44,2
l1_championship_player_2019_30_62366,2019,324,27,18,44,2
l1_championship_player_2019_44_62366,2019,324,27,18,44,2
l1_championship_player_2020_44_62366,2020,324,27,18,44,2
l1_championship_player_2023_30_62366,2023,324,27,18,44,2
l1_championship_player_2024_30_62366,2024,324,27,18,44,2
l1_championship_player_2023_158_101141,2023,118,3,8,17,0
l1_championship_player_2024_158_101141,2024,118,3,8,17,0
l1_championship_player_2020_158_87404,2020,53,2,1,7,0
l1_championship_player_2021_158_87404,2021,53,2,1,7,0
l1_championship_player_2022_158_87404,2022,53,2,1,7,0
l1_championship_player_2023_158_87404,2023,53,2,1,7,0
l1_championship_player_2024_158_87404,2024,53,2,1,7,0
l1_championship_player_2014_14_701,2014,568,32,30,143,5
l1_championship_player_2015_14_701,2015,568,32,30,143,5
l1_championship_player_2016_14_701,2016,568,32,30,143,5
l1_championship_player_2017_14_701,2017,568,32,30,143,5
l1_championship_player_2018_14_701,2018,568,32,30,143,5
l1_championship_player_2019_14_701,2019,568,32,30,143,5
l1_championship_player_2019_158_701,2019,568,32,30,143,5
l1_championship_player_2020_158_701,2020,568,32,30,143,5
l1_championship_player_2021_158_701,2021,568,32,30,143,5
l1_championship_player_2022_158_701,2022,568,32,30,143,5
l1_championship_player_2023_158_701,2023,568,32,30,143,5
l1_championship_player_2024_158_701,2024,568,32,30,143,5
l1_championship_player_2021_158_91059,2021,65,2,0,14,1
l1_championship_player_2024_158_91059,2024,65,2,0,14,1
l1_championship_player_2021_37_95633,2021,320,28,23,70,2
l1_championship_player_2022_37_95633,2022,320,28,23,70,2
l1_championship_player_2023_158_95633,2023,320,28,23,70,2
l1_championship_player_2024_158_95633,2024,320,28,23,70,2
l1_championship_player_2023_158_90486,2023,95,0,4,13,3
l1_championship_player_2024_158_90486,2024,95,0,4,13,3
l1_championship_player_2023_158_101344,2023,177,30,20,33,1
l1_championship_player_2024_158_101344,2024,177,30,20,33,1
l1_championship_player_2021_13_93229,2021,37,3,1,4,0
l1_championship_player_2024_158_93229,2024,37,3,1,4,0
l1_championship_player_2024_158_103513,2024,112,4,1,13,0
l1_championship_player_2013_159_42500,2013,375,65,30,17,0
l1_championship_player_2014_159_42500,2014,375,65,30,17,0
l1_championship_player_2015_159_42500,2015,375,65,30,17,0
l1_championship_player_2016_159_42500,2016,375,65,30,17,0
l1_championship_player_2021_2_42500,2021,375,65,30,17,0
l1_championship_player_2022_2_42500,2022,375,65,30,17,0
l1_championship_player_2023_2_42500,2023,375,65,30,17,0
l1_championship_player_2024_2_42500,2024,375,65,30,17,0
l1_championship_player_2025_2_42500,2025,375,65,30,17,0
l1_championship_player_2024_158_103778,2024,221,27,30,9,1
l1_championship_player_2021_16_84098,2021,59,10,0,3,1
l1_championship_player_2023_16_84098,2023,59,10,0,3,1
l1_championship_player_2024_16_84098,2024,59,10,0,3,1
l1_championship_player_2025_16_84098,2025,59,10,0,3,1
l1_championship_player_2024_158_90768,2024,134,25,11,17,0
l1_championship_player_2020_158_87402,2020,57,23,0,5,1
l1_championship_player_2021_158_87402,2021,57,23,0,5,1
l1_championship_player_2013_13_56648,2013,165,0,2,8,2
l1_championship_player_2014_13_56648,2014,165,0,2,8,2
l1_championship_player_2015_13_56648,2015,165,0,2,8,2
l1_championship_player_2016_13_56648,2016,165,0,2,8,2
l1_championship_player_2017_13_56648,2017,165,0,2,8,2
l1_championship_player_2018_13_56648,2018,165,0,2,8,2
l1_championship_player_2019_13_56648,2019,165,0,2,8,2
l1_championship_player_2021_12_56648,2021,165,0,2,8,2
l1_championship_player_2022_12_56648,2022,165,0,2,8,2
l1_championship_player_2023_12_56648,2023,165,0,2,8,2
l1_championship_player_2024_12_56648,2024,165,0,2,8,2
l1_championship_player_2024_159_56648,2024,165,0,2,8,2
l1_championship_player_2023_159_98716,2023,30,0,0,1,0
l1_championship_player_2024_159_98716,2024,30,0,0,1,0
l1_championship_player_2024_159_103734,2024,266,13,20,37,1
l1_championship_player_2024_14_103830,2024,403,17,30,75,2
l1_championship_player_2025_14_103830,2025,403,17,30,75,2
l1_championship_player_2023_159_101569,2023,329,10,23,29,4
l1_championship_player_2024_159_101569,2024,329,10,23,29,4
l1_championship_player_2023_159_101530,2023,501,9,28,86,3
l1_championship_player_2024_159_101530,2024,501,9,28,86,3
l1_championship_player_2017_8_57857,2017,402,12,8,58,4
l1_championship_player_2024_159_57857,2024,402,12,8,58,4
l1_championship_player_2022_159_99162,2022,490,31,34,117,13
l1_championship_player_2023_159_99162,2023,490,31,34,117,13
l1_championship_player_2024_159_99162,2024,490,31,34,117,13
l1_championship_player_2021_159_92392,2021,60,3,1,14,0
l1_championship_player_2024_159_104224,2024,34,1,0,5,0
l1_championship_player_2023_159_102091,2023,244,9,13,34,2
l1_championship_player_2024_159_102091,2024,244,9,13,34,2
l1_championship_player_2024_159_91416,2024,34,1,2,3,0
l1_championship_player_2024_159_104049,2024,219,14,6,25,2
l1_championship_player_2012_159_38233,2012,425,76,44,41,3
l1_championship_player_2013_159_38233,2013,425,76,44,41,3
l1_championship_player_2014_159_38233,2014,425,76,44,41,3
l1_championship_player_2015_159_38233,2015,425,76,44,41,3
l1_championship_player_2016_159_38233,2016,425,76,44,41,3
l1_championship_player_2022_159_38233,2022,425,76,44,41,3
l1_championship_player_2023_159_38233,2023,425,76,44,41,3
l1_championship_player_2024_159_38233,2024,425,76,44,41,3
l1_championship_player_2023_159_102019,2023,153,26,13,5,0
l1_championship_player_2024_159_102019,2024,153,26,13,5,0
l1_championship_player_2008_159_27689,2008,398,47,55,53,4
l1_championship_player_2009_159_27689,2009,398,47,55,53,4
l1_championship_player_2010_159_27689,2010,398,47,55,53,4
l1_championship_player_2011_159_27689,2011,398,47,55,53,4
l1_championship_player_2012_159_27689,2012,398,47,55,53,4
l1_championship_player_2013_159_27689,2013,398,47,55,53,4
l1_championship_player_2014_159_27689,2014,398,47,55,53,4
l1_championship_player_2015_159_27689,2015,398,47,55,53,4
l1_championship_player_2016_159_27689,2016,398,47,55,53,4
l1_championship_player_2017_9_27689,2017,398,47,55,53,4
l1_championship_player_2018_9_27689,2018,398,47,55,53,4
l1_championship_player_2023_159_101722,2023,115,30,9,14,1
l1_championship_player_2024_159_101722,2024,115,30,9,14,1
